opportunity_id,fit,reasoning,generated_at
e59e13d2dbf94597,Moderate,"The role appears finance-adjacent, but the available responsibilities do not establish target treasury, markets, transaction or investment execution as the core.",2026-08-25T22:30:24Z
1b40a7f72ba6c887,Moderate,"The role appears finance-adjacent, but the available responsibilities do not establish target treasury, markets, transaction or investment execution as the core.",2026-08-25T22:30:24Z
983e7becfc2ca0c1,Moderate,"The role is finance-relevant, but its core is controlling, planning or business partnering rather than target execution.",2026-08-25T22:30:24Z
c596b43f71b3f93a,Weak,"The role is primarily procurement or operational work, outside target treasury, markets, transaction or investment execution.",2026-08-25T22:30:24Z
ab9a26c5a9700a15,Moderate,"INSUFFICIENT_DESCRIPTION: The title suggests treasury work, but the supplied vacancy content is insufficient to confirm the day-to-day responsibilities.",2026-08-25T22:30:24Z
ea8bf4fcc0c7a1ed,Strong,"Core responsibilities cover practical corporate treasury execution across liquidity, funding, FX/rates, hedging or financial risk.",2026-08-25T22:30:24Z
1001b47ca3efa63a,Strong,"The role applies market, liquidity or financial-risk analysis to positions, hedging, scenarios or treasury decisions.",2026-08-25T22:30:24Z
3f0c64336154bf40,Strong,"Core responsibilities cover practical corporate treasury execution across liquidity, funding, FX/rates, hedging or financial risk.",2026-08-25T22:30:24Z
23016ef40836b95b,Moderate,"The role is finance-relevant, but its core is controlling, planning or business partnering rather than target execution.",2026-08-25T22:30:24Z
f7e6a9d264b702c2,Strong,"Core responsibilities cover practical corporate treasury execution across liquidity, funding, FX/rates, hedging or financial risk.",2026-08-25T22:30:24Z
ff9194c78b262263,Moderate,"The role is finance-relevant, but its core is controlling, planning or business partnering rather than target execution.",2026-08-25T22:30:24Z
e4664f56bfac138b,Strong,"Core responsibilities cover practical corporate treasury execution across liquidity, funding, FX/rates, hedging or financial risk.",2026-08-25T22:30:24Z
74becb9ab10b1a70,Weak,"The role is primarily tax work, outside target treasury, markets, transaction or investment execution.",2026-08-25T22:30:24Z
f410211b55fd5509,Weak,"The role is primarily procurement or operational work, outside target treasury, markets, transaction or investment execution.",2026-08-25T22:30:24Z
5e2e4b0a86c02797,Weak,"The role is primarily procurement or operational work, outside target treasury, markets, transaction or investment execution.",2026-08-25T22:30:24Z
82954437c7fba9ca,Weak,"The role is materially outside target treasury, markets, transaction or investment execution.",2026-08-25T22:30:24Z
60529bbfa7fd7267,Weak,"The role is materially outside target treasury, markets, transaction or investment execution.",2026-08-25T22:30:24Z
f0d0c27cefe0e217,Moderate,"INSUFFICIENT_DESCRIPTION: The role is finance-relevant, but its core is controlling, planning or business partnering rather than target execution.",2026-08-25T22:30:24Z
c62b05492998a2e1,Moderate,"INSUFFICIENT_DESCRIPTION: The role is finance-relevant, but its core is controlling, planning or business partnering rather than target execution.",2026-08-25T22:30:24Z
ae32aec333841446,Moderate,"INSUFFICIENT_DESCRIPTION: The title suggests valuation work, but the supplied vacancy content is insufficient to confirm the day-to-day responsibilities.",2026-08-25T22:30:24Z
ebc060a6412235e0,Strong,"The role is centered on transaction execution, financial due diligence, valuation/modeling, structuring or deal financing.",2026-08-25T22:30:24Z
520b7377d6261967,Strong,"The role centers on investment analysis, underwriting, portfolio construction or direct investment decisions.",2026-08-25T22:30:24Z
d0dab2c78787dc30,Strong,"The role is centered on transaction execution, financial due diligence, valuation/modeling, structuring or deal financing.",2026-08-25T22:30:24Z
38dbf6ef242e714d,Strong,"The work applies valuation and financial modeling directly to transactions, investments or financing decisions.",2026-08-25T22:30:24Z
c5984f58899186b8,Moderate,"The role appears finance-adjacent, but the available responsibilities do not establish target treasury, markets, transaction or investment execution as the core.",2026-08-25T22:30:24Z
4f18e45306df09f5,Strong,"The work applies valuation and financial modeling directly to transactions, investments or financing decisions.",2026-08-25T22:30:24Z
a2995d4b9326a813,Strong,"The work applies valuation and financial modeling directly to transactions, investments or financing decisions.",2026-08-25T22:30:24Z
9661fa377664c0b4,Strong,"The role is centered on transaction execution, financial due diligence, valuation/modeling, structuring or deal financing.",2026-08-25T22:30:24Z
8fe892f186695be8,Moderate,"The role is finance-relevant, but its core is planning, control, credit, operations or product-specific analysis rather than target execution.",2026-08-25T22:30:24Z
cec2adc522391fa1,Moderate,"The role appears finance-adjacent, but the available responsibilities do not establish target treasury, markets, transaction or investment execution as the core.",2026-08-25T22:30:24Z
1407349f2d7c46bc,Weak,"The role is primarily sales, client or people work, outside target treasury, markets, transaction or investment execution.",2026-08-25T22:30:24Z
db5fa0fb51520190,Weak,"The role is materially outside target treasury, markets, transaction or investment execution.",2026-08-25T22:30:24Z
b5b66258ebb101d2,Strong,"The role is centered on transaction execution, financial due diligence, valuation/modeling, structuring or deal financing.",2026-08-25T22:30:24Z
cc5d9739be66b966,Moderate,"INSUFFICIENT_DESCRIPTION: The title suggests valuation work, but the supplied vacancy content is insufficient to confirm the day-to-day responsibilities.",2026-08-25T22:30:24Z
dca3146f5f50ab41,Strong,"The role centers on investment analysis, underwriting, portfolio construction or direct investment decisions.",2026-08-25T22:30:24Z
8221c99a4dbfb295,Weak,"The role is primarily accounting or reporting work, outside target treasury, markets, transaction or investment execution.",2026-08-25T22:30:24Z
a62f0f77147d22e4,Moderate,"The role appears finance-adjacent, but the available responsibilities do not establish target treasury, markets, transaction or investment execution as the core.",2026-08-25T22:30:24Z
cf03d04ef0e3ed32,Moderate,"The role is finance-relevant, but its core is controlling, planning or business partnering rather than target execution.",2026-08-25T22:30:24Z
c81508b3cf7c9fcf,Weak,"The role is primarily audit and assurance work, outside target treasury, markets, transaction or investment execution.",2026-08-25T22:30:24Z
bfcfb4102ff00eed,Weak,"The role is primarily technology or systems work, outside target treasury, markets, transaction or investment execution.",2026-08-25T22:30:24Z
92896630df905f6c,Weak,"The role is primarily technology or systems work, outside target treasury, markets, transaction or investment execution.",2026-08-25T22:30:24Z
50030460f5ce0d94,Moderate,"INSUFFICIENT_DESCRIPTION: The role appears finance-adjacent, but the available responsibilities do not establish target treasury, markets, transaction or investment execution as the core.",2026-08-25T22:30:24Z
5bca53df4abf18f0,Strong,"Core responsibilities cover practical corporate treasury execution across liquidity, funding, FX/rates, hedging or financial risk.",2026-08-25T22:30:24Z
abf97ebf28740230,Weak,"The role is materially outside target treasury, markets, transaction or investment execution.",2026-08-25T22:30:24Z
18f416d46739a72a,Weak,"The role is materially outside target treasury, markets, transaction or investment execution.",2026-08-25T22:30:24Z
1b54ca441735c8d5,Moderate,"The role is finance-relevant, but its core is controlling, planning or business partnering rather than target execution.",2026-08-25T22:30:24Z
a1d8c2e06f2cde4d,Moderate,"INSUFFICIENT_DESCRIPTION: The role is finance-relevant, but its core is controlling, planning or business partnering rather than target execution.",2026-08-25T22:30:24Z
0677cdb450153489,Weak,"The role is primarily sales, client or people work, outside target treasury, markets, transaction or investment execution.",2026-08-25T22:30:24Z
361e5f2543d40551,Weak,"The role is materially outside target treasury, markets, transaction or investment execution.",2026-08-25T22:30:24Z
4955d434ea07247b,Moderate,"INSUFFICIENT_DESCRIPTION: The role is finance-relevant, but its core is controlling, planning or business partnering rather than target execution.",2026-08-25T22:30:24Z
b38fa66903daa2fc,Weak,"The role is materially outside target treasury, markets, transaction or investment execution.",2026-08-25T22:30:24Z
c74bb2fa2ad10ad1,Weak,"The role is materially outside target treasury, markets, transaction or investment execution.",2026-08-25T22:30:24Z
643264e6baa069c8,Weak,"The role is primarily sales, client or people work, outside target treasury, markets, transaction or investment execution.",2026-08-25T22:30:24Z
2b80b31ba562a0cd,Weak,"The role is materially outside target treasury, markets, transaction or investment execution.",2026-08-25T22:30:24Z
e44b379b9a533900,Weak,"The role is primarily procurement or operational work, outside target treasury, markets, transaction or investment execution.",2026-08-25T22:30:24Z
78d6d8b724abc863,Moderate,"INSUFFICIENT_DESCRIPTION: The role is finance-relevant, but its core is controlling, planning or business partnering rather than target execution.",2026-08-25T22:30:24Z
031d990d5486ed67,Weak,"The role is materially outside target treasury, markets, transaction or investment execution.",2026-08-25T22:30:24Z
691a25378c8608e2,Weak,"The role is primarily operations or project-management work, outside target treasury, markets, transaction or investment execution.",2026-08-25T22:30:24Z
01f1c2a113db6620,Weak,"The role is primarily technology or systems work, outside target treasury, markets, transaction or investment execution.",2026-08-25T22:30:24Z
8ca34e029d0a9f99,Moderate,"The role is finance-relevant, but its core is controlling, planning or business partnering rather than target execution.",2026-08-25T22:30:24Z
dc1a7feb2b2f4cc1,Weak,"The role is primarily accounting or reporting work, outside target treasury, markets, transaction or investment execution.",2026-08-25T22:30:24Z
264578eda35a5464,Strong,"Core responsibilities cover practical corporate treasury execution across liquidity, funding, FX/rates, hedging or financial risk.",2026-08-25T22:30:24Z
9967310ba0e11bf7,Strong,"Core responsibilities cover practical corporate treasury execution across liquidity, funding, FX/rates, hedging or financial risk.",2026-08-25T22:30:24Z
b8ad6d80c543af15,Strong,"Core responsibilities cover practical corporate treasury execution across liquidity, funding, FX/rates, hedging or financial risk.",2026-08-25T22:30:24Z
585027d1e2e1740b,Moderate,"The role is finance-relevant, but its core is controlling, planning or business partnering rather than target execution.",2026-08-25T22:30:24Z
ed52a006b3dc963f,Moderate,"The role appears finance-adjacent, but the available responsibilities do not establish target treasury, markets, transaction or investment execution as the core.",2026-08-25T22:30:24Z
01cc6d88ef5438b3,Strong,"Core responsibilities cover practical corporate treasury execution across liquidity, funding, FX/rates, hedging or financial risk.",2026-08-25T22:30:24Z
32593b5ae62fe8f3,Moderate,"The role is finance-relevant, but its core is planning, control, credit, operations or product-specific analysis rather than target execution.",2026-08-25T22:30:24Z
580c30323183a307,Strong,"Core responsibilities cover practical corporate treasury execution across liquidity, funding, FX/rates, hedging or financial risk.",2026-08-25T22:30:24Z
7cc9632292cf9513,Moderate,"The role is finance-relevant, but its core is controlling, planning or business partnering rather than target execution.",2026-08-25T22:30:24Z
cdd52ed83608e4b4,Strong,"Core responsibilities cover practical corporate treasury execution across liquidity, funding, FX/rates, hedging or financial risk.",2026-08-25T22:30:24Z
6964b371544deacd,Strong,"Core responsibilities cover practical corporate treasury execution across liquidity, funding, FX/rates, hedging or financial risk.",2026-08-25T22:30:24Z
55e5f1d53518008f,Strong,"Core responsibilities cover practical corporate treasury execution across liquidity, funding, FX/rates, hedging or financial risk.",2026-08-25T22:30:24Z
54ea2614d0701789,Moderate,"The role is finance-relevant, but its core is controlling, planning or business partnering rather than target execution.",2026-08-25T22:30:24Z
22152bcaa065d47e,Strong,"Core responsibilities cover practical corporate treasury execution across liquidity, funding, FX/rates, hedging or financial risk.",2026-08-25T22:30:24Z
2cbf89f0b985e8a1,Strong,"Core responsibilities cover practical corporate treasury execution across liquidity, funding, FX/rates, hedging or financial risk.",2026-08-25T22:30:24Z
1594b50b19fc1e79,Moderate,"The role appears finance-adjacent, but the available responsibilities do not establish target treasury, markets, transaction or investment execution as the core.",2026-08-25T22:30:24Z
eb639cf501633c83,Strong,"Core responsibilities cover practical corporate treasury execution across liquidity, funding, FX/rates, hedging or financial risk.",2026-08-25T22:30:24Z
ab70f16e45ec7666,Strong,"Core responsibilities cover practical corporate treasury execution across liquidity, funding, FX/rates, hedging or financial risk.",2026-08-25T22:30:24Z
db0bb9c3f71f3d9b,Strong,"Core responsibilities cover practical corporate treasury execution across liquidity, funding, FX/rates, hedging or financial risk.",2026-08-25T22:30:24Z
031f077a1a73e411,Strong,"Core responsibilities cover practical corporate treasury execution across liquidity, funding, FX/rates, hedging or financial risk.",2026-08-25T22:30:24Z
d6f811ce5746558b,Moderate,"The role is finance-relevant, but its core is controlling, planning or business partnering rather than target execution.",2026-08-25T22:30:24Z
ee6d07e1eadac222,Moderate,"The role is finance-relevant, but its core is controlling, planning or business partnering rather than target execution.",2026-08-25T22:30:24Z
2cd90624e53eebdd,Moderate,"The role appears finance-adjacent, but the available responsibilities do not establish target treasury, markets, transaction or investment execution as the core.",2026-08-25T22:30:24Z
818b70d1b8021a82,Moderate,"The role is finance-relevant, but its core is controlling, planning or business partnering rather than target execution.",2026-08-25T22:30:24Z
aafd45b709f8ab58,Moderate,"The role appears finance-adjacent, but the available responsibilities do not establish target treasury, markets, transaction or investment execution as the core.",2026-08-25T22:30:24Z
ca0f27d9deef3d66,Strong,"Core responsibilities cover practical corporate treasury execution across liquidity, funding, FX/rates, hedging or financial risk.",2026-08-25T22:30:24Z
ba45de2a608edfec,Moderate,"The role appears finance-adjacent, but the available responsibilities do not establish target treasury, markets, transaction or investment execution as the core.",2026-08-25T22:30:24Z
797d875a93f963d7,Strong,"Core responsibilities cover practical corporate treasury execution across liquidity, funding, FX/rates, hedging or financial risk.",2026-08-25T22:30:24Z
ab07bd0aa0ec0eac,Moderate,"The role is finance-relevant, but its core is controlling, planning or business partnering rather than target execution.",2026-08-25T22:30:24Z
a99bc156659ee988,Strong,"Core responsibilities cover practical corporate treasury execution across liquidity, funding, FX/rates, hedging or financial risk.",2026-08-25T22:30:24Z
4628a132fd468f80,Weak,"The role is primarily operations or project-management work, outside target treasury, markets, transaction or investment execution.",2026-08-25T22:30:24Z
bd1dda832ab54a0b,Moderate,"The role is finance-relevant, but its core is controlling, planning or business partnering rather than target execution.",2026-08-25T22:30:24Z
38b197882bdaae97,Strong,"Core responsibilities cover practical corporate treasury execution across liquidity, funding, FX/rates, hedging or financial risk.",2026-08-25T22:30:24Z
bccf5203c786c292,Weak,"The role is materially outside target treasury, markets, transaction or investment execution.",2026-08-25T22:30:24Z
f58aee9c03c5971a,Strong,"Core responsibilities cover practical corporate treasury execution across liquidity, funding, FX/rates, hedging or financial risk.",2026-08-25T22:30:24Z
6f5fc7db8c9681c7,Strong,"The work applies valuation and financial modeling directly to transactions, investments or financing decisions.",2026-08-25T22:30:24Z
b8bd33d013e76157,Moderate,"INSUFFICIENT_DESCRIPTION: The title suggests transactions work, but the supplied vacancy content is insufficient to confirm the day-to-day responsibilities.",2026-08-25T22:30:24Z
a238bb3e5c2a81d7,Weak,"The role is materially outside target treasury, markets, transaction or investment execution.",2026-08-25T22:30:24Z
1e4790a1a1c0c425,Weak,"The role is materially outside target treasury, markets, transaction or investment execution.",2026-08-25T22:30:24Z
deb7fefb25d43496,Moderate,"The role appears finance-adjacent, but the available responsibilities do not establish target treasury, markets, transaction or investment execution as the core.",2026-08-25T22:30:24Z
7c5844dba5654fde,Weak,"The role is primarily technology or systems work, outside target treasury, markets, transaction or investment execution.",2026-08-25T22:30:24Z
34392cb26ead5c3d,Weak,"The role is primarily accounting or reporting work, outside target treasury, markets, transaction or investment execution.",2026-08-25T22:30:24Z
60d746902649d71f,Strong,"The role is centered on transaction execution, financial due diligence, valuation/modeling, structuring or deal financing.",2026-08-25T22:30:24Z
00aa896c12c80c31,Weak,"The role is primarily technology or systems work, outside target treasury, markets, transaction or investment execution.",2026-08-25T22:30:24Z
8c0cccf80da8cc0d,Weak,"The role is materially outside target treasury, markets, transaction or investment execution.",2026-08-25T22:30:24Z
9f3fd1568c04d4f7,Weak,"The role is primarily accounting or reporting work, outside target treasury, markets, transaction or investment execution.",2026-08-25T22:30:24Z
12b48a4c7088852b,Weak,"The role is materially outside target treasury, markets, transaction or investment execution.",2026-08-25T22:30:24Z
1faa44e379a29d99,Weak,"The role is primarily technology or systems work, outside target treasury, markets, transaction or investment execution.",2026-08-25T22:30:24Z
513e60989f2a985e,Strong,"The role is centered on transaction execution, financial due diligence, valuation/modeling, structuring or deal financing.",2026-08-25T22:30:24Z
c739399d4918eecd,Strong,"The work applies valuation and financial modeling directly to transactions, investments or financing decisions.",2026-08-25T22:30:24Z
b60ecf479d6c7be3,Moderate,"The role is finance-relevant, but its core is controlling, planning or business partnering rather than target execution.",2026-08-25T22:30:24Z
a0cc82edfaec98af,Strong,"The role is centered on transaction execution, financial due diligence, valuation/modeling, structuring or deal financing.",2026-08-25T22:30:24Z
66d7e9eff4f30643,Weak,"The role is materially outside target treasury, markets, transaction or investment execution.",2026-08-25T22:30:24Z
0f53d769266dfff3,Weak,"The role is primarily technology or systems work, outside target treasury, markets, transaction or investment execution.",2026-08-25T22:30:24Z
26a2726fa98d206f,Weak,"The role is primarily technology or systems work, outside target treasury, markets, transaction or investment execution.",2026-08-25T22:30:24Z
f74e75be544d8dbf,Weak,"The role is primarily technology or systems work, outside target treasury, markets, transaction or investment execution.",2026-08-25T22:30:24Z
d557bf8036452acf,Moderate,"INSUFFICIENT_DESCRIPTION: The role appears finance-adjacent, but the available responsibilities do not establish target treasury, markets, transaction or investment execution as the core.",2026-08-25T22:30:24Z
6b909ac398c1a896,Moderate,"The role appears finance-adjacent, but the available responsibilities do not establish target treasury, markets, transaction or investment execution as the core.",2026-08-25T22:30:24Z
1cd6e1de283a473b,Moderate,"INSUFFICIENT_DESCRIPTION: The title suggests transactions work, but the supplied vacancy content is insufficient to confirm the day-to-day responsibilities.",2026-08-25T22:30:24Z
28ee1e7cc6005499,Moderate,"INSUFFICIENT_DESCRIPTION: The title suggests restructuring work, but the supplied vacancy content is insufficient to confirm the day-to-day responsibilities.",2026-08-25T22:30:24Z
d7c1a1dd768addd7,Moderate,"The role appears finance-adjacent, but the available responsibilities do not establish target treasury, markets, transaction or investment execution as the core.",2026-08-25T22:30:24Z
48742d332f2aa168,Strong,"The role is centered on transaction execution, financial due diligence, valuation/modeling, structuring or deal financing.",2026-08-25T22:30:24Z
ff9990f0542f8f98,Strong,"The role centers on investment analysis, underwriting, portfolio construction or direct investment decisions.",2026-08-25T22:30:24Z
0d5f16b446e39c1b,Strong,"The role centers on investment analysis, underwriting, portfolio construction or direct investment decisions.",2026-08-25T22:30:24Z
7659ad69461f0975,Weak,"The role is primarily sales, client or people work, outside target treasury, markets, transaction or investment execution.",2026-08-25T22:30:24Z
6d83fec1297b4e9e,Strong,"The role is centered on transaction execution, financial due diligence, valuation/modeling, structuring or deal financing.",2026-08-25T22:30:24Z
721cc56bc2b9084f,Moderate,"The role appears finance-adjacent, but the available responsibilities do not establish target treasury, markets, transaction or investment execution as the core.",2026-08-25T22:30:24Z
02fb0f8909bc4aae,Strong,"The role centers on investment analysis, underwriting, portfolio construction or direct investment decisions.",2026-08-25T22:30:24Z
4950db71e46f6467,Strong,"The role centers on investment analysis, underwriting, portfolio construction or direct investment decisions.",2026-08-25T22:30:24Z
433d0ed522284afa,Strong,"The role centers on investment analysis, underwriting, portfolio construction or direct investment decisions.",2026-08-25T22:30:24Z
56985d6446ac725c,Weak,"The role is primarily technology or systems work, outside target treasury, markets, transaction or investment execution.",2026-08-25T22:30:24Z
8609468a57213231,Moderate,"The role is adjacent to transactions or investments, but the core responsibilities are support, reporting or systems work.",2026-08-25T22:30:24Z
2db34f9d9683f387,Moderate,"The role is adjacent to transactions or investments, but the core responsibilities are support, reporting or systems work.",2026-08-25T22:30:24Z
09c3fe59464c66ca,Moderate,"The role is adjacent to transactions or investments, but the core responsibilities are support, reporting or systems work.",2026-08-25T22:30:24Z
97cacaf9c18b9542,Strong,"The work applies valuation and financial modeling directly to transactions, investments or financing decisions.",2026-08-25T22:30:24Z
15d8b47389941073,Strong,"The role centers on investment analysis, underwriting, portfolio construction or direct investment decisions.",2026-08-25T22:30:24Z
5e23348f6e241d5d,Strong,"The role centers on investment analysis, underwriting, portfolio construction or direct investment decisions.",2026-08-25T22:30:24Z
a974a6ddc6495fb8,Weak,"The role is primarily technology or systems work, outside target treasury, markets, transaction or investment execution.",2026-08-25T22:30:24Z
d9f426b2e1da41ca,Moderate,"The role appears finance-adjacent, but the available responsibilities do not establish target treasury, markets, transaction or investment execution as the core.",2026-08-25T22:30:24Z
4bbeff44091dd49d,Weak,"The role is primarily operations or project-management work, outside target treasury, markets, transaction or investment execution.",2026-08-25T22:30:24Z
46f8fe6d3616a8a1,Strong,"The role centers on investment analysis, underwriting, portfolio construction or direct investment decisions.",2026-08-25T22:30:24Z
926a60f41a404872,Weak,"The role is primarily operations or project-management work, outside target treasury, markets, transaction or investment execution.",2026-08-25T22:30:24Z
be135580191e1c24,Strong,"The work applies valuation and financial modeling directly to transactions, investments or financing decisions.",2026-08-25T22:30:24Z
4cb3bbf2deb49a4a,Moderate,"The role appears finance-adjacent, but the available responsibilities do not establish target treasury, markets, transaction or investment execution as the core.",2026-08-25T22:30:24Z
707c17c2bd1c07cf,Moderate,"The role appears finance-adjacent, but the available responsibilities do not establish target treasury, markets, transaction or investment execution as the core.",2026-08-25T22:30:24Z
f121a71e35b0c5ed,Strong,"The work applies valuation and financial modeling directly to transactions, investments or financing decisions.",2026-08-25T22:30:24Z
55b9541521c6f6ae,Moderate,"The role is adjacent to transactions or investments, but the core responsibilities are support, reporting or systems work.",2026-08-25T22:30:24Z
590e4afd2f05d6e4,Moderate,"The role appears finance-adjacent, but the available responsibilities do not establish target treasury, markets, transaction or investment execution as the core.",2026-08-25T22:30:24Z
faf4af7b9a5d764b,Strong,"The work applies valuation and financial modeling directly to transactions, investments or financing decisions.",2026-08-25T22:30:24Z
31e343d16b1c25c7,Moderate,"The role appears finance-adjacent, but the available responsibilities do not establish target treasury, markets, transaction or investment execution as the core.",2026-08-25T22:30:24Z
4cd32bc1ccb173c3,Moderate,"The role appears finance-adjacent, but the available responsibilities do not establish target treasury, markets, transaction or investment execution as the core.",2026-08-25T22:30:24Z
93f5caafc7bac25e,Weak,"The role is primarily operations or project-management work, outside target treasury, markets, transaction or investment execution.",2026-08-25T22:30:24Z
3b1362801890e3d2,Strong,"The role is centered on transaction execution, financial due diligence, valuation/modeling, structuring or deal financing.",2026-08-25T22:30:24Z
ed973f11cd05dd08,Moderate,"The role appears finance-adjacent, but the available responsibilities do not establish target treasury, markets, transaction or investment execution as the core.",2026-08-25T22:30:24Z
33a7e00cff18837b,Weak,"The role is materially outside target treasury, markets, transaction or investment execution.",2026-08-25T22:30:24Z
4579159a3c4b6f32,Moderate,"The role is adjacent to transactions or investments, but the core responsibilities are support, reporting or systems work.",2026-08-25T22:30:24Z
26c58755ea45c861,Weak,"The role is primarily legal work, outside target treasury, markets, transaction or investment execution.",2026-08-25T22:30:24Z
7ebc5753c82eb685,Weak,"The role is primarily technology or systems work, outside target treasury, markets, transaction or investment execution.",2026-08-25T22:30:24Z
5acd04753983f8e8,Strong,"The role is centered on transaction execution, financial due diligence, valuation/modeling, structuring or deal financing.",2026-08-25T22:30:24Z
59775b2c4e9c9cdc,Strong,"The role is centered on transaction execution, financial due diligence, valuation/modeling, structuring or deal financing.",2026-08-25T22:30:24Z
c748a5e98286e8d3,Strong,"The role is centered on transaction execution, financial due diligence, valuation/modeling, structuring or deal financing.",2026-08-25T22:30:24Z
7dd7c3c4e6f046d9,Moderate,"The role is adjacent to transactions or investments, but the core responsibilities are support, reporting or systems work.",2026-08-25T22:30:24Z
4613fbd814defcb0,Moderate,"The role appears finance-adjacent, but the available responsibilities do not establish target treasury, markets, transaction or investment execution as the core.",2026-08-25T22:30:24Z
bba662ad8482a5fc,Strong,"The role is centered on transaction execution, financial due diligence, valuation/modeling, structuring or deal financing.",2026-08-25T22:30:24Z
87b31867701c8615,Weak,"The role is primarily operations or project-management work, outside target treasury, markets, transaction or investment execution.",2026-08-25T22:30:24Z
4bf38d2d648424f4,Weak,"The role is primarily legal work, outside target treasury, markets, transaction or investment execution.",2026-08-25T22:30:24Z
888c63e3a243ca57,Strong,"The role focuses on restructuring or turnaround work with substantive financial analysis, liquidity, financing or transaction execution.",2026-08-25T22:30:24Z
1a36658e56ff0e5b,Weak,"The role is primarily technology or systems work, outside target treasury, markets, transaction or investment execution.",2026-08-25T22:30:24Z
47a6cd66e5c77087,Strong,"The role focuses on restructuring or turnaround work with substantive financial analysis, liquidity, financing or transaction execution.",2026-08-25T22:30:24Z
42b71c97e858cb5b,Moderate,"The role appears finance-adjacent, but the available responsibilities do not establish target treasury, markets, transaction or investment execution as the core.",2026-08-25T22:30:24Z
6a52490efbc90fa0,Moderate,"INSUFFICIENT_DESCRIPTION: The role appears finance-adjacent, but the available responsibilities do not establish target treasury, markets, transaction or investment execution as the core.",2026-08-25T22:30:24Z
ef438a7b4afc1bb1,Weak,"The role is materially outside target treasury, markets, transaction or investment execution.",2026-08-25T22:30:24Z
5bf017acebde3c48,Strong,"The role is centered on transaction execution, financial due diligence, valuation/modeling, structuring or deal financing.",2026-08-25T22:30:24Z
e43cc63809660b2f,Weak,"The role is primarily technology or systems work, outside target treasury, markets, transaction or investment execution.",2026-08-25T22:30:24Z
a4c77edaad9b116f,Weak,"The role is primarily technology or systems work, outside target treasury, markets, transaction or investment execution.",2026-08-25T22:30:24Z
5d8a392ce013f569,Moderate,"The role appears finance-adjacent, but the available responsibilities do not establish target treasury, markets, transaction or investment execution as the core.",2026-08-25T22:30:24Z
20a4187b383b631a,Weak,"The role is primarily procurement or operational work, outside target treasury, markets, transaction or investment execution.",2026-08-25T22:30:24Z
0f03d42c4d04145d,Weak,"The role is materially outside target treasury, markets, transaction or investment execution.",2026-08-25T22:30:24Z
0d270b1497dad1dc,Weak,"The role is primarily technology or systems work, outside target treasury, markets, transaction or investment execution.",2026-08-25T22:30:24Z
0e57de43a38541ed,Weak,"The role is primarily technology or systems work, outside target treasury, markets, transaction or investment execution.",2026-08-25T22:30:24Z
e51abcd09543ac94,Moderate,"INSUFFICIENT_DESCRIPTION: The role appears finance-adjacent, but the available responsibilities do not establish target treasury, markets, transaction or investment execution as the core.",2026-08-25T22:30:24Z
cfad91a8300d5b82,Strong,"The role is centered on transaction execution, financial due diligence, valuation/modeling, structuring or deal financing.",2026-08-25T22:30:24Z
4e144d9c08eccd89,Moderate,"The role appears finance-adjacent, but the available responsibilities do not establish target treasury, markets, transaction or investment execution as the core.",2026-08-25T22:30:24Z
af26075b2810b2f4,Weak,"The role is primarily compliance or control work, outside target treasury, markets, transaction or investment execution.",2026-08-25T22:30:24Z
c04c3bb1cdb93b5b,Moderate,"The role is finance-relevant, but its core is controlling, planning or business partnering rather than target execution.",2026-08-25T22:30:24Z
fcf9b7a2dd0b8507,Weak,"The role is primarily sales, client or people work, outside target treasury, markets, transaction or investment execution.",2026-08-25T22:30:24Z
a8e1efbea2b31941,Weak,"The role is primarily technology or systems work, outside target treasury, markets, transaction or investment execution.",2026-08-25T22:30:24Z
826f7d7d04d07c04,Moderate,"The role is finance-relevant, but its core is planning, control, credit, operations or product-specific analysis rather than target execution.",2026-08-25T22:30:24Z
a916b4567772678d,Moderate,"The role appears finance-adjacent, but the available responsibilities do not establish target treasury, markets, transaction or investment execution as the core.",2026-08-25T22:30:24Z
a296b1178dedb9b1,Weak,"The role is primarily technology or systems work, outside target treasury, markets, transaction or investment execution.",2026-08-25T22:30:24Z
525e350eeea4fc13,Weak,"The role is primarily technology or systems work, outside target treasury, markets, transaction or investment execution.",2026-08-25T22:30:24Z
4dc2241526c0b896,Weak,"The role is primarily audit and assurance work, outside target treasury, markets, transaction or investment execution.",2026-08-25T22:30:24Z
5eb218e9a72b5c16,Moderate,"INSUFFICIENT_DESCRIPTION: The title suggests valuation work, but the supplied vacancy content is insufficient to confirm the day-to-day responsibilities.",2026-08-25T22:30:24Z
40c119f6fcdcff7d,Moderate,"The role appears finance-adjacent, but the available responsibilities do not establish target treasury, markets, transaction or investment execution as the core.",2026-08-25T22:30:24Z
87e91c718a74a237,Moderate,"INSUFFICIENT_DESCRIPTION: The title suggests restructuring work, but the supplied vacancy content is insufficient to confirm the day-to-day responsibilities.",2026-08-25T22:30:24Z
be84d8d8350422b5,Weak,"The role is primarily technology or systems work, outside target treasury, markets, transaction or investment execution.",2026-08-25T22:30:24Z
2e3251751460bb63,Moderate,"INSUFFICIENT_DESCRIPTION: The title suggests transactions work, but the supplied vacancy content is insufficient to confirm the day-to-day responsibilities.",2026-08-25T22:30:24Z
f343c48699d427a1,Weak,"The role is primarily technology or systems work, outside target treasury, markets, transaction or investment execution.",2026-08-25T22:30:24Z
110a389eb3b42c30,Weak,"The role is primarily technology or systems work, outside target treasury, markets, transaction or investment execution.",2026-08-25T22:30:24Z
d0731209e11793b6,Weak,"The role is materially outside target treasury, markets, transaction or investment execution.",2026-08-25T22:30:24Z
e467d6b576294bba,Weak,"The role is materially outside target treasury, markets, transaction or investment execution.",2026-08-25T22:30:24Z
b4319651764e1b94,Moderate,"The role appears finance-adjacent, but the available responsibilities do not establish target treasury, markets, transaction or investment execution as the core.",2026-08-25T22:30:24Z
4f1861571d7bdfc8,Moderate,"The role appears finance-adjacent, but the available responsibilities do not establish target treasury, markets, transaction or investment execution as the core.",2026-08-25T22:30:24Z
a71d5f69aaf9171a,Moderate,"INSUFFICIENT_DESCRIPTION: The role appears finance-adjacent, but the available responsibilities do not establish target treasury, markets, transaction or investment execution as the core.",2026-08-25T22:30:24Z
e85839345d5852d1,Weak,"The role is primarily audit and assurance work, outside target treasury, markets, transaction or investment execution.",2026-08-25T22:30:24Z
4a089e737c6edf8f,Strong,"The role is centered on transaction execution, financial due diligence, valuation/modeling, structuring or deal financing.",2026-08-25T22:30:24Z
349fa5121c0577cd,Weak,"The role is materially outside target treasury, markets, transaction or investment execution.",2026-08-25T22:30:24Z
bf2018a2da38f8d3,Weak,"The role is primarily technology or systems work, outside target treasury, markets, transaction or investment execution.",2026-08-25T22:30:24Z
c8b07bd616332a1b,Weak,"The role is primarily technology or systems work, outside target treasury, markets, transaction or investment execution.",2026-08-25T22:30:24Z
0b49186b65933e06,Moderate,"INSUFFICIENT_DESCRIPTION: The title suggests transactions work, but the supplied vacancy content is insufficient to confirm the day-to-day responsibilities.",2026-08-25T22:30:24Z
d87affe6604e5503,Weak,"The role is primarily technology or systems work, outside target treasury, markets, transaction or investment execution.",2026-08-25T22:30:24Z
8af36b977bfcf6a3,Strong,"The work applies valuation and financial modeling directly to transactions, investments or financing decisions.",2026-08-25T22:30:24Z
1511897040f53d4e,Weak,"The role is primarily technology or systems work, outside target treasury, markets, transaction or investment execution.",2026-08-25T22:30:24Z
b9856b8778dc88c9,Weak,"The role is primarily tax work, outside target treasury, markets, transaction or investment execution.",2026-08-25T22:30:24Z
07f46cf97e53d661,Weak,"The role is materially outside target treasury, markets, transaction or investment execution.",2026-08-25T22:30:24Z
df9e5d3e757d58fe,Moderate,"The role appears finance-adjacent, but the available responsibilities do not establish target treasury, markets, transaction or investment execution as the core.",2026-08-25T22:30:24Z
03a3a5ae39fb698f,Moderate,"The role appears finance-adjacent, but the available responsibilities do not establish target treasury, markets, transaction or investment execution as the core.",2026-08-25T22:30:24Z
996f717c55bd25a9,Strong,"The role is centered on transaction execution, financial due diligence, valuation/modeling, structuring or deal financing.",2026-08-25T22:30:24Z
a4498c83195a6891,Weak,"The role is primarily technology or systems work, outside target treasury, markets, transaction or investment execution.",2026-08-25T22:30:24Z
82a30065993395c2,Moderate,"The role appears finance-adjacent, but the available responsibilities do not establish target treasury, markets, transaction or investment execution as the core.",2026-08-25T22:30:24Z
139c825ff2fa4604,Weak,"The role is primarily technology or systems work, outside target treasury, markets, transaction or investment execution.",2026-08-25T22:30:24Z
6b070860e81e5bcb,Weak,"The role is materially outside target treasury, markets, transaction or investment execution.",2026-08-25T22:30:24Z
22ca68933ad666d6,Weak,"The role is materially outside target treasury, markets, transaction or investment execution.",2026-08-25T22:30:24Z
b2545b39657c3867,Weak,"The role is primarily technology or systems work, outside target treasury, markets, transaction or investment execution.",2026-08-25T22:30:24Z
10af64d22206415f,Moderate,"INSUFFICIENT_DESCRIPTION: The role appears finance-adjacent, but the available responsibilities do not establish target treasury, markets, transaction or investment execution as the core.",2026-08-25T22:30:24Z
f00b47820ddd61c2,Weak,"The role is materially outside target treasury, markets, transaction or investment execution.",2026-08-25T22:30:24Z
c8a9d818f35537f8,Weak,"The role is materially outside target treasury, markets, transaction or investment execution.",2026-08-25T22:30:24Z
2ac8de8ce0adcad1,Weak,"The role is primarily operations or project-management work, outside target treasury, markets, transaction or investment execution.",2026-08-25T22:30:24Z
a572af1c5bacc792,Moderate,"The role appears finance-adjacent, but the available responsibilities do not establish target treasury, markets, transaction or investment execution as the core.",2026-08-25T22:30:24Z
2daefe521d6dad1f,Moderate,"The role appears finance-adjacent, but the available responsibilities do not establish target treasury, markets, transaction or investment execution as the core.",2026-08-25T22:30:24Z
f9f9a8b1a8af5c90,Weak,"The role is primarily audit and assurance work, outside target treasury, markets, transaction or investment execution.",2026-08-25T22:30:24Z
7fc8afad8c8052d0,Strong,"The role is centered on transaction execution, financial due diligence, valuation/modeling, structuring or deal financing.",2026-08-25T22:30:24Z
753781fd1a36459b,Strong,"The role centers on investment analysis, underwriting, portfolio construction or direct investment decisions.",2026-08-25T22:30:24Z
7510505d15dfcd0c,Strong,"The role centers on investment analysis, underwriting, portfolio construction or direct investment decisions.",2026-08-25T22:30:24Z
5a2566d6f7dee7e6,Strong,"The work applies valuation and financial modeling directly to transactions, investments or financing decisions.",2026-08-25T22:30:24Z
feca3c60371a4bd3,Weak,"The role is primarily technology or systems work, outside target treasury, markets, transaction or investment execution.",2026-08-25T22:30:24Z
66fae02829e1ef8c,Weak,"The role is primarily technology or systems work, outside target treasury, markets, transaction or investment execution.",2026-08-25T22:30:24Z
81ee6b19803be48d,Weak,"The role is materially outside target treasury, markets, transaction or investment execution.",2026-08-25T22:30:24Z
5b6fa6587061dcf6,Moderate,"The role appears finance-adjacent, but the available responsibilities do not establish target treasury, markets, transaction or investment execution as the core.",2026-08-25T22:30:24Z
79b5b5f8e1631097,Moderate,"The role appears finance-adjacent, but the available responsibilities do not establish target treasury, markets, transaction or investment execution as the core.",2026-08-25T22:30:24Z
f493b113bc453397,Weak,"The role is primarily tax work, outside target treasury, markets, transaction or investment execution.",2026-08-25T22:30:24Z
4a34d53c6b40edb7,Moderate,"INSUFFICIENT_DESCRIPTION: The role appears finance-adjacent, but the available responsibilities do not establish target treasury, markets, transaction or investment execution as the core.",2026-08-25T22:30:24Z
13651ab95b40b3b5,Weak,"The role is primarily audit and assurance work, outside target treasury, markets, transaction or investment execution.",2026-08-25T22:30:24Z
597155e50a434a69,Weak,"The role is materially outside target treasury, markets, transaction or investment execution.",2026-08-25T22:30:24Z
be6669884f53ee2f,Weak,"The role is primarily audit and assurance work, outside target treasury, markets, transaction or investment execution.",2026-08-25T22:30:24Z
bf84ebf956d9ad6e,Weak,"The role is primarily technology or systems work, outside target treasury, markets, transaction or investment execution.",2026-08-25T22:30:24Z
6271b6089ca22ad0,Moderate,"INSUFFICIENT_DESCRIPTION: The role appears finance-adjacent, but the available responsibilities do not establish target treasury, markets, transaction or investment execution as the core.",2026-08-25T22:30:24Z
a968e0deef5ef7e0,Weak,"The role is primarily technology or systems work, outside target treasury, markets, transaction or investment execution.",2026-08-25T22:30:24Z
00c151707b219963,Moderate,"INSUFFICIENT_DESCRIPTION: The role appears finance-adjacent, but the available responsibilities do not establish target treasury, markets, transaction or investment execution as the core.",2026-08-25T22:30:24Z
5c00718b5a9188df,Weak,"The role is primarily sales, client or people work, outside target treasury, markets, transaction or investment execution.",2026-08-25T22:30:24Z
16aae4a6134a3813,Moderate,"INSUFFICIENT_DESCRIPTION: The role appears finance-adjacent, but the available responsibilities do not establish target treasury, markets, transaction or investment execution as the core.",2026-08-25T22:30:24Z
fa6279a294c022df,Moderate,"The role appears finance-adjacent, but the available responsibilities do not establish target treasury, markets, transaction or investment execution as the core.",2026-08-25T22:30:24Z
2f5abc7f5a160fc7,Weak,"The role is materially outside target treasury, markets, transaction or investment execution.",2026-08-25T22:30:24Z
6d3c149ed60406f2,Moderate,"INSUFFICIENT_DESCRIPTION: The role appears finance-adjacent, but the available responsibilities do not establish target treasury, markets, transaction or investment execution as the core.",2026-08-25T22:30:24Z
7d8f1e08f2a383d7,Weak,"The role is primarily technology or systems work, outside target treasury, markets, transaction or investment execution.",2026-08-25T22:30:24Z
db55d2c5404bc172,Weak,"The role is primarily compliance or control work, outside target treasury, markets, transaction or investment execution.",2026-08-25T22:30:24Z
1fa6d4217c143e4e,Moderate,"INSUFFICIENT_DESCRIPTION: The role appears finance-adjacent, but the available responsibilities do not establish target treasury, markets, transaction or investment execution as the core.",2026-08-25T22:30:24Z
11ebada7b6b5ac14,Weak,"The role is materially outside target treasury, markets, transaction or investment execution.",2026-08-25T22:30:24Z
19a4f4071dd4e367,Moderate,"INSUFFICIENT_DESCRIPTION: The role appears finance-adjacent, but the available responsibilities do not establish target treasury, markets, transaction or investment execution as the core.",2026-08-25T22:30:24Z
a9906b059b466249,Moderate,"The role appears finance-adjacent, but the available responsibilities do not establish target treasury, markets, transaction or investment execution as the core.",2026-08-25T22:30:24Z
3e58183dca1e355b,Moderate,"INSUFFICIENT_DESCRIPTION: The role appears finance-adjacent, but the available responsibilities do not establish target treasury, markets, transaction or investment execution as the core.",2026-08-25T22:30:24Z
c0c723a1bb72a6a6,Moderate,"INSUFFICIENT_DESCRIPTION: The role appears finance-adjacent, but the available responsibilities do not establish target treasury, markets, transaction or investment execution as the core.",2026-08-25T22:30:24Z
82621dc4618ed44d,Moderate,"INSUFFICIENT_DESCRIPTION: The role appears finance-adjacent, but the available responsibilities do not establish target treasury, markets, transaction or investment execution as the core.",2026-08-25T22:30:24Z
5434de021d95ab49,Moderate,"INSUFFICIENT_DESCRIPTION: The role appears finance-adjacent, but the available responsibilities do not establish target treasury, markets, transaction or investment execution as the core.",2026-08-25T22:30:24Z
f1184c5f8541f2ef,Weak,"The role is primarily technology or systems work, outside target treasury, markets, transaction or investment execution.",2026-08-25T22:30:24Z
abb98d3415f51a81,Weak,"The role is primarily technology or systems work, outside target treasury, markets, transaction or investment execution.",2026-08-25T22:30:24Z
bd890abbbc175647,Weak,"The role is materially outside target treasury, markets, transaction or investment execution.",2026-08-25T22:30:24Z
8181cf09aa51dfd7,Moderate,"The role appears finance-adjacent, but the available responsibilities do not establish target treasury, markets, transaction or investment execution as the core.",2026-08-25T22:30:24Z
8c34fb408ffd6764,Weak,"The role is primarily technology or systems work, outside target treasury, markets, transaction or investment execution.",2026-08-25T22:30:24Z
7a11f3a567984644,Moderate,"The role appears finance-adjacent, but the available responsibilities do not establish target treasury, markets, transaction or investment execution as the core.",2026-08-25T22:30:24Z
ed15da8d0b618ea9,Moderate,"The role appears finance-adjacent, but the available responsibilities do not establish target treasury, markets, transaction or investment execution as the core.",2026-08-25T22:30:24Z
99ba21154fc3edf5,Weak,"The role is primarily technology or systems work, outside target treasury, markets, transaction or investment execution.",2026-08-25T22:30:24Z
dea648f4aa7b4d07,Weak,"The role is primarily technology or systems work, outside target treasury, markets, transaction or investment execution.",2026-08-25T22:30:24Z
3e095d643c501c9c,Weak,"The role is primarily technology or systems work, outside target treasury, markets, transaction or investment execution.",2026-08-25T22:30:24Z
b3f5d0cf9586661f,Weak,"The role is primarily compliance or control work, outside target treasury, markets, transaction or investment execution.",2026-08-25T22:30:24Z
a991f98ac58949f8,Weak,"The role is primarily sales, client or people work, outside target treasury, markets, transaction or investment execution.",2026-08-25T22:30:24Z
79327b86026619a2,Weak,"The role is primarily sales, client or people work, outside target treasury, markets, transaction or investment execution.",2026-08-25T22:30:24Z
45427a3f21a030bc,Weak,"The role is materially outside target treasury, markets, transaction or investment execution.",2026-08-25T22:30:24Z
78a51e1437d2fb9f,Weak,"The role is primarily technology or systems work, outside target treasury, markets, transaction or investment execution.",2026-08-25T22:30:24Z
183058a78cbfe273,Weak,"The role is materially outside target treasury, markets, transaction or investment execution.",2026-08-25T22:30:24Z
f2422ed59e0f5ac6,Weak,"The role is primarily technology or systems work, outside target treasury, markets, transaction or investment execution.",2026-08-25T22:30:24Z
32810f022a45399b,Moderate,"The role appears finance-adjacent, but the available responsibilities do not establish target treasury, markets, transaction or investment execution as the core.",2026-08-25T22:30:24Z
b960403716968857,Weak,"The role is primarily compliance or control work, outside target treasury, markets, transaction or investment execution.",2026-08-25T22:30:24Z
82e56bc82c1013b0,Weak,"The role is primarily technology or systems work, outside target treasury, markets, transaction or investment execution.",2026-08-25T22:30:24Z
2ae3809d87c075ac,Weak,"The role is materially outside target treasury, markets, transaction or investment execution.",2026-08-25T22:30:24Z
5e81e3ff12dabc87,Strong,"The role applies market, liquidity or financial-risk analysis to positions, hedging, scenarios or treasury decisions.",2026-08-25T22:30:24Z
adcbf9a5bad191ca,Weak,"The role is primarily technology or systems work, outside target treasury, markets, transaction or investment execution.",2026-08-25T22:30:24Z
32a3c02dea8bc7cb,Moderate,"The role is finance-relevant, but its core is planning, control, credit, operations or product-specific analysis rather than target execution.",2026-08-25T22:30:24Z
7b4bf8be3be24209,Moderate,"The role appears finance-adjacent, but the available responsibilities do not establish target treasury, markets, transaction or investment execution as the core.",2026-08-25T22:30:24Z
067075b6d0b73771,Moderate,"The role is finance-relevant, but its core is planning, control, credit, operations or product-specific analysis rather than target execution.",2026-08-25T22:30:24Z
d873000249ede7e4,Weak,"The role is primarily sales, client or people work, outside target treasury, markets, transaction or investment execution.",2026-08-25T22:30:24Z
298ba69a2485f659,Strong,"The role applies market, liquidity or financial-risk analysis to positions, hedging, scenarios or treasury decisions.",2026-08-25T22:30:24Z
4165148669a292de,Moderate,"The role appears finance-adjacent, but the available responsibilities do not establish target treasury, markets, transaction or investment execution as the core.",2026-08-25T22:30:24Z
589b82b43fb617a7,Moderate,"The role is finance-relevant, but its core is controlling, planning or business partnering rather than target execution.",2026-08-25T22:30:24Z
b6413bf5d3b97bf7,Weak,"The role is materially outside target treasury, markets, transaction or investment execution.",2026-08-25T22:30:24Z
1acdf86f9cfeaeac,Moderate,"The role appears finance-adjacent, but the available responsibilities do not establish target treasury, markets, transaction or investment execution as the core.",2026-08-25T22:30:24Z
3383cc8c5cda45a3,Moderate,"The role is finance-relevant, but its core is controlling, planning or business partnering rather than target execution.",2026-08-25T22:30:24Z
51187f5215e9e92d,Strong,"The role is centered on transaction execution, financial due diligence, valuation/modeling, structuring or deal financing.",2026-08-25T22:30:24Z
0b29473e07e7c019,Moderate,"The role appears finance-adjacent, but the available responsibilities do not establish target treasury, markets, transaction or investment execution as the core.",2026-08-25T22:30:24Z
1e9b7aff05ef2bb9,Moderate,"The role appears finance-adjacent, but the available responsibilities do not establish target treasury, markets, transaction or investment execution as the core.",2026-08-25T22:30:24Z
587b767bd084bf65,Weak,"The role is materially outside target treasury, markets, transaction or investment execution.",2026-08-25T22:30:24Z
533c93106dd3fa47,Moderate,"The role is finance-relevant, but its core is planning, control, credit, operations or product-specific analysis rather than target execution.",2026-08-25T22:30:24Z
e6d137a5235ea584,Weak,"The role is materially outside target treasury, markets, transaction or investment execution.",2026-08-25T22:30:24Z
78286a226ad66b13,Weak,"The role is materially outside target treasury, markets, transaction or investment execution.",2026-08-25T22:30:24Z
3245813dafba461d,Weak,"The role is primarily technology or systems work, outside target treasury, markets, transaction or investment execution.",2026-08-25T22:30:24Z
cfd298e1049acbb6,Weak,"The role is materially outside target treasury, markets, transaction or investment execution.",2026-08-25T22:30:24Z
7ee4cd29ffd80263,Weak,"The role is materially outside target treasury, markets, transaction or investment execution.",2026-08-25T22:30:24Z
551e257d832ca53d,Weak,"The role is primarily origination, sales or relationship work rather than analytical transaction, treasury or investment execution.",2026-08-25T22:30:24Z
d5e0048154575bb8,Weak,"The role is primarily technology or systems work, outside target treasury, markets, transaction or investment execution.",2026-08-25T22:30:24Z
d36860b2fac0f5bc,Weak,"The role is materially outside target treasury, markets, transaction or investment execution.",2026-08-25T22:30:24Z
43cc9928bbe9e999,Moderate,"INSUFFICIENT_DESCRIPTION: The role appears finance-adjacent, but the available responsibilities do not establish target treasury, markets, transaction or investment execution as the core.",2026-08-25T22:30:24Z
33213700633e4b52,Weak,"The role is materially outside target treasury, markets, transaction or investment execution.",2026-08-25T22:30:24Z
f6eff502fb34fd48,Weak,"The role is materially outside target treasury, markets, transaction or investment execution.",2026-08-25T22:30:24Z
a99288602b3449cd,Moderate,"INSUFFICIENT_DESCRIPTION: The title suggests restructuring work, but the supplied vacancy content is insufficient to confirm the day-to-day responsibilities.",2026-08-25T22:30:24Z
db87990b44f3e738,Weak,"The role is materially outside target treasury, markets, transaction or investment execution.",2026-08-25T22:30:24Z
87b3ce3981fba937,Weak,"The role is primarily technology or systems work, outside target treasury, markets, transaction or investment execution.",2026-08-25T22:30:24Z
f556d93d847e11c8,Weak,"The role is materially outside target treasury, markets, transaction or investment execution.",2026-08-25T22:30:24Z
795b5ec661adac48,Weak,"The role is primarily technology or systems work, outside target treasury, markets, transaction or investment execution.",2026-08-25T22:30:24Z
7d71ab03dee3387a,Moderate,"The role appears finance-adjacent, but the available responsibilities do not establish target treasury, markets, transaction or investment execution as the core.",2026-08-25T22:30:24Z
3188136c5dfce1d7,Weak,"The role is primarily technology or systems work, outside target treasury, markets, transaction or investment execution.",2026-08-25T22:30:24Z
db14eaa53d69748b,Weak,"The role is primarily sales, client or people work, outside target treasury, markets, transaction or investment execution.",2026-08-25T22:30:24Z
7ef5266a549d3231,Strong,"The role is centered on transaction execution, financial due diligence, valuation/modeling, structuring or deal financing.",2026-08-25T22:30:24Z
ceeec0a20b27c1be,Weak,"The role is materially outside target treasury, markets, transaction or investment execution.",2026-08-25T22:30:24Z
519c5e698bd13f3c,Weak,"The role is primarily technology or systems work, outside target treasury, markets, transaction or investment execution.",2026-08-25T22:30:24Z
31976451a8d9c5eb,Moderate,"INSUFFICIENT_DESCRIPTION: The title suggests transactions work, but the supplied vacancy content is insufficient to confirm the day-to-day responsibilities.",2026-08-25T22:30:24Z
c2d764bdb33b63e8,Weak,"The role is primarily technology or systems work, outside target treasury, markets, transaction or investment execution.",2026-08-25T22:30:24Z
e8eb45fcbac6a0a5,Weak,"The role is primarily technology or systems work, outside target treasury, markets, transaction or investment execution.",2026-08-25T22:30:24Z
6d6b90fd95b19a04,Strong,"The role is centered on transaction execution, financial due diligence, valuation/modeling, structuring or deal financing.",2026-08-25T22:30:24Z
6999a3f64031e1f9,Weak,"The role is materially outside target treasury, markets, transaction or investment execution.",2026-08-25T22:30:24Z
b3866ee1cfe60a82,Moderate,"INSUFFICIENT_DESCRIPTION: The role appears finance-adjacent, but the available responsibilities do not establish target treasury, markets, transaction or investment execution as the core.",2026-08-25T22:30:24Z
edd0d98d3a4d20a6,Weak,"The role is materially outside target treasury, markets, transaction or investment execution.",2026-08-25T22:30:24Z
95e08fc81fa9b225,Weak,"The role is primarily technology or systems work, outside target treasury, markets, transaction or investment execution.",2026-08-25T22:30:24Z
5ef851c6c4cff616,Weak,"The role is primarily tax work, outside target treasury, markets, transaction or investment execution.",2026-08-25T22:30:24Z
7f0a7aca3f172333,Moderate,"INSUFFICIENT_DESCRIPTION: The role is finance-relevant, but its core is controlling, planning or business partnering rather than target execution.",2026-08-25T22:30:24Z
5addde6eb54b170c,Weak,"The role is materially outside target treasury, markets, transaction or investment execution.",2026-08-25T22:30:24Z
d808e873acbbdb7a,Moderate,"The role appears finance-adjacent, but the available responsibilities do not establish target treasury, markets, transaction or investment execution as the core.",2026-08-25T22:30:24Z
64bc2a73e9f478c2,Moderate,"The role is finance-relevant, but its core is planning, control, credit, operations or product-specific analysis rather than target execution.",2026-08-25T22:30:24Z
c6f693152ea1e8e7,Weak,"The role is materially outside target treasury, markets, transaction or investment execution.",2026-08-25T22:30:24Z
2967e1143a13a7b6,Moderate,"The role appears finance-adjacent, but the available responsibilities do not establish target treasury, markets, transaction or investment execution as the core.",2026-08-25T22:30:24Z
66588568cbc445c7,Moderate,"The role appears finance-adjacent, but the available responsibilities do not establish target treasury, markets, transaction or investment execution as the core.",2026-08-25T22:30:24Z
ed933f9a17392521,Moderate,"INSUFFICIENT_DESCRIPTION: The role is finance-relevant, but its core is controlling, planning or business partnering rather than target execution.",2026-08-25T22:30:24Z
628c2a0736f727d8,Moderate,"The role is finance-relevant, but its core is controlling, planning or business partnering rather than target execution.",2026-08-25T22:30:24Z
9a6719c16348d3c2,Strong,"The role is centered on transaction execution, financial due diligence, valuation/modeling, structuring or deal financing.",2026-08-25T22:30:24Z
6e206afd70bfb45b,Weak,"The role is primarily accounting or reporting work, outside target treasury, markets, transaction or investment execution.",2026-08-25T22:30:24Z
fc9e910392cfa641,Moderate,"The role is finance-relevant, but its core is controlling, planning or business partnering rather than target execution.",2026-08-25T22:30:24Z
141faae93d16accf,Moderate,"The role is finance-relevant, but its core is controlling, planning or business partnering rather than target execution.",2026-08-25T22:30:24Z
57f323fac2949035,Moderate,"The role is finance-relevant, but its core is controlling, planning or business partnering rather than target execution.",2026-08-25T22:30:24Z
761ea71c9ddbcc56,Weak,"The role is primarily accounting or reporting work, outside target treasury, markets, transaction or investment execution.",2026-08-25T22:30:24Z
5cd713f5addc590c,Weak,"The role is primarily technology or systems work, outside target treasury, markets, transaction or investment execution.",2026-08-25T22:30:24Z
3dc5538a380e6ce2,Moderate,"The role is finance-relevant, but its core is controlling, planning or business partnering rather than target execution.",2026-08-25T22:30:24Z
2c16ffe2110116cd,Moderate,"The role is finance-relevant, but its core is controlling, planning or business partnering rather than target execution.",2026-08-25T22:30:24Z
05a24a7a3d1c1ff5,Weak,"The role is materially outside target treasury, markets, transaction or investment execution.",2026-08-25T22:30:24Z
6cfea483095946b2,Moderate,"The role appears finance-adjacent, but the available responsibilities do not establish target treasury, markets, transaction or investment execution as the core.",2026-08-25T22:30:24Z
47d9f2c5d098094e,Weak,"The role is primarily technology or systems work, outside target treasury, markets, transaction or investment execution.",2026-08-25T22:30:24Z
5d03de875b182358,Weak,"The role is primarily technology or systems work, outside target treasury, markets, transaction or investment execution.",2026-08-25T22:30:24Z
a209072ce2feb7dc,Weak,"The role is primarily technology or systems work, outside target treasury, markets, transaction or investment execution.",2026-08-25T22:30:24Z
327af6c3b432c50c,Weak,"The role is primarily technology or systems work, outside target treasury, markets, transaction or investment execution.",2026-08-25T22:30:24Z
b0039f76c2c5aa78,Weak,"The role is materially outside target treasury, markets, transaction or investment execution.",2026-08-25T22:30:24Z
c746c09212940e18,Weak,"The role is primarily technology or systems work, outside target treasury, markets, transaction or investment execution.",2026-08-25T22:30:24Z
3178c2aab7edc9bb,Moderate,"INSUFFICIENT_DESCRIPTION: The title suggests valuation work, but the supplied vacancy content is insufficient to confirm the day-to-day responsibilities.",2026-08-25T22:30:24Z
765930316aa8db6b,Weak,"The role is primarily technology or systems work, outside target treasury, markets, transaction or investment execution.",2026-08-25T22:30:24Z
d89fbc0b9f2f1af3,Moderate,"The role appears finance-adjacent, but the available responsibilities do not establish target treasury, markets, transaction or investment execution as the core.",2026-08-25T22:30:24Z
b0c17ecd3b51166e,Moderate,"INSUFFICIENT_DESCRIPTION: The role appears finance-adjacent, but the available responsibilities do not establish target treasury, markets, transaction or investment execution as the core.",2026-08-25T22:30:24Z
7aebbc60e7cc7d23,Moderate,"The role appears finance-adjacent, but the available responsibilities do not establish target treasury, markets, transaction or investment execution as the core.",2026-08-25T22:30:24Z
c828d24c42435f6c,Weak,"The role is materially outside target treasury, markets, transaction or investment execution.",2026-08-25T22:30:24Z
5332f86212f6582d,Weak,"The role is primarily technology or systems work, outside target treasury, markets, transaction or investment execution.",2026-08-25T22:30:24Z
114e679b2174b62a,Moderate,"INSUFFICIENT_DESCRIPTION: The title suggests transactions work, but the supplied vacancy content is insufficient to confirm the day-to-day responsibilities.",2026-08-25T22:30:24Z
f85d1afc981c1e52,Weak,"The role is materially outside target treasury, markets, transaction or investment execution.",2026-08-25T22:30:24Z
9ffec89d2c43e144,Weak,"The role is primarily technology or systems work, outside target treasury, markets, transaction or investment execution.",2026-08-25T22:30:24Z
26a3a2beb40ec964,Weak,"The role is primarily technology or systems work, outside target treasury, markets, transaction or investment execution.",2026-08-25T22:30:24Z
2544d59ed59fa22f,Weak,"The role is primarily technology or systems work, outside target treasury, markets, transaction or investment execution.",2026-08-25T22:30:24Z
8950951ea59aff8b,Weak,"The role is materially outside target treasury, markets, transaction or investment execution.",2026-08-25T22:30:24Z
e2ce8a669a01eae1,Weak,"The role is primarily technology or systems work, outside target treasury, markets, transaction or investment execution.",2026-08-25T22:30:24Z
b27402add2352d06,Weak,"The role is primarily technology or systems work, outside target treasury, markets, transaction or investment execution.",2026-08-25T22:30:24Z
e133c1bc087a9faa,Weak,"The role is primarily audit and assurance work, outside target treasury, markets, transaction or investment execution.",2026-08-25T22:30:24Z
fb1eccf74167d69b,Weak,"The role is materially outside target treasury, markets, transaction or investment execution.",2026-08-25T22:30:24Z
fe960716bb9a7737,Weak,"The role is materially outside target treasury, markets, transaction or investment execution.",2026-08-25T22:30:24Z
3625a9c28cb8a390,Strong,"The role is centered on transaction execution, financial due diligence, valuation/modeling, structuring or deal financing.",2026-08-25T22:30:24Z
39372695334e5cba,Weak,"The role is materially outside target treasury, markets, transaction or investment execution.",2026-08-25T22:30:24Z
f58c9241a360dee9,Weak,"The role is materially outside target treasury, markets, transaction or investment execution.",2026-08-25T22:30:24Z
76055cacec89e7fd,Weak,"The role is primarily audit and assurance work, outside target treasury, markets, transaction or investment execution.",2026-08-25T22:30:24Z
41636473aeab5bab,Moderate,"INSUFFICIENT_DESCRIPTION: The role appears finance-adjacent, but the available responsibilities do not establish target treasury, markets, transaction or investment execution as the core.",2026-08-25T22:30:24Z
c1009bb3a1b55418,Strong,"The work applies valuation and financial modeling directly to transactions, investments or financing decisions.",2026-08-25T22:30:24Z
35c84f630c193159,Weak,"The role is primarily technology or systems work, outside target treasury, markets, transaction or investment execution.",2026-08-25T22:30:24Z
df55e8ec86626c34,Moderate,"The role appears finance-adjacent, but the available responsibilities do not establish target treasury, markets, transaction or investment execution as the core.",2026-08-25T22:30:24Z
0ee98a4f04c3f3f8,Weak,"The role is primarily tax work, outside target treasury, markets, transaction or investment execution.",2026-08-25T22:30:24Z
31f7c129fd24273c,Moderate,"The role appears finance-adjacent, but the available responsibilities do not establish target treasury, markets, transaction or investment execution as the core.",2026-08-25T22:30:24Z
beb49ea17d0388cf,Moderate,"The role appears finance-adjacent, but the available responsibilities do not establish target treasury, markets, transaction or investment execution as the core.",2026-08-25T22:30:24Z
c0eee6bd219b1d23,Strong,"The role centers on investment analysis, underwriting, portfolio construction or direct investment decisions.",2026-08-25T22:30:24Z
707a492b234ce1fc,Weak,"The role is primarily technology or systems work, outside target treasury, markets, transaction or investment execution.",2026-08-25T22:30:24Z
e20cacdca55e1867,Weak,"The role is primarily technology or systems work, outside target treasury, markets, transaction or investment execution.",2026-08-25T22:30:24Z
d11912ee0b0a117e,Moderate,"INSUFFICIENT_DESCRIPTION: The title suggests transactions work, but the supplied vacancy content is insufficient to confirm the day-to-day responsibilities.",2026-08-25T22:30:24Z
42c893ab924d6f83,Moderate,"The role appears finance-adjacent, but the available responsibilities do not establish target treasury, markets, transaction or investment execution as the core.",2026-08-25T22:30:24Z
464961465143fc21,Moderate,"INSUFFICIENT_DESCRIPTION: The role appears finance-adjacent, but the available responsibilities do not establish target treasury, markets, transaction or investment execution as the core.",2026-08-25T22:30:24Z
f8833864defe0196,Moderate,"INSUFFICIENT_DESCRIPTION: The title suggests transactions work, but the supplied vacancy content is insufficient to confirm the day-to-day responsibilities.",2026-08-25T22:30:24Z
3584a76ec55196ab,Weak,"The role is materially outside target treasury, markets, transaction or investment execution.",2026-08-25T22:30:24Z
c6bb3086ec191c4d,Weak,"The role is primarily compliance or control work, outside target treasury, markets, transaction or investment execution.",2026-08-25T22:30:24Z
2b6adaf592cbbf80,Strong,"The role centers on investment analysis, underwriting, portfolio construction or direct investment decisions.",2026-08-25T22:30:24Z
ca5e124d43aef792,Moderate,"The role appears finance-adjacent, but the available responsibilities do not establish target treasury, markets, transaction or investment execution as the core.",2026-08-25T22:30:24Z
1b23a38b6c4afeb1,Moderate,"The role appears finance-adjacent, but the available responsibilities do not establish target treasury, markets, transaction or investment execution as the core.",2026-08-25T22:30:24Z
55760aa702d3cf86,Strong,"The role focuses on restructuring or turnaround work with substantive financial analysis, liquidity, financing or transaction execution.",2026-08-25T22:30:24Z
8cf568a12fb210fb,Strong,"The role focuses on restructuring or turnaround work with substantive financial analysis, liquidity, financing or transaction execution.",2026-08-25T22:30:24Z
dc2ca9de0bd8710c,Strong,"The role focuses on restructuring or turnaround work with substantive financial analysis, liquidity, financing or transaction execution.",2026-08-25T22:30:24Z
cb78074b843f1f4b,Weak,"The role is materially outside target treasury, markets, transaction or investment execution.",2026-08-25T22:30:24Z
a5b441fb87c54c50,Moderate,"INSUFFICIENT_DESCRIPTION: The title suggests valuation work, but the supplied vacancy content is insufficient to confirm the day-to-day responsibilities.",2026-08-25T22:30:24Z
c1d1d766d3af6df4,Weak,"The role is materially outside target treasury, markets, transaction or investment execution.",2026-08-25T22:30:24Z
a5d9ac1d52b3b893,Weak,"The role is primarily technology or systems work, outside target treasury, markets, transaction or investment execution.",2026-08-25T22:30:24Z
f453d7044ab52fb5,Strong,"The role is centered on transaction execution, financial due diligence, valuation/modeling, structuring or deal financing.",2026-08-25T22:30:24Z
538e8ad0b66efef1,Moderate,"The role appears finance-adjacent, but the available responsibilities do not establish target treasury, markets, transaction or investment execution as the core.",2026-08-25T22:30:24Z
33bd4db955337170,Strong,"The role is centered on transaction execution, financial due diligence, valuation/modeling, structuring or deal financing.",2026-08-25T22:30:24Z
d080e418756185cf,Moderate,"The role appears finance-adjacent, but the available responsibilities do not establish target treasury, markets, transaction or investment execution as the core.",2026-08-25T22:30:24Z
74e9aa99f8019f50,Moderate,"The role appears finance-adjacent, but the available responsibilities do not establish target treasury, markets, transaction or investment execution as the core.",2026-08-25T22:30:24Z
1ffe51f43bf1ffaf,Weak,"The role is primarily technology or systems work, outside target treasury, markets, transaction or investment execution.",2026-08-25T22:30:24Z
5fbe23e93b16bf2c,Moderate,"The role appears finance-adjacent, but the available responsibilities do not establish target treasury, markets, transaction or investment execution as the core.",2026-08-25T22:30:24Z
2d4ae857a42c92a3,Strong,"The role is centered on transaction execution, financial due diligence, valuation/modeling, structuring or deal financing.",2026-08-25T22:30:24Z
a04be93647d9e9e1,Weak,"The role is materially outside target treasury, markets, transaction or investment execution.",2026-08-25T22:30:24Z
10101800e0fbb1fe,Strong,"Core responsibilities cover practical corporate treasury execution across liquidity, funding, FX/rates, hedging or financial risk.",2026-08-25T22:30:24Z
e388cbae5920e127,Weak,"The role is materially outside target treasury, markets, transaction or investment execution.",2026-08-25T22:30:24Z
ed1c7c4819d8815a,Weak,"The role is materially outside target treasury, markets, transaction or investment execution.",2026-08-25T22:30:24Z
35a4aa4178601592,Weak,"The role is primarily audit and assurance work, outside target treasury, markets, transaction or investment execution.",2026-08-25T22:30:24Z
f9408ecca6eb2a03,Weak,"The role is primarily technology or systems work, outside target treasury, markets, transaction or investment execution.",2026-08-25T22:30:24Z
ff6023617b9c5e87,Weak,"The role is primarily accounting or reporting work, outside target treasury, markets, transaction or investment execution.",2026-08-25T22:30:24Z
b3d4ac5560c9ec01,Moderate,"The role appears finance-adjacent, but the available responsibilities do not establish target treasury, markets, transaction or investment execution as the core.",2026-08-25T22:30:24Z
f1b53e39de8b5a26,Moderate,"INSUFFICIENT_DESCRIPTION: The role appears finance-adjacent, but the available responsibilities do not establish target treasury, markets, transaction or investment execution as the core.",2026-08-25T22:30:24Z
90ab781894804dfa,Moderate,"INSUFFICIENT_DESCRIPTION: The role appears finance-adjacent, but the available responsibilities do not establish target treasury, markets, transaction or investment execution as the core.",2026-08-25T22:30:24Z
f0d70d5ba5a54f87,Weak,"The role is primarily technology or systems work, outside target treasury, markets, transaction or investment execution.",2026-08-25T22:30:24Z
6611af47c4811301,Weak,"The role is materially outside target treasury, markets, transaction or investment execution.",2026-08-25T22:30:24Z
36544ca8ae9b26b5,Weak,"The role is materially outside target treasury, markets, transaction or investment execution.",2026-08-25T22:30:24Z
44580e9c5503aa2e,Weak,"The role is primarily sales, client or people work, outside target treasury, markets, transaction or investment execution.",2026-08-25T22:30:24Z
5a53cad6e5bf8781,Weak,"The role is materially outside target treasury, markets, transaction or investment execution.",2026-08-25T22:30:24Z
59746afcacb3958e,Moderate,"INSUFFICIENT_DESCRIPTION: The role appears finance-adjacent, but the available responsibilities do not establish target treasury, markets, transaction or investment execution as the core.",2026-08-25T22:30:24Z
3fc8b93346b8030f,Moderate,"INSUFFICIENT_DESCRIPTION: The role is finance-relevant, but its core is controlling, planning or business partnering rather than target execution.",2026-08-25T22:30:24Z
487585907d47cc46,Weak,"The role is materially outside target treasury, markets, transaction or investment execution.",2026-08-25T22:30:24Z
b3b4386254380ea7,Weak,"The role is materially outside target treasury, markets, transaction or investment execution.",2026-08-25T22:30:24Z
03e061356278a838,Weak,"The role is primarily sales, client or people work, outside target treasury, markets, transaction or investment execution.",2026-08-25T22:30:24Z
badec77cd3a637e4,Weak,"The role is materially outside target treasury, markets, transaction or investment execution.",2026-08-25T22:30:24Z
836d74e6052f10c1,Weak,"The role is materially outside target treasury, markets, transaction or investment execution.",2026-08-25T22:30:24Z
a7da78ddf8aa5084,Weak,"The role is primarily sales, client or people work, outside target treasury, markets, transaction or investment execution.",2026-08-25T22:30:24Z
d3b3263d7069f1a2,Weak,"The role is primarily legal work, outside target treasury, markets, transaction or investment execution.",2026-08-25T22:30:24Z
a6f207251f17600d,Moderate,"INSUFFICIENT_DESCRIPTION: The role appears finance-adjacent, but the available responsibilities do not establish target treasury, markets, transaction or investment execution as the core.",2026-08-25T22:30:24Z
d02a3dc7717e0192,Weak,"The role is primarily technology or systems work, outside target treasury, markets, transaction or investment execution.",2026-08-25T22:30:24Z
05158d0366b830ae,Weak,"The role is primarily technology or systems work, outside target treasury, markets, transaction or investment execution.",2026-08-25T22:30:24Z
dc224bfa69d8a99d,Weak,"The role is primarily technology or systems work, outside target treasury, markets, transaction or investment execution.",2026-08-25T22:30:24Z
ca771f111b9bcd51,Weak,"The role is materially outside target treasury, markets, transaction or investment execution.",2026-08-25T22:30:24Z
4d46308f97739c5d,Weak,"The role is primarily technology or systems work, outside target treasury, markets, transaction or investment execution.",2026-08-25T22:30:24Z
aa6f698afb56e9a5,Weak,"The role is materially outside target treasury, markets, transaction or investment execution.",2026-08-25T22:30:24Z
a4e3b28c9308edd3,Weak,"The role is materially outside target treasury, markets, transaction or investment execution.",2026-08-25T22:30:24Z
e355562e11353db1,Weak,"The role is materially outside target treasury, markets, transaction or investment execution.",2026-08-25T22:30:24Z
11cfa23563033a59,Weak,"The role is materially outside target treasury, markets, transaction or investment execution.",2026-08-25T22:30:24Z
9908ed2c94287e14,Weak,"The role is materially outside target treasury, markets, transaction or investment execution.",2026-08-25T22:30:24Z
63f43e5b60faf69b,Weak,"The role is materially outside target treasury, markets, transaction or investment execution.",2026-08-25T22:30:24Z
66d314440df2e55c,Weak,"The role is materially outside target treasury, markets, transaction or investment execution.",2026-08-25T22:30:24Z
7d290cef24c494c1,Weak,"The role is materially outside target treasury, markets, transaction or investment execution.",2026-08-25T22:30:24Z
f42ac28756b5dc53,Weak,"The role is materially outside target treasury, markets, transaction or investment execution.",2026-08-25T22:30:24Z
af0cab74b093a31d,Weak,"The role is materially outside target treasury, markets, transaction or investment execution.",2026-08-25T22:30:24Z
b7ea4c0e67451c28,Moderate,"The role is finance-relevant, but its core is controlling, planning or business partnering rather than target execution.",2026-08-25T22:30:24Z
8c6454df48202fde,Moderate,"The role is finance-relevant, but its core is controlling, planning or business partnering rather than target execution.",2026-08-25T22:30:24Z
31de27f929343f98,Moderate,"The role is finance-relevant, but its core is controlling, planning or business partnering rather than target execution.",2026-08-25T22:30:24Z
5e4c79325ab38acc,Weak,"The role is materially outside target treasury, markets, transaction or investment execution.",2026-08-25T22:30:24Z
7d0427021e018521,Moderate,"The role is finance-relevant, but its core is controlling, planning or business partnering rather than target execution.",2026-08-25T22:30:24Z
25b4a38387a83d01,Moderate,"The role is finance-relevant, but its core is controlling, planning or business partnering rather than target execution.",2026-08-25T22:30:24Z
d1239c55e08c29b1,Moderate,"The role is finance-relevant, but its core is controlling, planning or business partnering rather than target execution.",2026-08-25T22:30:24Z
62364ba7ba60104f,Moderate,"The role is finance-relevant, but its core is controlling, planning or business partnering rather than target execution.",2026-08-25T22:30:24Z
331a67e6f6c2f915,Moderate,"The role is finance-relevant, but its core is controlling, planning or business partnering rather than target execution.",2026-08-25T22:30:24Z
20e024c2c0ed5cd4,Moderate,"The role appears finance-adjacent, but the available responsibilities do not establish target treasury, markets, transaction or investment execution as the core.",2026-08-25T22:30:24Z
325865aa37e39670,Moderate,"The role is finance-relevant, but its core is controlling, planning or business partnering rather than target execution.",2026-08-25T22:30:24Z
19f32ef19886bd06,Weak,"The role is materially outside target treasury, markets, transaction or investment execution.",2026-08-25T22:30:24Z
55717bdd29577e2f,Moderate,"The role is finance-relevant, but its core is controlling, planning or business partnering rather than target execution.",2026-08-25T22:30:24Z
c85261d1c28cec45,Moderate,"The role is finance-relevant, but its core is controlling, planning or business partnering rather than target execution.",2026-08-25T22:30:24Z
f8da7b8f9a7ed09c,Weak,"The role is materially outside target treasury, markets, transaction or investment execution.",2026-08-25T22:30:24Z
ecffc186e6b4ebde,Moderate,"The role is finance-relevant, but its core is controlling, planning or business partnering rather than target execution.",2026-08-25T22:30:24Z
20efdf3d5056cadf,Moderate,"The role is finance-relevant, but its core is controlling, planning or business partnering rather than target execution.",2026-08-25T22:30:24Z
3259159fd54848b5,Moderate,"The role appears finance-adjacent, but the available responsibilities do not establish target treasury, markets, transaction or investment execution as the core.",2026-08-25T22:30:24Z
b3ce72dda3f08d88,Weak,"The role is materially outside target treasury, markets, transaction or investment execution.",2026-08-25T22:30:24Z
ac5da291ebc662d8,Moderate,"The role is finance-relevant, but its core is controlling, planning or business partnering rather than target execution.",2026-08-25T22:30:24Z
b1a19c91c7d498ee,Moderate,"The role is finance-relevant, but its core is controlling, planning or business partnering rather than target execution.",2026-08-25T22:30:24Z
7d853ac03a2dfc71,Moderate,"The role is finance-relevant, but its core is controlling, planning or business partnering rather than target execution.",2026-08-25T22:30:24Z
5245c5ef0e4dc089,Weak,"The role is materially outside target treasury, markets, transaction or investment execution.",2026-08-25T22:30:24Z
771c4012e6e08172,Moderate,"The role is finance-relevant, but its core is controlling, planning or business partnering rather than target execution.",2026-08-25T22:30:24Z
7c597c030a78396e,Moderate,"The role is finance-relevant, but its core is controlling, planning or business partnering rather than target execution.",2026-08-25T22:30:24Z
fc4875c4b2c5d6d4,Moderate,"The role is finance-relevant, but its core is controlling, planning or business partnering rather than target execution.",2026-08-25T22:30:24Z
64a5a0b7f1a967d9,Moderate,"The role is finance-relevant, but its core is controlling, planning or business partnering rather than target execution.",2026-08-25T22:30:24Z
56a214176346e45b,Moderate,"The role is finance-relevant, but its core is controlling, planning or business partnering rather than target execution.",2026-08-25T22:30:24Z
caab4df421090166,Moderate,"The role appears finance-adjacent, but the available responsibilities do not establish target treasury, markets, transaction or investment execution as the core.",2026-08-25T22:30:24Z
d41ef3b70e4cc0ba,Moderate,"The role is finance-relevant, but its core is controlling, planning or business partnering rather than target execution.",2026-08-25T22:30:24Z
baf4d3c45af3a3a4,Weak,"The role is materially outside target treasury, markets, transaction or investment execution.",2026-08-25T22:30:24Z
4bd8d89cd934bb34,Moderate,"The role is finance-relevant, but its core is controlling, planning or business partnering rather than target execution.",2026-08-25T22:30:24Z
1f2eb66955f741e4,Moderate,"The role is finance-relevant, but its core is controlling, planning or business partnering rather than target execution.",2026-08-25T22:30:24Z
c1f65292a38dbbfb,Moderate,"The role is finance-relevant, but its core is controlling, planning or business partnering rather than target execution.",2026-08-25T22:30:24Z
2335b3080978f970,Moderate,"The role is finance-relevant, but its core is controlling, planning or business partnering rather than target execution.",2026-08-25T22:30:24Z
d5e7dd2111e3e757,Weak,"The role is materially outside target treasury, markets, transaction or investment execution.",2026-08-25T22:30:24Z
51f98e04966bd18e,Weak,"The role is materially outside target treasury, markets, transaction or investment execution.",2026-08-25T22:30:24Z
75ade1a5d1429972,Weak,"The role is primarily technology or systems work, outside target treasury, markets, transaction or investment execution.",2026-08-25T22:30:24Z
143017f57893dc11,Weak,"The role is materially outside target treasury, markets, transaction or investment execution.",2026-08-25T22:30:24Z
646c8d372e775312,Weak,"The role is materially outside target treasury, markets, transaction or investment execution.",2026-08-25T22:30:24Z
87a43f9cf14539ea,Weak,"The role is materially outside target treasury, markets, transaction or investment execution.",2026-08-25T22:30:24Z
cc91679fc1e8512b,Weak,"The role is materially outside target treasury, markets, transaction or investment execution.",2026-08-25T22:30:24Z
1b9fe018c379d18a,Weak,"The role is primarily technology or systems work, outside target treasury, markets, transaction or investment execution.",2026-08-25T22:30:24Z
ec5764f327ecf9c3,Moderate,"The role is finance-relevant, but its core is controlling, planning or business partnering rather than target execution.",2026-08-25T22:30:24Z
389c6f4d09ff78ce,Weak,"The role is materially outside target treasury, markets, transaction or investment execution.",2026-08-25T22:30:24Z
900bf964706ea0cf,Weak,"The role is materially outside target treasury, markets, transaction or investment execution.",2026-08-25T22:30:24Z
8cc11fa92d05826d,Weak,"The role is materially outside target treasury, markets, transaction or investment execution.",2026-08-25T22:30:24Z
ba9bc27f495a6179,Weak,"The role is materially outside target treasury, markets, transaction or investment execution.",2026-08-25T22:30:24Z
7d5244b3ae132293,Weak,"The role is materially outside target treasury, markets, transaction or investment execution.",2026-08-25T22:30:24Z
26d87a74845e15a1,Moderate,"The role is finance-relevant, but its core is controlling, planning or business partnering rather than target execution.",2026-08-25T22:30:24Z
3f0d00188366c58d,Weak,"The role is primarily technology or systems work, outside target treasury, markets, transaction or investment execution.",2026-08-25T22:30:24Z
42be153050d469a1,Weak,"The role is materially outside target treasury, markets, transaction or investment execution.",2026-08-25T22:30:24Z
1530b52ec344830a,Weak,"The role is materially outside target treasury, markets, transaction or investment execution.",2026-08-25T22:30:24Z
2e1daf7972b157b0,Weak,"The role is materially outside target treasury, markets, transaction or investment execution.",2026-08-25T22:30:24Z
69e8d5b895e8c838,Moderate,"The role is finance-relevant, but its core is controlling, planning or business partnering rather than target execution.",2026-08-25T22:30:24Z
8f3d254a4ec3966f,Moderate,"The role is finance-relevant, but its core is controlling, planning or business partnering rather than target execution.",2026-08-25T22:30:24Z
17f9025c4a157171,Moderate,"The role is finance-relevant, but its core is controlling, planning or business partnering rather than target execution.",2026-08-25T22:30:24Z
6d15b55efcfec50d,Moderate,"The role appears finance-adjacent, but the available responsibilities do not establish target treasury, markets, transaction or investment execution as the core.",2026-08-25T22:30:24Z
d88adb22fce5a90d,Moderate,"The role is finance-relevant, but its core is controlling, planning or business partnering rather than target execution.",2026-08-25T22:30:24Z
607a1c2c7c7d72c4,Moderate,"The role is finance-relevant, but its core is controlling, planning or business partnering rather than target execution.",2026-08-25T22:30:24Z
1a9b8659eba37f18,Weak,"The role is primarily technology or systems work, outside target treasury, markets, transaction or investment execution.",2026-08-25T22:30:24Z
ccc15bb4227e1a21,Moderate,"The role appears finance-adjacent, but the available responsibilities do not establish target treasury, markets, transaction or investment execution as the core.",2026-08-25T22:30:24Z
1e90b563ae7a2987,Moderate,"The role is finance-relevant, but its core is controlling, planning or business partnering rather than target execution.",2026-08-25T22:30:24Z
697494e9b790c3a4,Moderate,"The role appears finance-adjacent, but the available responsibilities do not establish target treasury, markets, transaction or investment execution as the core.",2026-08-25T22:30:24Z
28a45ec416eb38b0,Moderate,"The role appears finance-adjacent, but the available responsibilities do not establish target treasury, markets, transaction or investment execution as the core.",2026-08-25T22:30:24Z
3c513082af4320a8,Moderate,"The role appears finance-adjacent, but the available responsibilities do not establish target treasury, markets, transaction or investment execution as the core.",2026-08-25T22:30:24Z
a67f70edcfba7ea1,Weak,"The role is materially outside target treasury, markets, transaction or investment execution.",2026-08-25T22:30:24Z
d55f8f8ca8a8b2e1,Weak,"The role is materially outside target treasury, markets, transaction or investment execution.",2026-08-25T22:30:24Z
844ac54e52af1f8b,Weak,"The role is materially outside target treasury, markets, transaction or investment execution.",2026-08-25T22:30:24Z
8312c280a83546c6,Weak,"The role is materially outside target treasury, markets, transaction or investment execution.",2026-08-25T22:30:24Z
4ae5311f4f86c597,Weak,"The role is materially outside target treasury, markets, transaction or investment execution.",2026-08-25T22:30:24Z
44595dbaca309eea,Weak,"The role is materially outside target treasury, markets, transaction or investment execution.",2026-08-25T22:30:24Z
b06a0e96c12d09fc,Weak,"The role is materially outside target treasury, markets, transaction or investment execution.",2026-08-25T22:30:24Z
b47641368c1ee17e,Weak,"The role is materially outside target treasury, markets, transaction or investment execution.",2026-08-25T22:30:24Z
ae4b71d830a10deb,Weak,"The role is materially outside target treasury, markets, transaction or investment execution.",2026-08-25T22:30:24Z
b7a88402465d88fc,Weak,"The role is materially outside target treasury, markets, transaction or investment execution.",2026-08-25T22:30:24Z
3e9519980453de53,Weak,"The role is materially outside target treasury, markets, transaction or investment execution.",2026-08-25T22:30:24Z
2364e7090156f5e3,Weak,"The role is materially outside target treasury, markets, transaction or investment execution.",2026-08-25T22:30:24Z
59b9ff3c3e099de8,Weak,"The role is materially outside target treasury, markets, transaction or investment execution.",2026-08-25T22:30:24Z
340f0cd0a7767526,Weak,"The role is materially outside target treasury, markets, transaction or investment execution.",2026-08-25T22:30:24Z
f5af471dee96f3bb,Weak,"The role is materially outside target treasury, markets, transaction or investment execution.",2026-08-25T22:30:24Z
40de3c84d55dff42,Weak,"The role is materially outside target treasury, markets, transaction or investment execution.",2026-08-25T22:30:24Z
6bb18842afb1c682,Weak,"The role is materially outside target treasury, markets, transaction or investment execution.",2026-08-25T22:30:24Z
2f7662601e93e8af,Weak,"The role is materially outside target treasury, markets, transaction or investment execution.",2026-08-25T22:30:24Z
e2bec1304d38f41d,Weak,"The role is materially outside target treasury, markets, transaction or investment execution.",2026-08-25T22:30:24Z
bd3d1ab75f32bbe6,Weak,"The role is materially outside target treasury, markets, transaction or investment execution.",2026-08-25T22:30:24Z
073fc3bd96e0f1f9,Weak,"The role is materially outside target treasury, markets, transaction or investment execution.",2026-08-25T22:30:24Z
b25ae617078fe571,Weak,"The role is materially outside target treasury, markets, transaction or investment execution.",2026-08-25T22:30:24Z
23c7e9dd59f141c6,Weak,"The role is materially outside target treasury, markets, transaction or investment execution.",2026-08-25T22:30:24Z
151cc065522697c6,Weak,"The role is materially outside target treasury, markets, transaction or investment execution.",2026-08-25T22:30:24Z
7f21dba841bb7220,Weak,"The role is materially outside target treasury, markets, transaction or investment execution.",2026-08-25T22:30:24Z
d83190d6ac2ec246,Weak,"The role is materially outside target treasury, markets, transaction or investment execution.",2026-08-25T22:30:24Z
22043f486ef88232,Weak,"The role is materially outside target treasury, markets, transaction or investment execution.",2026-08-25T22:30:24Z
9b6bafecb5409e8d,Weak,"The role is materially outside target treasury, markets, transaction or investment execution.",2026-08-25T22:30:24Z
f6951cae28319033,Weak,"The role is materially outside target treasury, markets, transaction or investment execution.",2026-08-25T22:30:24Z
39097111fbd8ae24,Weak,"The role is materially outside target treasury, markets, transaction or investment execution.",2026-08-25T22:30:24Z
a21c7ddd28692372,Weak,"The role is materially outside target treasury, markets, transaction or investment execution.",2026-08-25T22:30:24Z
68d090ae481007fb,Weak,"The role is primarily operations or project-management work, outside target treasury, markets, transaction or investment execution.",2026-08-25T22:30:24Z
aa8b896daad8a411,Weak,"The role is materially outside target treasury, markets, transaction or investment execution.",2026-08-25T22:30:24Z
e68a86ce60c692f0,Weak,"The role is primarily technology or systems work, outside target treasury, markets, transaction or investment execution.",2026-08-25T22:30:24Z
c414ca21570505af,Weak,"The role is materially outside target treasury, markets, transaction or investment execution.",2026-08-25T22:30:24Z
e10da4a6889b81a9,Weak,"The role is materially outside target treasury, markets, transaction or investment execution.",2026-08-25T22:30:24Z
56c44bccea0137e9,Weak,"The role is materially outside target treasury, markets, transaction or investment execution.",2026-08-25T22:30:24Z
2c4f9da7ff17f714,Weak,"The role is materially outside target treasury, markets, transaction or investment execution.",2026-08-25T22:30:24Z
4972e6d5ddddd0fb,Weak,"The role is materially outside target treasury, markets, transaction or investment execution.",2026-08-25T22:30:24Z
050d221b0c4376a1,Moderate,"The role is finance-relevant, but its core is controlling, planning or business partnering rather than target execution.",2026-08-25T22:30:24Z
84e342828759a8dd,Weak,"The role is materially outside target treasury, markets, transaction or investment execution.",2026-08-25T22:30:24Z
b898bd629da01b26,Weak,"The role is primarily compliance or control work, outside target treasury, markets, transaction or investment execution.",2026-08-25T22:30:24Z
985d843295af345f,Weak,"The role is primarily actuarial work, outside target treasury, markets, transaction or investment execution.",2026-08-25T22:30:24Z
bb8e12fb678570eb,Moderate,"The role is finance-relevant, but its core is controlling, planning or business partnering rather than target execution.",2026-08-25T22:30:24Z
b1821751877ddc1f,Weak,"The role is materially outside target treasury, markets, transaction or investment execution.",2026-08-25T22:30:24Z
f863723656623871,Weak,"The role is materially outside target treasury, markets, transaction or investment execution.",2026-08-25T22:30:24Z
67a0e7ffa50db5ab,Moderate,"The role is finance-relevant, but its core is controlling, planning or business partnering rather than target execution.",2026-08-25T22:30:24Z
e60d209f0e525b7a,Weak,"The role is primarily compliance or control work, outside target treasury, markets, transaction or investment execution.",2026-08-25T22:30:24Z
21bce81fe4848c44,Moderate,"The role appears finance-adjacent, but the available responsibilities do not establish target treasury, markets, transaction or investment execution as the core.",2026-08-25T22:30:24Z
6c8d38bce692ccc5,Moderate,"The role is finance-relevant, but its core is planning, control, credit, operations or product-specific analysis rather than target execution.",2026-08-25T22:30:24Z
ad0d08994f3f1226,Weak,"The role is materially outside target treasury, markets, transaction or investment execution.",2026-08-25T22:30:24Z
aef83d71303c182b,Weak,"The role is primarily compliance or control work, outside target treasury, markets, transaction or investment execution.",2026-08-25T22:30:24Z
3076d1764e2e8f0a,Moderate,"The role is finance-relevant, but its core is planning, control, credit, operations or product-specific analysis rather than target execution.",2026-08-25T22:30:24Z
62925cce400d2964,Weak,"The role is materially outside target treasury, markets, transaction or investment execution.",2026-08-25T22:30:24Z
34965031be582889,Weak,"The role is materially outside target treasury, markets, transaction or investment execution.",2026-08-25T22:30:24Z
955d0e7077689311,Weak,"The role is materially outside target treasury, markets, transaction or investment execution.",2026-08-25T22:30:24Z
53fa1abfd81d4153,Weak,"The role is primarily sales, client or people work, outside target treasury, markets, transaction or investment execution.",2026-08-25T22:30:24Z
786852c0ea53b51a,Moderate,"The role appears finance-adjacent, but the available responsibilities do not establish target treasury, markets, transaction or investment execution as the core.",2026-08-25T22:30:24Z
838596793d7de89e,Moderate,"The role is finance-adjacent but its core is systems, process or support work rather than practical treasury or market execution.",2026-08-25T22:30:24Z
08df1b79587a6c69,Weak,"The role is primarily compliance or control work, outside target treasury, markets, transaction or investment execution.",2026-08-25T22:30:24Z
ee6cc5d4e2ace735,Weak,"The role is primarily compliance or control work, outside target treasury, markets, transaction or investment execution.",2026-08-25T22:30:24Z
467c9f5b06c84f4b,Moderate,"The role is finance-relevant, but its core is controlling, planning or business partnering rather than target execution.",2026-08-25T22:30:24Z
fd06a6310da6069d,Moderate,"The role appears finance-adjacent, but the available responsibilities do not establish target treasury, markets, transaction or investment execution as the core.",2026-08-25T22:30:24Z
51967e152b3a99d3,Moderate,"INSUFFICIENT_DESCRIPTION: The role is finance-relevant, but its core is controlling, planning or business partnering rather than target execution.",2026-08-25T22:30:24Z
a4d1816b9f7ded0c,Weak,"The role is primarily procurement or operational work, outside target treasury, markets, transaction or investment execution.",2026-08-25T22:30:24Z
71632f849d0cc5f9,Moderate,"The role appears finance-adjacent, but the available responsibilities do not establish target treasury, markets, transaction or investment execution as the core.",2026-08-25T22:30:24Z
04fa3f95b9781601,Moderate,"The role is finance-relevant, but its core is planning, control, credit, operations or product-specific analysis rather than target execution.",2026-08-25T22:30:24Z
cc6feb36c4cfca9d,Moderate,"The role appears finance-adjacent, but the available responsibilities do not establish target treasury, markets, transaction or investment execution as the core.",2026-08-25T22:30:24Z
a62d6e18540ccddd,Moderate,"The role appears finance-adjacent, but the available responsibilities do not establish target treasury, markets, transaction or investment execution as the core.",2026-08-25T22:30:24Z
9f5c1a4eeed41331,Weak,"The role is materially outside target treasury, markets, transaction or investment execution.",2026-08-25T22:30:24Z
1063a7e4394e8bfe,Weak,"The role is materially outside target treasury, markets, transaction or investment execution.",2026-08-25T22:30:24Z
5a2cbebacb6dea3c,Weak,"The role is materially outside target treasury, markets, transaction or investment execution.",2026-08-25T22:30:24Z
44c902c3c03ddb6b,Weak,"The role is materially outside target treasury, markets, transaction or investment execution.",2026-08-25T22:30:24Z
dcba695ce18a4ea9,Weak,"The role is materially outside target treasury, markets, transaction or investment execution.",2026-08-25T22:30:24Z
01b365b2462c1c25,Weak,"The role is materially outside target treasury, markets, transaction or investment execution.",2026-08-25T22:30:24Z
bcf4b58b1c94a893,Weak,"The role is materially outside target treasury, markets, transaction or investment execution.",2026-08-25T22:30:24Z
32bc13864aeba002,Weak,"The role is primarily operations or project-management work, outside target treasury, markets, transaction or investment execution.",2026-08-25T22:30:24Z
a9fe3baab8b37c7e,Weak,"The role is materially outside target treasury, markets, transaction or investment execution.",2026-08-25T22:30:24Z
9e1c5c3507d305a2,Weak,"The role is primarily technology or systems work, outside target treasury, markets, transaction or investment execution.",2026-08-25T22:30:24Z
5c08972537e742ad,Weak,"The role is primarily compliance or control work, outside target treasury, markets, transaction or investment execution.",2026-08-25T22:30:24Z
6d3c1b280e55d43d,Weak,"The role is primarily technology or systems work, outside target treasury, markets, transaction or investment execution.",2026-08-25T22:30:24Z
cfc74cd0891c04c7,Weak,"The role is primarily operations or project-management work, outside target treasury, markets, transaction or investment execution.",2026-08-25T22:30:24Z
924a070bc7becf01,Weak,"The role is primarily technology or systems work, outside target treasury, markets, transaction or investment execution.",2026-08-25T22:30:24Z
21843e6c648787fd,Moderate,"The role appears finance-adjacent, but the available responsibilities do not establish target treasury, markets, transaction or investment execution as the core.",2026-08-25T22:30:24Z
0b60233143329ba6,Weak,"The role is materially outside target treasury, markets, transaction or investment execution.",2026-08-25T22:30:24Z
aadfa851da9357c5,Weak,"The role is materially outside target treasury, markets, transaction or investment execution.",2026-08-25T22:30:24Z
a15828d5e5e593ae,Moderate,"The role is finance-relevant, but its core is controlling, planning or business partnering rather than target execution.",2026-08-25T22:30:24Z
d0be4f16d22ddd0b,Weak,"The role is primarily technology or systems work, outside target treasury, markets, transaction or investment execution.",2026-08-25T22:30:24Z
023e8f24d4fec5ce,Weak,"The role is materially outside target treasury, markets, transaction or investment execution.",2026-08-25T22:30:24Z
4970db365c3e6be6,Strong,"The role applies market, liquidity or financial-risk analysis to positions, hedging, scenarios or treasury decisions.",2026-08-25T22:30:24Z
8e03915d7fc0c7c8,Moderate,"The role appears finance-adjacent, but the available responsibilities do not establish target treasury, markets, transaction or investment execution as the core.",2026-08-25T22:30:24Z
8945e690a2218739,Weak,"The role is materially outside target treasury, markets, transaction or investment execution.",2026-08-25T22:30:24Z
1452d1524d347a65,Moderate,"The role appears finance-adjacent, but the available responsibilities do not establish target treasury, markets, transaction or investment execution as the core.",2026-08-25T22:30:24Z
b58929f3b73497c4,Moderate,"The role appears finance-adjacent, but the available responsibilities do not establish target treasury, markets, transaction or investment execution as the core.",2026-08-25T22:30:24Z
d1fa1f47d4f8e759,Moderate,"The role is finance-relevant, but its core is controlling, planning or business partnering rather than target execution.",2026-08-25T22:30:24Z
0b74116fc7f1413e,Moderate,"The role appears finance-adjacent, but the available responsibilities do not establish target treasury, markets, transaction or investment execution as the core.",2026-08-25T22:30:24Z
f53d71e938a94708,Moderate,"INSUFFICIENT_DESCRIPTION: The role appears finance-adjacent, but the available responsibilities do not establish target treasury, markets, transaction or investment execution as the core.",2026-08-25T22:30:24Z
a67d734a5c45c30a,Moderate,"The role is finance-relevant, but its core is controlling, planning or business partnering rather than target execution.",2026-08-25T22:30:24Z
58437928a3a3c235,Moderate,"The role appears finance-adjacent, but the available responsibilities do not establish target treasury, markets, transaction or investment execution as the core.",2026-08-25T22:30:24Z
aca6aa1b70da822d,Moderate,"The role appears finance-adjacent, but the available responsibilities do not establish target treasury, markets, transaction or investment execution as the core.",2026-08-25T22:30:24Z
8c0c37d53f3e8a34,Weak,"The role is primarily technology or systems work, outside target treasury, markets, transaction or investment execution.",2026-08-25T22:30:24Z
a4c0edc8d5b6bd46,Moderate,"The role is finance-relevant, but its core is controlling, planning or business partnering rather than target execution.",2026-08-25T22:30:24Z
20e38c2b25d66a80,Moderate,"The role is finance-relevant, but its core is controlling, planning or business partnering rather than target execution.",2026-08-25T22:30:24Z
d32b6ea4054081cb,Weak,"The role is primarily compliance or control work, outside target treasury, markets, transaction or investment execution.",2026-08-25T22:30:24Z
55204884ce6b7cda,Weak,"The role is materially outside target treasury, markets, transaction or investment execution.",2026-08-25T22:30:24Z
42a1301b833f2df8,Weak,"The role is materially outside target treasury, markets, transaction or investment execution.",2026-08-25T22:30:24Z
c74410411c658b2a,Weak,"The role is materially outside target treasury, markets, transaction or investment execution.",2026-08-25T22:30:24Z
55a7af5b30d1114d,Weak,"The role is materially outside target treasury, markets, transaction or investment execution.",2026-08-25T22:30:24Z
601d18cf515c3024,Weak,"The role is materially outside target treasury, markets, transaction or investment execution.",2026-08-25T22:30:24Z
d9bb8b95e36827fb,Weak,"The role is primarily technology or systems work, outside target treasury, markets, transaction or investment execution.",2026-08-25T22:30:24Z
154366e679046fca,Weak,"The role is materially outside target treasury, markets, transaction or investment execution.",2026-08-25T22:30:24Z
0fd43e144fde2ecf,Weak,"The role is materially outside target treasury, markets, transaction or investment execution.",2026-08-25T22:30:24Z
247f62b10c54b3e0,Weak,"The role is primarily technology or systems work, outside target treasury, markets, transaction or investment execution.",2026-08-25T22:30:24Z
ccfea3f9f275a5e5,Weak,"The role is materially outside target treasury, markets, transaction or investment execution.",2026-08-25T22:30:24Z
4301fce51f86b895,Weak,"The role is materially outside target treasury, markets, transaction or investment execution.",2026-08-25T22:30:24Z
98ead8c6b7a4fa25,Weak,"The role is materially outside target treasury, markets, transaction or investment execution.",2026-08-25T22:30:24Z
249095331bcbe092,Moderate,"INSUFFICIENT_DESCRIPTION: The role appears finance-adjacent, but the available responsibilities do not establish target treasury, markets, transaction or investment execution as the core.",2026-08-25T22:30:24Z
85f4e40ac4a6eae9,Weak,"The role is primarily technology or systems work, outside target treasury, markets, transaction or investment execution.",2026-08-25T22:30:24Z
6eaf64c62308f6b5,Weak,"The role is primarily tax work, outside target treasury, markets, transaction or investment execution.",2026-08-25T22:30:24Z
5b5a1d8027e1ff99,Strong,"The role is centered on transaction execution, financial due diligence, valuation/modeling, structuring or deal financing.",2026-08-25T22:30:24Z
62d2148194eb36a3,Strong,"The role is centered on transaction execution, financial due diligence, valuation/modeling, structuring or deal financing.",2026-08-25T22:30:24Z
da45ff9288f9bd13,Moderate,"INSUFFICIENT_DESCRIPTION: The role appears finance-adjacent, but the available responsibilities do not establish target treasury, markets, transaction or investment execution as the core.",2026-08-25T22:30:24Z
ba2e756e690fc087,Moderate,"INSUFFICIENT_DESCRIPTION: The role appears finance-adjacent, but the available responsibilities do not establish target treasury, markets, transaction or investment execution as the core.",2026-08-25T22:30:24Z
7b9649ebe73755e4,Moderate,"INSUFFICIENT_DESCRIPTION: The role appears finance-adjacent, but the available responsibilities do not establish target treasury, markets, transaction or investment execution as the core.",2026-08-25T22:30:24Z
a3b1155899651417,Moderate,"The role appears finance-adjacent, but the available responsibilities do not establish target treasury, markets, transaction or investment execution as the core.",2026-08-25T22:30:24Z
5d0583967451e02b,Moderate,"The role appears finance-adjacent, but the available responsibilities do not establish target treasury, markets, transaction or investment execution as the core.",2026-08-25T22:30:24Z
2501233df3a6882b,Weak,"The role is primarily technology or systems work, outside target treasury, markets, transaction or investment execution.",2026-08-25T22:30:24Z
028f21f1dea31e24,Moderate,"The role appears finance-adjacent, but the available responsibilities do not establish target treasury, markets, transaction or investment execution as the core.",2026-08-25T22:30:24Z
a156fee9f58ed434,Weak,"The role is materially outside target treasury, markets, transaction or investment execution.",2026-08-25T22:30:24Z
160d949e95648109,Weak,"The role is primarily technology or systems work, outside target treasury, markets, transaction or investment execution.",2026-08-25T22:30:24Z
4b30841f38775ad9,Weak,"The role is primarily technology or systems work, outside target treasury, markets, transaction or investment execution.",2026-08-25T22:30:24Z
1273387df9b7caf8,Moderate,"The role is finance-relevant, but its core is controlling, planning or business partnering rather than target execution.",2026-08-25T22:30:24Z
ee60cdf0b4c0241b,Moderate,"The role appears finance-adjacent, but the available responsibilities do not establish target treasury, markets, transaction or investment execution as the core.",2026-08-25T22:30:24Z
aa89039ce8a7f73a,Moderate,"The role is finance-relevant, but its core is controlling, planning or business partnering rather than target execution.",2026-08-25T22:30:24Z
af3d4df737a7198a,Moderate,"The role appears finance-adjacent, but the available responsibilities do not establish target treasury, markets, transaction or investment execution as the core.",2026-08-25T22:30:24Z
07614743c517bfa3,Weak,"The role is primarily audit and assurance work, outside target treasury, markets, transaction or investment execution.",2026-08-25T22:30:24Z
7a95e6383fab51a1,Weak,"The role is primarily technology or systems work, outside target treasury, markets, transaction or investment execution.",2026-08-25T22:30:24Z
44ffd290fc787dcc,Moderate,"The role appears finance-adjacent, but the available responsibilities do not establish target treasury, markets, transaction or investment execution as the core.",2026-08-25T22:30:24Z
fe58ad92434d875e,Weak,"The role is materially outside target treasury, markets, transaction or investment execution.",2026-08-25T22:30:24Z
ead879bdd83f6f74,Weak,"The role is primarily legal work, outside target treasury, markets, transaction or investment execution.",2026-08-25T22:30:24Z
a811e8c5b097f1d2,Weak,"The role is primarily procurement or operational work, outside target treasury, markets, transaction or investment execution.",2026-08-25T22:30:24Z
c674aacb7afae135,Weak,"The role is primarily technology or systems work, outside target treasury, markets, transaction or investment execution.",2026-08-25T22:30:24Z
cd4fa60bd00eff8e,Weak,"The role is materially outside target treasury, markets, transaction or investment execution.",2026-08-25T22:30:24Z
a0fc07c180a4cc2d,Weak,"The role is materially outside target treasury, markets, transaction or investment execution.",2026-08-25T22:30:24Z
aacb12f5d3d98785,Weak,"The role is primarily legal work, outside target treasury, markets, transaction or investment execution.",2026-08-25T22:30:24Z
a1f3c6330475e135,Weak,"The role is primarily legal work, outside target treasury, markets, transaction or investment execution.",2026-08-25T22:30:24Z
0bd9009d8faef7a4,Moderate,"INSUFFICIENT_DESCRIPTION: The role appears finance-adjacent, but the available responsibilities do not establish target treasury, markets, transaction or investment execution as the core.",2026-08-25T22:30:24Z
8fcb659951863d78,Weak,"The role is primarily origination, sales or relationship work rather than analytical transaction, treasury or investment execution.",2026-08-25T22:30:24Z
870a59358811238b,Weak,"The role is primarily technology or systems work, outside target treasury, markets, transaction or investment execution.",2026-08-25T22:30:24Z
af88210b0942e262,Weak,"The role is primarily technology or systems work, outside target treasury, markets, transaction or investment execution.",2026-08-25T22:30:24Z
04c0ebe1a87f304e,Moderate,"The role appears finance-adjacent, but the available responsibilities do not establish target treasury, markets, transaction or investment execution as the core.",2026-08-25T22:30:24Z
f7d637d13b1baf47,Weak,"The role is primarily origination, sales or relationship work rather than analytical transaction, treasury or investment execution.",2026-08-25T22:30:24Z
6b6128429957ba24,Weak,"The role is primarily origination, sales or relationship work rather than analytical transaction, treasury or investment execution.",2026-08-25T22:30:24Z
e74f5144af212b54,Weak,"The role is materially outside target treasury, markets, transaction or investment execution.",2026-08-25T22:30:24Z
726edd5c6105d4b5,Weak,"The role is materially outside target treasury, markets, transaction or investment execution.",2026-08-25T22:30:24Z
ee1b306c7a5900e3,Moderate,"INSUFFICIENT_DESCRIPTION: The role appears finance-adjacent, but the available responsibilities do not establish target treasury, markets, transaction or investment execution as the core.",2026-08-25T22:30:24Z
532b1c86b4b38532,Moderate,"The role appears finance-adjacent, but the available responsibilities do not establish target treasury, markets, transaction or investment execution as the core.",2026-08-25T22:30:24Z
ba6bc4753054ce4c,Moderate,"INSUFFICIENT_DESCRIPTION: The role appears finance-adjacent, but the available responsibilities do not establish target treasury, markets, transaction or investment execution as the core.",2026-08-25T22:30:24Z
2a5a14c6ccd9700e,Moderate,"INSUFFICIENT_DESCRIPTION: The title suggests transactions work, but the supplied vacancy content is insufficient to confirm the day-to-day responsibilities.",2026-08-25T22:30:24Z
fd4079a848f408cb,Moderate,"INSUFFICIENT_DESCRIPTION: The title suggests transactions work, but the supplied vacancy content is insufficient to confirm the day-to-day responsibilities.",2026-08-25T22:30:24Z
d8c40b354d238273,Weak,"The role is materially outside target treasury, markets, transaction or investment execution.",2026-08-25T22:30:24Z
7b71341fa5af7605,Strong,"The role is centered on transaction execution, financial due diligence, valuation/modeling, structuring or deal financing.",2026-08-25T22:30:24Z
6a3bb439ae527fed,Moderate,"The role appears finance-adjacent, but the available responsibilities do not establish target treasury, markets, transaction or investment execution as the core.",2026-08-25T22:30:24Z
05c66c8dab21e4fe,Weak,"The role is primarily accounting or reporting work, outside target treasury, markets, transaction or investment execution.",2026-08-25T22:30:24Z
d5ff425dfc0c4790,Moderate,"The role appears finance-adjacent, but the available responsibilities do not establish target treasury, markets, transaction or investment execution as the core.",2026-08-25T22:30:24Z
ab832e506c432c6e,Weak,"The role is primarily tax work, outside target treasury, markets, transaction or investment execution.",2026-08-25T22:30:24Z
1e32e19c4c8219bb,Weak,"The role is materially outside target treasury, markets, transaction or investment execution.",2026-08-25T22:30:24Z
77a99745c312a870,Weak,"The role is materially outside target treasury, markets, transaction or investment execution.",2026-08-25T22:30:24Z
4c4eac890234a0a1,Weak,"The role is primarily procurement or operational work, outside target treasury, markets, transaction or investment execution.",2026-08-25T22:30:24Z
13ac7498ec63f0fc,Weak,"The role is materially outside target treasury, markets, transaction or investment execution.",2026-08-25T22:30:24Z
ca4a388924aa45a2,Strong,"The role is centered on transaction execution, financial due diligence, valuation/modeling, structuring or deal financing.",2026-08-25T22:30:24Z
7ba0c20b2ea540ec,Weak,"The role is primarily legal work, outside target treasury, markets, transaction or investment execution.",2026-08-25T22:30:24Z
8c4675eff1c8bc7d,Weak,"The role is primarily technology or systems work, outside target treasury, markets, transaction or investment execution.",2026-08-25T22:30:24Z
e52a1f04275b0556,Weak,"The role is materially outside target treasury, markets, transaction or investment execution.",2026-08-25T22:30:24Z
72b20acaef29f4c1,Strong,"The role is centered on transaction execution, financial due diligence, valuation/modeling, structuring or deal financing.",2026-08-25T22:30:24Z
51bac9c55d557b05,Weak,"The role is primarily actuarial work, outside target treasury, markets, transaction or investment execution.",2026-08-25T22:30:24Z
39c9854bb9d8d696,Weak,"The role is materially outside target treasury, markets, transaction or investment execution.",2026-08-25T22:30:24Z
462fa7a1a2a879f8,Weak,"The role is materially outside target treasury, markets, transaction or investment execution.",2026-08-25T22:30:24Z
72a68b6f438ce173,Weak,"The role is materially outside target treasury, markets, transaction or investment execution.",2026-08-25T22:30:24Z
905d8d564fac7f53,Strong,"Core responsibilities cover practical corporate treasury execution across liquidity, funding, FX/rates, hedging or financial risk.",2026-08-25T22:30:24Z
0a17972613cdc40d,Weak,"The role is primarily technology or systems work, outside target treasury, markets, transaction or investment execution.",2026-08-25T22:30:24Z
9d966d1db9be2b79,Weak,"The role is primarily technology or systems work, outside target treasury, markets, transaction or investment execution.",2026-08-25T22:30:24Z
262b78c1067ea6fd,Weak,"The role is materially outside target treasury, markets, transaction or investment execution.",2026-08-25T22:30:24Z
d4b6bb08ea274a99,Weak,"The role is materially outside target treasury, markets, transaction or investment execution.",2026-08-25T22:30:24Z
fe265d2add539482,Weak,"The role is materially outside target treasury, markets, transaction or investment execution.",2026-08-25T22:30:24Z
640eac4fa251ffbe,Weak,"The role is materially outside target treasury, markets, transaction or investment execution.",2026-08-25T22:30:24Z
6480d48a9a2113c4,Weak,"The role is primarily technology or systems work, outside target treasury, markets, transaction or investment execution.",2026-08-25T22:30:24Z
df66dbd315d167b3,Moderate,"The role appears finance-adjacent, but the available responsibilities do not establish target treasury, markets, transaction or investment execution as the core.",2026-08-25T22:30:24Z
9d93247ff73786c2,Weak,"The role is primarily sales, client or people work, outside target treasury, markets, transaction or investment execution.",2026-08-25T22:30:24Z
4e4a1c24e6401786,Weak,"The role is primarily legal work, outside target treasury, markets, transaction or investment execution.",2026-08-25T22:30:24Z
fd5e2e30d71ddf9e,Moderate,"The role appears finance-adjacent, but the available responsibilities do not establish target treasury, markets, transaction or investment execution as the core.",2026-08-25T22:30:24Z
c053a08a179d25f1,Moderate,"The role appears finance-adjacent, but the available responsibilities do not establish target treasury, markets, transaction or investment execution as the core.",2026-08-25T22:30:24Z
49fa580dfc20af5c,Moderate,"The role appears finance-adjacent, but the available responsibilities do not establish target treasury, markets, transaction or investment execution as the core.",2026-08-25T22:30:24Z
cfed6fe1d544d940,Moderate,"INSUFFICIENT_DESCRIPTION: The title suggests transactions work, but the supplied vacancy content is insufficient to confirm the day-to-day responsibilities.",2026-08-25T22:30:24Z
f63d9c0419c64292,Strong,"The role is centered on transaction execution, financial due diligence, valuation/modeling, structuring or deal financing.",2026-08-25T22:30:24Z
cb14e2457ebb2655,Moderate,"The role appears finance-adjacent, but the available responsibilities do not establish target treasury, markets, transaction or investment execution as the core.",2026-08-25T22:30:24Z
8ffae4b4edb25bc1,Strong,"The work applies valuation and financial modeling directly to transactions, investments or financing decisions.",2026-08-25T22:30:24Z
5a0b8253904e63e5,Weak,"The role is primarily tax work, outside target treasury, markets, transaction or investment execution.",2026-08-25T22:30:24Z
b5ea367f28d3e620,Weak,"The role is primarily audit and assurance work, outside target treasury, markets, transaction or investment execution.",2026-08-25T22:30:24Z
ad28330eac402480,Weak,"The role is materially outside target treasury, markets, transaction or investment execution.",2026-08-25T22:30:24Z
1e1417db17582571,Moderate,"The role is finance-relevant, but its core is planning, control, credit, operations or product-specific analysis rather than target execution.",2026-08-25T22:30:24Z
add1690c3b551874,Strong,"The role is centered on transaction execution, financial due diligence, valuation/modeling, structuring or deal financing.",2026-08-25T22:30:24Z
262adef6df7ccf02,Moderate,"The role appears finance-adjacent, but the available responsibilities do not establish target treasury, markets, transaction or investment execution as the core.",2026-08-25T22:30:24Z
c59e4c6c30d21fc0,Strong,"The role is centered on transaction execution, financial due diligence, valuation/modeling, structuring or deal financing.",2026-08-25T22:30:24Z
5e2040eb825a9778,Weak,"The role is primarily technology or systems work, outside target treasury, markets, transaction or investment execution.",2026-08-25T22:30:24Z
f03df037d99dc549,Moderate,"INSUFFICIENT_DESCRIPTION: The role appears finance-adjacent, but the available responsibilities do not establish target treasury, markets, transaction or investment execution as the core.",2026-08-25T22:30:24Z
8e293bf573d6ce98,Weak,"The role is materially outside target treasury, markets, transaction or investment execution.",2026-08-25T22:30:24Z
31175b55719808c7,Weak,"The role is materially outside target treasury, markets, transaction or investment execution.",2026-08-25T22:30:24Z
bb81d6d161677b44,Weak,"The role is materially outside target treasury, markets, transaction or investment execution.",2026-08-25T22:30:24Z
02ccc4c2449f31fc,Weak,"The role is materially outside target treasury, markets, transaction or investment execution.",2026-08-25T22:30:24Z
3edc5d4f3baaac20,Weak,"The role is materially outside target treasury, markets, transaction or investment execution.",2026-08-25T22:30:24Z
09d81769e2f6daa8,Weak,"The role is materially outside target treasury, markets, transaction or investment execution.",2026-08-25T22:30:24Z
3c91365f3677a2f9,Weak,"The role is materially outside target treasury, markets, transaction or investment execution.",2026-08-25T22:30:24Z
d8dcdc47a36cee7d,Weak,"The role is materially outside target treasury, markets, transaction or investment execution.",2026-08-25T22:30:24Z
18ec153485d87001,Weak,"The role is materially outside target treasury, markets, transaction or investment execution.",2026-08-25T22:30:24Z
1ca4c071dd6dda24,Weak,"The role is materially outside target treasury, markets, transaction or investment execution.",2026-08-25T22:30:24Z
a55460577a2665c9,Weak,"The role is materially outside target treasury, markets, transaction or investment execution.",2026-08-25T22:30:24Z
9119b7eeb4811616,Weak,"The role is materially outside target treasury, markets, transaction or investment execution.",2026-08-25T22:30:24Z
cca792f18aead516,Weak,"The role is materially outside target treasury, markets, transaction or investment execution.",2026-08-25T22:30:24Z
a1c217b5ca45765f,Moderate,"INSUFFICIENT_DESCRIPTION: The role appears finance-adjacent, but the available responsibilities do not establish target treasury, markets, transaction or investment execution as the core.",2026-08-25T22:30:24Z
6ea83ba47cd1f7d5,Moderate,"INSUFFICIENT_DESCRIPTION: The role appears finance-adjacent, but the available responsibilities do not establish target treasury, markets, transaction or investment execution as the core.",2026-08-25T22:30:24Z
4bbea3b8fb10d43a,Weak,"The role is materially outside target treasury, markets, transaction or investment execution.",2026-08-25T22:30:24Z
dca2b557540214c2,Weak,"The role is materially outside target treasury, markets, transaction or investment execution.",2026-08-25T22:30:24Z
6c1de85b3d5a716c,Weak,"The role is materially outside target treasury, markets, transaction or investment execution.",2026-08-25T22:30:24Z
3a1d70510e2893cd,Weak,"The role is materially outside target treasury, markets, transaction or investment execution.",2026-08-25T22:30:24Z
e79266c0624f76b5,Weak,"The role is primarily technology or systems work, outside target treasury, markets, transaction or investment execution.",2026-08-25T22:30:24Z
f3aae7de36b4216a,Weak,"The role is materially outside target treasury, markets, transaction or investment execution.",2026-08-25T22:30:24Z
7782bf823a954799,Moderate,"INSUFFICIENT_DESCRIPTION: The role appears finance-adjacent, but the available responsibilities do not establish target treasury, markets, transaction or investment execution as the core.",2026-08-25T22:30:24Z
a65d493fbbd59739,Moderate,"INSUFFICIENT_DESCRIPTION: The role appears finance-adjacent, but the available responsibilities do not establish target treasury, markets, transaction or investment execution as the core.",2026-08-25T22:30:24Z
2504680d61785442,Weak,"The role is materially outside target treasury, markets, transaction or investment execution.",2026-08-25T22:30:24Z
2499d26f2a9729f0,Weak,"The role is primarily technology or systems work, outside target treasury, markets, transaction or investment execution.",2026-08-25T22:30:24Z
66dff2493d017d89,Moderate,"The role appears finance-adjacent, but the available responsibilities do not establish target treasury, markets, transaction or investment execution as the core.",2026-08-25T22:30:24Z
48196c463909dda2,Moderate,"INSUFFICIENT_DESCRIPTION: The role appears finance-adjacent, but the available responsibilities do not establish target treasury, markets, transaction or investment execution as the core.",2026-08-25T22:30:24Z
4eed2050e8f68d67,Weak,"The role is materially outside target treasury, markets, transaction or investment execution.",2026-08-25T22:30:24Z
1c81533f82d30dcf,Weak,"The role is materially outside target treasury, markets, transaction or investment execution.",2026-08-25T22:30:24Z
51f38a24adeb7e4b,Weak,"The role is primarily actuarial work, outside target treasury, markets, transaction or investment execution.",2026-08-25T22:30:24Z
a4bb5c4bdde5db68,Moderate,"The role appears finance-adjacent, but the available responsibilities do not establish target treasury, markets, transaction or investment execution as the core.",2026-08-25T22:30:24Z
1e21d7ea5fba5fdf,Weak,"The role is primarily tax work, outside target treasury, markets, transaction or investment execution.",2026-08-25T22:30:24Z
1e272820bb8525be,Strong,"The role is centered on transaction execution, financial due diligence, valuation/modeling, structuring or deal financing.",2026-08-25T22:30:24Z
c8623c476aa461f3,Strong,"The role centers on investment analysis, underwriting, portfolio construction or direct investment decisions.",2026-08-25T22:30:24Z
7dac456a7f09f009,Weak,"The role is primarily technology or systems work, outside target treasury, markets, transaction or investment execution.",2026-08-25T22:30:24Z
8164194faece9b01,Strong,"The role is centered on transaction execution, financial due diligence, valuation/modeling, structuring or deal financing.",2026-08-25T22:30:24Z
e540304b9ac9c103,Moderate,"The role appears finance-adjacent, but the available responsibilities do not establish target treasury, markets, transaction or investment execution as the core.",2026-08-25T22:30:24Z
0c0fa0268d49406d,Strong,"The role is centered on transaction execution, financial due diligence, valuation/modeling, structuring or deal financing.",2026-08-25T22:30:24Z
3fcd0a017e881726,Weak,"The role is materially outside target treasury, markets, transaction or investment execution.",2026-08-25T22:30:24Z
81c97a375437d482,Weak,"The role is materially outside target treasury, markets, transaction or investment execution.",2026-08-25T22:30:24Z
7768004cc6e7cdc9,Weak,"The role is materially outside target treasury, markets, transaction or investment execution.",2026-08-25T22:30:24Z
ae3589b7efe9dbe1,Weak,"The role is primarily technology or systems work, outside target treasury, markets, transaction or investment execution.",2026-08-25T22:30:24Z
a756743dad3b4929,Weak,"The role is materially outside target treasury, markets, transaction or investment execution.",2026-08-25T22:30:24Z
5f7c64e87e116b94,Weak,"The role is materially outside target treasury, markets, transaction or investment execution.",2026-08-25T22:30:24Z
c78d2c13947666df,Moderate,"INSUFFICIENT_DESCRIPTION: The title suggests restructuring work, but the supplied vacancy content is insufficient to confirm the day-to-day responsibilities.",2026-08-25T22:30:24Z
fda781f30deacfdc,Weak,"The role is primarily tax work, outside target treasury, markets, transaction or investment execution.",2026-08-25T22:30:24Z
2511245493dc5ee3,Weak,"The role is primarily technology or systems work, outside target treasury, markets, transaction or investment execution.",2026-08-25T22:30:24Z
0f882dc80d435edd,Weak,"The role is primarily legal work, outside target treasury, markets, transaction or investment execution.",2026-08-25T22:30:24Z
c7239f1ae1d05260,Weak,"The role is primarily technology or systems work, outside target treasury, markets, transaction or investment execution.",2026-08-25T22:30:24Z
550e2723b47aef80,Weak,"The role is primarily technology or systems work, outside target treasury, markets, transaction or investment execution.",2026-08-25T22:30:24Z
cc58e2fa76ccf3f1,Weak,"The role is primarily technology or systems work, outside target treasury, markets, transaction or investment execution.",2026-08-25T22:30:24Z
32db577fe8367e9a,Weak,"The role is primarily technology or systems work, outside target treasury, markets, transaction or investment execution.",2026-08-25T22:30:24Z
4e67bf3a0ace5632,Moderate,"The role appears finance-adjacent, but the available responsibilities do not establish target treasury, markets, transaction or investment execution as the core.",2026-08-25T22:30:24Z
4238cb315ecfa0f7,Weak,"The role is primarily sales, client or people work, outside target treasury, markets, transaction or investment execution.",2026-08-25T22:30:24Z
8bc830cdcac87e27,Moderate,"The role appears finance-adjacent, but the available responsibilities do not establish target treasury, markets, transaction or investment execution as the core.",2026-08-25T22:30:24Z
183329a2167c3bf0,Weak,"The role is materially outside target treasury, markets, transaction or investment execution.",2026-08-25T22:30:24Z
638bbfee9ff1916c,Weak,"The role is materially outside target treasury, markets, transaction or investment execution.",2026-08-25T22:30:24Z
d09c517395ff0895,Moderate,"INSUFFICIENT_DESCRIPTION: The role appears finance-adjacent, but the available responsibilities do not establish target treasury, markets, transaction or investment execution as the core.",2026-08-25T22:30:24Z
cf0e3adb980eebb9,Weak,"The role is primarily tax work, outside target treasury, markets, transaction or investment execution.",2026-08-25T22:30:24Z
a502e5d393f3d42c,Weak,"The role is primarily audit and assurance work, outside target treasury, markets, transaction or investment execution.",2026-08-25T22:30:24Z
6112135122ce3eb8,Weak,"The role is primarily actuarial work, outside target treasury, markets, transaction or investment execution.",2026-08-25T22:30:24Z
37e5a71e10a5028d,Weak,"The role is materially outside target treasury, markets, transaction or investment execution.",2026-08-25T22:30:24Z
f7d5e6f96e8533b2,Weak,"The role is primarily tax work, outside target treasury, markets, transaction or investment execution.",2026-08-25T22:30:24Z
af54a4361f890e30,Weak,"The role is materially outside target treasury, markets, transaction or investment execution.",2026-08-25T22:30:24Z
05c620a883b3abc5,Weak,"The role is primarily tax work, outside target treasury, markets, transaction or investment execution.",2026-08-25T22:30:24Z
1c4db8307a6c1d72,Weak,"The role is primarily tax work, outside target treasury, markets, transaction or investment execution.",2026-08-25T22:30:24Z
5bb598f30a30527d,Weak,"The role is primarily tax work, outside target treasury, markets, transaction or investment execution.",2026-08-25T22:30:24Z
bbf39762dc9088a3,Moderate,"INSUFFICIENT_DESCRIPTION: The role appears finance-adjacent, but the available responsibilities do not establish target treasury, markets, transaction or investment execution as the core.",2026-08-25T22:30:24Z
1b1106f2bbe5954e,Weak,"The role is primarily technology or systems work, outside target treasury, markets, transaction or investment execution.",2026-08-25T22:30:24Z
0c3126e34971492e,Weak,"The role is materially outside target treasury, markets, transaction or investment execution.",2026-08-25T22:30:24Z
de49e0381f3f87cf,Weak,"The role is primarily tax work, outside target treasury, markets, transaction or investment execution.",2026-08-25T22:30:24Z
f3f928cec48fcec7,Weak,"The role is primarily technology or systems work, outside target treasury, markets, transaction or investment execution.",2026-08-25T22:30:24Z
2d1052a18e58aad0,Weak,"The role is primarily audit and assurance work, outside target treasury, markets, transaction or investment execution.",2026-08-25T22:30:24Z
352f55dfa46ad4ce,Weak,"The role is primarily technology or systems work, outside target treasury, markets, transaction or investment execution.",2026-08-25T22:30:24Z
def063337294fa07,Weak,"The role is materially outside target treasury, markets, transaction or investment execution.",2026-08-25T22:30:24Z
41666d10597c649a,Weak,"The role is primarily technology or systems work, outside target treasury, markets, transaction or investment execution.",2026-08-25T22:30:24Z
6c3c2afc46c15213,Moderate,"INSUFFICIENT_DESCRIPTION: The role appears finance-adjacent, but the available responsibilities do not establish target treasury, markets, transaction or investment execution as the core.",2026-08-25T22:30:24Z
ad230c95c70483bd,Weak,"The role is primarily legal work, outside target treasury, markets, transaction or investment execution.",2026-08-25T22:30:24Z
040c29192f1c323a,Weak,"The role is primarily technology or systems work, outside target treasury, markets, transaction or investment execution.",2026-08-25T22:30:24Z
7db590f6ed756fc3,Moderate,"The role appears finance-adjacent, but the available responsibilities do not establish target treasury, markets, transaction or investment execution as the core.",2026-08-25T22:30:24Z
0fcb5a65a565f8ae,Weak,"The role is primarily accounting or reporting work, outside target treasury, markets, transaction or investment execution.",2026-08-25T22:30:24Z
02c161c3077467ef,Weak,"The role is primarily technology or systems work, outside target treasury, markets, transaction or investment execution.",2026-08-25T22:30:24Z
d22564e7b8be12a6,Strong,"The role is centered on transaction execution, financial due diligence, valuation/modeling, structuring or deal financing.",2026-08-25T22:30:24Z
7a8de78d431d78aa,Weak,"The role is materially outside target treasury, markets, transaction or investment execution.",2026-08-25T22:30:24Z
a701d5be0efe8a81,Weak,"The role is primarily technology or systems work, outside target treasury, markets, transaction or investment execution.",2026-08-25T22:30:24Z
646e80156372d4a1,Weak,"The role is materially outside target treasury, markets, transaction or investment execution.",2026-08-25T22:30:24Z
3f042629f572a849,Weak,"The role is materially outside target treasury, markets, transaction or investment execution.",2026-08-25T22:30:24Z
c99be98b5703e788,Weak,"The role is primarily audit and assurance work, outside target treasury, markets, transaction or investment execution.",2026-08-25T22:30:24Z
42977b2ae459cdb0,Weak,"The role is primarily technology or systems work, outside target treasury, markets, transaction or investment execution.",2026-08-25T22:30:24Z
4f6aa6e01aaa3fd9,Weak,"The role is primarily actuarial work, outside target treasury, markets, transaction or investment execution.",2026-08-25T22:30:24Z
736eacf8ca6c16cf,Weak,"The role is materially outside target treasury, markets, transaction or investment execution.",2026-08-25T22:30:24Z
2e7621ec96a3208e,Weak,"The role is materially outside target treasury, markets, transaction or investment execution.",2026-08-25T22:30:24Z
134c7426879e345d,Weak,"The role is materially outside target treasury, markets, transaction or investment execution.",2026-08-25T22:30:24Z
e7878adf47542a68,Weak,"The role is materially outside target treasury, markets, transaction or investment execution.",2026-08-25T22:30:24Z
ef29edc753a9a02a,Weak,"The role is primarily technology or systems work, outside target treasury, markets, transaction or investment execution.",2026-08-25T22:30:24Z
3ec8a4f6ef122290,Moderate,"The role appears finance-adjacent, but the available responsibilities do not establish target treasury, markets, transaction or investment execution as the core.",2026-08-25T22:30:24Z
e46ad01e6033c212,Weak,"The role is materially outside target treasury, markets, transaction or investment execution.",2026-08-25T22:30:24Z
725053470a5740ce,Weak,"The role is primarily technology or systems work, outside target treasury, markets, transaction or investment execution.",2026-08-25T22:30:24Z
e6e0326fb7200e60,Weak,"The role is primarily technology or systems work, outside target treasury, markets, transaction or investment execution.",2026-08-25T22:30:24Z
24f8d8a9b61a9671,Weak,"The role is primarily technology or systems work, outside target treasury, markets, transaction or investment execution.",2026-08-25T22:30:24Z
6cdb6100cee4e571,Weak,"The role is primarily tax work, outside target treasury, markets, transaction or investment execution.",2026-08-25T22:30:24Z
46067d4f1d626491,Weak,"The role is primarily technology or systems work, outside target treasury, markets, transaction or investment execution.",2026-08-25T22:30:24Z
b2f1893051fb0ff0,Weak,"The role is primarily tax work, outside target treasury, markets, transaction or investment execution.",2026-08-25T22:30:24Z
64efc24ff2ead2c4,Moderate,"The role appears finance-adjacent, but the available responsibilities do not establish target treasury, markets, transaction or investment execution as the core.",2026-08-25T22:30:24Z
cf123cece687c08b,Weak,"The role is primarily tax work, outside target treasury, markets, transaction or investment execution.",2026-08-25T22:30:24Z
6445f559bd38755c,Weak,"The role is primarily compliance or control work, outside target treasury, markets, transaction or investment execution.",2026-08-25T22:30:24Z
01d74e7e95d424db,Strong,"The role focuses on restructuring or turnaround work with substantive financial analysis, liquidity, financing or transaction execution.",2026-08-25T22:30:24Z
45bd43e2fbff1b44,Moderate,"The role appears finance-adjacent, but the available responsibilities do not establish target treasury, markets, transaction or investment execution as the core.",2026-08-25T22:30:24Z
75d9b6a4f0633714,Moderate,"The role appears finance-adjacent, but the available responsibilities do not establish target treasury, markets, transaction or investment execution as the core.",2026-08-25T22:30:24Z
6398c446988bc0b4,Weak,"The role is primarily operations or project-management work, outside target treasury, markets, transaction or investment execution.",2026-08-25T22:30:24Z
19b63aa5c6ddc66f,Weak,"The role is primarily technology or systems work, outside target treasury, markets, transaction or investment execution.",2026-08-25T22:30:24Z
cf1af1cdbc3c1bb5,Weak,"The role is primarily tax work, outside target treasury, markets, transaction or investment execution.",2026-08-25T22:30:24Z
82bcaeb360ce3687,Weak,"The role is materially outside target treasury, markets, transaction or investment execution.",2026-08-25T22:30:24Z
354cbd17ad01e22e,Moderate,"The role appears finance-adjacent, but the available responsibilities do not establish target treasury, markets, transaction or investment execution as the core.",2026-08-25T22:30:24Z
e7ac16a26852de99,Weak,"The role is primarily technology or systems work, outside target treasury, markets, transaction or investment execution.",2026-08-25T22:30:24Z
ea0a8994ac0f4ff1,Weak,"The role is primarily sales, client or people work, outside target treasury, markets, transaction or investment execution.",2026-08-25T22:30:24Z
f59c55d2ad76d803,Moderate,"INSUFFICIENT_DESCRIPTION: The title suggests transactions work, but the supplied vacancy content is insufficient to confirm the day-to-day responsibilities.",2026-08-25T22:30:24Z
83508fb3da8c35d4,Weak,"The role is materially outside target treasury, markets, transaction or investment execution.",2026-08-25T22:30:24Z
251904372efd7ee0,Strong,"The role is centered on transaction execution, financial due diligence, valuation/modeling, structuring or deal financing.",2026-08-25T22:30:24Z
d4362ac2ab1f70ec,Weak,"The role is primarily sales, client or people work, outside target treasury, markets, transaction or investment execution.",2026-08-25T22:30:24Z
819b6c8fa1745d63,Weak,"The role is primarily technology or systems work, outside target treasury, markets, transaction or investment execution.",2026-08-25T22:30:24Z
91964ba89c0d561b,Strong,"The role is centered on transaction execution, financial due diligence, valuation/modeling, structuring or deal financing.",2026-08-25T22:30:24Z
a54b86ed98fa3b36,Weak,"The role is primarily accounting or reporting work, outside target treasury, markets, transaction or investment execution.",2026-08-25T22:30:24Z
1e53c45bcfdd6b88,Moderate,"The role appears finance-adjacent, but the available responsibilities do not establish target treasury, markets, transaction or investment execution as the core.",2026-08-25T22:30:24Z
d7e73324818c0679,Weak,"The role is primarily compliance or control work, outside target treasury, markets, transaction or investment execution.",2026-08-25T22:30:24Z
19877ce6373b534c,Weak,"The role is materially outside target treasury, markets, transaction or investment execution.",2026-08-25T22:30:24Z
f0b6434b521a907f,Weak,"The role is primarily accounting or reporting work, outside target treasury, markets, transaction or investment execution.",2026-08-25T22:30:24Z
6da619420239ae75,Weak,"The role is materially outside target treasury, markets, transaction or investment execution.",2026-08-25T22:30:24Z
41aa63355abe240d,Weak,"The role is primarily technology or systems work, outside target treasury, markets, transaction or investment execution.",2026-08-25T22:30:24Z
6aa452f621a918b3,Weak,"The role is materially outside target treasury, markets, transaction or investment execution.",2026-08-25T22:30:24Z
85c291089cb41b17,Weak,"The role is primarily compliance or control work, outside target treasury, markets, transaction or investment execution.",2026-08-25T22:30:24Z
a071f51ac84bef90,Weak,"The role is materially outside target treasury, markets, transaction or investment execution.",2026-08-25T22:30:24Z
7777590bd603f8c2,Weak,"The role is materially outside target treasury, markets, transaction or investment execution.",2026-08-25T22:30:24Z
73f21cc6bfdb26aa,Weak,"The role is materially outside target treasury, markets, transaction or investment execution.",2026-08-25T22:30:24Z
6aa8d95b7e69aedb,Weak,"The role is primarily legal work, outside target treasury, markets, transaction or investment execution.",2026-08-25T22:30:24Z
e8e327b34b8fc6d6,Weak,"The role is materially outside target treasury, markets, transaction or investment execution.",2026-08-25T22:30:24Z
23571ef30b6308ab,Moderate,"The role is finance-relevant, but its core is planning, control, credit, operations or product-specific analysis rather than target execution.",2026-08-25T22:30:24Z
14a8d1e6a9a8f2c7,Weak,"The role is primarily technology or systems work, outside target treasury, markets, transaction or investment execution.",2026-08-25T22:30:24Z
12821310a04ee3d3,Moderate,"The role appears finance-adjacent, but the available responsibilities do not establish target treasury, markets, transaction or investment execution as the core.",2026-08-25T22:30:24Z
6022ef079acfeb63,Moderate,"The role appears finance-adjacent, but the available responsibilities do not establish target treasury, markets, transaction or investment execution as the core.",2026-08-25T22:30:24Z
103c5d4a0e6663aa,Weak,"The role is primarily tax work, outside target treasury, markets, transaction or investment execution.",2026-08-25T22:30:24Z
708578558dc4c8fc,Moderate,"The role is finance-relevant, but its core is planning, control, credit, operations or product-specific analysis rather than target execution.",2026-08-25T22:30:24Z
4fb6f2d8f6809938,Weak,"The role is primarily procurement or operational work, outside target treasury, markets, transaction or investment execution.",2026-08-25T22:30:24Z
644165deff255c77,Weak,"The role is primarily technology or systems work, outside target treasury, markets, transaction or investment execution.",2026-08-25T22:30:24Z
843cb974643f4d56,Weak,"The role is primarily audit and assurance work, outside target treasury, markets, transaction or investment execution.",2026-08-25T22:30:24Z
ff47d72cab1fece8,Weak,"The role is primarily audit and assurance work, outside target treasury, markets, transaction or investment execution.",2026-08-25T22:30:24Z
5db9fbb1a1c79b9a,Weak,"The role is primarily technology or systems work, outside target treasury, markets, transaction or investment execution.",2026-08-25T22:30:24Z
4c27e139819d6306,Weak,"The role is primarily technology or systems work, outside target treasury, markets, transaction or investment execution.",2026-08-25T22:30:24Z
76d4ca534edbe827,Weak,"The role is materially outside target treasury, markets, transaction or investment execution.",2026-08-25T22:30:24Z
70396c93d23001de,Weak,"The role is primarily technology or systems work, outside target treasury, markets, transaction or investment execution.",2026-08-25T22:30:24Z
f858e706bb4263aa,Weak,"The role is primarily technology or systems work, outside target treasury, markets, transaction or investment execution.",2026-08-25T22:30:24Z
ae84979d0075fa60,Weak,"The role is primarily accounting or reporting work, outside target treasury, markets, transaction or investment execution.",2026-08-25T22:30:24Z
bcc10acc0226aa26,Weak,"The role is materially outside target treasury, markets, transaction or investment execution.",2026-08-25T22:30:24Z
f3386247c9d57313,Weak,"The role is primarily technology or systems work, outside target treasury, markets, transaction or investment execution.",2026-08-25T22:30:24Z
78815554b9893e09,Weak,"The role is primarily technology or systems work, outside target treasury, markets, transaction or investment execution.",2026-08-25T22:30:24Z
eba4137f0309e4df,Weak,"The role is primarily tax work, outside target treasury, markets, transaction or investment execution.",2026-08-25T22:30:24Z
41df8ac718822621,Weak,"The role is primarily tax work, outside target treasury, markets, transaction or investment execution.",2026-08-25T22:30:24Z
03c123de6997ddb8,Weak,"The role is materially outside target treasury, markets, transaction or investment execution.",2026-08-25T22:30:24Z
3ef36c097d58a9cb,Moderate,"The role appears finance-adjacent, but the available responsibilities do not establish target treasury, markets, transaction or investment execution as the core.",2026-08-25T22:30:24Z
0947f32ab53dd26f,Moderate,"The role is finance-relevant, but its core is planning, control, credit, operations or product-specific analysis rather than target execution.",2026-08-25T22:30:24Z
2ab6bd72f7d40b22,Weak,"The role is primarily technology or systems work, outside target treasury, markets, transaction or investment execution.",2026-08-25T22:30:24Z
62424e0cf1e50757,Weak,"The role is materially outside target treasury, markets, transaction or investment execution.",2026-08-25T22:30:24Z
291e7a78a3de202a,Weak,"The role is materially outside target treasury, markets, transaction or investment execution.",2026-08-25T22:30:24Z
77fd64273e3c340c,Weak,"The role is materially outside target treasury, markets, transaction or investment execution.",2026-08-25T22:30:24Z
d4d32a45d644fe37,Moderate,"INSUFFICIENT_DESCRIPTION: The role appears finance-adjacent, but the available responsibilities do not establish target treasury, markets, transaction or investment execution as the core.",2026-08-25T22:30:24Z
05863e5a1bb807e2,Moderate,"INSUFFICIENT_DESCRIPTION: The role appears finance-adjacent, but the available responsibilities do not establish target treasury, markets, transaction or investment execution as the core.",2026-08-25T22:30:24Z
d4497079ef532f2b,Moderate,"INSUFFICIENT_DESCRIPTION: The role appears finance-adjacent, but the available responsibilities do not establish target treasury, markets, transaction or investment execution as the core.",2026-08-25T22:30:24Z
6dd42cafaae86bec,Weak,"The role is primarily technology or systems work, outside target treasury, markets, transaction or investment execution.",2026-08-25T22:30:24Z
3c0650bbda59f717,Weak,"The role is primarily sales, client or people work, outside target treasury, markets, transaction or investment execution.",2026-08-25T22:30:24Z
3903c6b135df0338,Weak,"The role is materially outside target treasury, markets, transaction or investment execution.",2026-08-25T22:30:24Z
2b1320084bfcfae4,Moderate,"INSUFFICIENT_DESCRIPTION: The role appears finance-adjacent, but the available responsibilities do not establish target treasury, markets, transaction or investment execution as the core.",2026-08-25T22:30:24Z
34aceac1b75ebc56,Moderate,"INSUFFICIENT_DESCRIPTION: The role appears finance-adjacent, but the available responsibilities do not establish target treasury, markets, transaction or investment execution as the core.",2026-08-25T22:30:24Z
0a0e356ba8d2016a,Moderate,"INSUFFICIENT_DESCRIPTION: The role is finance-relevant, but its core is planning, control, credit, operations or product-specific analysis rather than target execution.",2026-08-25T22:30:24Z
e81d687df9c27d8f,Weak,"The role is materially outside target treasury, markets, transaction or investment execution.",2026-08-25T22:30:24Z
3fdb3affcdcec3b4,Weak,"The role is materially outside target treasury, markets, transaction or investment execution.",2026-08-25T22:30:24Z
433967fba9f6bd95,Moderate,"INSUFFICIENT_DESCRIPTION: The role appears finance-adjacent, but the available responsibilities do not establish target treasury, markets, transaction or investment execution as the core.",2026-08-25T22:30:24Z
a67dedaad2875452,Moderate,"INSUFFICIENT_DESCRIPTION: The role appears finance-adjacent, but the available responsibilities do not establish target treasury, markets, transaction or investment execution as the core.",2026-08-25T22:30:24Z
23d947ea795fa5ed,Moderate,"INSUFFICIENT_DESCRIPTION: The role appears finance-adjacent, but the available responsibilities do not establish target treasury, markets, transaction or investment execution as the core.",2026-08-25T22:30:24Z
5cad45eb0190bafb,Weak,"The role is materially outside target treasury, markets, transaction or investment execution.",2026-08-25T22:30:24Z
217bc2ab39220d30,Moderate,"INSUFFICIENT_DESCRIPTION: The role appears finance-adjacent, but the available responsibilities do not establish target treasury, markets, transaction or investment execution as the core.",2026-08-25T22:30:24Z
b887ebf69c65364f,Moderate,"INSUFFICIENT_DESCRIPTION: The role appears finance-adjacent, but the available responsibilities do not establish target treasury, markets, transaction or investment execution as the core.",2026-08-25T22:30:24Z
bd82d6b93ac9248a,Weak,"The role is primarily technology or systems work, outside target treasury, markets, transaction or investment execution.",2026-08-25T22:30:24Z
4a37674b3e760b03,Weak,"The role is materially outside target treasury, markets, transaction or investment execution.",2026-08-25T22:30:24Z
0cfcf003d647f86b,Moderate,"The role is finance-relevant, but its core is controlling, planning or business partnering rather than target execution.",2026-08-25T22:30:24Z
f3c286f14daddf28,Moderate,"INSUFFICIENT_DESCRIPTION: The role appears finance-adjacent, but the available responsibilities do not establish target treasury, markets, transaction or investment execution as the core.",2026-08-25T22:30:24Z
2ffc10448241121b,Weak,"The role is materially outside target treasury, markets, transaction or investment execution.",2026-08-25T22:30:24Z
32de4f864e93dc68,Moderate,"The role appears finance-adjacent, but the available responsibilities do not establish target treasury, markets, transaction or investment execution as the core.",2026-08-25T22:30:24Z
8a036d180a8ad0dd,Weak,"The role is primarily technology or systems work, outside target treasury, markets, transaction or investment execution.",2026-08-25T22:30:24Z
b52a8a0e11a8febe,Strong,"The role applies market, liquidity or financial-risk analysis to positions, hedging, scenarios or treasury decisions.",2026-08-25T22:30:24Z
62237f264c1d6a35,Weak,"The role is materially outside target treasury, markets, transaction or investment execution.",2026-08-25T22:30:24Z
6a3e83034afadc4e,Weak,"The role is primarily technology or systems work, outside target treasury, markets, transaction or investment execution.",2026-08-25T22:30:24Z
d08d8fe5c580b6f0,Weak,"The role is materially outside target treasury, markets, transaction or investment execution.",2026-08-25T22:30:24Z
219863e0b8930e9d,Weak,"The role is materially outside target treasury, markets, transaction or investment execution.",2026-08-25T22:30:24Z
e72f60523d0b493b,Weak,"The role is materially outside target treasury, markets, transaction or investment execution.",2026-08-25T22:30:24Z
21e96d29b5fb846e,Moderate,"The role is finance-relevant, but its core is controlling, planning or business partnering rather than target execution.",2026-08-25T22:30:24Z
f8e06a07af43f36f,Weak,"The role is primarily accounting or reporting work, outside target treasury, markets, transaction or investment execution.",2026-08-25T22:30:24Z
e93db0139704bf7a,Moderate,"The role is finance-relevant, but its core is controlling, planning or business partnering rather than target execution.",2026-08-25T22:30:24Z
56dc94f926f1fcd3,Weak,"The role is primarily accounting or reporting work, outside target treasury, markets, transaction or investment execution.",2026-08-25T22:30:24Z
37440e1409eab434,Moderate,"The role is finance-relevant, but its core is controlling, planning or business partnering rather than target execution.",2026-08-25T22:30:24Z
9138cd1cbb3aa59d,Moderate,"The role is finance-relevant, but its core is controlling, planning or business partnering rather than target execution.",2026-08-25T22:30:24Z
479dce4a02e3a4f1,Moderate,"The role is finance-relevant, but its core is controlling, planning or business partnering rather than target execution.",2026-08-25T22:30:24Z
8853c14efea74d7e,Moderate,"The role is finance-relevant, but its core is controlling, planning or business partnering rather than target execution.",2026-08-25T22:30:24Z
3a2d39abb660959f,Moderate,"The role is finance-relevant, but its core is controlling, planning or business partnering rather than target execution.",2026-08-25T22:30:24Z
a157be11aeee225e,Weak,"The role is primarily accounting or reporting work, outside target treasury, markets, transaction or investment execution.",2026-08-25T22:30:24Z
19bf1a7a3637a6ee,Weak,"The role is primarily accounting or reporting work, outside target treasury, markets, transaction or investment execution.",2026-08-25T22:30:24Z
c145206ec7b3ea69,Weak,"The role is primarily accounting or reporting work, outside target treasury, markets, transaction or investment execution.",2026-08-25T22:30:24Z
8f23873054f5db3c,Moderate,"The role appears finance-adjacent, but the available responsibilities do not establish target treasury, markets, transaction or investment execution as the core.",2026-08-25T22:30:24Z
bcb52cab17049fde,Moderate,"The role appears finance-adjacent, but the available responsibilities do not establish target treasury, markets, transaction or investment execution as the core.",2026-08-25T22:30:24Z
ff0b2abda10b673f,Moderate,"The role appears finance-adjacent, but the available responsibilities do not establish target treasury, markets, transaction or investment execution as the core.",2026-08-25T22:30:24Z
e8502d4549d1d491,Weak,"The role is materially outside target treasury, markets, transaction or investment execution.",2026-08-25T22:30:24Z
eb1dd6af5654790f,Weak,"The role is materially outside target treasury, markets, transaction or investment execution.",2026-08-25T22:30:24Z
0f484945a05757b5,Weak,"The role is primarily audit and assurance work, outside target treasury, markets, transaction or investment execution.",2026-08-25T22:30:24Z
29f548bcac19b881,Moderate,"The role appears finance-adjacent, but the available responsibilities do not establish target treasury, markets, transaction or investment execution as the core.",2026-08-25T22:30:24Z
e953cc8f396159c2,Weak,"The role is materially outside target treasury, markets, transaction or investment execution.",2026-08-25T22:30:24Z
a38f2c850012304f,Weak,"The role is primarily accounting or reporting work, outside target treasury, markets, transaction or investment execution.",2026-08-25T22:30:24Z
222cdc8dec879b26,Weak,"The role is primarily accounting or reporting work, outside target treasury, markets, transaction or investment execution.",2026-08-25T22:30:24Z
73183bcc31e3c719,Weak,"The role is primarily accounting or reporting work, outside target treasury, markets, transaction or investment execution.",2026-08-25T22:30:24Z
c7f6bc44c33d426d,Weak,"The role is primarily accounting or reporting work, outside target treasury, markets, transaction or investment execution.",2026-08-25T22:30:24Z
46d72ca1a9e7c290,Moderate,"The role appears finance-adjacent, but the available responsibilities do not establish target treasury, markets, transaction or investment execution as the core.",2026-08-25T22:30:24Z
ebc13542bcbe062b,Moderate,"The role is finance-relevant, but its core is controlling, planning or business partnering rather than target execution.",2026-08-25T22:30:24Z
1a33f053dfa3126c,Weak,"The role is materially outside target treasury, markets, transaction or investment execution.",2026-08-25T22:30:24Z
6a001daf92489ea1,Weak,"The role is materially outside target treasury, markets, transaction or investment execution.",2026-08-25T22:30:24Z
f6a0b2d709194561,Weak,"The role is materially outside target treasury, markets, transaction or investment execution.",2026-08-25T22:30:24Z
88e93422c74d4312,Weak,"The role is primarily audit and assurance work, outside target treasury, markets, transaction or investment execution.",2026-08-25T22:30:24Z
a25663a7ffa842b9,Weak,"The role is primarily accounting or reporting work, outside target treasury, markets, transaction or investment execution.",2026-08-25T22:30:24Z
82215198139354b0,Weak,"The role is primarily legal work, outside target treasury, markets, transaction or investment execution.",2026-08-25T22:30:24Z
f914313608440d9d,Weak,"The role is primarily tax work, outside target treasury, markets, transaction or investment execution.",2026-08-25T22:30:24Z
e89bd1543f27fc60,Moderate,"INSUFFICIENT_DESCRIPTION: The title suggests transactions work, but the supplied vacancy content is insufficient to confirm the day-to-day responsibilities.",2026-08-25T22:30:24Z
685a92526fcddb3b,Weak,"The role is primarily accounting or reporting work, outside target treasury, markets, transaction or investment execution.",2026-08-25T22:30:24Z
48643e8da550e450,Weak,"The role is materially outside target treasury, markets, transaction or investment execution.",2026-08-25T22:30:24Z
581969c1f7015c43,Moderate,"INSUFFICIENT_DESCRIPTION: The role appears finance-adjacent, but the available responsibilities do not establish target treasury, markets, transaction or investment execution as the core.",2026-08-25T22:30:24Z
72d03e61863dfe70,Moderate,"INSUFFICIENT_DESCRIPTION: The role appears finance-adjacent, but the available responsibilities do not establish target treasury, markets, transaction or investment execution as the core.",2026-08-25T22:30:24Z
6bd61b213f7b3ae1,Moderate,"INSUFFICIENT_DESCRIPTION: The role appears finance-adjacent, but the available responsibilities do not establish target treasury, markets, transaction or investment execution as the core.",2026-08-25T22:30:24Z
921e85b9a2ab9345,Weak,"The role is primarily technology or systems work, outside target treasury, markets, transaction or investment execution.",2026-08-25T22:30:24Z
1da198c1aa67edd2,Weak,"The role is materially outside target treasury, markets, transaction or investment execution.",2026-08-25T22:30:24Z
74f68b6c3c9dd4c3,Moderate,"INSUFFICIENT_DESCRIPTION: The role appears finance-adjacent, but the available responsibilities do not establish target treasury, markets, transaction or investment execution as the core.",2026-08-25T22:30:24Z
0a9c7d284d9f2a3f,Weak,"The role is materially outside target treasury, markets, transaction or investment execution.",2026-08-25T22:30:24Z
63f1aeb7cf73de83,Weak,"The role is materially outside target treasury, markets, transaction or investment execution.",2026-08-25T22:30:24Z
38c767f368520a45,Moderate,"The role is finance-relevant, but its core is controlling, planning or business partnering rather than target execution.",2026-08-25T22:30:24Z
060cc5db023cc8e0,Weak,"The role is materially outside target treasury, markets, transaction or investment execution.",2026-08-25T22:30:24Z
83daa749f04ed610,Moderate,"The role appears finance-adjacent, but the available responsibilities do not establish target treasury, markets, transaction or investment execution as the core.",2026-08-25T22:30:24Z
48f018f67f67aaa5,Weak,"The role is primarily audit and assurance work, outside target treasury, markets, transaction or investment execution.",2026-08-25T22:30:24Z
2e2172032b344990,Weak,"The role is primarily technology or systems work, outside target treasury, markets, transaction or investment execution.",2026-08-25T22:30:24Z
30e528f13f4dfc06,Weak,"The role is materially outside target treasury, markets, transaction or investment execution.",2026-08-25T22:30:24Z
460458504e19c069,Weak,"The role is primarily technology or systems work, outside target treasury, markets, transaction or investment execution.",2026-08-25T22:30:24Z
0391a3a87fb55f0a,Weak,"The role is primarily tax work, outside target treasury, markets, transaction or investment execution.",2026-08-25T22:30:24Z
89b8055643e26bf9,Weak,"The role is primarily accounting or reporting work, outside target treasury, markets, transaction or investment execution.",2026-08-25T22:30:24Z
bbf7aef3e0a6d605,Weak,"The role is primarily tax work, outside target treasury, markets, transaction or investment execution.",2026-08-25T22:30:24Z
d2ea13f5147e9a8f,Weak,"The role is primarily tax work, outside target treasury, markets, transaction or investment execution.",2026-08-25T22:30:24Z
d3ef7296f089af8f,Weak,"The role is primarily tax work, outside target treasury, markets, transaction or investment execution.",2026-08-25T22:30:24Z
ecc8f7b7dd6ff4fc,Strong,"The role is centered on transaction execution, financial due diligence, valuation/modeling, structuring or deal financing.",2026-08-25T22:30:24Z
57ff1b03f57d89fd,Moderate,"The role appears finance-adjacent, but the available responsibilities do not establish target treasury, markets, transaction or investment execution as the core.",2026-08-25T22:30:24Z
dce061634df329b6,Weak,"The role is primarily tax work, outside target treasury, markets, transaction or investment execution.",2026-08-25T22:30:24Z
1544b693c7de9b0e,Weak,"The role is primarily audit and assurance work, outside target treasury, markets, transaction or investment execution.",2026-08-25T22:30:24Z
e3465b4f2ba39e27,Weak,"The role is primarily audit and assurance work, outside target treasury, markets, transaction or investment execution.",2026-08-25T22:30:24Z
8e10a4d7a0ef853c,Weak,"The role is primarily audit and assurance work, outside target treasury, markets, transaction or investment execution.",2026-08-25T22:30:24Z
0fc2ab7f13459dae,Weak,"The role is primarily tax work, outside target treasury, markets, transaction or investment execution.",2026-08-25T22:30:24Z
be64576425b74bd6,Weak,"The role is primarily technology or systems work, outside target treasury, markets, transaction or investment execution.",2026-08-25T22:30:24Z
4d5d887fbb14e138,Weak,"The role is primarily technology or systems work, outside target treasury, markets, transaction or investment execution.",2026-08-25T22:30:24Z
98b6fa8b28d6734e,Weak,"The role is materially outside target treasury, markets, transaction or investment execution.",2026-08-25T22:30:24Z
2d3e10412d7e9d9b,Weak,"The role is materially outside target treasury, markets, transaction or investment execution.",2026-08-25T22:30:24Z
1d33028134e7f642,Moderate,"INSUFFICIENT_DESCRIPTION: The role is finance-relevant, but its core is controlling, planning or business partnering rather than target execution.",2026-08-25T22:30:24Z
6ec0860c40436ae7,Weak,"The role is primarily sales, client or people work, outside target treasury, markets, transaction or investment execution.",2026-08-25T22:30:24Z
fd9eb0626d33f098,Weak,"The role is primarily audit and assurance work, outside target treasury, markets, transaction or investment execution.",2026-08-25T22:30:24Z
27557524c1f41d1d,Weak,"The role is materially outside target treasury, markets, transaction or investment execution.",2026-08-25T22:30:24Z
c14d5d2911488561,Weak,"The role is primarily technology or systems work, outside target treasury, markets, transaction or investment execution.",2026-08-25T22:30:24Z
489741bec42f0fe6,Weak,"The role is primarily actuarial work, outside target treasury, markets, transaction or investment execution.",2026-08-25T22:30:24Z
6a37d8e3a9c264e7,Moderate,"The role appears finance-adjacent, but the available responsibilities do not establish target treasury, markets, transaction or investment execution as the core.",2026-08-25T22:30:24Z
da14b75272830758,Weak,"The role is primarily accounting or reporting work, outside target treasury, markets, transaction or investment execution.",2026-08-25T22:30:24Z
bf502430b7214e71,Weak,"The role is primarily technology or systems work, outside target treasury, markets, transaction or investment execution.",2026-08-25T22:30:24Z
20543b5f3d9c011e,Weak,"The role is primarily sales, client or people work, outside target treasury, markets, transaction or investment execution.",2026-08-25T22:30:24Z
d74f47c4cf59aaf9,Weak,"The role is primarily tax work, outside target treasury, markets, transaction or investment execution.",2026-08-25T22:30:24Z
4dea70de34a9a334,Weak,"The role is materially outside target treasury, markets, transaction or investment execution.",2026-08-25T22:30:24Z
468302b88eb776f9,Weak,"The role is primarily technology or systems work, outside target treasury, markets, transaction or investment execution.",2026-08-25T22:30:24Z
07a149196c13527a,Moderate,"The role appears finance-adjacent, but the available responsibilities do not establish target treasury, markets, transaction or investment execution as the core.",2026-08-25T22:30:24Z
04818bea2d298966,Moderate,"The role appears finance-adjacent, but the available responsibilities do not establish target treasury, markets, transaction or investment execution as the core.",2026-08-25T22:30:24Z
94c898ded97a0d83,Weak,"The role is primarily technology or systems work, outside target treasury, markets, transaction or investment execution.",2026-08-25T22:30:24Z
32cf6a48ce36e0dc,Weak,"The role is primarily technology or systems work, outside target treasury, markets, transaction or investment execution.",2026-08-25T22:30:24Z
4d7476119c6e8aed,Weak,"The role is materially outside target treasury, markets, transaction or investment execution.",2026-08-25T22:30:24Z
5a0e3b6f1da7accb,Weak,"The role is primarily legal work, outside target treasury, markets, transaction or investment execution.",2026-08-25T22:30:24Z
8c7d13053343873c,Strong,"The role focuses on restructuring or turnaround work with substantive financial analysis, liquidity, financing or transaction execution.",2026-08-25T22:30:24Z
1e545ad7d4f9e8e5,Weak,"The role is materially outside target treasury, markets, transaction or investment execution.",2026-08-25T22:30:24Z
db17a0cfe1229f59,Weak,"The role is materially outside target treasury, markets, transaction or investment execution.",2026-08-25T22:30:24Z
593e436e6e36c79d,Weak,"The role is primarily legal work, outside target treasury, markets, transaction or investment execution.",2026-08-25T22:30:24Z
899a83476ac7de01,Weak,"The role is primarily operations or project-management work, outside target treasury, markets, transaction or investment execution.",2026-08-25T22:30:24Z
29f4d61b7dcd6b6c,Moderate,"The role appears finance-adjacent, but the available responsibilities do not establish target treasury, markets, transaction or investment execution as the core.",2026-08-25T22:30:24Z
eeb8d9a930a626a0,Weak,"The role is primarily operations or project-management work, outside target treasury, markets, transaction or investment execution.",2026-08-25T22:30:24Z
822f2c4473e9b8e5,Moderate,"The role appears finance-adjacent, but the available responsibilities do not establish target treasury, markets, transaction or investment execution as the core.",2026-08-25T22:30:24Z
1d9855d757829bbb,Weak,"The role is primarily audit and assurance work, outside target treasury, markets, transaction or investment execution.",2026-08-25T22:30:24Z
41737d5ad4f0e6d7,Strong,"The role is centered on transaction execution, financial due diligence, valuation/modeling, structuring or deal financing.",2026-08-25T22:30:24Z
cfdc10a56f94a80b,Strong,"The work applies valuation and financial modeling directly to transactions, investments or financing decisions.",2026-08-25T22:30:24Z
04dd343237f038aa,Weak,"The role is primarily tax work, outside target treasury, markets, transaction or investment execution.",2026-08-25T22:30:24Z
2fcb7ad1bffe95ec,Weak,"The role is primarily technology or systems work, outside target treasury, markets, transaction or investment execution.",2026-08-25T22:30:24Z
aee2e494f2ae76c8,Weak,"The role is primarily tax work, outside target treasury, markets, transaction or investment execution.",2026-08-25T22:30:24Z
390b2df08df8ef3a,Moderate,"The role appears finance-adjacent, but the available responsibilities do not establish target treasury, markets, transaction or investment execution as the core.",2026-08-25T22:30:24Z
0bb650ea18286d6b,Weak,"The role is primarily sales, client or people work, outside target treasury, markets, transaction or investment execution.",2026-08-25T22:30:24Z
cbd261306e628d57,Moderate,"The role appears finance-adjacent, but the available responsibilities do not establish target treasury, markets, transaction or investment execution as the core.",2026-08-25T22:30:24Z
964e84987aea94c6,Weak,"The role is primarily origination, sales or relationship work rather than analytical transaction, treasury or investment execution.",2026-08-25T22:30:24Z
235e348e593f0ed1,Weak,"The role is primarily technology or systems work, outside target treasury, markets, transaction or investment execution.",2026-08-25T22:30:24Z
7d3757b0928db737,Weak,"The role is primarily technology or systems work, outside target treasury, markets, transaction or investment execution.",2026-08-25T22:30:24Z
08eb99dd989f7d84,Weak,"The role is primarily technology or systems work, outside target treasury, markets, transaction or investment execution.",2026-08-25T22:30:24Z
5fe945aeb37e4025,Weak,"The role is primarily tax work, outside target treasury, markets, transaction or investment execution.",2026-08-25T22:30:24Z
de949d468769bd40,Weak,"The role is primarily audit and assurance work, outside target treasury, markets, transaction or investment execution.",2026-08-25T22:30:24Z
0214d189d396c1a6,Weak,"The role is primarily tax work, outside target treasury, markets, transaction or investment execution.",2026-08-25T22:30:24Z
a921b0753d8952a8,Weak,"The role is primarily technology or systems work, outside target treasury, markets, transaction or investment execution.",2026-08-25T22:30:24Z
c03dd107cf9281c3,Weak,"The role is primarily technology or systems work, outside target treasury, markets, transaction or investment execution.",2026-08-25T22:30:24Z
4e93e1711a256af8,Moderate,"The role appears finance-adjacent, but the available responsibilities do not establish target treasury, markets, transaction or investment execution as the core.",2026-08-25T22:30:24Z
be1f7bf50c473803,Weak,"The role is primarily compliance or control work, outside target treasury, markets, transaction or investment execution.",2026-08-25T22:30:24Z
ec60c6aadd73ea18,Weak,"The role is primarily tax work, outside target treasury, markets, transaction or investment execution.",2026-08-25T22:30:24Z
5674f72d35f1529c,Weak,"The role is materially outside target treasury, markets, transaction or investment execution.",2026-08-25T22:30:24Z
ff56504c18049bc5,Weak,"The role is materially outside target treasury, markets, transaction or investment execution.",2026-08-25T22:30:24Z
1b4eb5efd4a7359d,Weak,"The role is primarily audit and assurance work, outside target treasury, markets, transaction or investment execution.",2026-08-25T22:30:24Z
1f70a2c015580eef,Weak,"The role is primarily technology or systems work, outside target treasury, markets, transaction or investment execution.",2026-08-25T22:30:24Z
40ca34ed851d40b2,Moderate,"The role appears finance-adjacent, but the available responsibilities do not establish target treasury, markets, transaction or investment execution as the core.",2026-08-25T22:30:24Z
ffa738c40a93f2fd,Moderate,"The role appears finance-adjacent, but the available responsibilities do not establish target treasury, markets, transaction or investment execution as the core.",2026-08-25T22:30:24Z
b9870c6ed1168814,Weak,"The role is materially outside target treasury, markets, transaction or investment execution.",2026-08-25T22:30:24Z
6b3d124fef8be1b9,Moderate,"INSUFFICIENT_DESCRIPTION: The role appears finance-adjacent, but the available responsibilities do not establish target treasury, markets, transaction or investment execution as the core.",2026-08-25T22:30:24Z
0bc4fd4dbe90cf7b,Weak,"The role is materially outside target treasury, markets, transaction or investment execution.",2026-08-25T22:30:24Z
34bede57d1f45f0a,Moderate,"The role appears finance-adjacent, but the available responsibilities do not establish target treasury, markets, transaction or investment execution as the core.",2026-08-25T22:30:24Z
daf665522622bab9,Weak,"The role is primarily technology or systems work, outside target treasury, markets, transaction or investment execution.",2026-08-25T22:30:24Z
f4ba4e140e52c4b7,Moderate,"The role is finance-relevant, but its core is controlling, planning or business partnering rather than target execution.",2026-08-25T22:30:24Z
d9661b52ee6ff786,Weak,"The role is primarily technology or systems work, outside target treasury, markets, transaction or investment execution.",2026-08-25T22:30:24Z
9feab268cf43b05d,Weak,"The role is primarily technology or systems work, outside target treasury, markets, transaction or investment execution.",2026-08-25T22:30:24Z
f3f83ae4b75462c6,Weak,"The role is materially outside target treasury, markets, transaction or investment execution.",2026-08-25T22:30:24Z
b0570212c7905a5c,Weak,"The role is materially outside target treasury, markets, transaction or investment execution.",2026-08-25T22:30:24Z
f77f392dce3311a1,Weak,"The role is materially outside target treasury, markets, transaction or investment execution.",2026-08-25T22:30:24Z
1699c59e58b00859,Weak,"The role is primarily technology or systems work, outside target treasury, markets, transaction or investment execution.",2026-08-25T22:30:24Z
d5a06c8fbd2f2b31,Weak,"The role is primarily tax work, outside target treasury, markets, transaction or investment execution.",2026-08-25T22:30:24Z
6e99932868055086,Moderate,"The role appears finance-adjacent, but the available responsibilities do not establish target treasury, markets, transaction or investment execution as the core.",2026-08-25T22:30:24Z
15b9d6a530eedebc,Weak,"The role is primarily sales, client or people work, outside target treasury, markets, transaction or investment execution.",2026-08-25T22:30:24Z
ccbd15670795ca5e,Weak,"The role is primarily compliance or control work, outside target treasury, markets, transaction or investment execution.",2026-08-25T22:30:24Z
4b88e123713e303f,Strong,"The role is centered on transaction execution, financial due diligence, valuation/modeling, structuring or deal financing.",2026-08-25T22:30:24Z
652692befecb921f,Weak,"The role is primarily technology or systems work, outside target treasury, markets, transaction or investment execution.",2026-08-25T22:30:24Z
c5c3e65bee3ee487,Weak,"The role is primarily technology or systems work, outside target treasury, markets, transaction or investment execution.",2026-08-25T22:30:24Z
4ef8e748978b3acb,Weak,"The role is primarily legal work, outside target treasury, markets, transaction or investment execution.",2026-08-25T22:30:24Z
3ebb17935d4fba28,Moderate,"The role appears finance-adjacent, but the available responsibilities do not establish target treasury, markets, transaction or investment execution as the core.",2026-08-25T22:30:24Z
fc7e3ae0ecd44903,Weak,"The role is primarily compliance or control work, outside target treasury, markets, transaction or investment execution.",2026-08-25T22:30:24Z
8616d937284e83e6,Weak,"The role is primarily sales, client or people work, outside target treasury, markets, transaction or investment execution.",2026-08-25T22:30:24Z
96a8fb284a61de28,Weak,"The role is materially outside target treasury, markets, transaction or investment execution.",2026-08-25T22:30:24Z
683feb4d7d39f921,Weak,"The role is primarily technology or systems work, outside target treasury, markets, transaction or investment execution.",2026-08-25T22:30:24Z
51cbff0d665cc01d,Weak,"The role is materially outside target treasury, markets, transaction or investment execution.",2026-08-25T22:30:24Z
26ba9250319d1947,Weak,"The role is primarily technology or systems work, outside target treasury, markets, transaction or investment execution.",2026-08-25T22:30:24Z
b72814e1a103d3d0,Strong,"The role is centered on transaction execution, financial due diligence, valuation/modeling, structuring or deal financing.",2026-08-25T22:30:24Z
929cb39a4c4fa85a,Weak,"The role is primarily accounting or reporting work, outside target treasury, markets, transaction or investment execution.",2026-08-25T22:30:24Z
1f550eda8cb98aa0,Weak,"The role is materially outside target treasury, markets, transaction or investment execution.",2026-08-25T22:30:24Z
2e052d97201c32de,Weak,"The role is materially outside target treasury, markets, transaction or investment execution.",2026-08-25T22:30:24Z
6e356f0b7db0e4a0,Weak,"The role is primarily technology or systems work, outside target treasury, markets, transaction or investment execution.",2026-08-25T22:30:24Z
6a8a676e0bda875b,Weak,"The role is primarily compliance or control work, outside target treasury, markets, transaction or investment execution.",2026-08-25T22:30:24Z
404b3042c0bdb107,Weak,"The role is materially outside target treasury, markets, transaction or investment execution.",2026-08-25T22:30:24Z
56fa3822e4c3ae8c,Weak,"The role is materially outside target treasury, markets, transaction or investment execution.",2026-08-25T22:30:24Z
8f70e59c3b0b9662,Moderate,"The role appears finance-adjacent, but the available responsibilities do not establish target treasury, markets, transaction or investment execution as the core.",2026-08-25T22:30:24Z
7006864e23add187,Weak,"The role is primarily audit and assurance work, outside target treasury, markets, transaction or investment execution.",2026-08-25T22:30:24Z
0b223f8338847c96,Moderate,"The role appears finance-adjacent, but the available responsibilities do not establish target treasury, markets, transaction or investment execution as the core.",2026-08-25T22:30:24Z
7f3da37f221e5013,Weak,"The role is materially outside target treasury, markets, transaction or investment execution.",2026-08-25T22:30:24Z
cc8c4a1f45db20e7,Weak,"The role is materially outside target treasury, markets, transaction or investment execution.",2026-08-25T22:30:24Z
8cb183099931133f,Weak,"The role is primarily technology or systems work, outside target treasury, markets, transaction or investment execution.",2026-08-25T22:30:24Z
6ad18b244ef29be1,Moderate,"INSUFFICIENT_DESCRIPTION: The role appears finance-adjacent, but the available responsibilities do not establish target treasury, markets, transaction or investment execution as the core.",2026-08-25T22:30:24Z
cb48d429c4f26304,Weak,"The role is primarily tax work, outside target treasury, markets, transaction or investment execution.",2026-08-25T22:30:24Z
df5250d6e18a8b65,Weak,"The role is primarily tax work, outside target treasury, markets, transaction or investment execution.",2026-08-25T22:30:24Z
cdd2ae998b6702e6,Weak,"The role is primarily technology or systems work, outside target treasury, markets, transaction or investment execution.",2026-08-25T22:30:24Z
d72cd392b3a6650c,Weak,"The role is materially outside target treasury, markets, transaction or investment execution.",2026-08-25T22:30:24Z
6f65600cad7982cd,Weak,"The role is primarily tax work, outside target treasury, markets, transaction or investment execution.",2026-08-25T22:30:24Z
0cf52e6474a49484,Weak,"The role is primarily technology or systems work, outside target treasury, markets, transaction or investment execution.",2026-08-25T22:30:24Z
c35b671b3e92631e,Moderate,"The role appears finance-adjacent, but the available responsibilities do not establish target treasury, markets, transaction or investment execution as the core.",2026-08-25T22:30:24Z
5d3fad79f54b219d,Weak,"The role is primarily sales, client or people work, outside target treasury, markets, transaction or investment execution.",2026-08-25T22:30:24Z
3530f82d932ed104,Strong,"The role is centered on transaction execution, financial due diligence, valuation/modeling, structuring or deal financing.",2026-08-25T22:30:24Z
fe7d53279af729e6,Weak,"The role is primarily accounting or reporting work, outside target treasury, markets, transaction or investment execution.",2026-08-25T22:30:24Z
619021637116cfa0,Moderate,"The role appears finance-adjacent, but the available responsibilities do not establish target treasury, markets, transaction or investment execution as the core.",2026-08-25T22:30:24Z
439d6cab33e9c215,Weak,"The role is materially outside target treasury, markets, transaction or investment execution.",2026-08-25T22:30:24Z
ab7e45416cbe964e,Weak,"The role is primarily tax work, outside target treasury, markets, transaction or investment execution.",2026-08-25T22:30:24Z
f5a54081575edd85,Moderate,"The role appears finance-adjacent, but the available responsibilities do not establish target treasury, markets, transaction or investment execution as the core.",2026-08-25T22:30:24Z
47e8862086db2b62,Weak,"The role is materially outside target treasury, markets, transaction or investment execution.",2026-08-25T22:30:24Z
d11da389bc395369,Weak,"The role is materially outside target treasury, markets, transaction or investment execution.",2026-08-25T22:30:24Z
fd95ec17cf781e61,Weak,"The role is primarily technology or systems work, outside target treasury, markets, transaction or investment execution.",2026-08-25T22:30:24Z
985f4fc61f228e9f,Moderate,"The role appears finance-adjacent, but the available responsibilities do not establish target treasury, markets, transaction or investment execution as the core.",2026-08-25T22:30:24Z
bde57329ae379536,Strong,"The role is centered on transaction execution, financial due diligence, valuation/modeling, structuring or deal financing.",2026-08-25T22:30:24Z
7da4eb72682d17f5,Weak,"The role is primarily technology or systems work, outside target treasury, markets, transaction or investment execution.",2026-08-25T22:30:24Z
1a597e8123e70a8e,Strong,"The role is centered on transaction execution, financial due diligence, valuation/modeling, structuring or deal financing.",2026-08-25T22:30:24Z
d79e904c23de64f4,Weak,"The role is primarily technology or systems work, outside target treasury, markets, transaction or investment execution.",2026-08-25T22:30:24Z
7a24d83535a2a09a,Weak,"The role is primarily technology or systems work, outside target treasury, markets, transaction or investment execution.",2026-08-25T22:30:24Z
a76dcb18d84e91ea,Moderate,"The role appears finance-adjacent, but the available responsibilities do not establish target treasury, markets, transaction or investment execution as the core.",2026-08-25T22:30:24Z
cb910aea44b8ee17,Weak,"The role is primarily technology or systems work, outside target treasury, markets, transaction or investment execution.",2026-08-25T22:30:24Z
75c1f09b7e03a36c,Moderate,"The role is finance-relevant, but its core is controlling, planning or business partnering rather than target execution.",2026-08-25T22:30:24Z
0c8f972cbe85dcae,Weak,"The role is materially outside target treasury, markets, transaction or investment execution.",2026-08-25T22:30:24Z
e02fe70fddc6d260,Weak,"The role is materially outside target treasury, markets, transaction or investment execution.",2026-08-25T22:30:24Z
2797ebc5a49c26e7,Weak,"The role is materially outside target treasury, markets, transaction or investment execution.",2026-08-25T22:30:24Z
0f141404dec63dad,Weak,"The role is primarily sales, client or people work, outside target treasury, markets, transaction or investment execution.",2026-08-25T22:30:24Z
865e5e0ae6c4db2e,Weak,"The role is primarily technology or systems work, outside target treasury, markets, transaction or investment execution.",2026-08-25T22:30:24Z
d043a4636f25f12f,Weak,"The role is primarily technology or systems work, outside target treasury, markets, transaction or investment execution.",2026-08-25T22:30:24Z
ec73d98bff1abb12,Moderate,"The role appears finance-adjacent, but the available responsibilities do not establish target treasury, markets, transaction or investment execution as the core.",2026-08-25T22:30:24Z
bf530068ed779ec3,Moderate,"The role appears finance-adjacent, but the available responsibilities do not establish target treasury, markets, transaction or investment execution as the core.",2026-08-25T22:30:24Z
a98af7d1416a2063,Moderate,"The role appears finance-adjacent, but the available responsibilities do not establish target treasury, markets, transaction or investment execution as the core.",2026-08-25T22:30:24Z
16e014683dbb4124,Moderate,"The role is finance-relevant, but its core is controlling, planning or business partnering rather than target execution.",2026-08-25T22:30:24Z
2c76ca8010721dfb,Weak,"The role is primarily technology or systems work, outside target treasury, markets, transaction or investment execution.",2026-08-25T22:30:24Z
380ebbe9e5374b89,Weak,"The role is materially outside target treasury, markets, transaction or investment execution.",2026-08-25T22:30:24Z
3b104aad0fe006f8,Weak,"The role is materially outside target treasury, markets, transaction or investment execution.",2026-08-25T22:30:24Z
4c527c6ed992e043,Weak,"The role is materially outside target treasury, markets, transaction or investment execution.",2026-08-25T22:30:24Z
554cd7eb4cba21d5,Weak,"The role is primarily technology or systems work, outside target treasury, markets, transaction or investment execution.",2026-08-25T22:30:24Z
1b904a2ceb2a52ef,Weak,"The role is primarily technology or systems work, outside target treasury, markets, transaction or investment execution.",2026-08-25T22:30:24Z
59c9ca221ec64a6c,Weak,"The role is primarily tax work, outside target treasury, markets, transaction or investment execution.",2026-08-25T22:30:24Z
62851d70c09d6d82,Weak,"The role is primarily tax work, outside target treasury, markets, transaction or investment execution.",2026-08-25T22:30:24Z
7b3d490493278e16,Weak,"The role is primarily audit and assurance work, outside target treasury, markets, transaction or investment execution.",2026-08-25T22:30:24Z
1f4690c6306ca1bf,Weak,"The role is primarily audit and assurance work, outside target treasury, markets, transaction or investment execution.",2026-08-25T22:30:24Z
a899f8f5260b8fd6,Weak,"The role is primarily audit and assurance work, outside target treasury, markets, transaction or investment execution.",2026-08-25T22:30:24Z
b94642556f3396c8,Weak,"The role is primarily audit and assurance work, outside target treasury, markets, transaction or investment execution.",2026-08-25T22:30:24Z
d24bf6d07711ef0f,Weak,"The role is primarily technology or systems work, outside target treasury, markets, transaction or investment execution.",2026-08-25T22:30:24Z
9e9dba903dd8a887,Weak,"The role is primarily technology or systems work, outside target treasury, markets, transaction or investment execution.",2026-08-25T22:30:24Z
e28121e8f2ed0410,Weak,"The role is primarily technology or systems work, outside target treasury, markets, transaction or investment execution.",2026-08-25T22:30:24Z
5c6cf751b9e76b06,Strong,"The role is centered on transaction execution, financial due diligence, valuation/modeling, structuring or deal financing.",2026-08-25T22:30:24Z
d6f6e0b7ea87c164,Moderate,"INSUFFICIENT_DESCRIPTION: The role appears finance-adjacent, but the available responsibilities do not establish target treasury, markets, transaction or investment execution as the core.",2026-08-25T22:30:24Z
4114fae040269387,Weak,"The role is primarily legal work, outside target treasury, markets, transaction or investment execution.",2026-08-25T22:30:24Z
9e6f0349c9159dec,Weak,"The role is primarily accounting or reporting work, outside target treasury, markets, transaction or investment execution.",2026-08-25T22:30:24Z
bd977bc8120090a9,Weak,"The role is primarily technology or systems work, outside target treasury, markets, transaction or investment execution.",2026-08-25T22:30:24Z
c65a2469443c5534,Weak,"The role is materially outside target treasury, markets, transaction or investment execution.",2026-08-25T22:30:24Z
7c1713725d534f68,Weak,"The role is materially outside target treasury, markets, transaction or investment execution.",2026-08-25T22:30:24Z
e1bf725929a99bc8,Weak,"The role is materially outside target treasury, markets, transaction or investment execution.",2026-08-25T22:30:24Z
d88c73d2b0510e27,Weak,"The role is primarily technology or systems work, outside target treasury, markets, transaction or investment execution.",2026-08-25T22:30:24Z
cb3c3985e93aa9de,Moderate,"The role appears finance-adjacent, but the available responsibilities do not establish target treasury, markets, transaction or investment execution as the core.",2026-08-25T22:30:24Z
57bf4eb3516a6523,Moderate,"The role appears finance-adjacent, but the available responsibilities do not establish target treasury, markets, transaction or investment execution as the core.",2026-08-25T22:30:24Z
3b06c6ca73e57739,Weak,"The role is primarily tax work, outside target treasury, markets, transaction or investment execution.",2026-08-25T22:30:24Z
da0ba4f8687596ad,Weak,"The role is primarily actuarial work, outside target treasury, markets, transaction or investment execution.",2026-08-25T22:30:24Z
604710a1c25d04d4,Weak,"The role is primarily compliance or control work, outside target treasury, markets, transaction or investment execution.",2026-08-25T22:30:24Z
c8391f0a0d67c77a,Weak,"The role is primarily tax work, outside target treasury, markets, transaction or investment execution.",2026-08-25T22:30:24Z
16f585f35a6b9668,Weak,"The role is materially outside target treasury, markets, transaction or investment execution.",2026-08-25T22:30:24Z
e3a2be9a3d33fe6a,Weak,"The role is primarily technology or systems work, outside target treasury, markets, transaction or investment execution.",2026-08-25T22:30:24Z
725e609486d03287,Weak,"The role is primarily audit and assurance work, outside target treasury, markets, transaction or investment execution.",2026-08-25T22:30:24Z
e0b9ee391f202423,Strong,"The role is centered on transaction execution, financial due diligence, valuation/modeling, structuring or deal financing.",2026-08-25T22:30:24Z
eee5d70b3f358c56,Weak,"The role is primarily technology or systems work, outside target treasury, markets, transaction or investment execution.",2026-08-25T22:30:24Z
b663cddba9e2e0ac,Moderate,"The role appears finance-adjacent, but the available responsibilities do not establish target treasury, markets, transaction or investment execution as the core.",2026-08-25T22:30:24Z
e16ba1a1db0d311f,Weak,"The role is primarily technology or systems work, outside target treasury, markets, transaction or investment execution.",2026-08-25T22:30:24Z
feee1651daf1988f,Weak,"The role is materially outside target treasury, markets, transaction or investment execution.",2026-08-25T22:30:24Z
bdd6d5b3990943a6,Weak,"The role is primarily technology or systems work, outside target treasury, markets, transaction or investment execution.",2026-08-25T22:30:24Z
c70302008b68fa31,Weak,"The role is materially outside target treasury, markets, transaction or investment execution.",2026-08-25T22:30:24Z
550444be72a25f38,Weak,"The role is primarily audit and assurance work, outside target treasury, markets, transaction or investment execution.",2026-08-25T22:30:24Z
17e9218edd138aaa,Strong,"The role is centered on transaction execution, financial due diligence, valuation/modeling, structuring or deal financing.",2026-08-25T22:30:24Z
26a2a511f39b57a3,Strong,"The role is centered on transaction execution, financial due diligence, valuation/modeling, structuring or deal financing.",2026-08-25T22:30:24Z
4bc3ad2746551933,Strong,"The role is centered on transaction execution, financial due diligence, valuation/modeling, structuring or deal financing.",2026-08-25T22:30:24Z
b1c49fb3140ac904,Weak,"The role is primarily tax work, outside target treasury, markets, transaction or investment execution.",2026-08-25T22:30:24Z
2f08d09253d25b6d,Weak,"The role is materially outside target treasury, markets, transaction or investment execution.",2026-08-25T22:30:24Z
c9f26fb4289b39b5,Weak,"The role is materially outside target treasury, markets, transaction or investment execution.",2026-08-25T22:30:24Z
cfaf41b264aa89cc,Moderate,"The role appears finance-adjacent, but the available responsibilities do not establish target treasury, markets, transaction or investment execution as the core.",2026-08-25T22:30:24Z
724d8bac8b493d88,Weak,"The role is primarily technology or systems work, outside target treasury, markets, transaction or investment execution.",2026-08-25T22:30:24Z
162b92e06f7bf4d8,Weak,"The role is materially outside target treasury, markets, transaction or investment execution.",2026-08-25T22:30:24Z
f2b5f90d5a5f27e3,Strong,"The role applies market, liquidity or financial-risk analysis to positions, hedging, scenarios or treasury decisions.",2026-08-25T22:30:24Z
163f3805e0013659,Moderate,"The role appears finance-adjacent, but the available responsibilities do not establish target treasury, markets, transaction or investment execution as the core.",2026-08-25T22:30:24Z
e2803acd33d3b806,Moderate,"The role appears finance-adjacent, but the available responsibilities do not establish target treasury, markets, transaction or investment execution as the core.",2026-08-25T22:30:24Z
deed60d16ed3d868,Weak,"The role is primarily technology or systems work, outside target treasury, markets, transaction or investment execution.",2026-08-25T22:30:24Z
f6fe9904f3ada7e4,Weak,"The role is primarily technology or systems work, outside target treasury, markets, transaction or investment execution.",2026-08-25T22:30:24Z
d345940cd3bf8be5,Weak,"The role is primarily accounting or reporting work, outside target treasury, markets, transaction or investment execution.",2026-08-25T22:30:24Z
628dc0611ab0bfd5,Moderate,"The role appears finance-adjacent, but the available responsibilities do not establish target treasury, markets, transaction or investment execution as the core.",2026-08-25T22:30:24Z
d291b12d106e38d1,Weak,"The role is materially outside target treasury, markets, transaction or investment execution.",2026-08-25T22:30:24Z
69b12acdbc16c561,Weak,"The role is primarily technology or systems work, outside target treasury, markets, transaction or investment execution.",2026-08-25T22:30:24Z
73e1bec7b941ba1f,Weak,"The role is primarily technology or systems work, outside target treasury, markets, transaction or investment execution.",2026-08-25T22:30:24Z
b9e9dec9fc146dd6,Weak,"The role is materially outside target treasury, markets, transaction or investment execution.",2026-08-25T22:30:24Z
f2107f27357225e6,Weak,"The role is primarily accounting or reporting work, outside target treasury, markets, transaction or investment execution.",2026-08-25T22:30:24Z
48b1f120a6e35439,Weak,"The role is primarily audit and assurance work, outside target treasury, markets, transaction or investment execution.",2026-08-25T22:30:24Z
77ee5bab12d79116,Weak,"The role is materially outside target treasury, markets, transaction or investment execution.",2026-08-25T22:30:24Z
8a05ee39273942c6,Weak,"The role is materially outside target treasury, markets, transaction or investment execution.",2026-08-25T22:30:24Z
4f35066c5da335ac,Moderate,"INSUFFICIENT_DESCRIPTION: The role appears finance-adjacent, but the available responsibilities do not establish target treasury, markets, transaction or investment execution as the core.",2026-08-25T22:30:24Z
0546a5dd7834895d,Weak,"The role is materially outside target treasury, markets, transaction or investment execution.",2026-08-25T22:30:24Z
f0d64058a4828ea2,Moderate,"The role appears finance-adjacent, but the available responsibilities do not establish target treasury, markets, transaction or investment execution as the core.",2026-08-25T22:30:24Z
2df7bb2397219ffa,Weak,"The role is materially outside target treasury, markets, transaction or investment execution.",2026-08-25T22:30:24Z
34e1d5ac1a1cfe84,Weak,"The role is materially outside target treasury, markets, transaction or investment execution.",2026-08-25T22:30:24Z
96cc0d1b923248d9,Weak,"The role is primarily accounting or reporting work, outside target treasury, markets, transaction or investment execution.",2026-08-25T22:30:24Z
dbb14e5cc4b4e436,Weak,"The role is primarily tax work, outside target treasury, markets, transaction or investment execution.",2026-08-25T22:30:24Z
1f9f9ffce2320b24,Moderate,"The role is finance-relevant, but its core is controlling, planning or business partnering rather than target execution.",2026-08-25T22:30:24Z
51583ba0b7dbb29f,Weak,"The role is primarily technology or systems work, outside target treasury, markets, transaction or investment execution.",2026-08-25T22:30:24Z
1e06cf9d611fa93b,Strong,"The work applies valuation and financial modeling directly to transactions, investments or financing decisions.",2026-08-25T22:30:24Z
6b964e983b011d45,Weak,"The role is primarily technology or systems work, outside target treasury, markets, transaction or investment execution.",2026-08-25T22:30:24Z
c9d22be85e5f7e2b,Weak,"The role is primarily audit and assurance work, outside target treasury, markets, transaction or investment execution.",2026-08-25T22:30:24Z
9f14dc631f59146b,Weak,"The role is materially outside target treasury, markets, transaction or investment execution.",2026-08-25T22:30:24Z
f87a3a56c13b62a8,Weak,"The role is materially outside target treasury, markets, transaction or investment execution.",2026-08-25T22:30:24Z
b14616305c0dce43,Weak,"The role is primarily compliance or control work, outside target treasury, markets, transaction or investment execution.",2026-08-25T22:30:24Z
6907f67c9cb76122,Strong,"The role is centered on transaction execution, financial due diligence, valuation/modeling, structuring or deal financing.",2026-08-25T22:30:24Z
90e013d5ba3324ee,Weak,"The role is primarily technology or systems work, outside target treasury, markets, transaction or investment execution.",2026-08-25T22:30:24Z
49d60c2b1bb267bc,Weak,"The role is primarily technology or systems work, outside target treasury, markets, transaction or investment execution.",2026-08-25T22:30:24Z
ad5cfb978e742cbb,Weak,"The role is primarily technology or systems work, outside target treasury, markets, transaction or investment execution.",2026-08-25T22:30:24Z
e66bb465378d8ee7,Weak,"The role is materially outside target treasury, markets, transaction or investment execution.",2026-08-25T22:30:24Z
98a6746c2c92416d,Moderate,"The role appears finance-adjacent, but the available responsibilities do not establish target treasury, markets, transaction or investment execution as the core.",2026-08-25T22:30:24Z
8fe797a980d186bd,Weak,"The role is primarily technology or systems work, outside target treasury, markets, transaction or investment execution.",2026-08-25T22:30:24Z
c3a269ddcb5a75ea,Weak,"The role is primarily technology or systems work, outside target treasury, markets, transaction or investment execution.",2026-08-25T22:30:24Z
a41a5a84b7e9621d,Weak,"The role is materially outside target treasury, markets, transaction or investment execution.",2026-08-25T22:30:24Z
a9c350fd5c56af9d,Weak,"The role is primarily technology or systems work, outside target treasury, markets, transaction or investment execution.",2026-08-25T22:30:24Z
c095c32e4dad5229,Moderate,"The role appears finance-adjacent, but the available responsibilities do not establish target treasury, markets, transaction or investment execution as the core.",2026-08-25T22:30:24Z
4f39e49255cf5290,Moderate,"The role appears finance-adjacent, but the available responsibilities do not establish target treasury, markets, transaction or investment execution as the core.",2026-08-25T22:30:24Z
0a65b1f038dcb9c2,Moderate,"The role appears finance-adjacent, but the available responsibilities do not establish target treasury, markets, transaction or investment execution as the core.",2026-08-25T22:30:24Z
244e0481e36d59f2,Weak,"The role is primarily technology or systems work, outside target treasury, markets, transaction or investment execution.",2026-08-25T22:30:24Z
d4b3019a131d4fc7,Weak,"The role is primarily operations or project-management work, outside target treasury, markets, transaction or investment execution.",2026-08-25T22:30:24Z
6b3fbc0567808d32,Weak,"The role is primarily technology or systems work, outside target treasury, markets, transaction or investment execution.",2026-08-25T22:30:24Z
71336ef27ac8a9a2,Moderate,"The role appears finance-adjacent, but the available responsibilities do not establish target treasury, markets, transaction or investment execution as the core.",2026-08-25T22:30:24Z
acea3e26e5ba4fda,Weak,"The role is materially outside target treasury, markets, transaction or investment execution.",2026-08-25T22:30:24Z
f1e191062ba13ba1,Moderate,"The role appears finance-adjacent, but the available responsibilities do not establish target treasury, markets, transaction or investment execution as the core.",2026-08-25T22:30:24Z
d2a2c7944dc8533c,Weak,"The role is primarily technology or systems work, outside target treasury, markets, transaction or investment execution.",2026-08-25T22:30:24Z
cd56da32e7aa60b6,Weak,"The role is primarily audit and assurance work, outside target treasury, markets, transaction or investment execution.",2026-08-25T22:30:24Z
dfffab77f34700db,Moderate,"The role appears finance-adjacent, but the available responsibilities do not establish target treasury, markets, transaction or investment execution as the core.",2026-08-25T22:30:24Z
77b7ab02ec3b9de1,Weak,"The role is materially outside target treasury, markets, transaction or investment execution.",2026-08-25T22:30:24Z
332f2d82f88b73af,Weak,"The role is primarily accounting or reporting work, outside target treasury, markets, transaction or investment execution.",2026-08-25T22:30:24Z
98ea6a70d8859ad3,Moderate,"The role appears finance-adjacent, but the available responsibilities do not establish target treasury, markets, transaction or investment execution as the core.",2026-08-25T22:30:24Z
ef368efa6663017c,Weak,"The role is primarily audit and assurance work, outside target treasury, markets, transaction or investment execution.",2026-08-25T22:30:24Z
1f99d756cf9544c4,Weak,"The role is primarily technology or systems work, outside target treasury, markets, transaction or investment execution.",2026-08-25T22:30:24Z
bb219bf0d6908d8b,Weak,"The role is primarily tax work, outside target treasury, markets, transaction or investment execution.",2026-08-25T22:30:24Z
c32a745d02ab890f,Moderate,"The role appears finance-adjacent, but the available responsibilities do not establish target treasury, markets, transaction or investment execution as the core.",2026-08-25T22:30:24Z
e0feeed7098c51e9,Moderate,"The role appears finance-adjacent, but the available responsibilities do not establish target treasury, markets, transaction or investment execution as the core.",2026-08-25T22:30:24Z
5e73ae4413d05f70,Weak,"The role is primarily technology or systems work, outside target treasury, markets, transaction or investment execution.",2026-08-25T22:30:24Z
b53696fc56a4a212,Moderate,"The role appears finance-adjacent, but the available responsibilities do not establish target treasury, markets, transaction or investment execution as the core.",2026-08-25T22:30:24Z
76611cba0a458767,Weak,"The role is materially outside target treasury, markets, transaction or investment execution.",2026-08-25T22:30:24Z
f484d933517bb484,Moderate,"The role appears finance-adjacent, but the available responsibilities do not establish target treasury, markets, transaction or investment execution as the core.",2026-08-25T22:30:24Z
46dd0302e7e73fe8,Weak,"The role is primarily compliance or control work, outside target treasury, markets, transaction or investment execution.",2026-08-25T22:30:24Z
aecbc5de8a169e14,Weak,"The role is primarily tax work, outside target treasury, markets, transaction or investment execution.",2026-08-25T22:30:24Z
285943c681880a7f,Weak,"The role is materially outside target treasury, markets, transaction or investment execution.",2026-08-25T22:30:24Z
76482b6998669b4d,Weak,"The role is primarily technology or systems work, outside target treasury, markets, transaction or investment execution.",2026-08-25T22:30:24Z
d49bf28a3a584252,Weak,"The role is primarily technology or systems work, outside target treasury, markets, transaction or investment execution.",2026-08-25T22:30:24Z
3ec534b8625f8dd6,Moderate,"The role appears finance-adjacent, but the available responsibilities do not establish target treasury, markets, transaction or investment execution as the core.",2026-08-25T22:30:24Z
1364e31d65fa68ee,Weak,"The role is primarily technology or systems work, outside target treasury, markets, transaction or investment execution.",2026-08-25T22:30:24Z
877aa61a36595705,Weak,"The role is materially outside target treasury, markets, transaction or investment execution.",2026-08-25T22:30:24Z
0c7a69b1fe96fb13,Weak,"The role is materially outside target treasury, markets, transaction or investment execution.",2026-08-25T22:30:24Z
55fdc2a99a6b1f1d,Weak,"The role is materially outside target treasury, markets, transaction or investment execution.",2026-08-25T22:30:24Z
fd3307c7181bb5e2,Weak,"The role is primarily technology or systems work, outside target treasury, markets, transaction or investment execution.",2026-08-25T22:30:24Z
7e2f91864561bcff,Moderate,"INSUFFICIENT_DESCRIPTION: The role appears finance-adjacent, but the available responsibilities do not establish target treasury, markets, transaction or investment execution as the core.",2026-08-25T22:30:24Z
90746ab1d407e0de,Strong,"The role is centered on transaction execution, financial due diligence, valuation/modeling, structuring or deal financing.",2026-08-25T22:30:24Z
f36fd4cb676a67b6,Weak,"The role is primarily technology or systems work, outside target treasury, markets, transaction or investment execution.",2026-08-25T22:30:24Z
738224def42b167e,Weak,"The role is materially outside target treasury, markets, transaction or investment execution.",2026-08-25T22:30:24Z
9b433ace6ca69d62,Weak,"The role is primarily technology or systems work, outside target treasury, markets, transaction or investment execution.",2026-08-25T22:30:24Z
13dec8c296e65d45,Weak,"The role is primarily audit and assurance work, outside target treasury, markets, transaction or investment execution.",2026-08-25T22:30:24Z
d916cffeaf61efb6,Weak,"The role is primarily technology or systems work, outside target treasury, markets, transaction or investment execution.",2026-08-25T22:30:24Z
0667bd2874e9ee6b,Weak,"The role is primarily audit and assurance work, outside target treasury, markets, transaction or investment execution.",2026-08-25T22:30:24Z
f4aa25257cd18b7b,Moderate,"The role appears finance-adjacent, but the available responsibilities do not establish target treasury, markets, transaction or investment execution as the core.",2026-08-25T22:30:24Z
d39f59ad8d13c633,Moderate,"The role appears finance-adjacent, but the available responsibilities do not establish target treasury, markets, transaction or investment execution as the core.",2026-08-25T22:30:24Z
d0af90275da518be,Weak,"The role is materially outside target treasury, markets, transaction or investment execution.",2026-08-25T22:30:24Z
148c1c260cba75a9,Weak,"The role is materially outside target treasury, markets, transaction or investment execution.",2026-08-25T22:30:24Z
31cda32372aad229,Weak,"The role is primarily tax work, outside target treasury, markets, transaction or investment execution.",2026-08-25T22:30:24Z
08ac939b1c204b51,Weak,"The role is primarily tax work, outside target treasury, markets, transaction or investment execution.",2026-08-25T22:30:24Z
2ba5d6ef3df1d072,Weak,"The role is primarily technology or systems work, outside target treasury, markets, transaction or investment execution.",2026-08-25T22:30:24Z
b5e5d40a6ebb00a3,Weak,"The role is materially outside target treasury, markets, transaction or investment execution.",2026-08-25T22:30:24Z
9ddd89caa8128962,Weak,"The role is primarily tax work, outside target treasury, markets, transaction or investment execution.",2026-08-25T22:30:24Z
1b7752839223c4ef,Weak,"The role is primarily technology or systems work, outside target treasury, markets, transaction or investment execution.",2026-08-25T22:30:24Z
de197065f7ec5acc,Moderate,"The role appears finance-adjacent, but the available responsibilities do not establish target treasury, markets, transaction or investment execution as the core.",2026-08-25T22:30:24Z
757ef159590323c7,Strong,"Core responsibilities cover practical corporate treasury execution across liquidity, funding, FX/rates, hedging or financial risk.",2026-08-25T22:30:24Z
c3648f7913f2cc83,Weak,"The role is primarily sales, client or people work, outside target treasury, markets, transaction or investment execution.",2026-08-25T22:30:24Z
c026ccb5a484967a,Weak,"The role is primarily technology or systems work, outside target treasury, markets, transaction or investment execution.",2026-08-25T22:30:24Z
21ff6fb0bae1c56e,Weak,"The role is primarily technology or systems work, outside target treasury, markets, transaction or investment execution.",2026-08-25T22:30:24Z
6aa409367cdc1400,Weak,"The role is primarily procurement or operational work, outside target treasury, markets, transaction or investment execution.",2026-08-25T22:30:24Z
0a831accbfff46e5,Weak,"The role is primarily tax work, outside target treasury, markets, transaction or investment execution.",2026-08-25T22:30:24Z
c3fd95d70d911c69,Weak,"The role is primarily compliance or control work, outside target treasury, markets, transaction or investment execution.",2026-08-25T22:30:24Z
ea408ad7885c185d,Weak,"The role is primarily accounting or reporting work, outside target treasury, markets, transaction or investment execution.",2026-08-25T22:30:24Z
97eed845c433f655,Weak,"The role is primarily compliance or control work, outside target treasury, markets, transaction or investment execution.",2026-08-25T22:30:24Z
326f7ca0720107ff,Weak,"The role is primarily compliance or control work, outside target treasury, markets, transaction or investment execution.",2026-08-25T22:30:24Z
f1a50d076aff2476,Weak,"The role is primarily legal work, outside target treasury, markets, transaction or investment execution.",2026-08-25T22:30:24Z
94c5266ae7b41b7e,Weak,"The role is primarily technology or systems work, outside target treasury, markets, transaction or investment execution.",2026-08-25T22:30:24Z
82ac3665d86c7b73,Weak,"The role is primarily tax work, outside target treasury, markets, transaction or investment execution.",2026-08-25T22:30:24Z
8b620d5c447ae345,Strong,"Core responsibilities cover practical corporate treasury execution across liquidity, funding, FX/rates, hedging or financial risk.",2026-08-25T22:30:24Z
048a32e74c6a0de4,Weak,"The role is primarily sales, client or people work, outside target treasury, markets, transaction or investment execution.",2026-08-25T22:30:24Z
9a35482c7ce41330,Weak,"The role is primarily actuarial work, outside target treasury, markets, transaction or investment execution.",2026-08-25T22:30:24Z
41c84d8d884b7b0d,Weak,"The role is primarily compliance or control work, outside target treasury, markets, transaction or investment execution.",2026-08-25T22:30:24Z
63f7b0df042c6222,Weak,"The role is primarily sales, client or people work, outside target treasury, markets, transaction or investment execution.",2026-08-25T22:30:24Z
c1939de8d06aab20,Weak,"The role is primarily sales, client or people work, outside target treasury, markets, transaction or investment execution.",2026-08-25T22:30:24Z
ebfd7eed2a243d4f,Weak,"The role is primarily sales, client or people work, outside target treasury, markets, transaction or investment execution.",2026-08-25T22:30:24Z
9012e06cfc571d95,Weak,"The role is materially outside target treasury, markets, transaction or investment execution.",2026-08-25T22:30:24Z
9e197b1145c28a34,Weak,"The role is primarily technology or systems work, outside target treasury, markets, transaction or investment execution.",2026-08-25T22:30:24Z
99e289ef3e5553b9,Weak,"The role is primarily compliance or control work, outside target treasury, markets, transaction or investment execution.",2026-08-25T22:30:24Z
a1a87a3c7329afcd,Weak,"The role is materially outside target treasury, markets, transaction or investment execution.",2026-08-25T22:30:24Z
fe87a79aaeb32db5,Weak,"The role is primarily technology or systems work, outside target treasury, markets, transaction or investment execution.",2026-08-25T22:30:24Z
d69237606e1e1acf,Weak,"The role is primarily tax work, outside target treasury, markets, transaction or investment execution.",2026-08-25T22:30:24Z
4daf9db886a91973,Weak,"The role is primarily technology or systems work, outside target treasury, markets, transaction or investment execution.",2026-08-25T22:30:24Z
c01bbed2fa72cd66,Weak,"The role is primarily technology or systems work, outside target treasury, markets, transaction or investment execution.",2026-08-25T22:30:24Z
81c7332ec2e7978f,Weak,"The role is materially outside target treasury, markets, transaction or investment execution.",2026-08-25T22:30:24Z
393077364061efa7,Weak,"The role is primarily tax work, outside target treasury, markets, transaction or investment execution.",2026-08-25T22:30:24Z
4baa0b3fcbd63d91,Weak,"The role is primarily technology or systems work, outside target treasury, markets, transaction or investment execution.",2026-08-25T22:30:24Z
30d11b6281470fc8,Weak,"The role is primarily technology or systems work, outside target treasury, markets, transaction or investment execution.",2026-08-25T22:30:24Z
569f79631b2798e4,Moderate,"The role appears finance-adjacent, but the available responsibilities do not establish target treasury, markets, transaction or investment execution as the core.",2026-08-25T22:30:24Z
094141c243c31839,Weak,"The role is primarily technology or systems work, outside target treasury, markets, transaction or investment execution.",2026-08-25T22:30:24Z
a3836d929fd36cf4,Moderate,"The role appears finance-adjacent, but the available responsibilities do not establish target treasury, markets, transaction or investment execution as the core.",2026-08-25T22:30:24Z
034d52ccd01b4746,Weak,"The role is materially outside target treasury, markets, transaction or investment execution.",2026-08-25T22:30:24Z
d5482a39214f3286,Weak,"The role is primarily compliance or control work, outside target treasury, markets, transaction or investment execution.",2026-08-25T22:30:24Z
11b7641dd3416e1a,Weak,"The role is primarily tax work, outside target treasury, markets, transaction or investment execution.",2026-08-25T22:30:24Z
7ea480630182b4d7,Weak,"The role is materially outside target treasury, markets, transaction or investment execution.",2026-08-25T22:30:24Z
e68196b355d4932c,Weak,"The role is materially outside target treasury, markets, transaction or investment execution.",2026-08-25T22:30:24Z
f918c2f0e0791d4e,Moderate,"The role appears finance-adjacent, but the available responsibilities do not establish target treasury, markets, transaction or investment execution as the core.",2026-08-25T22:30:24Z
7cc5031bf0e9e51f,Moderate,"The role is finance-relevant, but its core is planning, control, credit, operations or product-specific analysis rather than target execution.",2026-08-25T22:30:24Z
69f0eedce8b96c14,Weak,"The role is primarily technology or systems work, outside target treasury, markets, transaction or investment execution.",2026-08-25T22:30:24Z
a5723b0f1e43f60c,Weak,"The role is primarily technology or systems work, outside target treasury, markets, transaction or investment execution.",2026-08-25T22:30:24Z
019e71970fbef657,Weak,"The role is primarily technology or systems work, outside target treasury, markets, transaction or investment execution.",2026-08-25T22:30:24Z
4b286918c9c0df6c,Weak,"The role is primarily technology or systems work, outside target treasury, markets, transaction or investment execution.",2026-08-25T22:30:24Z
e40dbdbcd4302aeb,Weak,"The role is primarily technology or systems work, outside target treasury, markets, transaction or investment execution.",2026-08-25T22:30:24Z
4501960f2e85fa16,Weak,"The role is primarily audit and assurance work, outside target treasury, markets, transaction or investment execution.",2026-08-25T22:30:24Z
035fd96e2c0f8b12,Weak,"The role is materially outside target treasury, markets, transaction or investment execution.",2026-08-25T22:30:24Z
03db039cc483198c,Weak,"The role is primarily audit and assurance work, outside target treasury, markets, transaction or investment execution.",2026-08-25T22:30:24Z
de22c63b85914f34,Weak,"The role is primarily tax work, outside target treasury, markets, transaction or investment execution.",2026-08-25T22:30:24Z
1b3016ca51b3bdf7,Weak,"The role is primarily tax work, outside target treasury, markets, transaction or investment execution.",2026-08-25T22:30:24Z
d4636e9c50a195d9,Weak,"The role is primarily audit and assurance work, outside target treasury, markets, transaction or investment execution.",2026-08-25T22:30:24Z
eb87ec672ecd2fad,Weak,"The role is primarily technology or systems work, outside target treasury, markets, transaction or investment execution.",2026-08-25T22:30:24Z
f13d5bdb798e5aa8,Weak,"The role is materially outside target treasury, markets, transaction or investment execution.",2026-08-25T22:30:24Z
f0d4cb5e6f5dab96,Weak,"The role is primarily tax work, outside target treasury, markets, transaction or investment execution.",2026-08-25T22:30:24Z
b295aa0f8f3c61d2,Moderate,"The role appears finance-adjacent, but the available responsibilities do not establish target treasury, markets, transaction or investment execution as the core.",2026-08-25T22:30:24Z
af8813e0bb4c5deb,Weak,"The role is primarily tax work, outside target treasury, markets, transaction or investment execution.",2026-08-25T22:30:24Z
8d85d4123695c4fd,Weak,"The role is primarily technology or systems work, outside target treasury, markets, transaction or investment execution.",2026-08-25T22:30:24Z
9a0b9f25dabdaecf,Weak,"The role is primarily technology or systems work, outside target treasury, markets, transaction or investment execution.",2026-08-25T22:30:24Z
bdfea06f01bcd7e3,Strong,"The role is centered on transaction execution, financial due diligence, valuation/modeling, structuring or deal financing.",2026-08-25T22:30:24Z
f13d28ce8b279ad0,Moderate,"INSUFFICIENT_DESCRIPTION: The role appears finance-adjacent, but the available responsibilities do not establish target treasury, markets, transaction or investment execution as the core.",2026-08-25T22:30:24Z
6e854a2ca16fec92,Weak,"The role is primarily technology or systems work, outside target treasury, markets, transaction or investment execution.",2026-08-25T22:30:24Z
473790f474181072,Moderate,"The role appears finance-adjacent, but the available responsibilities do not establish target treasury, markets, transaction or investment execution as the core.",2026-08-25T22:30:24Z
b57f2e3da1389db0,Moderate,"The role appears finance-adjacent, but the available responsibilities do not establish target treasury, markets, transaction or investment execution as the core.",2026-08-25T22:30:24Z
afb63a1ad08747fd,Weak,"The role is materially outside target treasury, markets, transaction or investment execution.",2026-08-25T22:30:24Z
d155e8f21597ebe3,Moderate,"The role appears finance-adjacent, but the available responsibilities do not establish target treasury, markets, transaction or investment execution as the core.",2026-08-25T22:30:24Z
4002dac455476302,Weak,"The role is materially outside target treasury, markets, transaction or investment execution.",2026-08-25T22:30:24Z
1b0e0244638c894b,Moderate,"The role is finance-relevant, but its core is planning, control, credit, operations or product-specific analysis rather than target execution.",2026-08-25T22:30:24Z
cbf37eea9f09153d,Moderate,"The role appears finance-adjacent, but the available responsibilities do not establish target treasury, markets, transaction or investment execution as the core.",2026-08-25T22:30:24Z
dadfba56f86ee774,Weak,"The role is primarily audit and assurance work, outside target treasury, markets, transaction or investment execution.",2026-08-25T22:30:24Z
fe58011cefd5cbe4,Weak,"The role is primarily audit and assurance work, outside target treasury, markets, transaction or investment execution.",2026-08-25T22:30:24Z
c8820e9a0bae9761,Weak,"The role is primarily technology or systems work, outside target treasury, markets, transaction or investment execution.",2026-08-25T22:30:24Z
8476b5c573334a44,Weak,"The role is primarily compliance or control work, outside target treasury, markets, transaction or investment execution.",2026-08-25T22:30:24Z
93f06aa67f10d896,Weak,"The role is primarily technology or systems work, outside target treasury, markets, transaction or investment execution.",2026-08-25T22:30:24Z
b59b698c8d2e818a,Weak,"The role is primarily audit and assurance work, outside target treasury, markets, transaction or investment execution.",2026-08-25T22:30:24Z
d9f0687dffe0cbba,Weak,"The role is materially outside target treasury, markets, transaction or investment execution.",2026-08-25T22:30:24Z
2776292a5a7cba37,Weak,"The role is primarily technology or systems work, outside target treasury, markets, transaction or investment execution.",2026-08-25T22:30:24Z
e284d7706573d654,Weak,"The role is materially outside target treasury, markets, transaction or investment execution.",2026-08-25T22:30:24Z
7d0c2ff29695fb17,Weak,"The role is primarily technology or systems work, outside target treasury, markets, transaction or investment execution.",2026-08-25T22:30:24Z
08036170306ca250,Weak,"The role is primarily technology or systems work, outside target treasury, markets, transaction or investment execution.",2026-08-25T22:30:24Z
72e76a6e5249a309,Weak,"The role is materially outside target treasury, markets, transaction or investment execution.",2026-08-25T22:30:24Z
44386b35cdb98321,Weak,"The role is primarily tax work, outside target treasury, markets, transaction or investment execution.",2026-08-25T22:30:24Z
4136be0484b98c2c,Weak,"The role is primarily technology or systems work, outside target treasury, markets, transaction or investment execution.",2026-08-25T22:30:24Z
211fc85adc75dacc,Weak,"The role is primarily technology or systems work, outside target treasury, markets, transaction or investment execution.",2026-08-25T22:30:24Z
5fce436b6bf702bc,Weak,"The role is primarily technology or systems work, outside target treasury, markets, transaction or investment execution.",2026-08-25T22:30:24Z
1eefb2dd3571cbc5,Moderate,"INSUFFICIENT_DESCRIPTION: The role appears finance-adjacent, but the available responsibilities do not establish target treasury, markets, transaction or investment execution as the core.",2026-08-25T22:30:24Z
3df00719900c65ba,Weak,"The role is materially outside target treasury, markets, transaction or investment execution.",2026-08-25T22:30:24Z
bbc187630efacbd7,Weak,"The role is primarily technology or systems work, outside target treasury, markets, transaction or investment execution.",2026-08-25T22:30:24Z
4555508f4b73f0c0,Weak,"The role is materially outside target treasury, markets, transaction or investment execution.",2026-08-25T22:30:24Z
89e11204c8b20a43,Weak,"The role is primarily compliance or control work, outside target treasury, markets, transaction or investment execution.",2026-08-25T22:30:24Z
a8edfb7850081ee3,Weak,"The role is materially outside target treasury, markets, transaction or investment execution.",2026-08-25T22:30:24Z
4616ae5f81249162,Weak,"The role is primarily tax work, outside target treasury, markets, transaction or investment execution.",2026-08-25T22:30:24Z
fc94c84089272686,Weak,"The role is primarily tax work, outside target treasury, markets, transaction or investment execution.",2026-08-25T22:30:24Z
e6c61e3f48960fe4,Moderate,"The role appears finance-adjacent, but the available responsibilities do not establish target treasury, markets, transaction or investment execution as the core.",2026-08-25T22:30:24Z
2e28aa15269a66c1,Weak,"The role is primarily tax work, outside target treasury, markets, transaction or investment execution.",2026-08-25T22:30:24Z
50e497416ab1445a,Weak,"The role is primarily audit and assurance work, outside target treasury, markets, transaction or investment execution.",2026-08-25T22:30:24Z
d5ac5a17ddf3cc64,Strong,"The role is centered on transaction execution, financial due diligence, valuation/modeling, structuring or deal financing.",2026-08-25T22:30:24Z
dd07b830efcd8373,Weak,"The role is materially outside target treasury, markets, transaction or investment execution.",2026-08-25T22:30:24Z
e64c9372458138a4,Weak,"The role is primarily technology or systems work, outside target treasury, markets, transaction or investment execution.",2026-08-25T22:30:24Z
658bb7dfa03ccda6,Weak,"The role is primarily audit and assurance work, outside target treasury, markets, transaction or investment execution.",2026-08-25T22:30:24Z
59f53151ae13f79a,Weak,"The role is primarily tax work, outside target treasury, markets, transaction or investment execution.",2026-08-25T22:30:24Z
0ac715f0ea36e0bd,Moderate,"The role appears finance-adjacent, but the available responsibilities do not establish target treasury, markets, transaction or investment execution as the core.",2026-08-25T22:30:24Z
2c30f77ba27c493e,Weak,"The role is materially outside target treasury, markets, transaction or investment execution.",2026-08-25T22:30:24Z
29d9de72cd3832d4,Strong,"The role is centered on transaction execution, financial due diligence, valuation/modeling, structuring or deal financing.",2026-08-25T22:30:24Z
17e2a7ed32de425c,Weak,"The role is primarily audit and assurance work, outside target treasury, markets, transaction or investment execution.",2026-08-25T22:30:24Z
ae8ba09a0d9190b8,Weak,"The role is primarily audit and assurance work, outside target treasury, markets, transaction or investment execution.",2026-08-25T22:30:24Z
9895b7c367c4842f,Weak,"The role is primarily audit and assurance work, outside target treasury, markets, transaction or investment execution.",2026-08-25T22:30:24Z
8ac2d93989373b98,Weak,"The role is primarily compliance or control work, outside target treasury, markets, transaction or investment execution.",2026-08-25T22:30:24Z
8bf53af8ef2a6768,Moderate,"INSUFFICIENT_DESCRIPTION: The role appears finance-adjacent, but the available responsibilities do not establish target treasury, markets, transaction or investment execution as the core.",2026-08-25T22:30:24Z
a69f2c6f30e06d77,Weak,"The role is materially outside target treasury, markets, transaction or investment execution.",2026-08-25T22:30:24Z
82913b81382027f6,Weak,"The role is primarily tax work, outside target treasury, markets, transaction or investment execution.",2026-08-25T22:30:24Z
3f2c64f75c81db61,Moderate,"The role appears finance-adjacent, but the available responsibilities do not establish target treasury, markets, transaction or investment execution as the core.",2026-08-25T22:30:24Z
ca73af47635cbe58,Weak,"The role is primarily operations or project-management work, outside target treasury, markets, transaction or investment execution.",2026-08-25T22:30:24Z
722e8f22ac6fa7e9,Weak,"The role is primarily audit and assurance work, outside target treasury, markets, transaction or investment execution.",2026-08-25T22:30:24Z
991962c4c6461aa0,Strong,"The role is centered on transaction execution, financial due diligence, valuation/modeling, structuring or deal financing.",2026-08-25T22:30:24Z
6532610380f71928,Moderate,"The role is finance-relevant, but its core is controlling, planning or business partnering rather than target execution.",2026-08-25T22:30:24Z
45693032e6193a14,Moderate,"The role appears finance-adjacent, but the available responsibilities do not establish target treasury, markets, transaction or investment execution as the core.",2026-08-25T22:30:24Z
4767dad5b24f605c,Weak,"The role is primarily tax work, outside target treasury, markets, transaction or investment execution.",2026-08-25T22:30:24Z
96139fb22fa89a10,Weak,"The role is primarily tax work, outside target treasury, markets, transaction or investment execution.",2026-08-25T22:30:24Z
6cca77479e12c78f,Weak,"The role is primarily legal work, outside target treasury, markets, transaction or investment execution.",2026-08-25T22:30:24Z
2a26f48e5da59fed,Weak,"The role is primarily sales, client or people work, outside target treasury, markets, transaction or investment execution.",2026-08-25T22:30:24Z
156c4733b960b542,Moderate,"The role appears finance-adjacent, but the available responsibilities do not establish target treasury, markets, transaction or investment execution as the core.",2026-08-25T22:30:24Z
1918866e77565ee4,Moderate,"The role appears finance-adjacent, but the available responsibilities do not establish target treasury, markets, transaction or investment execution as the core.",2026-08-25T22:30:24Z
dccf5835dcddecbe,Weak,"The role is primarily tax work, outside target treasury, markets, transaction or investment execution.",2026-08-25T22:30:24Z
81087c00084c13dd,Weak,"The role is primarily tax work, outside target treasury, markets, transaction or investment execution.",2026-08-25T22:30:24Z
5fafee2e9fa4722b,Weak,"The role is primarily technology or systems work, outside target treasury, markets, transaction or investment execution.",2026-08-25T22:30:24Z
4c7b19959d47194a,Weak,"The role is primarily technology or systems work, outside target treasury, markets, transaction or investment execution.",2026-08-25T22:30:24Z
7e062f6c42212465,Weak,"The role is primarily audit and assurance work, outside target treasury, markets, transaction or investment execution.",2026-08-25T22:30:24Z
a73ba5b1fc2ca2f4,Weak,"The role is materially outside target treasury, markets, transaction or investment execution.",2026-08-25T22:30:24Z
3bc79d9e10ffb6d9,Weak,"The role is primarily audit and assurance work, outside target treasury, markets, transaction or investment execution.",2026-08-25T22:30:24Z
cbde71b0f8268e70,Moderate,"INSUFFICIENT_DESCRIPTION: The title suggests transactions work, but the supplied vacancy content is insufficient to confirm the day-to-day responsibilities.",2026-08-25T22:30:24Z
2da049ac42563ced,Moderate,"INSUFFICIENT_DESCRIPTION: The title suggests transactions work, but the supplied vacancy content is insufficient to confirm the day-to-day responsibilities.",2026-08-25T22:30:24Z
6b78a193d0d253a2,Weak,"The role is primarily legal work, outside target treasury, markets, transaction or investment execution.",2026-08-25T22:30:24Z
18294a85d89cfc12,Weak,"The role is materially outside target treasury, markets, transaction or investment execution.",2026-08-25T22:30:24Z
0ca918066687f3be,Weak,"The role is primarily tax work, outside target treasury, markets, transaction or investment execution.",2026-08-25T22:30:24Z
d81fa3da37a2b16d,Moderate,"The role appears finance-adjacent, but the available responsibilities do not establish target treasury, markets, transaction or investment execution as the core.",2026-08-25T22:30:24Z
29c459cd630cfe7d,Weak,"The role is primarily tax work, outside target treasury, markets, transaction or investment execution.",2026-08-25T22:30:24Z
e92b157eb6a21680,Moderate,"The role appears finance-adjacent, but the available responsibilities do not establish target treasury, markets, transaction or investment execution as the core.",2026-08-25T22:30:24Z
87a771e9f974c1c7,Weak,"The role is primarily technology or systems work, outside target treasury, markets, transaction or investment execution.",2026-08-25T22:30:24Z
2b4c554d6ed080ac,Weak,"The role is primarily technology or systems work, outside target treasury, markets, transaction or investment execution.",2026-08-25T22:30:24Z
606efaf68f8f1255,Weak,"The role is primarily accounting or reporting work, outside target treasury, markets, transaction or investment execution.",2026-08-25T22:30:24Z
49e2deaa6e9355c3,Weak,"The role is primarily audit and assurance work, outside target treasury, markets, transaction or investment execution.",2026-08-25T22:30:24Z
b9e7a104bc696bbe,Weak,"The role is materially outside target treasury, markets, transaction or investment execution.",2026-08-25T22:30:24Z
b345126e92058be5,Weak,"The role is primarily technology or systems work, outside target treasury, markets, transaction or investment execution.",2026-08-25T22:30:24Z
b34e6f5aab8b49af,Weak,"The role is primarily technology or systems work, outside target treasury, markets, transaction or investment execution.",2026-08-25T22:30:24Z
af85284120a2db74,Moderate,"INSUFFICIENT_DESCRIPTION: The role appears finance-adjacent, but the available responsibilities do not establish target treasury, markets, transaction or investment execution as the core.",2026-08-25T22:30:24Z
45e6d4c1024007d5,Moderate,"The role appears finance-adjacent, but the available responsibilities do not establish target treasury, markets, transaction or investment execution as the core.",2026-08-25T22:30:24Z
3112d92beaf9d406,Weak,"The role is primarily technology or systems work, outside target treasury, markets, transaction or investment execution.",2026-08-25T22:30:24Z
5ae9d81a7197ff10,Weak,"The role is primarily audit and assurance work, outside target treasury, markets, transaction or investment execution.",2026-08-25T22:30:24Z
424c3d2567ecd524,Weak,"The role is primarily sales, client or people work, outside target treasury, markets, transaction or investment execution.",2026-08-25T22:30:24Z
7a70e54c3d1f9146,Weak,"The role is primarily compliance or control work, outside target treasury, markets, transaction or investment execution.",2026-08-25T22:30:24Z
e18bdabf77a89a43,Weak,"The role is primarily technology or systems work, outside target treasury, markets, transaction or investment execution.",2026-08-25T22:30:24Z
af98c215d926a68f,Weak,"The role is materially outside target treasury, markets, transaction or investment execution.",2026-08-25T22:30:24Z
8e13eaf7871562e6,Moderate,"The role appears finance-adjacent, but the available responsibilities do not establish target treasury, markets, transaction or investment execution as the core.",2026-08-25T22:30:24Z
54b957e2ee12c977,Weak,"The role is primarily technology or systems work, outside target treasury, markets, transaction or investment execution.",2026-08-25T22:30:24Z
71f10c6daa7fcdb5,Moderate,"The role appears finance-adjacent, but the available responsibilities do not establish target treasury, markets, transaction or investment execution as the core.",2026-08-25T22:30:24Z
6e3dc13ec88a87a8,Weak,"The role is primarily tax work, outside target treasury, markets, transaction or investment execution.",2026-08-25T22:30:24Z
965686e516ba3299,Weak,"The role is materially outside target treasury, markets, transaction or investment execution.",2026-08-25T22:30:24Z
45a004431ece22d6,Weak,"The role is materially outside target treasury, markets, transaction or investment execution.",2026-08-25T22:30:24Z
a69e563630e9491a,Weak,"The role is materially outside target treasury, markets, transaction or investment execution.",2026-08-25T22:30:24Z
2b40938153f7cc81,Weak,"The role is primarily tax work, outside target treasury, markets, transaction or investment execution.",2026-08-25T22:30:24Z
db796a1e626d8779,Weak,"The role is primarily compliance or control work, outside target treasury, markets, transaction or investment execution.",2026-08-25T22:30:24Z
62fd7097b64fe485,Weak,"The role is primarily technology or systems work, outside target treasury, markets, transaction or investment execution.",2026-08-25T22:30:24Z
b798f543f7de16e8,Weak,"The role is primarily tax work, outside target treasury, markets, transaction or investment execution.",2026-08-25T22:30:24Z
21841423b1a20d3e,Weak,"The role is primarily tax work, outside target treasury, markets, transaction or investment execution.",2026-08-25T22:30:24Z
53efc704b9a49960,Weak,"The role is primarily technology or systems work, outside target treasury, markets, transaction or investment execution.",2026-08-25T22:30:24Z
f51a1445ff2b77ba,Moderate,"The role appears finance-adjacent, but the available responsibilities do not establish target treasury, markets, transaction or investment execution as the core.",2026-08-25T22:30:24Z
79498974a30a4960,Weak,"The role is primarily legal work, outside target treasury, markets, transaction or investment execution.",2026-08-25T22:30:24Z
85fa88219dd70dfd,Weak,"The role is primarily technology or systems work, outside target treasury, markets, transaction or investment execution.",2026-08-25T22:30:24Z
0468331ce93f8628,Weak,"The role is materially outside target treasury, markets, transaction or investment execution.",2026-08-25T22:30:24Z
aa7c452578b7ecf8,Weak,"The role is primarily technology or systems work, outside target treasury, markets, transaction or investment execution.",2026-08-25T22:30:24Z
de67f38154029572,Weak,"The role is primarily accounting or reporting work, outside target treasury, markets, transaction or investment execution.",2026-08-25T22:30:24Z
258f82b358c03dfc,Moderate,"The role appears finance-adjacent, but the available responsibilities do not establish target treasury, markets, transaction or investment execution as the core.",2026-08-25T22:30:24Z
62ba320315074b45,Moderate,"The role appears finance-adjacent, but the available responsibilities do not establish target treasury, markets, transaction or investment execution as the core.",2026-08-25T22:30:24Z
96655eb19801ea6f,Weak,"The role is primarily audit and assurance work, outside target treasury, markets, transaction or investment execution.",2026-08-25T22:30:24Z
9f55121f0b077068,Weak,"The role is primarily tax work, outside target treasury, markets, transaction or investment execution.",2026-08-25T22:30:24Z
d3d874bd1b2edf0e,Weak,"The role is primarily audit and assurance work, outside target treasury, markets, transaction or investment execution.",2026-08-25T22:30:24Z
fce228c6fb0e059a,Weak,"The role is primarily technology or systems work, outside target treasury, markets, transaction or investment execution.",2026-08-25T22:30:24Z
2f051fa784b02477,Weak,"The role is materially outside target treasury, markets, transaction or investment execution.",2026-08-25T22:30:24Z
b92f6cc237a0c938,Weak,"The role is materially outside target treasury, markets, transaction or investment execution.",2026-08-25T22:30:24Z
b89069c30ce20e98,Weak,"The role is primarily tax work, outside target treasury, markets, transaction or investment execution.",2026-08-25T22:30:24Z
b86d54d20ffbce8e,Weak,"The role is primarily audit and assurance work, outside target treasury, markets, transaction or investment execution.",2026-08-25T22:30:24Z
341aa6f09fa32876,Weak,"The role is primarily tax work, outside target treasury, markets, transaction or investment execution.",2026-08-25T22:30:24Z
542fbf920a8b4c2b,Strong,"The role is centered on transaction execution, financial due diligence, valuation/modeling, structuring or deal financing.",2026-08-25T22:30:24Z
62fd2e99c54bc56b,Moderate,"The role appears finance-adjacent, but the available responsibilities do not establish target treasury, markets, transaction or investment execution as the core.",2026-08-25T22:30:24Z
ec1067883b6a55f5,Weak,"The role is primarily tax work, outside target treasury, markets, transaction or investment execution.",2026-08-25T22:30:24Z
98facd31e2b146d4,Moderate,"The role is adjacent to transactions or investments, but the core responsibilities are support, reporting or systems work.",2026-08-25T22:30:24Z
fdaaec8852525ed3,Weak,"The role is primarily technology or systems work, outside target treasury, markets, transaction or investment execution.",2026-08-25T22:30:24Z
2f61c5f0553a809a,Moderate,"The role appears finance-adjacent, but the available responsibilities do not establish target treasury, markets, transaction or investment execution as the core.",2026-08-25T22:30:24Z
c2ca9c8e2a653a9a,Weak,"The role is primarily accounting or reporting work, outside target treasury, markets, transaction or investment execution.",2026-08-25T22:30:24Z
c792c4f7de231306,Weak,"The role is primarily tax work, outside target treasury, markets, transaction or investment execution.",2026-08-25T22:30:24Z
b518b8d54f521a0f,Weak,"The role is materially outside target treasury, markets, transaction or investment execution.",2026-08-25T22:30:24Z
cde36aa9263e63a1,Weak,"The role is primarily audit and assurance work, outside target treasury, markets, transaction or investment execution.",2026-08-25T22:30:24Z
66274cd1cda34303,Weak,"The role is materially outside target treasury, markets, transaction or investment execution.",2026-08-25T22:30:24Z
2db29a52b340fbdc,Weak,"The role is primarily accounting or reporting work, outside target treasury, markets, transaction or investment execution.",2026-08-25T22:30:24Z
366e82f94872029d,Weak,"The role is primarily accounting or reporting work, outside target treasury, markets, transaction or investment execution.",2026-08-25T22:30:24Z
ccc7118b55c902ba,Weak,"The role is primarily tax work, outside target treasury, markets, transaction or investment execution.",2026-08-25T22:30:24Z
bc6085fc5c2ac8dd,Weak,"The role is primarily audit and assurance work, outside target treasury, markets, transaction or investment execution.",2026-08-25T22:30:24Z
49e5df95f094bd87,Moderate,"The role appears finance-adjacent, but the available responsibilities do not establish target treasury, markets, transaction or investment execution as the core.",2026-08-25T22:30:24Z
30076e19e7c7a701,Moderate,"The role appears finance-adjacent, but the available responsibilities do not establish target treasury, markets, transaction or investment execution as the core.",2026-08-25T22:30:24Z
680543b2a4967162,Moderate,"The role appears finance-adjacent, but the available responsibilities do not establish target treasury, markets, transaction or investment execution as the core.",2026-08-25T22:30:24Z
fe5bbcb83f53ab8a,Strong,"The role is centered on transaction execution, financial due diligence, valuation/modeling, structuring or deal financing.",2026-08-25T22:30:24Z
a6cd7d179aa927b9,Weak,"The role is materially outside target treasury, markets, transaction or investment execution.",2026-08-25T22:30:24Z
a57d8dfeefe65d69,Weak,"The role is primarily tax work, outside target treasury, markets, transaction or investment execution.",2026-08-25T22:30:24Z
56bf3e0c1d928bde,Moderate,"The role appears finance-adjacent, but the available responsibilities do not establish target treasury, markets, transaction or investment execution as the core.",2026-08-25T22:30:24Z
74f1c6c60c72c5f0,Weak,"The role is primarily tax work, outside target treasury, markets, transaction or investment execution.",2026-08-25T22:30:24Z
3c8bc84cb432b84a,Weak,"The role is primarily tax work, outside target treasury, markets, transaction or investment execution.",2026-08-25T22:30:24Z
809270c26f3f0444,Weak,"The role is primarily legal work, outside target treasury, markets, transaction or investment execution.",2026-08-25T22:30:24Z
c42fe87ab53c2d5f,Strong,"The work applies valuation and financial modeling directly to transactions, investments or financing decisions.",2026-08-25T22:30:24Z
2f35fbad97baa458,Weak,"The role is primarily technology or systems work, outside target treasury, markets, transaction or investment execution.",2026-08-25T22:30:24Z
25c9a718fefe261f,Weak,"The role is primarily technology or systems work, outside target treasury, markets, transaction or investment execution.",2026-08-25T22:30:24Z
302a901d05edaa48,Weak,"The role is materially outside target treasury, markets, transaction or investment execution.",2026-08-25T22:30:24Z
073eebd2fe718e73,Weak,"The role is primarily tax work, outside target treasury, markets, transaction or investment execution.",2026-08-25T22:30:24Z
04bec6c13d22f3b1,Weak,"The role is primarily tax work, outside target treasury, markets, transaction or investment execution.",2026-08-25T22:30:24Z
d2ae6d5917085c0a,Weak,"The role is primarily tax work, outside target treasury, markets, transaction or investment execution.",2026-08-25T22:30:24Z
c1e46d3f03184341,Weak,"The role is primarily tax work, outside target treasury, markets, transaction or investment execution.",2026-08-25T22:30:24Z
b0630aba572151c4,Weak,"The role is materially outside target treasury, markets, transaction or investment execution.",2026-08-25T22:30:24Z
0a71649b13ec2f24,Weak,"The role is primarily technology or systems work, outside target treasury, markets, transaction or investment execution.",2026-08-25T22:30:24Z
d9660deb078a93d6,Moderate,"The role appears finance-adjacent, but the available responsibilities do not establish target treasury, markets, transaction or investment execution as the core.",2026-08-25T22:30:24Z
f347e4df9ab4c0fc,Weak,"The role is primarily tax work, outside target treasury, markets, transaction or investment execution.",2026-08-25T22:30:24Z
36fb65cd240cbb34,Weak,"The role is primarily compliance or control work, outside target treasury, markets, transaction or investment execution.",2026-08-25T22:30:24Z
26576aac86f19e8f,Weak,"The role is primarily audit and assurance work, outside target treasury, markets, transaction or investment execution.",2026-08-25T22:30:24Z
b9c00dfedef9256d,Moderate,"The role appears finance-adjacent, but the available responsibilities do not establish target treasury, markets, transaction or investment execution as the core.",2026-08-25T22:30:24Z
bd9e6866d38af3b5,Weak,"The role is primarily technology or systems work, outside target treasury, markets, transaction or investment execution.",2026-08-25T22:30:24Z
271417e472b953d0,Weak,"The role is materially outside target treasury, markets, transaction or investment execution.",2026-08-25T22:30:24Z
45587262d205e327,Weak,"The role is materially outside target treasury, markets, transaction or investment execution.",2026-08-25T22:30:24Z
7f0ae6636e4dc7d0,Weak,"The role is primarily compliance or control work, outside target treasury, markets, transaction or investment execution.",2026-08-25T22:30:24Z
aeb975ea10362e2e,Weak,"The role is primarily compliance or control work, outside target treasury, markets, transaction or investment execution.",2026-08-25T22:30:24Z
5e2e7c865c65ccd3,Weak,"The role is primarily accounting or reporting work, outside target treasury, markets, transaction or investment execution.",2026-08-25T22:30:24Z
79036a2c42afaa84,Weak,"The role is primarily technology or systems work, outside target treasury, markets, transaction or investment execution.",2026-08-25T22:30:24Z
f10d0554c1a7c4b8,Weak,"The role is primarily tax work, outside target treasury, markets, transaction or investment execution.",2026-08-25T22:30:24Z
4e96b78dc834797a,Weak,"The role is primarily tax work, outside target treasury, markets, transaction or investment execution.",2026-08-25T22:30:24Z
451aa5e5e40aa249,Weak,"The role is primarily audit and assurance work, outside target treasury, markets, transaction or investment execution.",2026-08-25T22:30:24Z
d86dda5707ecde0b,Weak,"The role is primarily compliance or control work, outside target treasury, markets, transaction or investment execution.",2026-08-25T22:30:24Z
70e29ee6fe091add,Weak,"The role is primarily tax work, outside target treasury, markets, transaction or investment execution.",2026-08-25T22:30:24Z
e168ff6bc5ec4ca1,Weak,"The role is primarily technology or systems work, outside target treasury, markets, transaction or investment execution.",2026-08-25T22:30:24Z
98e3d4fabfd133b8,Moderate,"The role appears finance-adjacent, but the available responsibilities do not establish target treasury, markets, transaction or investment execution as the core.",2026-08-25T22:30:24Z
4061ef756da49537,Weak,"The role is primarily tax work, outside target treasury, markets, transaction or investment execution.",2026-08-25T22:30:24Z
f0e881e31376c0fc,Weak,"The role is primarily tax work, outside target treasury, markets, transaction or investment execution.",2026-08-25T22:30:24Z
f97b3decd47f6845,Moderate,"The role appears finance-adjacent, but the available responsibilities do not establish target treasury, markets, transaction or investment execution as the core.",2026-08-25T22:30:24Z
888422afd141c4f0,Weak,"The role is primarily compliance or control work, outside target treasury, markets, transaction or investment execution.",2026-08-25T22:30:24Z
2e6213c4207f9db7,Weak,"The role is primarily accounting or reporting work, outside target treasury, markets, transaction or investment execution.",2026-08-25T22:30:24Z
894c68a4277e980c,Weak,"The role is primarily audit and assurance work, outside target treasury, markets, transaction or investment execution.",2026-08-25T22:30:24Z
8c4fe8bf69f75ce5,Weak,"The role is primarily tax work, outside target treasury, markets, transaction or investment execution.",2026-08-25T22:30:24Z
997ec4b84780e345,Weak,"The role is primarily compliance or control work, outside target treasury, markets, transaction or investment execution.",2026-08-25T22:30:24Z
7f6ed82c66c51d2d,Weak,"The role is primarily technology or systems work, outside target treasury, markets, transaction or investment execution.",2026-08-25T22:30:24Z
58c7b766166aee8d,Moderate,"The role is finance-relevant, but its core is controlling, planning or business partnering rather than target execution.",2026-08-25T22:30:24Z
42bb9855fb2a91a0,Moderate,"The role appears finance-adjacent, but the available responsibilities do not establish target treasury, markets, transaction or investment execution as the core.",2026-08-25T22:30:24Z
67415a5f3ef8a901,Weak,"The role is primarily technology or systems work, outside target treasury, markets, transaction or investment execution.",2026-08-25T22:30:24Z
df0d662665f0e617,Weak,"The role is primarily tax work, outside target treasury, markets, transaction or investment execution.",2026-08-25T22:30:24Z
32b92ba26be35e53,Weak,"The role is primarily tax work, outside target treasury, markets, transaction or investment execution.",2026-08-25T22:30:24Z
b539ab07296bc4b3,Weak,"The role is primarily tax work, outside target treasury, markets, transaction or investment execution.",2026-08-25T22:30:24Z
d6d3462238ec9dae,Weak,"The role is primarily technology or systems work, outside target treasury, markets, transaction or investment execution.",2026-08-25T22:30:24Z
28a60b52042c34c7,Weak,"The role is primarily tax work, outside target treasury, markets, transaction or investment execution.",2026-08-25T22:30:24Z
d562453601ea6fb6,Weak,"The role is primarily tax work, outside target treasury, markets, transaction or investment execution.",2026-08-25T22:30:24Z
0ab65d7aebec2f35,Weak,"The role is primarily tax work, outside target treasury, markets, transaction or investment execution.",2026-08-25T22:30:24Z
6a0c56e3098666be,Weak,"The role is primarily tax work, outside target treasury, markets, transaction or investment execution.",2026-08-25T22:30:24Z
d44dbe5ba0cd65d0,Weak,"The role is primarily technology or systems work, outside target treasury, markets, transaction or investment execution.",2026-08-25T22:30:24Z
dd8386e924735a75,Weak,"The role is primarily technology or systems work, outside target treasury, markets, transaction or investment execution.",2026-08-25T22:30:24Z
a72a51305eb61599,Weak,"The role is primarily tax work, outside target treasury, markets, transaction or investment execution.",2026-08-25T22:30:24Z
dd084140841e7b72,Weak,"The role is materially outside target treasury, markets, transaction or investment execution.",2026-08-25T22:30:24Z
a06f6ef644f3f473,Weak,"The role is materially outside target treasury, markets, transaction or investment execution.",2026-08-25T22:30:24Z
ca2f6cb1b813855e,Weak,"The role is materially outside target treasury, markets, transaction or investment execution.",2026-08-25T22:30:24Z
3ec356cfcd24c968,Weak,"The role is primarily legal work, outside target treasury, markets, transaction or investment execution.",2026-08-25T22:30:24Z
a9c1f37b6e7dd9a2,Moderate,"The role appears finance-adjacent, but the available responsibilities do not establish target treasury, markets, transaction or investment execution as the core.",2026-08-25T22:30:24Z
6835350ca5c2a448,Weak,"The role is primarily tax work, outside target treasury, markets, transaction or investment execution.",2026-08-25T22:30:24Z
9a93c4446da0196b,Moderate,"The role appears finance-adjacent, but the available responsibilities do not establish target treasury, markets, transaction or investment execution as the core.",2026-08-25T22:30:24Z
7290f58aa9f9c9e0,Weak,"The role is primarily sales, client or people work, outside target treasury, markets, transaction or investment execution.",2026-08-25T22:30:24Z
0b46ae39991d20fa,Weak,"The role is primarily tax work, outside target treasury, markets, transaction or investment execution.",2026-08-25T22:30:24Z
6c3e350c7466a2e7,Weak,"The role is primarily tax work, outside target treasury, markets, transaction or investment execution.",2026-08-25T22:30:24Z
22d86519db6a049f,Weak,"The role is primarily technology or systems work, outside target treasury, markets, transaction or investment execution.",2026-08-25T22:30:24Z
37fe5576163ddb3a,Weak,"The role is materially outside target treasury, markets, transaction or investment execution.",2026-08-25T22:30:24Z
2dcebd7b3fc0ed4d,Weak,"The role is primarily technology or systems work, outside target treasury, markets, transaction or investment execution.",2026-08-25T22:30:24Z
e88daf77c996c9a6,Moderate,"The role appears finance-adjacent, but the available responsibilities do not establish target treasury, markets, transaction or investment execution as the core.",2026-08-25T22:30:24Z
6c51c9e31699f817,Weak,"The role is primarily tax work, outside target treasury, markets, transaction or investment execution.",2026-08-25T22:30:24Z
05d6b9c8c3264b1e,Weak,"The role is primarily technology or systems work, outside target treasury, markets, transaction or investment execution.",2026-08-25T22:30:24Z
dca4bb0ee41c07c3,Weak,"The role is primarily accounting or reporting work, outside target treasury, markets, transaction or investment execution.",2026-08-25T22:30:24Z
b9006fe275f483bd,Weak,"The role is primarily tax work, outside target treasury, markets, transaction or investment execution.",2026-08-25T22:30:24Z
6bdc346ec15fdcf7,Moderate,"The role appears finance-adjacent, but the available responsibilities do not establish target treasury, markets, transaction or investment execution as the core.",2026-08-25T22:30:24Z
df94efded67ccaa8,Weak,"The role is primarily tax work, outside target treasury, markets, transaction or investment execution.",2026-08-25T22:30:24Z
678c1293eec16de7,Weak,"The role is primarily technology or systems work, outside target treasury, markets, transaction or investment execution.",2026-08-25T22:30:24Z
5461b1666fc6b4c3,Weak,"The role is primarily tax work, outside target treasury, markets, transaction or investment execution.",2026-08-25T22:30:24Z
84be9739201c5d69,Weak,"The role is primarily compliance or control work, outside target treasury, markets, transaction or investment execution.",2026-08-25T22:30:24Z
242ec12b1a50c4a1,Strong,"The role is centered on transaction execution, financial due diligence, valuation/modeling, structuring or deal financing.",2026-08-25T22:30:24Z
f6107260579b5a5e,Weak,"The role is primarily tax work, outside target treasury, markets, transaction or investment execution.",2026-08-25T22:30:24Z
0da098430db1f9fd,Weak,"The role is primarily tax work, outside target treasury, markets, transaction or investment execution.",2026-08-25T22:30:24Z
e2b0363f8f59fba5,Weak,"The role is primarily accounting or reporting work, outside target treasury, markets, transaction or investment execution.",2026-08-25T22:30:24Z
f1a688a9fc646587,Weak,"The role is materially outside target treasury, markets, transaction or investment execution.",2026-08-25T22:30:24Z
6786d3bfa7d1d3d5,Weak,"The role is primarily tax work, outside target treasury, markets, transaction or investment execution.",2026-08-25T22:30:24Z
67c3f382b921ef40,Weak,"The role is primarily technology or systems work, outside target treasury, markets, transaction or investment execution.",2026-08-25T22:30:24Z
939ef65f1d22555d,Weak,"The role is primarily sales, client or people work, outside target treasury, markets, transaction or investment execution.",2026-08-25T22:30:24Z
c53aafa58cbc2448,Weak,"The role is primarily tax work, outside target treasury, markets, transaction or investment execution.",2026-08-25T22:30:24Z
96dc3e0eac0214ff,Moderate,"The role appears finance-adjacent, but the available responsibilities do not establish target treasury, markets, transaction or investment execution as the core.",2026-08-25T22:30:24Z
dfeedc5c1de75b19,Weak,"The role is primarily tax work, outside target treasury, markets, transaction or investment execution.",2026-08-25T22:30:24Z
42952cf9240a49d4,Weak,"The role is primarily technology or systems work, outside target treasury, markets, transaction or investment execution.",2026-08-25T22:30:24Z
343173c11bee4328,Weak,"The role is primarily compliance or control work, outside target treasury, markets, transaction or investment execution.",2026-08-25T22:30:24Z
6a4f2ed19452f798,Weak,"The role is primarily technology or systems work, outside target treasury, markets, transaction or investment execution.",2026-08-25T22:30:24Z
32da2d969b5b30d4,Moderate,"The role appears finance-adjacent, but the available responsibilities do not establish target treasury, markets, transaction or investment execution as the core.",2026-08-25T22:30:24Z
306273b0c078e32b,Moderate,"The role appears finance-adjacent, but the available responsibilities do not establish target treasury, markets, transaction or investment execution as the core.",2026-08-25T22:30:24Z
d5cb8232baa28cdc,Weak,"The role is primarily tax work, outside target treasury, markets, transaction or investment execution.",2026-08-25T22:30:24Z
70fdde9c5b2cc2c5,Weak,"The role is primarily tax work, outside target treasury, markets, transaction or investment execution.",2026-08-25T22:30:24Z
831e163dce37d342,Weak,"The role is primarily tax work, outside target treasury, markets, transaction or investment execution.",2026-08-25T22:30:24Z
6d38c6716206801d,Weak,"The role is primarily tax work, outside target treasury, markets, transaction or investment execution.",2026-08-25T22:30:24Z
bddd68f3244a0b80,Weak,"The role is primarily accounting or reporting work, outside target treasury, markets, transaction or investment execution.",2026-08-25T22:30:24Z
b461ff2e3ac23fed,Weak,"The role is primarily technology or systems work, outside target treasury, markets, transaction or investment execution.",2026-08-25T22:30:24Z
9490153fba968256,Weak,"The role is primarily audit and assurance work, outside target treasury, markets, transaction or investment execution.",2026-08-25T22:30:24Z
0366ff857c284581,Weak,"The role is primarily tax work, outside target treasury, markets, transaction or investment execution.",2026-08-25T22:30:24Z
7ff3e11d0e0435fd,Weak,"The role is primarily tax work, outside target treasury, markets, transaction or investment execution.",2026-08-25T22:30:24Z
af308e94b21dc475,Weak,"The role is primarily tax work, outside target treasury, markets, transaction or investment execution.",2026-08-25T22:30:24Z
9750920bda621a5e,Weak,"The role is primarily audit and assurance work, outside target treasury, markets, transaction or investment execution.",2026-08-25T22:30:24Z
a244bad6b2b25526,Weak,"The role is primarily tax work, outside target treasury, markets, transaction or investment execution.",2026-08-25T22:30:24Z
996882277a68f40d,Weak,"The role is primarily tax work, outside target treasury, markets, transaction or investment execution.",2026-08-25T22:30:24Z
044e1d1a07b4ac99,Weak,"The role is primarily tax work, outside target treasury, markets, transaction or investment execution.",2026-08-25T22:30:24Z
fe347aae72bed1b3,Weak,"The role is primarily tax work, outside target treasury, markets, transaction or investment execution.",2026-08-25T22:30:24Z
c0d2d1788c30061e,Weak,"The role is primarily tax work, outside target treasury, markets, transaction or investment execution.",2026-08-25T22:30:24Z
da58f71aa2e8bd88,Weak,"The role is materially outside target treasury, markets, transaction or investment execution.",2026-08-25T22:30:24Z
1f38d01fe979c54f,Weak,"The role is primarily tax work, outside target treasury, markets, transaction or investment execution.",2026-08-25T22:30:24Z
066cce3e95fd851b,Weak,"The role is primarily tax work, outside target treasury, markets, transaction or investment execution.",2026-08-25T22:30:24Z
cc0bff4e07921dbd,Weak,"The role is primarily tax work, outside target treasury, markets, transaction or investment execution.",2026-08-25T22:30:24Z
f807cbf125fd9911,Weak,"The role is primarily tax work, outside target treasury, markets, transaction or investment execution.",2026-08-25T22:30:24Z
2a9661c5214170d8,Moderate,"The role appears finance-adjacent, but the available responsibilities do not establish target treasury, markets, transaction or investment execution as the core.",2026-08-25T22:30:24Z
b85118d124553435,Weak,"The role is primarily tax work, outside target treasury, markets, transaction or investment execution.",2026-08-25T22:30:24Z
ffce892a322ed770,Weak,"The role is primarily tax work, outside target treasury, markets, transaction or investment execution.",2026-08-25T22:30:24Z
43dfde2f223fe00d,Weak,"The role is primarily tax work, outside target treasury, markets, transaction or investment execution.",2026-08-25T22:30:24Z
eb243c8ab6a49a5d,Weak,"The role is primarily technology or systems work, outside target treasury, markets, transaction or investment execution.",2026-08-25T22:30:24Z
97ca03462084dbbd,Moderate,"The role appears finance-adjacent, but the available responsibilities do not establish target treasury, markets, transaction or investment execution as the core.",2026-08-25T22:30:24Z
19d292c96e90b8b2,Weak,"The role is primarily audit and assurance work, outside target treasury, markets, transaction or investment execution.",2026-08-25T22:30:24Z
9a279dc9a21f94e5,Weak,"The role is primarily audit and assurance work, outside target treasury, markets, transaction or investment execution.",2026-08-25T22:30:24Z
6ac9e3019faba7d5,Weak,"The role is primarily audit and assurance work, outside target treasury, markets, transaction or investment execution.",2026-08-25T22:30:24Z
3fb4657c633a6fbe,Weak,"The role is primarily tax work, outside target treasury, markets, transaction or investment execution.",2026-08-25T22:30:24Z
d88c6372f51f9056,Weak,"The role is primarily tax work, outside target treasury, markets, transaction or investment execution.",2026-08-25T22:30:24Z
2cf3a99cfec873ec,Weak,"The role is primarily tax work, outside target treasury, markets, transaction or investment execution.",2026-08-25T22:30:24Z
6752c7662417cd06,Weak,"The role is primarily tax work, outside target treasury, markets, transaction or investment execution.",2026-08-25T22:30:24Z
8ff0c257a2b3f5c8,Weak,"The role is primarily tax work, outside target treasury, markets, transaction or investment execution.",2026-08-25T22:30:24Z
b5b15fc4850aa9de,Weak,"The role is primarily tax work, outside target treasury, markets, transaction or investment execution.",2026-08-25T22:30:24Z
8bbf4c0df9f62c4a,Weak,"The role is primarily tax work, outside target treasury, markets, transaction or investment execution.",2026-08-25T22:30:24Z
f928010c8e20fb46,Weak,"The role is primarily tax work, outside target treasury, markets, transaction or investment execution.",2026-08-25T22:30:24Z
94f58aa850727369,Weak,"The role is primarily tax work, outside target treasury, markets, transaction or investment execution.",2026-08-25T22:30:24Z

