suggested_company_id,company,role_count,countries,source_streams,sample_titles,first_seen_at,last_seen_at,suggested_rating,evidence_source
deloitte-gmbh,Deloitte GmbH,14,Germany,board,(Senior) Manager SAP Treasury (m/w/d) | (Senior) Manager Treasury Accounting (m/w/d) | Analyst M&A / Debt Advisory (m/w/d) | Associate M&A Advisory (m/w/d),2025-06-03T00:00:00+00:00,2026-08-26T15:59:50.255893+00:00,Unrated,G discovered employer
workwise-gmbh,Workwise GmbH,12,Germany,board,Abteilungsleiter Kreditanalyse - Firmenkunden / MaRisk (m/w/d) | Consultant - Baufinanzierung / Kreditgeschäft / Banking (m/w/d) | Finanzbuchhalter - Kreditoren / Rechnungswesen (m/w/d) | Head of Portfolio Management - IT-Alliance / Security (m/w/d),2026-08-04T06:09:54.537712+00:00,2026-08-26T16:04:12.704705+00:00,Unrated,G discovered employer
michael-page-international-austria-gmbh,Michael Page International Austria GmbH,8,Austria,board,Controlling Business Partner (m/w/d) | Corporate Controller:in (m/w/d) | international | Head of Treasury & Corporate Finance (m/w/d) | Produktionscontroller (m/w/d),2026-08-10T03:30:04+00:00,2026-08-26T16:07:01.038282+00:00,Unrated,G discovered employer
ernst-young-aktiebolag,Ernst & Young Aktiebolag,7,Sweden,board,Analytiker I EY Parthenon Corporate Finance | Stockholm | EY-Parthenon Manager | People M&A Nordics | Ekonomikonsult | Financial Accounting and Advisory Services | Malmö | Juniora Konsulter Technology Risk | Assurance | Göteborg,2026-08-13T17:53:25+00:00,2026-08-26T16:14:49.545024+00:00,Unrated,G discovered employer
deutsche-bank-ag,Deutsche Bank AG,7,Germany,board,Corporate Cash Management Solution Sales Nord – Salesperson (d/m/w) | Corporate Cash Management Solution Sales Süd – Salesperson (d/m/w) | Corporate Cash Management Solution Sales Südwest – Salesperson (d/m/w) | Corporate Cash Management Solution Sales West – Salesperson (d/m/w),2026-07-08T00:00:00+00:00,2026-08-26T15:59:50.255893+00:00,Unrated,G discovered employer
lgt-capital-partners-ag,LGT Capital Partners AG,6,Switzerland,board,"(Senior) Investment Controller, German speaking - Private Markets Financial Operations | Head Data Management | Junior Business Analyst - Private Markets Platform | Product and Client Solutions Specialist (Separate Accounts)",2026-07-22T15:03:00+00:00,2026-08-26T16:12:07.620794+00:00,Unrated,G discovered employer
gr-nlands-selvstyre,Grønlands Selvstyre,5,Denmark,board,"Genopslag: AC-Fuldmægtig eller en Specialkonsulent til en stilling med databehandling, analyse og tværgående projekter | Genopslag: AC-Fuldmægtig eller Økonomisk Konsulent til Kursusområdet indenfor Erhvervsuddannelser | Genopslag - Jurist med interesse for ansættelsesretten | Kontorchef til Uddannelsesstøtteforvaltningen",2026-08-06T07:44:00+00:00,2026-08-26T16:19:21.437037+00:00,Unrated,G discovered employer
stegra-ab,Stegra AB,5,Sweden,board,Financial Controlling Lead (Senior Financial Controller) | Treasury Analyst | Treasury Front Office Specialist | Corporate Finance Specialist,2026-04-27T11:56:03+00:00,2026-08-26T16:14:49.545024+00:00,Unrated,G discovered employer
oberbank-ag,Oberbank AG,5,Austria,board,"Praktikant:in Abteilung Corporate & International Finance , Teilzeit (mind. 20h) oder Vollzeit | Treasury Spezialist:in - Schwerpunkt Wertpapierhandel | Spezialist:in Nachhaltigkeitsrisiko (w/m/d) | Spezialist:in Strukturierte Finanzierungen (w/m/d)",2026-08-18T00:00:00+00:00,2026-08-26T16:10:45.953713+00:00,Unrated,G discovered employer
deloitte-ag,Deloitte AG,5,Switzerland,board,"(Senior) Manager - Business Tax (Financial Services Industries) – Tax & Legal | Manager, Tech M&A Advisory | Senior Consultant - Restructuring and Performance Improvement | Senior Consultant, Tech M&A Advisory",2026-08-10T05:17:09+00:00,2026-08-20T12:51:14.688963+00:00,Unrated,G discovered employer
schulmeister-management-consulting,Schulmeister Management Consulting,5,Austria,board,(Junior) Group Treasury Specialist (m/w/d) | Financial Accountant (m/w/d) mit Entwicklungsperspektive | Group Controller mit Erfahrung (m/w/d) | Risk Manager (m/w/d),2026-08-09T13:02:02.610000+00:00,2026-08-20T12:20:11.159351+00:00,Unrated,G discovered employer
phantasialand-schmidt-l-ffelhardt-gmbh-co-kg,PHANTASIALAND Schmidt-Löffelhardt GmbH & Co. KG,5,Germany,board,Ausbildungskoordinator (m/w/d/k.A) | Verkehrsdienst (m/w/d/k.A.) | Industriemechaniker (m/w/d/k.A.) | Koch (m/w/d/k.A.),2026-08-04T00:00:00+00:00,2026-08-18T18:26:02.313056+00:00,Unrated,G discovered employer
scania-aktiebolag,SCANIA Aktiebolag,4,Sweden,board,Business Controller | Business Controller - Battery & Charging | Project Controller | SAP TM Solution Architect,2026-08-01T22:00:01+00:00,2026-08-26T16:15:30.539799+00:00,Unrated,G discovered employer
avaron-ab,Avaron AB,4,Sweden,board,Portfolio Planner | Risk Manager | Senior Treasury Specialist | Senior Program Controller,2026-08-17T12:11:54+00:00,2026-08-26T16:14:49.545024+00:00,Unrated,G discovered employer
saab-aktiebolag,SAAB AKTIEBOLAG,4,Sweden,board,Development Portfolio Manager | Risk & Resource Manager | Business Controller | Treasury Analyst to Treasury Operations,2026-08-07T10:50:06+00:00,2026-08-26T16:14:49.545024+00:00,Unrated,G discovered employer
bdo-austria-gmbh-wirtschaftspr-fungs-und-steuerberatungsgesellschaft,BDO Austria GmbH Wirtschaftsprüfungs- und Steuerberatungsgesellschaft,4,Austria,board,"(Senior) Consultant Corporate Finance (m/w/d) | Senior Associate Audit & Corporate Finance (m/w/d) | Senior Associate Financial Services - Fokus Regulatory (m/w/d) | Trainee im Audit, Tax und Corporate Finance (m/w/d)",2026-08-14T03:30:05+00:00,2026-08-26T16:07:01.038282+00:00,Unrated,G discovered employer
nieder-sterreichische-raiffeisen-banken,Niederösterreichische Raiffeisen Banken,4,Austria,board,Abteilungsleiter:in Kreditrisikomanagement (w/m/d) | Expert:in Kreditrisikomanagement/Sondergestion (w/m/d) | Fachexpert:in Kreditrisikomanagement (w/m/d) | Mitarbeiter:in für das Kreditrisikomanagement (w/m/d),2026-08-22T03:30:07+00:00,2026-08-26T16:07:01.038282+00:00,Unrated,G discovered employer
pwc-sterreich,PwC Österreich,4,Austria,board,"(Senior) Consultant Valuations, Modelling & Analytics | (Senior) Manager (w/m/d) Valuation, Modelling & Analytics – Schwerpunkt Banken & Versicherungen | Senior Consultant (w/m/d) Capital Advisory and Restructuring | Senior Consultant (w/m/d) – Financial Services Deals",2026-08-18T03:30:04+00:00,2026-08-26T16:07:01.038282+00:00,Unrated,G discovered employer
schulmeister-management-consulting-gmbh,SCHULMEISTER Management Consulting GmbH,4,Austria,board,(Junior) Group Treasury Specialist (m/w/d) | Corporate Treasury & Cash Management (m/w/d) | Junior Controller mit internationalem Fokus (m/w/d) | Senior M&A Manager (m/w/d),2026-08-19T03:30:06+00:00,2026-08-26T16:07:01.038282+00:00,Unrated,G discovered employer
heuking-k-hn-l-er-wojtek-partgmbb,Heuking Kühn Lüer Wojtek PartGmbB,4,Germany,board,Rechtsanwalt w/m/d Gesellschaftsrecht | M&A | Private Equity Düsseldorf | Rechtsanwälte w/m/d Corporate I M&A I Private Equity | Rechtsanwälte w/m/d Financial Regulatory - Berufseinsteiger w/m/d | Rechtsanwälte w/m/d Financial Regulatory - mit Berufserfahrung,2025-12-04T00:00:00+00:00,2026-08-26T15:59:50.255893+00:00,Unrated,G discovered employer
siemens-energy-global-gmbh-co-kg,Siemens Energy Global GmbH & Co. KG,4,Germany,board,EQS Risk & BCM Manager (f/m/d) | Experienced Expert (f/m/d) for Customs Regulations & Risk (focus Process Excellence) | Experienced Risk Manager (f/m/d) Project & Portfolio Risk Management | Head of Portfolio Sales (w/m/d),2026-03-18T00:00:00+00:00,2026-08-26T15:59:50.255893+00:00,Unrated,G discovered employer
at-s-austria-technologie-systemtechnik-ag,AT&S Austria Technologie & Systemtechnik AG,4,Austria,board,Project Portfolio Analyst | Senior Specialist Controlling (Focus Integrated Planning) | Senior Specialist Plant Controlling | Specialist R&D Portfolio & Funding Management,2026-08-05T22:02:10.203000+00:00,2026-08-20T12:20:11.159351+00:00,Unrated,G discovered employer
jobbusters-aktiebolag,JobBusters Aktiebolag,3,Sweden,board,Production Controller | Risk Manager – Financial Risk Management (50%) | Treasury Specialist,2026-08-25T13:32:21+00:00,2026-08-26T16:16:25.027518+00:00,Unrated,G discovered employer
bravura-sverige-ab,Bravura Sverige AB,3,Sweden,board,ERP-konsult till Rededge | Inkassohandläggare till Intrum | Site Controller till internernationellt logistikföretag,2026-08-03T22:00:01+00:00,2026-08-26T16:15:30.539799+00:00,Unrated,G discovered employer
kriminalv-rden,Kriminalvården,3,Sweden,board,Lärare till Lärcentrum A Sörbyn | Lärare till Lärcentrum A Viskan | Lärare till Lärcentrum A Ljustadalen,2026-08-24T21:36:31+00:00,2026-08-26T16:14:49.545024+00:00,Unrated,G discovered employer
nordea-bank-abp-filial-i-sverige,"NORDEA BANK ABP, FILIAL I SVERIGE",3,Sweden,board,"Model and Python Developer - Counterparty Credit Risk | (Senior) Quantitative Risk Analyst (Credit Risk) | (Senior) Risk Expert (Climate Risk), Risk Models",2026-07-22T10:20:15+00:00,2026-08-26T16:14:49.545024+00:00,Unrated,G discovered employer
consult-pepper-ag,Consult & Pepper AG,3,Switzerland,board,FP&A Controller 80100% (a) | Financial Reporting & Controlling Manager (a) | Senior Accountant / Stv. Head Accounting 80100% (a),2026-07-15T16:06:00+00:00,2026-08-26T16:12:07.620794+00:00,Unrated,G discovered employer
ey-ernst-young-ag,EY (Ernst & Young AG),3,Switzerland,board,Senior Consultant - Assurance - Technology Risk | Senior Consultant- Financial Accounting Advisory Services - Transaction Accounting and IPO Services | Manager - Technology Consulting - Cyber Security (80-100%),2026-07-31T05:17:00+00:00,2026-08-26T16:12:07.620794+00:00,Unrated,G discovered employer
kantonale-verwaltung-z-rich,Kantonale Verwaltung Zürich,3,Switzerland,board,Business Analyst/-in | Business Analyst/-in Fachgebiet Steuern | Senior Project Manager / Business Analyst,2026-08-17T03:03:00+00:00,2026-08-26T16:12:07.620794+00:00,Unrated,G discovered employer
mcp-switzerland-s-rl,MCP (Switzerland) Sàrl,3,Switzerland,board,Portfolio Manager | Operations Specialist | Quantitative Developer,2026-07-28T17:47:00+00:00,2026-08-26T16:12:07.620794+00:00,Unrated,G discovered employer
omya-schweiz-ag,Omya (Schweiz) AG,3,Switzerland,board,Director Portfolio & Strategy - Animal & Human Health | Senior Legal Counsel 100% | Head of Internal Audit,2026-07-14T07:33:00+00:00,2026-08-26T16:12:07.620794+00:00,Unrated,G discovered employer
swisslinx-ag,Swisslinx AG,3,Switzerland,board,Senior Business Analyst | Private Bank Client Manager (Farming/ Service) | Oracle SQL & Technical Analyst - Credit Risk,2026-08-20T21:15:00+00:00,2026-08-26T16:12:07.620794+00:00,Unrated,G discovered employer
oprandi-partner-ag-z-rich,"oprandi & partner ag, zürich",3,Switzerland,board,Business Development Manager B2B (m/w/d) 100 % | Group Treasury & Liquidity Investment Manager (m/f/d) | Deputy Head of Risk Control - Operational Risk Expert (m/f/d),2026-08-13T05:33:00+00:00,2026-08-26T16:12:07.620794+00:00,Unrated,G discovered employer
erste-bank,Erste Bank,3,Austria,board,Financial / Covered Bonds Trader (all genders) | Internship in Stress Testing & Risk Planning (all genders) | Liquidity & Market Risk Management Analyst (all genders) - 15h part-time,2026-08-19T03:30:06+00:00,2026-08-26T16:07:01.038282+00:00,Unrated,G discovered employer
baker-tilly-holding-gmbh-wirtschaftspr-fungs-gesellschaft,Baker Tilly Holding GmbH Wirtschaftsprüfungs- gesellschaft,3,Germany,board,"Senior Manager (m/w/d) CFO-Services – Governance, Risk & Compliance (GRC) | (Senior) Consultant Unternehmensbewertung / Valuation (m/w/d) | Consultant - Transaction & Valuation Services (m/w/d)",2026-06-19T00:00:00+00:00,2026-08-26T15:59:50.255893+00:00,Unrated,G discovered employer
ey-consulting-gmbh,EY Consulting GmbH,3,Germany,board,(Senior) Consultant Banking & Capital Markets (Financial Services) (w/m/d) | Manager Kapitalmarkt-Compliance / Crypto Assets Compliance - Consulting (Financial Services) (w/m/d) | (Senior) Consultant Digital Risk (Financial Services) (w/m/d),2025-05-26T00:00:00+00:00,2026-08-26T15:59:50.255893+00:00,Unrated,G discovered employer
ey-strategy-transactions-gmbh,EY Strategy & Transactions GmbH,3,Germany,board,EY-Parthenon Manager Strategy - Private Equity (w/m/d) | EY-Parthenon Manager Value Creation Private Equity & Corporate Clients (w/m/d) | EY-Parthenon Senior Manager Strategy - Private Equity (w/m/d),2025-08-19T00:00:00+00:00,2026-08-26T15:59:50.255893+00:00,Unrated,G discovered employer
hays-professional-solutions-gmbh,Hays Professional Solutions GmbH,3,Germany,board,Financial Analyst (m/w/d) | Treasury Manager (m/w/d) | Treasury Specialist (m/w/d),2026-07-13T00:00:00+00:00,2026-08-26T15:59:50.255893+00:00,Unrated,G discovered employer
infront-financial-technology-gmbh,Infront Financial Technology GmbH,3,Germany,board,Pre-Sales Specialist Quant Valuation and Risk Solutions (m/f/d) | Technical Lead - Portfolio & Advisory (m/f/d) | Pre-Sales Specialist Portfolio Management Solutions (m/f/d),2026-07-21T00:00:00+00:00,2026-08-26T15:59:50.255893+00:00,Unrated,G discovered employer
rema-tip-top-ag,REMA TIP TOP AG,3,Germany,board,Junior Treasury Manager Cash & Liquidity Management (m/w/d) | Senior Treasury Manager Cash & Liquidity Management (m/w/d) | Treasury Manager Payments & Financial Risk Management (m/w/d),2026-08-05T00:00:00+00:00,2026-08-26T15:59:50.255893+00:00,Unrated,G discovered employer
team-se,team SE,3,Germany,board,Risk Manager Commodity Trading (m/w/d) | Risk Manager Power & Gas (m/w/d) Trading | Senior FP&A Analyst (m/w/d),2025-08-26T00:00:00+00:00,2026-08-26T15:59:50.255893+00:00,Unrated,G discovered employer
thyssenkrupp-ag,thyssenkrupp AG,3,Germany,board,Head of Risk (all genders welcome) | Head of Risk (m/w/d) | Trainee Controlling und Analytics (all genders welcome),2026-07-03T00:00:00+00:00,2026-08-26T15:59:50.255893+00:00,Unrated,G discovered employer
nytida-ab,Nytida AB,3,Sweden,board,Verksamhetschef till Nytida Familia familjehem | Verksamhetschef till fyra verksamheter | Verksamhetschef,2026-07-24T00:00:00+00:00,2026-08-26T08:23:13.926923+00:00,Unrated,G discovered employer
lorien,Lorien,3,United Kingdom,board,AI Agent Developer | AI QA Tester | PMO Analyst - Hybrid Working - Inside IR35,2026-08-20T16:57:00+00:00,2026-08-21T11:15:01.836955+00:00,Unrated,G discovered employer
hunter-bond,Hunter Bond,3,United Kingdom,board,Financial Crime Technical Lead | IT Security Project Manager VP | Product Owner - Lease Finance,2026-08-20T16:31:00+00:00,2026-08-20T16:27:56.004526+00:00,Unrated,G discovered employer
danmarks-nationalbank,Danmarks Nationalbank,2,Denmark,board,Research Assistant | Studentermedhjælp til Økonomi og Pengepolitik,2026-08-24T09:56:00+00:00,2026-08-26T16:19:21.437037+00:00,Unrated,G discovered employer
adecco-sweden-aktiebolag,ADECCO SWEDEN AKTIEBOLAG,2,Sweden,board,Senior Controller till Thermo Fisher Proteomics Sciences (Olink) | Vi söker en Financial Controller till vår kund i Göteborg,2026-08-10T11:33:30+00:00,2026-08-26T16:16:25.027518+00:00,Unrated,G discovered employer
capega-ab,Capega AB,2,Sweden,board,Group Financial Controller till börsnoterat bolag | Treasury Specialist med systemintresse,2026-07-03T11:49:04+00:00,2026-08-26T16:16:25.027518+00:00,Unrated,G discovered employer
jerrie-ab,Jerrie AB,2,Sweden,board,"Business Controller till Space Production AB, Göteborg | Business controller till Platzer, Göteborg",2026-08-03T07:23:01+00:00,2026-08-26T16:16:25.027518+00:00,Unrated,G discovered employer
mpya-finance-ab,Mpya Finance AB,2,Sweden,board,Finance Manager Nordics to Glenmark Pharmaceuticals Nordic AB | Controller till Nordfin Capital,2026-08-06T09:20:19+00:00,2026-08-26T16:16:25.027518+00:00,Unrated,G discovered employer
multimind-holding-ab,MultiMind Holding AB,2,Sweden,board,Corporate Accountant to Wella | Junior Analyst to the Italian Trade Agency in Stockholm,2026-08-20T14:39:56+00:00,2026-08-26T16:16:25.027518+00:00,Unrated,G discovered employer
nkt-hv-cables-ab,NKT HV Cables AB,2,Sweden,board,"Business Controller, Tender &amp; Projects | Business Controller, Operations",2026-08-04T14:25:02+00:00,2026-08-26T16:16:25.027518+00:00,Unrated,G discovered employer
nexer-recruit-ab,Nexer Recruit AB,2,Sweden,board,FINANCE MANAGER TILL INTERNATIONELL KUND | FINANCIAL LEADER TO PARKER,2026-08-11T07:48:21+00:00,2026-08-26T16:16:25.027518+00:00,Unrated,G discovered employer
fra,FRA,2,Sweden,board,Språkkunnig underrättelseanalytiker | IT-säkerhetsanalytiker - uppdrag att skydda svenska intressen,2026-08-02T22:00:01+00:00,2026-08-26T16:15:30.539799+00:00,Unrated,G discovered employer
region-v-sternorrland,Region Västernorrland,2,Sweden,board,"Drifttekniker med VVS erfarenhet till Regionfastigheter, Örnsköldsvik | Analytiker",2026-06-23T00:00:00+00:00,2026-08-26T16:15:30.539799+00:00,Unrated,G discovered employer
vardaga-ab,Vardaga AB,2,Sweden,board,Business controller Vardaga Föräldrarvikariat | Verksamhetschef till Villa Fornudden i Tyresö,2026-08-09T22:00:00+00:00,2026-08-26T16:15:30.539799+00:00,Unrated,G discovered employer
verisure,Verisure,2,Sweden,board,Business Controller till Verisure | Verksamhetsnära Business Controller till Verisure,2026-08-20T22:00:01+00:00,2026-08-26T16:15:30.539799+00:00,Unrated,G discovered employer
aspia-ab,Aspia AB,2,Sweden,board,M&A Manager | Off-cycle M&A Intern- Stockholm,2026-08-12T16:16:59+00:00,2026-08-26T16:14:49.545024+00:00,Unrated,G discovered employer
bemannia-ab-publ,BEMANNIA AB (PUBL.),2,Sweden,board,Senior Business Controller | Business Controller till Sollentunahem,2026-08-12T16:12:34+00:00,2026-08-26T16:14:49.545024+00:00,Unrated,G discovered employer
lovable-labs-sweden-ab,Lovable Labs Sweden AB,2,Sweden,board,Senior Financial Accountant | Strategic Finance,2026-04-24T13:05:05+00:00,2026-08-26T16:14:49.545024+00:00,Unrated,G discovered employer
m-r-partner-ab,M.R Partner AB,2,Sweden,board,Treasury Specialist – konsultuppdrag i Göteborg | Finance Business Partner – konsultuppdrag i Göteborg,2026-08-18T15:56:36+00:00,2026-08-26T16:14:49.545024+00:00,Unrated,G discovered employer
people-of-interim-finance-sweden-ab,People of Interim & Finance Sweden AB,2,Sweden,board,Interim Business Controller | Finance Manager internationell miljö,2026-08-20T15:38:48+00:00,2026-08-26T16:14:49.545024+00:00,Unrated,G discovered employer
perido-ab,Perido AB,2,Sweden,board,Finance Business Partner to automobile company in Gothenburg | Finance Specialist needed!,2026-08-17T13:21:00+00:00,2026-08-26T16:14:49.545024+00:00,Unrated,G discovered employer
quest-consulting-sverige-ab,Quest Consulting Sverige AB,2,Sweden,board,Expert på Lean Portfolio Management (LPM) & Agil Portföljstyrning | Portfolio Planner,2026-08-24T15:24:41+00:00,2026-08-26T16:14:49.545024+00:00,Unrated,G discovered employer
sway-sourcing-sweden-aktiebolag,Sway Sourcing Sweden Aktiebolag,2,Sweden,board,Portfolio Planner till kund i Lund! | 💼 Treasury Specialist,2026-08-18T16:37:50+00:00,2026-08-26T16:14:49.545024+00:00,Unrated,G discovered employer
swedbank-ab,Swedbank AB,2,Sweden,board,Head of ICT Risk & AI | Senior quantitative analyst within credit risk and capital,2026-07-31T11:05:44+00:00,2026-08-26T16:14:49.545024+00:00,Unrated,G discovered employer
accelleron,Accelleron,2,Switzerland,board,FP&A Analyst (m/f/d) (80-100%) | Sales Support Specialist - Customer Support (m/f/d) (80-100%),2026-08-05T12:02:00+00:00,2026-08-26T16:12:07.620794+00:00,Unrated,G discovered employer
banque-de-commerce-et-de-placements-sa,Banque de Commerce et de Placements SA,2,Switzerland,board,Credit Control Officer | Head of Facility Management Division,2026-08-10T08:29:00+00:00,2026-08-26T16:12:07.620794+00:00,Unrated,G discovered employer
berner-kantonalbank-ag,Berner Kantonalbank AG,2,Switzerland,board,Risk & Performance Analystin / Analyst Investment Analytics & Monitoring (a) | Senior Investment Advisor (a),2026-08-18T03:02:00+00:00,2026-08-26T16:12:07.620794+00:00,Unrated,G discovered employer
calida-ag,Calida AG,2,Switzerland,board,Business Controller (w/m/d) | Senior Accounting Manager (w/m/d),2026-08-14T12:33:00+00:00,2026-08-26T16:12:07.620794+00:00,Unrated,G discovered employer
dectris-ag,Dectris AG,2,Switzerland,board,Product Compliance and Sustainability Expert | Product Manager Specific Solutions,2026-08-04T05:32:00+00:00,2026-08-26T16:12:07.620794+00:00,Unrated,G discovered employer
eawag,EAWAG,2,Switzerland,board,Fundraiser*in Stiftungen (m/w/d) 80% - 100% | Chargé*e de fundraising- Fondations (h/f/d) 80 % - 100 %,2026-08-10T07:02:00+00:00,2026-08-26T16:12:07.620794+00:00,Unrated,G discovered employer
hiag-immobilien-schweiz-ag,HIAG Immobilien Schweiz AG,2,Switzerland,board,Asset Manager/in | Leiter/in Asset Management Schweiz,2026-08-03T08:03:00+00:00,2026-08-26T16:12:07.620794+00:00,Unrated,G discovered employer
humanis-ag,Humanis AG,2,Switzerland,board,Business Controller 100% (m/w/d) | Junior Group Controller 100%,2026-08-21T08:33:00+00:00,2026-08-26T16:12:07.620794+00:00,Unrated,G discovered employer
l-occitane-international-suisse-sa,L'Occitane International (Suisse) SA,2,Switzerland,board,Executive Assistant Global Travel Retail | Global Traffic & Creative Operations Manager,2026-08-21T15:01:00+00:00,2026-08-26T16:12:07.620794+00:00,Unrated,G discovered employer
mercuri-urval-ag,Mercuri Urval AG,2,Switzerland,board,"Chief Financial Officer, CFO (100%) (m/w/d), Mitglied der Geschäftsleitung | Operational Controller & Financial Business Partner (100%) (m/w/d)",2026-08-24T13:02:00+00:00,2026-08-26T16:12:07.620794+00:00,Unrated,G discovered employer
pro-informatik-ag,Pro Informatik AG,2,Switzerland,board,Solution Architect Financial Trading | Testengineer Zahlungsverkehr,2026-08-20T14:02:00+00:00,2026-08-26T16:12:07.620794+00:00,Unrated,G discovered employer
raiffeisen-schweiz,Raiffeisen Schweiz,2,Switzerland,board,Senior Fondsmanager Aktien Global (w/m/d) | Senior Fondsmanager Aktien Schweiz (w/m/d),2026-08-04T03:02:00+00:00,2026-08-26T16:12:07.620794+00:00,Unrated,G discovered employer
spt-roth-ag,SPT Roth AG,2,Switzerland,board,Produktionscontroller / Senior Operations Controller (m/w/d) | Senior Group Accountant (m/w/d),2026-08-11T12:45:00+00:00,2026-08-26T16:12:07.620794+00:00,Unrated,G discovered employer
specitec-sa,SpeciTec SA,2,Switzerland,board,Permanent position - AML Compliance Monitoring Officer | Opportunité pour Récents Diplômés en Droit – High Risk Periodic Review (KYC/AML),2026-07-23T13:34:00+00:00,2026-08-26T16:12:07.620794+00:00,Unrated,G discovered employer
vz-verm-genszentrum,VZ VermögensZentrum,2,Switzerland,board,(Senior) Investment Advisor | Dein Einstieg ins Asset Management: Junior Investment Solutions Manager,2026-07-30T16:32:00+00:00,2026-08-26T16:12:07.620794+00:00,Unrated,G discovered employer
v-fischer-investas-holding-ag,v.FISCHER INVESTAS Holding AG,2,Switzerland,board,"Leitung Bewirtschaftung 80-100 %, Mitglied der Geschäftsleitung (m/w/d) | Senior Vermarkter:in Immobilien 80-100 % (m/w/d)",2026-07-30T13:31:00+00:00,2026-08-26T16:12:07.620794+00:00,Unrated,G discovered employer
e-g-r-vertriebs-und-handelsges-m-b-h,E.G.R. Vertriebs- und Handelsges.m.b.H.,2,Austria,board,Vertriebsmitarbeiter im Außendienst – Magenta Glasfaserausbau Niederösterreich | Vertriebsmitarbeiter im Außendienst – Magenta Glasfaserausbau Oberösterreich,2026-08-20T00:00:00+00:00,2026-08-26T16:10:45.953713+00:00,Unrated,G discovered employer
iro-partners-personal-u-managementberatungs-gmbh,Iro&Partners Personal- u. Managementberatungs-GmbH,2,Austria,board,Head of Finance & Controlling | Personal Assistant | Global Investment Firm,2026-08-24T00:00:00+00:00,2026-08-26T16:10:45.953713+00:00,Unrated,G discovered employer
unicredit-bank-austria-ag,UniCredit Bank Austria AG,2,Austria,board,Corporate Treasury Sales - Investment Product Sales | Praktikant:in im Bereich Risk,2026-08-24T00:00:00+00:00,2026-08-26T16:10:45.953713+00:00,Unrated,G discovered employer
austria-puma-dassler-gesmbh,Austria Puma Dassler GesmbH,2,Austria,board,Manager Finance EEMEA | Senior Manager Controlling EEMEA,2026-08-21T22:00:00+00:00,2026-08-26T16:07:01.038282+00:00,Unrated,G discovered employer
cerha-hempel-rechtsanw-lte-gmbh,CERHA HEMPEL Rechtsanwälte GmbH,2,Austria,board,Rechtsanwaltsanwärter:in (w/m/d) - Gesellschaftsrecht und M&A | Rechtsanwaltsanwärter:in (w/m/d) – Banking & Corporate Finance,2026-08-19T03:30:04+00:00,2026-08-26T16:07:01.038282+00:00,Unrated,G discovered employer
erste-asset-management-gmbh,Erste Asset Management GmbH,2,Austria,board,Business Manager - Investment Division (all genders) | Senior Portfolio Manager:in - Discretionary Portfolio Management (all genders),2026-08-24T06:55:00+00:00,2026-08-26T16:07:01.038282+00:00,Unrated,G discovered employer
kpmg-sterreich,KPMG Österreich,2,Austria,board,"(Assistant) Manager:in Restructuring, Transaction Services, Valuation oder M&A | (Senior) Manager:in Deals & Strategy - M&A",2026-08-22T03:30:07+00:00,2026-08-26T16:07:01.038282+00:00,Unrated,G discovered employer
lindlpower-personalmanagement,LINDLPOWER Personalmanagement,2,Austria,board,Manager Corporate Development (all genders) | Manager Corporate Development (all genders) EN,2026-08-21T05:51:13+00:00,2026-08-26T16:07:01.038282+00:00,Unrated,G discovered employer
leitnerleitner,LeitnerLeitner,2,Austria,board,Berufsanwärter:in Steuerberatung Banking & Finance | Steuerberater:in Banking & Finance,2026-08-26T03:30:06+00:00,2026-08-26T16:07:01.038282+00:00,Unrated,G discovered employer
novataste-austria-gmbh,NovaTaste Austria GmbH,2,Austria,board,Senior Expert Treasury & Corporate Finance (w/m/d) | Senior HR Controller (w/m/d),2026-08-22T03:30:06+00:00,2026-08-26T16:07:01.038282+00:00,Unrated,G discovered employer
oesterreichische-nationalbank,Oesterreichische Nationalbank,2,Austria,board,"Traineeship: Risikomanagement, Beteiligungssteuerung, Controlling & Organisationsentwicklung (w/m/d) | Traineeship: Volkswirtschaft, Finance und Märkte (w/m/d)",2026-08-24T10:48:23+00:00,2026-08-26T16:07:01.038282+00:00,Unrated,G discovered employer
raiffeisen-ober-sterreich,Raiffeisen Oberösterreich,2,Austria,board,"Student:in Wirtschaft, Finance oder Organisationsentwicklung | Mitarbeiter:in Trade Finance",2026-08-19T03:30:06+00:00,2026-08-26T16:07:01.038282+00:00,Unrated,G discovered employer
strabag-se,STRABAG SE,2,Austria,board,Analyst - Target Scouting Corporate Development | Manager:in M&A,2026-08-22T03:30:06+00:00,2026-08-26T16:07:01.038282+00:00,Unrated,G discovered employer
sparkasse-o,Sparkasse OÖ,2,Austria,board,Beteiligungsrisikomanager (m/w/d) | Mitarbeiter Vertriebsunterstützung Investmentfonds (m/w/d),2026-08-20T03:30:05+00:00,2026-08-26T16:07:01.038282+00:00,Unrated,G discovered employer
bayerische-hausbau-re-gmbh-co-kg,Bayerische Hausbau RE GmbH & Co. KG,2,Germany,board,"Treasury Manager / Senior Treasury Manager | Treasury Manager / Senior Treasury Manager, Pullach",2026-08-02T11:21:50.841376+00:00,2026-08-26T16:04:12.704705+00:00,Unrated,G discovered employer
bayerische-hausbau-real-estate,Bayerische Hausbau Real Estate,2,Germany,board,Senior Manager Bewertung und Portfoliomanagement (m/w/d) | Treasury Manager / Senior Treasury Manager (m/w/d),2026-07-16T00:00:01+00:00,2026-08-26T16:04:12.704705+00:00,Unrated,G discovered employer
tesa,tesa,2,Germany,board,Treasury Manager (m/f/d) | Treasury Specialist (m/f/d),2026-07-24T23:52:29.678696+00:00,2026-08-26T16:04:12.704705+00:00,Unrated,G discovered employer
aurelius-beteiligungsberatungs-ag,AURELIUS Beteiligungsberatungs AG,2,Germany,board,Investment Analyst / Associate (m/w/d) – Fokus: Buyouts | Investment Associate (m/w/d) – Fokus: Buyouts,2026-03-17T00:00:00+00:00,2026-08-26T15:59:50.255893+00:00,Unrated,G discovered employer
aschert-bohrmann-gmbh,Aschert & Bohrmann GmbH,2,Germany,board,Sachbearbeiter Treasury (m/w/d) | Underwriter (m/w/d) – Bereich Kautionsversicherung / Financial Risk,2025-12-16T00:00:00+00:00,2026-08-26T15:59:50.255893+00:00,Unrated,G discovered employer
ey-gmbh-co-kg-wpg,EY GmbH & Co. KG WPG,2,Germany,board,(Senior) Manager - Berater für Strategie- und Transaktionsprojekte im Treasury (w/m/d) | Consultant Capital Markets & Risk Management (Financial Services) (w/m/d),2026-04-14T00:00:00+00:00,2026-08-26T15:59:50.255893+00:00,Unrated,G discovered employer
gastro-alm-gmbh-betriebsst-tte-torfhaus,Gastro & Alm GmbH Betriebsstätte Torfhaus,2,Germany,board,Die GASTRO & ALM auf Torfhaus sucht Küchenhilfen und Spüler (m/w/d) | Die GASTRO & ALM auf Torfhaus sucht einen stellvertretenden Betriebsleiter (m/w/d),2026-07-08T00:00:00+00:00,2026-08-26T15:59:50.255893+00:00,Unrated,G discovered employer
hypovereinsbank-unicredit-bank-gmbh,HypoVereinsbank - UniCredit Bank GmbH,2,Germany,board,Specialist Investment Solution - Corporate Treasury Sales (m/w/d) | Specialist Investment Trading - Corporate Treasury Sales (f/m/d) Berlin,2026-02-10T00:00:00+00:00,2026-08-26T15:59:50.255893+00:00,Unrated,G discovered employer
ibc-solar-ag,IBC SOLAR AG,2,Germany,board,Senior Investment Manager (m/w/d) | Wirtschaftsingenieur - Investment Manager (m/w/d),2026-08-19T00:00:00+00:00,2026-08-26T15:59:50.255893+00:00,Unrated,G discovered employer
luther-rechtsanwaltsgesellschaft-mbh,Luther Rechtsanwaltsgesellschaft mbH,2,Germany,board,Rechtsanwalt Corporate / M&A / Private Equity / (m/w/d) | Rechtsanwalt Corporate / M&A mit Berufserfahrung (m/w/d),2026-08-25T00:00:00+00:00,2026-08-26T15:59:50.255893+00:00,Unrated,G discovered employer
rheinmetall-ag,Rheinmetall AG,2,Germany,board,Senior Specialist Finanzen und Treasury (m/w/d) | Materialmanager Portfolio Lynx (m/w/d),2025-12-15T00:00:00+00:00,2026-08-26T15:59:50.255893+00:00,Unrated,G discovered employer
innomotics-s-r-o,"Innomotics, s.r.o.",2,Czechia,board,Accounting Team Leader – AP/AR & Treasury | Senior Procurement Controller,,2026-08-26T15:57:53.101755+00:00,Unrated,G discovered employer
trinity-bank,Trinity Bank,2,Czechia,board,Real Estate Analyst | Investment & Asset Management | Treasury Back Office Lead,,2026-08-26T15:57:53.101755+00:00,Unrated,G discovered employer
rohlik-cz,rohlik.cz,2,Czechia,board,Senior Analyst Finance Planning & Analysis | Finance Business Partner,2026-08-26T07:44:29.942444+00:00,2026-08-26T15:57:53.101755+00:00,Unrated,G discovered employer
lgt,LGT,2,Switzerland,board,"Business Intelligence Analyst (w/m/d) | Head of Portfolio Management Europe, 100% (w/m/d)",2026-08-20T12:32:00+00:00,2026-08-26T12:21:11.148596+00:00,Unrated,G discovered employer
pax-schweizerische-lebensversicherungs-gesellschaft-ag,"Pax, Schweizerische Lebensversicherungs-Gesellschaft AG",2,Switzerland,board,Asset Management Immobilien (w/m/d) | Portfolio Manager Infrastruktur / Private Markets (w/m/d),2026-08-13T15:47:00+00:00,2026-08-26T12:21:11.148596+00:00,Unrated,G discovered employer
adecco,Adecco,2,United Kingdom,board,"Identity & Access Management Operations Analyst, VP | Trade Surveillance Project Manager - 2224",2026-08-20T16:30:00+00:00,2026-08-21T11:15:01.836955+00:00,Unrated,G discovered employer
teksystems,TEKsystems,2,United Kingdom,board,Corporate Treasury Analyst | Prudential Regulatory Reporting,2026-08-21T11:02:00+00:00,2026-08-21T11:15:01.836955+00:00,Unrated,G discovered employer
uniting-people,Uniting People,2,United Kingdom,board,Automation Engineer - Banking - SC Clearance | Project Manager - Banking - SC Clearance,2026-08-21T10:55:00+00:00,2026-08-21T11:15:01.836955+00:00,Unrated,G discovered employer
arc-it-recruitment,ARC IT Recruitment,2,United Kingdom,board,Lead Solution Architect | Solution Architect,2026-08-21T09:44:00+00:00,2026-08-21T09:36:44.215150+00:00,Unrated,G discovered employer
forsvarsministeriet,Forsvarsministeriet,2,Denmark,board,Juridisk kontorchef til Forsvarsministeriet | Pressechef søges til Forsvarsministeriet,2026-08-06T11:08:00+00:00,2026-08-21T07:03:01.313049+00:00,Unrated,G discovered employer
incluso-ab,Incluso AB,2,Sweden,board,Finance Business Partner | Program Controller,2026-08-17T11:05:14+00:00,2026-08-21T07:01:34.530466+00:00,Unrated,G discovered employer
uppsala-kommun,Uppsala kommun,2,Sweden,board,Business Controller - Uppsala arenor och fastigheter | Financial controller,2026-08-05T14:00:08+00:00,2026-08-21T07:01:34.530466+00:00,Unrated,G discovered employer
kone-sweden,KONE Sweden,2,Sweden,board,Analytiker | Tekniker,2026-07-26T22:00:01+00:00,2026-08-21T07:00:37.655848+00:00,Unrated,G discovered employer
steierm-rkische-bank-und-sparkasse-ag,Steiermärkische Bank und Sparkasse AG,2,Austria,board,Expert:in Non Financial Risk mit Schwerpunkt ICT Risiko Management | Großkundenbetreuer:in Immobilien- und Projektfinanzierung,2026-08-16T00:00:00+00:00,2026-08-21T06:56:59.555569+00:00,Unrated,G discovered employer
vizir-as,Vizir As,2,Norway,board,Vizir søker: Risiko-/kredittanalytiker | Vizir søker: Økonomisjef/business controller,,2026-08-20T21:52:19.128765+00:00,Unrated,G discovered employer
emagine,emagine,2,United Kingdom,board,Data Engineer (h/f) | Solution Architect (h/f),2026-08-20T15:27:00+00:00,2026-08-20T14:45:08.237238+00:00,Unrated,G discovered employer
aspia-sweden,Aspia - Sweden,2,Sweden,board,M&A Manager | Off-cycle M&A Intern- Stockholm,2026-08-11T22:00:01+00:00,2026-08-20T12:51:37.683861+00:00,Unrated,G discovered employer
bks-bank-ag,BKS Bank AG,2,Austria,board,Risikoanalyst für KMU- und Großkunden (all genders) | Senior Kundenbetreuer Large Corporates und Public Finance (all genders),2026-08-18T07:02:02.757000+00:00,2026-08-20T12:20:11.159351+00:00,Unrated,G discovered employer
johtava-yritys-alalla-rakentaminen-kiinteist-t-ja-arkkitehtuuri,"Johtava yritys alalla Rakentaminen, kiinteistöt ja arkkitehtuuri",1,Finland,board,"Laskutusasiantuntija, määräaikainen (Procountor)",2026-08-25T00:00:00+00:00,2026-08-26T16:19:37.376924+00:00,Unrated,G discovered employer
johtava-yritys-alalla-taloushallinto-rahoituspalvelut-ja-kirjanpito,"Johtava yritys alalla Taloushallinto, rahoituspalvelut ja kirjanpito",1,Finland,board,Finance Process Development Specialist (Netsuite),2026-08-12T00:00:00+00:00,2026-08-26T16:19:37.376924+00:00,Unrated,G discovered employer
akademikerne,Akademikerne,1,Denmark,board,Cheføkonom og analysedirektør til Akademikerne (AC),2026-08-20T08:18:00+00:00,2026-08-26T16:19:21.437037+00:00,Unrated,G discovered employer
domstolsstyrelsen,Domstolsstyrelsen,1,Denmark,board,Skarp generalist med interesse for statistik og økonomistyring til Domstolsstyrelsen,2026-08-21T13:38:00+00:00,2026-08-26T16:19:21.437037+00:00,Unrated,G discovered employer
kl-kommunernes-landsforening,KL - Kommunernes Landsforening,1,Denmark,board,Analytisk stærk konsulent til en økonomifunktion i transformation,2026-08-26T15:16:00+00:00,2026-08-26T16:19:21.437037+00:00,Unrated,G discovered employer
kalundborg-refinery,Kalundborg Refinery,1,Denmark,board,Head of Finance,2026-08-25T12:36:00+00:00,2026-08-26T16:19:21.437037+00:00,Unrated,G discovered employer
medarbejder-og-kompetencestyrelsen,Medarbejder- og Kompetencestyrelsen,1,Denmark,board,Student til Center for Analyse i Medarbejder- og Kompetencestyrelsen,2026-08-19T13:29:00+00:00,2026-08-26T16:19:21.437037+00:00,Unrated,G discovered employer
sundheds-og-kirkeministeriet,Sundheds- og Kirkeministeriet,1,Denmark,board,Er du en af vores nye praktikanter i Sundheds- og Kirkeministeriet?,2026-08-25T13:31:00+00:00,2026-08-26T16:19:21.437037+00:00,Unrated,G discovered employer
apotek-1-gruppen-as,Apotek 1 Gruppen AS,1,Norway,board,Apotek 1 søker Business Controller Salg & Drift,2026-08-19T15:47:22+00:00,2026-08-26T16:17:02.317907+00:00,Unrated,G discovered employer
arctic-securities-as,Arctic Securities AS,1,Norway,board,Investment Banking Analyst,2026-08-08T15:23:50+00:00,2026-08-26T16:17:02.317907+00:00,Unrated,G discovered employer
fredrik-deilk-s,Fredrik Deilkås,1,Norway,board,NOR Group søker Group Business Controller,2026-08-05T00:00:00+00:00,2026-08-26T16:17:02.317907+00:00,Unrated,G discovered employer
manpower-as,Manpower AS,1,Norway,board,Senior Business Controller,2026-08-22T15:27:00+00:00,2026-08-26T16:17:02.317907+00:00,Unrated,G discovered employer
merete-holth,Merete Holth,1,Norway,board,Business Controller,2026-08-10T00:00:00+00:00,2026-08-26T16:17:02.317907+00:00,Unrated,G discovered employer
nhh-norwegian-school-of-economics,NHH Norwegian School of Economics,1,Norway,board,PhD Research Scholar positions - Department of Finance,2026-07-21T15:44:51+00:00,2026-08-26T16:17:02.317907+00:00,Unrated,G discovered employer
nhh-phd-programme,NHH PhD Programme,1,Norway,board,PhD Research Scholar positions - Department of Finance,2026-07-03T00:00:00+00:00,2026-08-26T16:17:02.317907+00:00,Unrated,G discovered employer
ntnu-norwegian-university-of-science-and-technology,NTNU - Norwegian University of Science and Technology,1,Norway,board,PhD Candidate in AI-assisted asset management of coastal infrastructure,2026-08-15T15:09:12+00:00,2026-08-26T16:17:02.317907+00:00,Unrated,G discovered employer
samson-yared,Samson Yared,1,Norway,board,Vil du bidra til planlegging og prosjektering av kraftsystem og elektrisk jernbane?,2026-08-18T00:00:00+00:00,2026-08-26T16:17:02.317907+00:00,Unrated,G discovered employer
v-r-energi-asa,Vår Energi Asa,1,Norway,board,Finance & Business Development Analysts,2026-08-23T15:03:14+00:00,2026-08-26T16:17:02.317907+00:00,Unrated,G discovered employer
lvd-as-team-verksted-as,"LVD AS, Team Verksted AS",1,Norway,board,Controller / regnskapsmedarbeider,,2026-08-26T16:16:56.828946+00:00,Unrated,G discovered employer
aiming-executive-ab,Aiming Executive AB,1,Sweden,board,Group Financial Controller till Sertion,2026-08-09T09:21:35+00:00,2026-08-26T16:16:25.027518+00:00,Unrated,G discovered employer
alleima-ab,Alleima AB,1,Sweden,board,Business Control Manager,2026-08-11T11:11:10+00:00,2026-08-26T16:16:25.027518+00:00,Unrated,G discovered employer
asta-agency-ab,Asta Agency AB,1,Sweden,board,Business Controller till MedHelp Care,2026-08-17T12:52:01+00:00,2026-08-26T16:16:25.027518+00:00,Unrated,G discovered employer
bama-foods-ab,Bama Foods AB,1,Sweden,board,Business Controller på Bama Fresh Cuts AB,2026-08-19T09:14:52+00:00,2026-08-26T16:16:25.027518+00:00,Unrated,G discovered employer
candela-technology-ab,Candela Technology AB,1,Sweden,board,Accounting Manager,2026-08-20T12:36:15+00:00,2026-08-26T16:16:25.027518+00:00,Unrated,G discovered employer
candles-scandinavia-ab,Candles Scandinavia AB,1,Sweden,board,Group Business Controller till noterat tillväxtbolag,2026-08-26T09:49:04+00:00,2026-08-26T16:16:25.027518+00:00,Unrated,G discovered employer
clockwork-bemanning-rekrytering-ab,Clockwork Bemanning & Rekrytering AB,1,Sweden,board,Senior Business Controller sökes i Stockholm!,2026-08-24T14:12:54+00:00,2026-08-26T16:16:25.027518+00:00,Unrated,G discovered employer
ctek-sweden-ab,Ctek Sweden AB,1,Sweden,board,Senior Redovisningsekonom/Group Accountant,2026-08-20T15:00:20+00:00,2026-08-26T16:16:25.027518+00:00,Unrated,G discovered employer
devotum-ab,Devotum AB,1,Sweden,board,Project Business Controller | Konsultuppdrag i Västerås,2026-06-01T13:00:22+00:00,2026-08-26T16:16:25.027518+00:00,Unrated,G discovered employer
flexit-sverige-ab,Flexit Sverige AB,1,Sweden,board,Redovisningsansvarig till Flexit Sverige AB,2026-08-25T10:00:13.397897800+00:00,2026-08-26T16:16:25.027518+00:00,Unrated,G discovered employer
framg-ng-bor-s-ab,Framgång Borås AB,1,Sweden,board,Finance &amp; Accounting Manager till MuoviTech Sweden AB,2026-08-24T05:43:34+00:00,2026-08-26T16:16:25.027518+00:00,Unrated,G discovered employer
geoguessr-ab,GeoGuessr AB,1,Sweden,board,Business Controller / Accounting Manager,2026-07-30T14:30:22+00:00,2026-08-26T16:16:25.027518+00:00,Unrated,G discovered employer
gudruns-ab,Gudruns AB,1,Sweden,board,Ekonomichef / Senior Business Controller,2026-08-26T06:11:55+00:00,2026-08-26T16:16:25.027518+00:00,Unrated,G discovered employer
oddwork-sweden-ab,Oddwork Sweden AB,1,Sweden,board,Ekonom till Svenska Livräddningssällskapet Göteborg,2026-08-05T08:40:10.178653900+00:00,2026-08-26T16:16:25.027518+00:00,Unrated,G discovered employer
polismyndigheten,Polismyndigheten,1,Sweden,board,Finansiell controller till polisregion Bergslagen,2026-08-12T09:00:05+00:00,2026-08-26T16:16:25.027518+00:00,Unrated,G discovered employer
q-r-t-qarat-ab,Q.R.T QARAT AB,1,Sweden,board,Affärsdriven Controller med CFO-potential till AutomationsPartner,2026-08-05T11:19:52+00:00,2026-08-26T16:16:25.027518+00:00,Unrated,G discovered employer
qrios-ab,QRIOS AB,1,Sweden,board,Financial Controller to Ascilion,2026-07-07T21:24:01+00:00,2026-08-26T16:16:25.027518+00:00,Unrated,G discovered employer
sjr-in-sweden-ab,SJR in Sweden AB,1,Sweden,board,Interim Ekonomichef / Senior Business Controller till verksamhet i Huddinge,2026-08-26T09:38:37+00:00,2026-08-26T16:16:25.027518+00:00,Unrated,G discovered employer
skill-kompetenspartner-ab,Skill Kompetenspartner AB,1,Sweden,board,Junior Programme Financial Controller till stor industri i Trollhättan,2026-08-20T14:10:31+00:00,2026-08-26T16:16:25.027518+00:00,Unrated,G discovered employer
statens-jordbruksverk,Statens Jordbruksverk,1,Sweden,board,Avdelningscontroller,2026-08-19T23:35:28+00:00,2026-08-26T16:16:25.027518+00:00,Unrated,G discovered employer
tarkett-aktiebolag,TARKETT AKTIEBOLAG,1,Sweden,board,Production finance controller,2026-08-07T13:26:40+00:00,2026-08-26T16:16:25.027518+00:00,Unrated,G discovered employer
united-parcel-service-sweden-aktiebolag,UNITED PARCEL SERVICE SWEDEN AKTIEBOLAG,1,Sweden,board,Finance Specialist (Business Controller) - UPS Järfälla,2026-08-21T10:45:01+00:00,2026-08-26T16:16:25.027518+00:00,Unrated,G discovered employer
vindex-ab,Vindex AB,1,Sweden,board,Senior Financial Controller till Bankaktiebolaget Nordiska,2026-08-11T09:47:35+00:00,2026-08-26T16:16:25.027518+00:00,Unrated,G discovered employer
wikan-personal-ab,Wikan Personal AB,1,Sweden,board,Operativ controller med redovisningsprofil,2026-08-06T10:21:16+00:00,2026-08-26T16:16:25.027518+00:00,Unrated,G discovered employer
green-cargo-ab,Green Cargo AB,1,Sweden,board,Business Controller,2026-08-06T08:36:46+00:00,2026-08-26T16:15:30.539799+00:00,Unrated,G discovered employer
varopreem,VAROPreem,1,Sweden,board,Business Controller Trading,2026-08-12T22:00:01+00:00,2026-08-26T16:15:30.539799+00:00,Unrated,G discovered employer
aktiebolaget-bro-bryggeri,AKTIEBOLAGET ÅBRO BRYGGERI,1,Sweden,board,Business Controller,2026-08-03T01:35:23+00:00,2026-08-26T16:14:49.545024+00:00,Unrated,G discovered employer
alm-psykiatri-ab,Alm Psykiatri AB,1,Sweden,board,Psykologassistent till psykiatrisk mottagning,2026-08-10T09:36:30+00:00,2026-08-26T16:14:49.545024+00:00,Unrated,G discovered employer
avanzera-ab,Avanzera AB,1,Sweden,board,Financial Controller - långt uppdrag,2026-08-17T16:25:02+00:00,2026-08-26T16:14:49.545024+00:00,Unrated,G discovered employer
borealis-aktiebolag,BOREALIS AKTIEBOLAG,1,Sweden,board,Elingenjör Asset Management,2026-08-21T11:03:30+00:00,2026-08-26T16:14:49.545024+00:00,Unrated,G discovered employer
br-derna-hanssons-i-g-teborg-export-aktiebolag,BRÖDERNA HANSSONS I GÖTEBORG EXPORT AKTIEBOLAG,1,Sweden,board,Finance and Business Development Specialist with Focus on China,2026-08-17T12:16:45+00:00,2026-08-26T16:14:49.545024+00:00,Unrated,G discovered employer
bronn-ab,Bronn AB,1,Sweden,board,Finance Deployment,2026-08-05T16:32:30+00:00,2026-08-26T16:14:49.545024+00:00,Unrated,G discovered employer
committo-ab,Committo AB,1,Sweden,board,Finance Business Partner Northern Europe to KUKA Nordic,2026-07-14T20:59:55+00:00,2026-08-26T16:14:49.545024+00:00,Unrated,G discovered employer
dometic-holding-ab,Dometic Holding AB,1,Sweden,board,Chief Financial Officer,2026-08-26T09:26:05+00:00,2026-08-26T16:14:49.545024+00:00,Unrated,G discovered employer
fagerhults-belysning-aktiebolag,FAGERHULTS BELYSNING AKTIEBOLAG,1,Sweden,board,Financial Controller - Capelon AB,2026-08-05T13:36:25+00:00,2026-08-26T16:14:49.545024+00:00,Unrated,G discovered employer
gazella-ab,Gazella AB,1,Sweden,board,Finance Manager to Öhlins Group,2026-08-17T15:25:44+00:00,2026-08-26T16:14:49.545024+00:00,Unrated,G discovered employer
h-m-hennes-mauritz-gbc-ab,H & M Hennes & Mauritz GBC AB,1,Sweden,board,Senior Software Engineer - Frontend (Portfolio Brands),2026-08-17T12:03:00+00:00,2026-08-26T16:14:49.545024+00:00,Unrated,G discovered employer
hirely-ab,Hirely AB,1,Sweden,board,Financial Controller,2026-08-13T08:32:58+00:00,2026-08-26T16:14:49.545024+00:00,Unrated,G discovered employer
hitachi-energy-sweden-ab,Hitachi Energy Sweden AB,1,Sweden,board,Project Portfolio Manager,2026-08-20T13:44:00+00:00,2026-08-26T16:14:49.545024+00:00,Unrated,G discovered employer
holdflight-ab-publ,Holdflight AB (publ),1,Sweden,board,Group Financial Controller,2026-08-14T09:43:45+00:00,2026-08-26T16:14:49.545024+00:00,Unrated,G discovered employer
i-ray-it-solutions-ab,I-Ray IT Solutions AB,1,Sweden,board,"Interim Unit Manager IT Infrastructure, Platform and Network",2026-08-20T08:34:00+00:00,2026-08-26T16:14:49.545024+00:00,Unrated,G discovered employer
instabee-group-ab,Instabee Group AB,1,Sweden,board,Group FP&A Manager,2026-08-24T13:20:50+00:00,2026-08-26T16:14:49.545024+00:00,Unrated,G discovered employer
kvdbil-ab,Kvdbil AB,1,Sweden,board,Junior Business Controller,2026-08-14T08:57:07+00:00,2026-08-26T16:14:49.545024+00:00,Unrated,G discovered employer
lyten-ett-ab,Lyten Ett AB,1,Sweden,board,Senior Business Controller,2026-06-29T14:58:00+00:00,2026-08-26T16:14:49.545024+00:00,Unrated,G discovered employer
meritmind-aktiebolag,MERITMIND AKTIEBOLAG,1,Sweden,board,"Finance Business Partner, Göteborg",2026-08-05T08:49:25+00:00,2026-08-26T16:14:49.545024+00:00,Unrated,G discovered employer
monava-ab,Monava AB,1,Sweden,board,Head of Finance,2026-08-20T17:33:06+00:00,2026-08-26T16:14:49.545024+00:00,Unrated,G discovered employer
nira-dynamics-ab,NIRA DYNAMICS AB,1,Sweden,board,Customer Success Manager Road Asset Management,2026-08-12T14:32:50+00:00,2026-08-26T16:14:49.545024+00:00,Unrated,G discovered employer
northworks-in-sweden-ab,Northworks in Sweden AB,1,Sweden,board,FINANCE MANAGER TO EXPLORE THE NORTH,2026-06-10T15:45:09+00:00,2026-08-26T16:14:49.545024+00:00,Unrated,G discovered employer
nova-health-group-ab,Nova Health Group AB,1,Sweden,board,Financial Controller,2026-08-26T16:04:49+00:00,2026-08-26T16:14:49.545024+00:00,Unrated,G discovered employer
novum-executive-ab,Novum Executive AB,1,Sweden,board,Group Financial Controller till Awardit,2026-08-25T11:02:49+00:00,2026-08-26T16:14:49.545024+00:00,Unrated,G discovered employer
qred-bank-ab,Qred Bank AB,1,Sweden,board,Group Financial Controller,2026-06-23T17:00:03+00:00,2026-08-26T16:14:49.545024+00:00,Unrated,G discovered employer
raysearch-laboratories-ab-publ,RaySearch Laboratories AB (publ),1,Sweden,board,Risk Manager - Cybersecurity,2026-07-10T13:53:01+00:00,2026-08-26T16:14:49.545024+00:00,Unrated,G discovered employer
saft-aktiebolag,SAFT Aktiebolag,1,Sweden,board,Financial Controller,2026-08-25T16:00:01+00:00,2026-08-26T16:14:49.545024+00:00,Unrated,G discovered employer
scania-cv-aktiebolag,SCANIA CV AKTIEBOLAG,1,Sweden,board,Business Controller,2026-08-20T13:38:10+00:00,2026-08-26T16:14:49.545024+00:00,Unrated,G discovered employer
senior-material-europe-ab,Senior Material (Europe) AB,1,Sweden,board,Senior Investment Manager,2026-08-25T23:00:35+00:00,2026-08-26T16:14:49.545024+00:00,Unrated,G discovered employer
techrytera-ab,Techrytera AB,1,Sweden,board,Lean Portfolio Management Expert,2026-08-24T15:39:52+00:00,2026-08-26T16:14:49.545024+00:00,Unrated,G discovered employer
vattenfall-ab,Vattenfall AB,1,Sweden,board,Financial Business Partner / Business Controller,2026-08-26T13:07:25+00:00,2026-08-26T16:14:49.545024+00:00,Unrated,G discovered employer
v-ster-s-kommun,VÄSTERÅS KOMMUN,1,Sweden,board,Risk- och försäkringscontroller,2026-08-17T01:35:55+00:00,2026-08-26T16:14:49.545024+00:00,Unrated,G discovered employer
fachhochschule-nordwestschweiz-fhnw,Fachhochschule Nordwestschweiz FHNW,1,Switzerland,board,(Junior-)Controller*in (60-80 %),2026-08-26T00:00:00+00:00,2026-08-26T16:14:13.978521+00:00,Unrated,G discovered employer
swisselect-ag,swisselect ag,1,Switzerland,board,Leiter:in Logistik,2026-08-26T00:00:00+00:00,2026-08-26T16:14:13.978521+00:00,Unrated,G discovered employer
4b-ag,4B AG,1,Switzerland,board,HR Business Partner (m/w/d) 80-100 %,2026-08-06T14:32:00+00:00,2026-08-26T16:12:07.620794+00:00,Unrated,G discovered employer
andritz-hydro-ag,ANDRITZ HYDRO AG,1,Switzerland,board,Comptable 80-100%,2026-07-15T11:40:00+00:00,2026-08-26T16:12:07.620794+00:00,Unrated,G discovered employer
anker-capital-management-ag,ANKER Capital Management AG,1,Switzerland,board,Client Solutions / Portfolio Manager,2026-08-24T05:38:00+00:00,2026-08-26T16:12:07.620794+00:00,Unrated,G discovered employer
aare-vorsorge-ag,Aare Vorsorge AG,1,Switzerland,board,Fachspezialist:in BVG (80-100 %),2026-08-26T14:04:00+00:00,2026-08-26T16:12:07.620794+00:00,Unrated,G discovered employer
adequasys-suisse-sa,Adequasys (Suisse) SA,1,Switzerland,board,Account Executive (Deutschschweiz) – Enterprise HR Tech,2026-08-26T15:43:00+00:00,2026-08-26T16:12:07.620794+00:00,Unrated,G discovered employer
audika-ag,Audika AG,1,Switzerland,board,Junior Business Controller 50 - 80% (m/w/d),2026-07-31T08:32:00+00:00,2026-08-26T16:12:07.620794+00:00,Unrated,G discovered employer
basf-intertrade-ag,BASF Intertrade AG,1,Switzerland,board,Trade Compliance Manager (m/f/d),2026-08-24T10:13:00+00:00,2026-08-26T16:12:07.620794+00:00,Unrated,G discovered employer
bbva-sa,BBVA SA,1,Switzerland,board,"Senior Client Onboarding, KYC & KYT Officer",2026-07-29T09:23:00+00:00,2026-08-26T16:12:07.620794+00:00,Unrated,G discovered employer
bnp-paribas-asset-management-switzerland-ag,BNP PARIBAS ASSET MANAGEMENT Switzerland AG,1,Switzerland,board,Lawyer Real Estate w/m/d (80 – 100%),2026-07-31T12:54:00+00:00,2026-08-26T16:12:07.620794+00:00,Unrated,G discovered employer
bank-cic-schweiz-ag,Bank CIC (Schweiz) AG,1,Switzerland,board,"Business Analyst Finance (Accounting, Cost &amp; Fees, Tax) 100%Change Management",2026-07-31T11:14:00+00:00,2026-08-26T16:12:07.620794+00:00,Unrated,G discovered employer
bank-cler,Bank Cler,1,Switzerland,board,Consulente alla clientela privata individuale Lugano (f/m),2026-08-04T09:02:00+00:00,2026-08-26T16:12:07.620794+00:00,Unrated,G discovered employer
bank-frick-ag,Bank Frick AG,1,Switzerland,board,Payment Operations Specialist & Banking Relations Manager 80-100 % (m/w/d),2026-08-21T14:00:00+00:00,2026-08-26T16:12:07.620794+00:00,Unrated,G discovered employer
berner-kantonalbank-ag-bekb-bcbe,Berner Kantonalbank AG (BEKB | BCBE),1,Switzerland,board,Senior Kredit Officer (a),2026-08-25T02:02:00+00:00,2026-08-26T16:12:07.620794+00:00,Unrated,G discovered employer
bison-schweiz-ag,Bison Schweiz AG,1,Switzerland,board,SAP Spezialist Finanz/Controlling (w/m/d),2026-08-26T08:32:00+00:00,2026-08-26T16:12:07.620794+00:00,Unrated,G discovered employer
brugg-kabel-ag,Brugg Kabel AG,1,Switzerland,board,Tender Manager,2026-08-17T12:55:00+00:00,2026-08-26T16:12:07.620794+00:00,Unrated,G discovered employer
bundesamt-f-r-strassen-astra,Bundesamt für Strassen ASTRA,1,Switzerland,board,Leiter/-in Entwicklung Asset Management Nationalstrassen,2026-08-19T02:02:00+00:00,2026-08-26T16:12:07.620794+00:00,Unrated,G discovered employer
burckhardt-compression-ag,Burckhardt Compression AG,1,Switzerland,board,Head of IT Service & Portfolio Management (f/m/d) 100%,2026-08-26T13:02:00+00:00,2026-08-26T16:12:07.620794+00:00,Unrated,G discovered employer
b-hlmann-laboratories-ag,BÜHLMANN Laboratories AG,1,Switzerland,board,Project Manager IVD Business,2026-08-19T13:07:00+00:00,2026-08-26T16:12:07.620794+00:00,Unrated,G discovered employer
c5i,C5I,1,Switzerland,board,Finance Business Partner C5I,2026-08-18T03:02:00+00:00,2026-08-26T16:12:07.620794+00:00,Unrated,G discovered employer
cim-banque-sa,CIM BANQUE SA,1,Switzerland,board,Compliance Assistant,2026-08-18T10:37:00+00:00,2026-08-26T16:12:07.620794+00:00,Unrated,G discovered employer
cancelleria-federale-caf,Cancelleria federale CaF,1,Switzerland,board,"Responsabile della divisione comunicazione, sostituto/a portavoce del consiglio federale",2026-08-12T03:02:00+00:00,2026-08-26T16:12:07.620794+00:00,Unrated,G discovered employer
carl-zeiss-ag,Carl Zeiss AG,1,Switzerland,board,Abwechslungsreiche Stelle im Bereich Finance & Accounting (m/f/x) 80% - 100%,2026-08-05T05:49:00+00:00,2026-08-26T16:12:07.620794+00:00,Unrated,G discovered employer
dhl-management-schweiz-ag,DHL Management (Schweiz) AG,1,Switzerland,board,Accountant,2026-08-04T14:33:00+00:00,2026-08-26T16:12:07.620794+00:00,Unrated,G discovered employer
dantherm-group-ag,Dantherm Group AG,1,Switzerland,board,Finance & Business Operations ManagerIn (80 - 100 %),2026-08-07T00:00:00+00:00,2026-08-26T16:12:07.620794+00:00,Unrated,G discovered employer
derendinger-ag-zweigniederlassung-dietlikon,"Derendinger AG, Zweigniederlassung Dietlikon",1,Switzerland,board,*Financial Business Partner & Project Lead (w/m/d) 100% Dietlikon,2026-08-23T22:05:00+00:00,2026-08-26T16:12:07.620794+00:00,Unrated,G discovered employer
duni-ag,Duni AG,1,Switzerland,board,Sales Specialist (m/f/d) Field Sales – Food Packaging Solutions – Western Switzerland,2026-08-13T13:55:00+00:00,2026-08-26T16:12:07.620794+00:00,Unrated,G discovered employer
ecs-technologie-ag,ECS Technologie AG,1,Switzerland,board,Head of Accounting & Financial Reporting,2026-08-19T13:53:00+00:00,2026-08-26T16:12:07.620794+00:00,Unrated,G discovered employer
energie-360-ag,Energie 360° AG,1,Switzerland,board,Head Value Stream Asset Management,2026-08-23T03:02:00+00:00,2026-08-26T16:12:07.620794+00:00,Unrated,G discovered employer
etel-s-a,Etel S.A.,1,Switzerland,board,IT & BUSINESS SOLUTIONS MANAGER,2026-08-11T11:03:00+00:00,2026-08-26T16:12:07.620794+00:00,Unrated,G discovered employer
everyware-ag,EveryWare AG,1,Switzerland,board,Cyber Security Specialist,2026-08-13T14:39:00+00:00,2026-08-26T16:12:07.620794+00:00,Unrated,G discovered employer
finanzplanung-z-richsee-ag,Finanzplanung Zürichsee AG,1,Switzerland,board,Kundenberater/in 100% (Quereinsteiger willkommen),2026-07-08T16:33:00+00:00,2026-08-26T16:12:07.620794+00:00,Unrated,G discovered employer
format-a-ag,Format A AG,1,Switzerland,board,"Sachbearbeiter/in Debitoren-, Kreditoren- und Wertschriftenbuchhaltung (50-80%)",2026-08-13T14:33:00+00:00,2026-08-26T16:12:07.620794+00:00,Unrated,G discovered employer
frontier-international-gmbh,Frontier International GmbH,1,Switzerland,board,"Senior Lead, Entertainment Operations",2026-08-13T07:58:00+00:00,2026-08-26T16:12:07.620794+00:00,Unrated,G discovered employer
getec-park-swiss-ag,GETEC PARK.SWISS AG,1,Switzerland,board,Controller/in,2026-08-25T08:33:00+00:00,2026-08-26T16:12:07.620794+00:00,Unrated,G discovered employer
grand-casino-kursaal-bern-ag,GRAND CASINO KURSAAL BERN AG,1,Switzerland,board,Chief Operating Officer (COO) Landbased Casino 100 %,2026-08-18T16:29:00+00:00,2026-08-26T16:12:07.620794+00:00,Unrated,G discovered employer
glas-tr-sch-ag,Glas Trösch AG,1,Switzerland,board,Business Controller/-in m/w/d 100%,2026-07-30T10:35:00+00:00,2026-08-26T16:12:07.620794+00:00,Unrated,G discovered employer
g-del-ag,Güdel AG,1,Switzerland,board,Manager Accounting (m/w/d),2026-08-07T16:02:00+00:00,2026-08-26T16:12:07.620794+00:00,Unrated,G discovered employer
home-art-sales-services-ag,HOME ART & SALES SERVICES AG,1,Switzerland,board,Finance Manager 100%,2026-08-06T11:54:00+00:00,2026-08-26T16:12:07.620794+00:00,Unrated,G discovered employer
hamilton-ag,Hamilton AG,1,Switzerland,board,HR Business Partner 80 - 100 % (w/m/d),2026-08-21T06:32:00+00:00,2026-08-26T16:12:07.620794+00:00,Unrated,G discovered employer
hays-schweiz-ag,Hays (Schweiz) AG,1,Switzerland,board,Senior Payroll Specialist (m/w/d),2026-08-05T14:02:00+00:00,2026-08-26T16:12:07.620794+00:00,Unrated,G discovered employer
hochschule-luzern,Hochschule Luzern,1,Switzerland,board,Dozentin und Projektleiterin / Dozent und Projektleiter Corporate Finance 50 – 100%,2026-07-14T03:02:00+00:00,2026-08-26T16:12:07.620794+00:00,Unrated,G discovered employer
incore-bank-ag,InCore Bank AG,1,Switzerland,board,Devisen- & Edelmetallhändler:in und Treasury (100%),2026-08-04T13:28:00+00:00,2026-08-26T16:12:07.620794+00:00,Unrated,G discovered employer
jeannine-f-dier-personalagentur,JEANNINE FÉDIER PERSONALAGENTUR,1,Switzerland,board,Executive Assistant & Strategic Support to the Co-CEOs,2026-07-22T11:02:00+00:00,2026-08-26T16:12:07.620794+00:00,Unrated,G discovered employer
jungfraubahnen-management-ag,Jungfraubahnen Management AG,1,Switzerland,board,Sachbearbeiter:in Debitoren und Kreditoren,2026-08-12T11:32:00+00:00,2026-08-26T16:12:07.620794+00:00,Unrated,G discovered employer
j-rg-lienert-ag,Jörg Lienert AG,1,Switzerland,board,Leiter:in Finanzen Controlling,2026-08-05T09:12:00+00:00,2026-08-26T16:12:07.620794+00:00,Unrated,G discovered employer
ksu-a-technik-ag,KSU A-Technik AG,1,Switzerland,board,Assistenz der Geschäftsleitung (m/w) 80 – 100 %,2026-08-18T19:03:00+00:00,2026-08-26T16:12:07.620794+00:00,Unrated,G discovered employer
kellerhals-carrard-z-rich,Kellerhals Carrard Zürich,1,Switzerland,board,Senior Startup & Venture Capital Lawyer (80%-100%),2026-07-30T10:02:00+00:00,2026-08-26T16:12:07.620794+00:00,Unrated,G discovered employer
knecht-gruppe,Knecht Gruppe,1,Switzerland,board,"Career Start Programm Finance, Accounting und Controlling",2026-08-17T16:33:00+00:00,2026-08-26T16:12:07.620794+00:00,Unrated,G discovered employer
lhh,LHH,1,Switzerland,board,Legal Counsel,2026-08-11T05:03:00+00:00,2026-08-26T16:12:07.620794+00:00,Unrated,G discovered employer
marvinpac-sa,MARVINPAC SA,1,Switzerland,board,Technicien·ne de maintenance confirmé·e,2026-08-24T09:47:00+00:00,2026-08-26T16:12:07.620794+00:00,Unrated,G discovered employer
ms-swiss-cosmetics-sa,MS SWISS COSMETICS SA,1,Switzerland,board,Automaticien·ne / Technicien·ne de maintenance,2026-08-21T13:08:00+00:00,2026-08-26T16:12:07.620794+00:00,Unrated,G discovered employer
marcuard-heritage-ag,Marcuard Heritage AG,1,Switzerland,board,Compliance Officer (80 - 100%) f/m/d,2026-08-16T22:02:00+00:00,2026-08-26T16:12:07.620794+00:00,Unrated,G discovered employer
medinova-ag,Medinova AG,1,Switzerland,board,Director Quality Assurance & Production Management (Zurich),2026-08-19T13:18:00+00:00,2026-08-26T16:12:07.620794+00:00,Unrated,G discovered employer
metrohm-ag,Metrohm AG,1,Switzerland,board,Business Controller (w/m/d) 100%,2026-08-04T10:23:00+00:00,2026-08-26T16:12:07.620794+00:00,Unrated,G discovered employer
miele-ag,Miele AG,1,Switzerland,board,Head of Financial Planning & Analysis Switzerland 100% (w/m/d),2026-08-25T11:11:00+00:00,2026-08-26T16:12:07.620794+00:00,Unrated,G discovered employer
m-decins-sans-fronti-res,Médecins Sans Frontières,1,Switzerland,board,Philanthropy Advisor for Private Major Donors - German,2026-08-10T11:38:00+00:00,2026-08-26T16:12:07.620794+00:00,Unrated,G discovered employer
n-i-s-new-investment-solutions-ag,N.I.S. New Investment Solutions AG,1,Switzerland,board,"Team Assistant (100%, English) / Team Assistant (100%, English & Japanese)",2026-08-11T00:00:00+00:00,2026-08-26T16:12:07.620794+00:00,Unrated,G discovered employer
nzz,NZZ,1,Switzerland,board,Digital Analyst (E-Commerce) (w/m) 100%,2026-08-12T11:32:00+00:00,2026-08-26T16:12:07.620794+00:00,Unrated,G discovered employer
office-f-d-ral-constructions-et-logistique-ofcl,Office fédéral constructions et logistique OFCL,1,Switzerland,board,"Administrateur/trice de biens immobiliers, vente et droits de superficie",2026-08-11T03:02:00+00:00,2026-08-26T16:12:07.620794+00:00,Unrated,G discovered employer
otis-sa,Otis SA,1,Switzerland,board,Manager EHS,2026-08-07T13:34:00+00:00,2026-08-26T16:12:07.620794+00:00,Unrated,G discovered employer
ppcmetrics-ag,PPCmetrics AG,1,Switzerland,board,Working Student Asset Manager Selection (20 - 40%),2026-07-28T09:02:00+00:00,2026-08-26T16:12:07.620794+00:00,Unrated,G discovered employer
phoenix-mecano-solutions-ag,Phoenix Mecano Solutions AG,1,Switzerland,board,Junior Accountant (m/w/d) 80%,2026-08-03T11:32:00+00:00,2026-08-26T16:12:07.620794+00:00,Unrated,G discovered employer
pilet-renaud-sa,Pilet & Renaud SA,1,Switzerland,board,Courtier-ère ventes résidentielles,2026-08-24T14:09:00+00:00,2026-08-26T16:12:07.620794+00:00,Unrated,G discovered employer
prosearch-ag,ProSearch AG,1,Switzerland,board,Leitung Immobilien-Portfolio-Management (PFM) und Bauprozess-Management,2026-07-13T11:48:00+00:00,2026-08-26T16:12:07.620794+00:00,Unrated,G discovered employer
property-one-partners-ag,Property One Partners AG,1,Switzerland,board,Investment Manager / Senior Investment Manager (80-100%),2026-08-19T08:58:00+00:00,2026-08-26T16:12:07.620794+00:00,Unrated,G discovered employer
quickline-ag,Quickline AG,1,Switzerland,board,Business Controller,2026-07-07T03:02:00+00:00,2026-08-26T16:12:07.620794+00:00,Unrated,G discovered employer
rieter,Rieter,1,Switzerland,board,SAP Technical Service Delivery Lead 100% (f/m/d),2026-08-11T14:33:00+00:00,2026-08-26T16:12:07.620794+00:00,Unrated,G discovered employer
rothschild-co-bank-ag,Rothschild & Co Bank AG,1,Switzerland,board,Internship in Human Resources (9 – 12 months),2026-07-21T13:57:00+00:00,2026-08-26T16:12:07.620794+00:00,Unrated,G discovered employer
sigvaris-management-ag,SIGVARIS MANAGEMENT AG,1,Switzerland,board,"Global Product & Marketing Manager Oedema m/f/d (80–100%, temporary)",2026-08-19T16:44:00+00:00,2026-08-26T16:12:07.620794+00:00,Unrated,G discovered employer
snf-fns-snsf,SNF FNS SNSF,1,Switzerland,board,Head of SwissCore 80-100%,2026-08-10T11:32:00+00:00,2026-08-26T16:12:07.620794+00:00,Unrated,G discovered employer
solit-group-ag,SOLIT Group AG,1,Switzerland,board,Group CFO Schweiz (m/w/d),2026-08-07T09:33:00+00:00,2026-08-26T16:12:07.620794+00:00,Unrated,G discovered employer
sonepar-suisse-ag,Sonepar Suisse AG,1,Switzerland,board,"Senior Business Controller (m/w/d) mit Französischkenntnissen, 90-100%",2026-08-12T16:32:00+00:00,2026-08-26T16:12:07.620794+00:00,Unrated,G discovered employer
st-galler-kantonalbank,St. Galler Kantonalbank,1,Switzerland,board,Chief Investment Officer (CIO) / Leiter(in) Investment Center 80 &ndash; 100%,2026-08-18T07:47:00+00:00,2026-08-26T16:12:07.620794+00:00,Unrated,G discovered employer
swiss-life-ag,Swiss Life AG,1,Switzerland,board,"Reinsurance Pricing Actuary, 80-100% (w/m/d)",2026-08-03T03:02:00+00:00,2026-08-26T16:12:07.620794+00:00,Unrated,G discovered employer
swiss-prime-site-management-ag,Swiss Prime Site Management AG,1,Switzerland,board,Head Accounting 80-100% (m/w/d),2026-08-21T11:32:00+00:00,2026-08-26T16:12:07.620794+00:00,Unrated,G discovered employer
swiss-prime-site-solutions-ag,Swiss Prime Site Solutions AG,1,Switzerland,board,Real Estate Transaction Manager 80-100% (m/w/d),2026-08-21T16:32:00+00:00,2026-08-26T16:12:07.620794+00:00,Unrated,G discovered employer
swiss-rock-asset-management-ag,Swiss Rock Asset Management AG,1,Switzerland,board,Leiter(in) Portfolio Management System & ICT,2026-08-06T12:55:00+00:00,2026-08-26T16:12:07.620794+00:00,Unrated,G discovered employer
tuboly-astronic-ag,Tuboly-Astronic AG,1,Switzerland,board,Fachfrau/Fachmann Finanz- und Rechnungswesen 80-100% (m/w/d),2026-08-10T14:44:00+00:00,2026-08-26T16:12:07.620794+00:00,Unrated,G discovered employer
universit-t-luzern,Universität Luzern,1,Switzerland,board,Business Controller/in (80-100%) mit Schwerpunkt BI und Reporting,2026-08-17T02:02:00+00:00,2026-08-26T16:12:07.620794+00:00,Unrated,G discovered employer
valiant-bank-ag,Valiant Bank AG,1,Switzerland,board,Fachexperte/in Risk (Senior) 80 - 100%,2026-08-14T03:02:00+00:00,2026-08-26T16:12:07.620794+00:00,Unrated,G discovered employer
valterna-ag,Valterna AG,1,Switzerland,board,Portfolio Manager (w/m/d) 100%,2026-08-25T14:54:00+00:00,2026-08-26T16:12:07.620794+00:00,Unrated,G discovered employer
vorwerk-home-co-kmg,Vorwerk Home & Co. KmG,1,Switzerland,board,Working Student - Business Partnering Controlling (10-15 hours/week | 12 months),2026-08-21T14:32:00+00:00,2026-08-26T16:12:07.620794+00:00,Unrated,G discovered employer
w-rth-management-ag,Würth Management AG,1,Switzerland,board,"Treasury Manager (w/m), 80-100%, Rorschach",2026-08-12T12:02:00+00:00,2026-08-26T16:12:07.620794+00:00,Unrated,G discovered employer
zug-estates-ag,Zug Estates AG,1,Switzerland,board,ImmobilienbuchhalterIn (60–100%) ab sofort befristet bis ca. Juli 2027,2026-08-18T12:21:00+00:00,2026-08-26T16:12:07.620794+00:00,Unrated,G discovered employer
z-rich-versicherungs-gesellschaft-ag-zurich-insurance-company-ltd-zurich-compagnie-d-assurances-sa,Zürich Versicherungs-Gesellschaft AG / Zurich Insurance Company Ltd / Zurich Compagnie d'Assurances SA,1,Switzerland,board,Senior Anaplan Model Builder FP&A (m/w/d) 80 - 100%,2026-08-24T16:32:00+00:00,2026-08-26T16:12:07.620794+00:00,Unrated,G discovered employer
averecura-holding-ag,averecura holding ag,1,Switzerland,board,Chief Financial Officer (CFO) 100 %,2026-07-21T13:40:00+00:00,2026-08-26T16:12:07.620794+00:00,Unrated,G discovered employer
complan,comPlan,1,Switzerland,board,Investment Manager*in,2026-08-24T07:04:00+00:00,2026-08-26T16:12:07.620794+00:00,Unrated,G discovered employer
emineo-ag,emineo AG,1,Switzerland,board,"Senior Consultant SAP S/4HANA Finance (w/m/d), 80-100% - Lausanne",2026-08-21T07:03:00+00:00,2026-08-26T16:12:07.620794+00:00,Unrated,G discovered employer
mylife-diabetes-care-ag,mylife Diabetes Care AG,1,Switzerland,board,FP&A Analyst,2026-08-20T11:03:00+00:00,2026-08-26T16:12:07.620794+00:00,Unrated,G discovered employer
p4p-consulting-gmbh,p4p consulting GmbH,1,Switzerland,board,Corporate Development & Strategy Manager (100%),2026-07-13T12:05:00+00:00,2026-08-26T16:12:07.620794+00:00,Unrated,G discovered employer
actief-jobmade-gmbh,ACTIEF JOBMADE GmbH,1,Austria,board,Junior - Controller,2026-08-21T00:00:00+00:00,2026-08-26T16:10:45.953713+00:00,Unrated,G discovered employer
brau-union-sterreich,Brau Union Österreich,1,Austria,board,Controlling Business Analyst*in,2026-08-21T00:00:00+00:00,2026-08-26T16:10:45.953713+00:00,Unrated,G discovered employer
kern-engineering-careers-gmbh,KERN engineering careers GmbH,1,Austria,board,Business Consultant - Finance & IT,2026-08-26T00:00:00+00:00,2026-08-26T16:10:45.953713+00:00,Unrated,G discovered employer
mediamarkt-sterreich-gmbh,MediaMarkt Österreich GmbH,1,Austria,board,Senior Controller - Operatives Controlling,2026-08-21T00:00:00+00:00,2026-08-26T16:10:45.953713+00:00,Unrated,G discovered employer
sebastian-stroh-austria-gmbh,Sebastian Stroh Austria GmbH,1,Austria,board,Finance Business Partner – Controlling & Bilanzierung,2026-08-26T00:00:00+00:00,2026-08-26T16:10:45.953713+00:00,Unrated,G discovered employer
trenkwalder-personaldienste-gmbh,Trenkwalder Personaldienste GmbH,1,Austria,board,Head of Finance,2026-08-26T00:00:00+00:00,2026-08-26T16:10:45.953713+00:00,Unrated,G discovered employer
experts-consulting-center-eine-business-unit-der-i-k-hofmann-gmbh,eXperts consulting center (eine Business Unit der I. K. Hofmann GmbH),1,Austria,board,Senior Controller*in,2026-08-26T00:00:00+00:00,2026-08-26T16:10:45.953713+00:00,Unrated,G discovered employer
a1-telekom-austria-ag,A1 Telekom Austria AG,1,Austria,board,Praktikum Strategisches B2B Produkt- und Portfoliomanagement (w/m/d),2026-08-25T13:44:32+00:00,2026-08-26T16:07:01.038282+00:00,Unrated,G discovered employer
acp-gruppe,ACP Gruppe,1,Austria,board,"Business Analyst:in im Controlling-Umfeld m, w, d",2026-08-25T03:30:04+00:00,2026-08-26T16:07:01.038282+00:00,Unrated,G discovered employer
agrana-fruit,AGRANA Fruit,1,Austria,board,Global Flavor Portfolio Manager (all genders),2026-08-21T03:30:06+00:00,2026-08-26T16:07:01.038282+00:00,Unrated,G discovered employer
afro-coffee-gmbh,Afro Coffee GmbH,1,Austria,board,Finance Controller (m/w/x),2026-08-25T22:00:00+00:00,2026-08-26T16:07:01.038282+00:00,Unrated,G discovered employer
all-for-one-austria-gmbh,All for One Austria GmbH,1,Austria,board,(Senior) SAP S/4HANA Finance Consultant (human),2026-08-26T07:47:16+00:00,2026-08-26T16:07:01.038282+00:00,Unrated,G discovered employer
axians-ict-austria-gmbh,Axians ICT Austria GmbH,1,Austria,board,(Senior) SAP Financial Consulting,2026-08-26T03:30:05+00:00,2026-08-26T16:07:01.038282+00:00,Unrated,G discovered employer
benteler-gruppe,BENTELER Gruppe,1,Austria,board,Treasury Analyst (m/w/d),2026-08-25T22:00:00+00:00,2026-08-26T16:07:01.038282+00:00,Unrated,G discovered employer
bestseller-region-east,BESTSELLER Region East,1,Austria,board,Finance Operations Specialist (m/w/d),2026-08-26T03:30:08+00:00,2026-08-26T16:07:01.038282+00:00,Unrated,G discovered employer
biomin-gmbh,BIOMIN GmbH,1,Austria,board,Site Controller,2026-08-16T22:00:00+00:00,2026-08-26T16:07:01.038282+00:00,Unrated,G discovered employer
btv-vier-l-nder-bank-ag,BTV Vier Länder Bank AG,1,Austria,board,Junior Experte Liquiditätsmanagement (all genders) in Vollzeit,2026-08-21T10:44:46+00:00,2026-08-26T16:07:01.038282+00:00,Unrated,G discovered employer
bankhaus-carl-sp-ngler-co-aktiengesellschaft,Bankhaus Carl Spängler & Co. Aktiengesellschaft,1,Austria,board,Mitarbeiter:in Kundenservice & Assistenz Finanzierung m/w/d,2026-08-19T09:37:15+00:00,2026-08-26T16:07:01.038282+00:00,Unrated,G discovered employer
brau-union-sterreich-ag,Brau Union Österreich AG,1,Austria,board,Controlling Business Analyst*in (w/m/d),2026-08-23T03:30:07+00:00,2026-08-26T16:07:01.038282+00:00,Unrated,G discovered employer
cegeka-austria-gmbh,Cegeka Austria GmbH,1,Austria,board,Senior Project Manager Microsoft D365 (Finance & SCM/Business Central) (m/w/d),2026-08-26T03:30:07+00:00,2026-08-26T16:07:01.038282+00:00,Unrated,G discovered employer
confidence-advisory-gmbh,Confidence-Advisory GmbH,1,Austria,board,KundenberaterIn Immobilienfinanzierung (m/w/d),2026-08-24T22:00:00+00:00,2026-08-26T16:07:01.038282+00:00,Unrated,G discovered employer
engel-austria,ENGEL AUSTRIA,1,Austria,board,Finance Manager (m/w/d),2026-08-20T13:47:28+00:00,2026-08-26T16:07:01.038282+00:00,Unrated,G discovered employer
erste-immobilien-kapitalanlagegesellschaft-m-b-h,ERSTE Immobilien Kapitalanlagegesellschaft m.b.H.,1,Austria,board,Chief Investment Officer Real Estate / Geschäftsführer:in (all genders),2026-08-24T03:30:06+00:00,2026-08-26T16:07:01.038282+00:00,Unrated,G discovered employer
evn-ag,EVN AG,1,Austria,board,Prozess- und Datenmanager*in im Konzern-Treasury,2026-08-23T03:30:07+00:00,2026-08-26T16:07:01.038282+00:00,Unrated,G discovered employer
ey-sterreich,EY Österreich,1,Austria,board,Tax Advisor | Internationales Steuerrecht und M&A (w/m/d),2026-08-26T03:30:04+00:00,2026-08-26T16:07:01.038282+00:00,Unrated,G discovered employer
eurotelesites,EuroTeleSites,1,Austria,board,Controller/in (w/m/d),2026-08-25T03:30:07+00:00,2026-08-26T16:07:01.038282+00:00,Unrated,G discovered employer
finance-trainer-international-gmbh,Finance Trainer International GmbH,1,Austria,board,Fast Tracker Digital Finance Trainings (w/m/d),2026-08-22T22:00:00+00:00,2026-08-26T16:07:01.038282+00:00,Unrated,G discovered employer
flex-althofen,Flex Althofen,1,Austria,board,Financial Controller*in (m/w/d),2026-08-25T06:58:07+00:00,2026-08-26T16:07:01.038282+00:00,Unrated,G discovered employer
goodmills-group-gmbh,GoodMills Group GmbH,1,Austria,board,Corporate Development Specialist (m/f/x),2026-08-25T22:00:00+00:00,2026-08-26T16:07:01.038282+00:00,Unrated,G discovered employer
grafton-austria-gmbh,Grafton Austria GmbH,1,Austria,board,Mitarbeiter:in Finance & Controlling (m/w/d),2026-08-24T22:00:00+00:00,2026-08-26T16:07:01.038282+00:00,Unrated,G discovered employer
greentube-gmbh,Greentube GmbH,1,Austria,board,Finance AI & Process Automation Engineer (w/m/d),2026-08-24T03:30:06+00:00,2026-08-26T16:07:01.038282+00:00,Unrated,G discovered employer
hypo-ober-sterreich,HYPO Oberösterreich,1,Austria,board,Kundenberater:in mit Schwerpunkt Finanzierung / Wohnbau (m/w/d),2026-08-20T03:30:07+00:00,2026-08-26T16:07:01.038282+00:00,Unrated,G discovered employer
haberkorn-gmbh,Haberkorn GmbH,1,Austria,board,Business Controller/in operatives Controlling,2026-08-25T03:30:07+00:00,2026-08-26T16:07:01.038282+00:00,Unrated,G discovered employer
haier-k-ltetechnik-austria-gmbh,Haier Kältetechnik Austria GmbH,1,Austria,board,Senior Controller / Financial Analyst (m/w/d),2026-08-20T22:00:00+00:00,2026-08-26T16:07:01.038282+00:00,Unrated,G discovered employer
hypo-tirol-bank,Hypo Tirol Bank,1,Austria,board,Junior SpezialistIn FMS-Treasury Service,2026-08-25T03:30:05+00:00,2026-08-26T16:07:01.038282+00:00,Unrated,G discovered employer
iglo-austria-gmbh,Iglo Austria GmbH,1,Austria,board,(Junior) Finance Business Partner (m/w/d),2026-08-24T03:30:07+00:00,2026-08-26T16:07:01.038282+00:00,Unrated,G discovered employer
iventa-group,Iventa Group,1,Austria,board,Finance Manager (m/f/d),2026-08-24T10:44:04+00:00,2026-08-26T16:07:01.038282+00:00,Unrated,G discovered employer
jobaffairs-personal-und-mediaagentur-gmbh,Jobaffairs Personal- und Mediaagentur GmbH,1,Austria,board,Rechtsanwält:in M&A (m/w/d),2026-08-26T03:30:07+00:00,2026-08-26T16:07:01.038282+00:00,Unrated,G discovered employer
julius-meinl-austria-gmbh,Julius Meinl Austria GmbH,1,Austria,board,Controller:in (Financial Planning & Reporting) (m/w/x),2026-08-20T08:58:29+00:00,2026-08-26T16:07:01.038282+00:00,Unrated,G discovered employer
kontron-ag,Kontron AG,1,Austria,board,"Finance, Treasury and Insurance Manager (m/w/d)",2026-08-18T22:00:00+00:00,2026-08-26T16:07:01.038282+00:00,Unrated,G discovered employer
lm-consulting-change-willing-people,LM Consulting/Change Willing People,1,Austria,board,Head of Finance (m/w/d),2026-08-21T07:37:22+00:00,2026-08-26T16:07:01.038282+00:00,Unrated,G discovered employer
lenzing-ag,Lenzing AG,1,Austria,board,Praktikum im Bereich Finance (m/w/d),2026-08-09T03:30:03+00:00,2026-08-26T16:07:01.038282+00:00,Unrated,G discovered employer
mag-robert-kastler-personalberatung,Mag. Robert Kastler Personalberatung,1,Austria,board,Bankexperte Strukturierte Finanzierungen (m/w/d),2026-08-20T12:03:23+00:00,2026-08-26T16:07:01.038282+00:00,Unrated,G discovered employer
manpower,Manpower,1,Austria,board,Teamlead Kredit- und Risikomanagement (w/m/d),2026-08-25T03:30:04+00:00,2026-08-26T16:07:01.038282+00:00,Unrated,G discovered employer
mateschitz-group,Mateschitz Group,1,Austria,board,Finance & Operations Coordinator (m/w/x),2026-08-24T22:00:00+00:00,2026-08-26T16:07:01.038282+00:00,Unrated,G discovered employer
mayer-gmbh,Mayer GmbH,1,Austria,board,Junior Consultant Direktansprache (w/m/d) Unternehmens-Verkauf (M&A),2026-08-20T03:30:06+00:00,2026-08-26T16:07:01.038282+00:00,Unrated,G discovered employer
m-nzer-bioindustrie-gmbh,Münzer Bioindustrie GmbH,1,Austria,board,Corporate Treasury & Controlling (m/w/d),2026-08-18T03:30:06+00:00,2026-08-26T16:07:01.038282+00:00,Unrated,G discovered employer
oekb-gruppe,OeKB Gruppe,1,Austria,board,Mitarbeiterin / Mitarbeiter Treasury Operations (w/m/d),2026-08-25T03:30:04+00:00,2026-08-26T16:07:01.038282+00:00,Unrated,G discovered employer
pmc-international-gmbh,PMC International GmbH,1,Austria,board,Business Controller (all genders),2026-08-26T03:30:04+00:00,2026-08-26T16:07:01.038282+00:00,Unrated,G discovered employer
pfahnl-backmittel-gmbh,Pfahnl Backmittel GmbH,1,Austria,board,(Junior-) Finance Allrounder (m/w/x),2026-08-25T22:00:00+00:00,2026-08-26T16:07:01.038282+00:00,Unrated,G discovered employer
philip-morris-austria-gmbh,Philip Morris Austria GmbH,1,Austria,board,Portfolio Manager (m/f/d),2026-08-23T03:30:06+00:00,2026-08-26T16:07:01.038282+00:00,Unrated,G discovered employer
porsche-holding-gmbh,Porsche Holding GmbH,1,Austria,board,Junior Group Treasury Specialist - Markets (w/m/d),2026-08-24T03:30:05+00:00,2026-08-26T16:07:01.038282+00:00,Unrated,G discovered employer
raiffeisen-nieder-sterreich-wien,Raiffeisen Niederösterreich-Wien,1,Austria,board,IT-Risikomanager:in (w/m/d),2026-08-25T03:30:07+00:00,2026-08-26T16:07:01.038282+00:00,Unrated,G discovered employer
raiffeisen-salzburg,Raiffeisen Salzburg,1,Austria,board,Traineeprogramm Kapitalmarkt und Liquiditätssteuerung (m/w/d),2026-08-24T03:30:06+00:00,2026-08-26T16:07:01.038282+00:00,Unrated,G discovered employer
redion,Redion,1,Austria,board,Senior Controller - Fokus Data Analysis (w/m/d),2026-08-25T10:49:46+00:00,2026-08-26T16:07:01.038282+00:00,Unrated,G discovered employer
rhomberg-gruppe,Rhomberg Gruppe,1,Austria,board,Specialist Treasury / Finanzcontrolling (m/w/d),2026-08-18T22:02:40+00:00,2026-08-26T16:07:01.038282+00:00,Unrated,G discovered employer
richter-pharma-ag,Richter Pharma AG,1,Austria,board,Junior Data Analyst Controlling (m/w/d),2026-08-19T22:00:00+00:00,2026-08-26T16:07:01.038282+00:00,Unrated,G discovered employer
s-spitz-gmbh,S. Spitz GmbH,1,Austria,board,Produkt & Portfolio Manager:in,2026-08-21T03:30:04+00:00,2026-08-26T16:07:01.038282+00:00,Unrated,G discovered employer
ses-spar-european-shopping-centers-gmbh,SES Spar European Shopping Centers GmbH,1,Austria,board,Asset & Investment Manager (m/w/d),2026-08-20T03:30:05+00:00,2026-08-26T16:07:01.038282+00:00,Unrated,G discovered employer
schrattenecker-consulting,Schrattenecker Consulting,1,Austria,board,Kreditrisikomanager:in Marktfolge mit Führungsverantwortung,2026-08-19T22:00:00+00:00,2026-08-26T16:07:01.038282+00:00,Unrated,G discovered employer
senacor-technologies-ag,Senacor Technologies AG,1,Austria,board,Business Consultant Financial Services (m/w/d),2026-08-24T03:30:05+00:00,2026-08-26T16:07:01.038282+00:00,Unrated,G discovered employer
sparkasse-pregarten-unterwei-enbach-ag,Sparkasse Pregarten- Unterweißenbach AG,1,Austria,board,Risikomanagement (w/m/d),2026-08-24T03:30:05+00:00,2026-08-26T16:07:01.038282+00:00,Unrated,G discovered employer
tgw-logistics-gmbh,TGW Logistics GmbH,1,Austria,board,Portfolio Manager Software (m/w/d)*,2026-08-19T03:30:04+00:00,2026-08-26T16:07:01.038282+00:00,Unrated,G discovered employer
trodat-trotec,Trodat Trotec,1,Austria,board,Specialist BI & Business Controller (all genders),2026-08-22T03:30:04+00:00,2026-08-26T16:07:01.038282+00:00,Unrated,G discovered employer
t-v-austria,TÜV AUSTRIA,1,Austria,board,M&A Manager (gn)*,2026-08-21T03:30:04+00:00,2026-08-26T16:07:01.038282+00:00,Unrated,G discovered employer
ubm-development-ag,UBM Development AG,1,Austria,board,Head of Group Controlling (w/m/d),2026-08-19T22:00:00+00:00,2026-08-26T16:07:01.038282+00:00,Unrated,G discovered employer
uniqa-insurance-group-ag,UNIQA Insurance Group AG,1,Austria,board,Investment Data & Operations Expert - SimCorp Dimension (m/w/d),2026-08-18T05:53:06+00:00,2026-08-26T16:07:01.038282+00:00,Unrated,G discovered employer
union-investment-gruppe,Union Investment Gruppe,1,Austria,board,(Senior) Risikomanager*in,2026-08-16T22:00:00+00:00,2026-08-26T16:07:01.038282+00:00,Unrated,G discovered employer
wacker-neuson,Wacker Neuson,1,Austria,board,IT Project Portfolio Manager (w/m/d),2026-08-18T03:30:05+00:00,2026-08-26T16:07:01.038282+00:00,Unrated,G discovered employer
experts-consulting-center,eXperts consulting center,1,Austria,board,Credit & Treasury Analyst (m/w/d),2026-08-25T10:41:43+00:00,2026-08-26T16:07:01.038282+00:00,Unrated,G discovered employer
f-personalagentur-f-r-finanzwesen-gmbh,f - Personalagentur für Finanzwesen GmbH,1,Austria,board,Head of Finance — Führe Finance in einem der erfolgreichsten E-Commerce-Unternehmen Österreichs,2026-08-25T03:30:06+00:00,2026-08-26T16:07:01.038282+00:00,Unrated,G discovered employer
oekostrom-handels-gmbh,oekostrom Handels GmbH,1,Austria,board,Portfoliomanager:in Kraftwerke & Settlement,2026-08-18T06:29:33+00:00,2026-08-26T16:07:01.038282+00:00,Unrated,G discovered employer
zeb-rolfes-schierenbeck-associates-gmbh,zeb.rolfes.schierenbeck.associates gmbh,1,Austria,board,Consultant Finance & Risk (w|m|d),2026-08-19T06:39:51+00:00,2026-08-26T16:07:01.038282+00:00,Unrated,G discovered employer
zobl-bauer,zobl.bauer.,1,Austria,board,(Junior) Consultant – Finance & Digitalisierung (w/m/d),2026-08-25T22:00:00+00:00,2026-08-26T16:07:01.038282+00:00,Unrated,G discovered employer
bb-konzern,ÖBB-Konzern,1,Austria,board,IT Portfolio & Vendor Management Analyst:in,2026-08-19T03:30:04+00:00,2026-08-26T16:07:01.038282+00:00,Unrated,G discovered employer
andritz-ag,ANDRITZ AG,1,Germany,board,Treasury Specialist (all genders) part-time,2026-08-01T08:35:04.718494+00:00,2026-08-26T16:04:12.704705+00:00,Unrated,G discovered employer
atoss-software-se,ATOSS Software SE,1,Germany,board,Investment Manager (m/w/d) AOB Invest GmbH,2026-07-28T19:49:53.604856+00:00,2026-08-26T16:04:12.704705+00:00,Unrated,G discovered employer
autohaus-liliensiek-gmbh,Autohaus Liliensiek GmbH,1,Germany,board,Finanzbuchhalter / Controller (m/w/d) Vollzeit / Teilzeit,2026-08-22T00:00:00+00:00,2026-08-26T16:04:12.704705+00:00,Unrated,G discovered employer
bearingpoint-germany,BearingPoint Germany,1,Germany,board,(Senior) Consultant Treasury Management (m/w/d),2026-07-28T07:02:48.850158+00:00,2026-08-26T16:04:12.704705+00:00,Unrated,G discovered employer
bertelsmann-corporate,Bertelsmann Corporate,1,Germany,board,(Senior) Expert Corporate Treasury (m/w/d),2026-08-02T11:20:37.049222+00:00,2026-08-26T16:04:12.704705+00:00,Unrated,G discovered employer
das-sind-wir,Das sind wir,1,Germany,board,Manager (m/w/d) agile Portfolio-Steuerung,,2026-08-26T16:04:12.704705+00:00,Unrated,G discovered employer
dortmunder-volksbank-eg,Dortmunder Volksbank eG,1,Germany,board,Spezialist Restrukturierung & Sanierung im Kreditrisikomanagement (m/w/d),2026-07-29T00:00:01+00:00,2026-08-26T16:04:12.704705+00:00,Unrated,G discovered employer
emvia-living-gmbh,EMVIA Living GmbH,1,Germany,board,Senior Treasury Manager (m/w/d),2026-08-05T00:00:01+00:00,2026-08-26T16:04:12.704705+00:00,Unrated,G discovered employer
erdmann-financial-management-gmbh,Erdmann Financial Management GmbH,1,Germany,board,Mitarbeiter Vermögenscontrolling / Investment Reporting (m/w/d),2026-08-25T00:00:01+00:00,2026-08-26T16:04:12.704705+00:00,Unrated,G discovered employer
fps-rechtsanwaltsgesellschaft-mbh-co-kg,FPS Rechtsanwaltsgesellschaft mbH & Co. KG,1,Germany,board,Anwaltsassistenz / Sachbearbeiter (m/w/d) im juristischen Bereich mit Fokus auf M&A-Transaktionen und Restrukturierungen,2026-07-10T00:00:01+00:00,2026-08-26T16:04:12.704705+00:00,Unrated,G discovered employer
franz-binder-gmbh-co-elektrische-bauelemente-kg,Franz Binder GmbH & Co. Elektrische Bauelemente KG,1,Germany,board,Chief Financial Officer (m/w/d),2026-08-13T00:00:01+00:00,2026-08-26T16:04:12.704705+00:00,Unrated,G discovered employer
gemeinde-gr-benzell,Gemeinde Gröbenzell,1,Germany,board,Sachgebietsleitung (w/m/d) Buchhaltung und Kasse und stellvertretende Leitung für die Finanzverwaltung,2026-07-31T00:00:01+00:00,2026-08-26T16:04:12.704705+00:00,Unrated,G discovered employer
gemeinn-tziges-siedlungswerk-gmbh,Gemeinnütziges Siedlungswerk GmbH,1,Germany,board,Referenten (m/w/d) Controlling und Portfoliomanagement,2026-08-14T00:00:01+00:00,2026-08-26T16:04:12.704705+00:00,Unrated,G discovered employer
hansainvest-hanseatische-investment-gmbh,HANSAINVEST Hanseatische Investment-GmbH,1,Germany,board,Manager (m/w/d) Projektportfolio,2026-08-10T00:00:01+00:00,2026-08-26T16:04:12.704705+00:00,Unrated,G discovered employer
helu-kabel-gmbh,HELU KABEL GmbH,1,Germany,board,Insurance & Risk Management Specialist (m/w/d),2026-07-06T00:00:01+00:00,2026-08-26T16:04:12.704705+00:00,Unrated,G discovered employer
hellermanntyton-gmbh-co-kg,HellermannTyton GmbH & Co. KG,1,Germany,board,Produktionscontroller (w/m/d),2026-08-19T00:00:01+00:00,2026-08-26T16:04:12.704705+00:00,Unrated,G discovered employer
hochschulen-fresenius-gmbh,Hochschulen Fresenius GmbH,1,Germany,board,Portfolio Marketing Manager (m/w/d),2026-08-02T09:39:24.549818+00:00,2026-08-26T16:04:12.704705+00:00,Unrated,G discovered employer
knds-deutschland,KNDS Deutschland,1,Germany,board,Specialist (m/w/d) Financial Risk Management,2026-08-01T18:32:28.912133+00:00,2026-08-26T16:04:12.704705+00:00,Unrated,G discovered employer
krannich-group-gmbh,Krannich Group GmbH,1,Germany,board,Senior Business Controller m/w/d,2026-06-30T00:00:01+00:00,2026-08-26T16:04:12.704705+00:00,Unrated,G discovered employer
m-m-warburg-co,M.M.Warburg & CO,1,Germany,board,Vertriebsstarker Investment Manager (m/w/d),2026-07-28T07:26:34.807345+00:00,2026-08-26T16:04:12.704705+00:00,Unrated,G discovered employer
mast-j-germeister-se,Mast-Jägermeister SE,1,Germany,board,Treasury Manager - Cash & Data (m/w/d),2026-08-02T09:11:58.226573+00:00,2026-08-26T16:04:12.704705+00:00,Unrated,G discovered employer
nordrheinische-rzteversorgung,Nordrheinische Ärzteversorgung,1,Germany,board,Junior Portfoliomanager / Portfoliomanagerin (m/w/d),2026-08-26T00:00:01+00:00,2026-08-26T16:04:12.704705+00:00,Unrated,G discovered employer
ogl-food-trade-lebensmittelvertrieb-gmbh,OGL - Food Trade Lebensmittelvertrieb GmbH,1,Germany,board,Treasury Specialist Cash Management (m/w/d),2026-07-28T06:40:47.902580+00:00,2026-08-26T16:04:12.704705+00:00,Unrated,G discovered employer
phoenix-pharmahandel-gmbh-co-kg,PHOENIX Pharmahandel GmbH & Co KG,1,Germany,board,Strategische Assistenz Geschäftsführung Finanzen Deutschland (m/w/d),2026-06-30T00:00:01+00:00,2026-08-26T16:04:12.704705+00:00,Unrated,G discovered employer
peek-cloppenburg-kg,Peek&Cloppenburg KG,1,Germany,board,Treasury & Cash Management Specialist (w/m/d),2026-08-02T12:12:08.042394+00:00,2026-08-26T16:04:12.704705+00:00,Unrated,G discovered employer
pergan-gmbh,Pergan GmbH,1,Germany,board,Leiter Finanzen & Controlling (m/w/d),2026-08-25T00:00:01+00:00,2026-08-26T16:04:12.704705+00:00,Unrated,G discovered employer
quantum-immobilien-kapitalverwaltungsgesellschaft-mbh,Quantum Immobilien Kapitalverwaltungsgesellschaft mbH,1,Germany,board,Teamassistenz Portfolio Management (m/w/d),2026-07-28T20:43:20.328275+00:00,2026-08-26T16:04:12.704705+00:00,Unrated,G discovered employer
reneo-group-gmbh,Reneo Group GmbH,1,Germany,board,Senior Investment Manager (m/w/d),2026-08-02T11:22:00.091152+00:00,2026-08-26T16:04:12.704705+00:00,Unrated,G discovered employer
sicore-real-assets-gmbh,SICORE Real Assets GmbH,1,Germany,board,Investment Analyst (m/w/d) Real Estate,2026-07-23T00:00:01+00:00,2026-08-26T16:04:12.704705+00:00,Unrated,G discovered employer
signal-iduna-asset-management-gmbh,SIGNAL IDUNA Asset Management GmbH,1,Germany,board,(Senior) Trader (m/w/d) Asset Management,2026-07-08T00:00:01+00:00,2026-08-26T16:04:12.704705+00:00,Unrated,G discovered employer
signal-iduna-gruppe,SIGNAL IDUNA Gruppe,1,Germany,board,Manager (m/w/d) agile Portfolio-Steuerung,2026-08-19T00:00:01+00:00,2026-08-26T16:04:12.704705+00:00,Unrated,G discovered employer
spie-germany-switzerland-austria-gmbh,SPIE Germany Switzerland Austria GmbH,1,Germany,board,Leiter:in Cash Management Treasury (m/w/d),2026-08-02T11:52:37.047182+00:00,2026-08-26T16:04:12.704705+00:00,Unrated,G discovered employer
sparkasse-regensburg,Sparkasse Regensburg,1,Germany,board,Spezialist IT Governance &amp; IKT-Asset-Management (m/w/d),2026-08-13T00:00:01+00:00,2026-08-26T16:04:12.704705+00:00,Unrated,G discovered employer
sparkasse-rhein-nahe,Sparkasse Rhein-Nahe,1,Germany,board,Fachberater Treasury (m/w/d),2026-08-17T00:00:01+00:00,2026-08-26T16:04:12.704705+00:00,Unrated,G discovered employer
stadtwerke-g-ttingen-ag,Stadtwerke Göttingen AG,1,Germany,board,Portfoliomanager*in (m/w/d) Energiebeschaffung,2026-08-21T00:00:01+00:00,2026-08-26T16:04:12.704705+00:00,Unrated,G discovered employer
s-dkurier-medienhaus,SÜDKURIER MEDIENHAUS,1,Germany,board,Beteiligungsmanager / Investment Manager (w/m/d) - New Business & Media,2026-08-10T00:00:01+00:00,2026-08-26T16:04:12.704705+00:00,Unrated,G discovered employer
tradewind-holding-gmbh,Tradewind Holding GmbH,1,Germany,board,Treasury Manager (m/w/d),2026-08-02T08:58:26.429995+00:00,2026-08-26T16:04:12.704705+00:00,Unrated,G discovered employer
v-i-management-gmbh-co-kg,V & I Management GmbH & Co. KG,1,Germany,board,Bilanzbuchhalter / Finanzbuchhalter - Immobilien & Vermögensanlagen (m/w/d),2026-08-10T00:00:01+00:00,2026-08-26T16:04:12.704705+00:00,Unrated,G discovered employer
varo-energy-germany-gmbh,Varo Energy Germany GmbH,1,Germany,board,Head of Financial Process & Billing Operations (m/w/d) / Head of Financial Operations (m/w/d),2026-07-31T00:00:01+00:00,2026-08-26T16:04:12.704705+00:00,Unrated,G discovered employer
wpp-media,WPP Media,1,Germany,board,(Junior) Investment Manager (Mensch),2026-07-28T21:29:14.631430+00:00,2026-08-26T16:04:12.704705+00:00,Unrated,G discovered employer
wir-freuen-uns-auf-ihre-bewerbung,Wir freuen uns auf Ihre Bewerbung.,1,Germany,board,(Senior) Trader (m/w/d) Asset Management,,2026-08-26T16:04:12.704705+00:00,Unrated,G discovered employer
alfi-gmbh,alfi GmbH,1,Germany,board,Category Manager / Portfolio Manager / Produktmanager (m/w/d),2026-07-23T00:00:01+00:00,2026-08-26T16:04:12.704705+00:00,Unrated,G discovered employer
msg-systems-ag,msg systems ag,1,Germany,board,Junior Treasury Specialist (all genders),2026-08-02T11:54:39.392896+00:00,2026-08-26T16:04:12.704705+00:00,Unrated,G discovered employer
universa-versicherungen,uniVersa Versicherungen,1,Germany,board,Referent Kapitalanlagen-Controlling / Solvency II (m/w/d),2026-07-27T00:00:01+00:00,2026-08-26T16:04:12.704705+00:00,Unrated,G discovered employer
alba-plc-co-kg,ALBA plc & Co. KG,1,Germany,board,Treasury Manager (m/w/d) - Schwerpunkt Cash Management,2026-08-05T00:00:00+00:00,2026-08-26T15:59:50.255893+00:00,Unrated,G discovered employer
adecco-personaldienstleistungen-gmbh,Adecco Personaldienstleistungen GmbH,1,Germany,board,Customer Account Manager (Cash Management EMEAI) in Henstedt-Ulzburg,2026-06-23T00:00:00+00:00,2026-08-26T15:59:50.255893+00:00,Unrated,G discovered employer
akkodis-germany-tech-experts-gmbh,Akkodis Germany Tech Experts GmbH,1,Germany,board,Analyst Finance Operations - Forderungsmanagement (m/w/d),2026-08-06T00:00:00+00:00,2026-08-26T15:59:50.255893+00:00,Unrated,G discovered employer
alliance-automotive-service-gm-bh,Alliance Automotive Service Gm bH,1,Germany,board,Sachbearbeitung Treasury (m/w/d),2026-06-15T00:00:00+00:00,2026-08-26T15:59:50.255893+00:00,Unrated,G discovered employer
alphaconsult-premium-kg-annaberg-buchholz,AlphaConsult Premium KG - Annaberg-Buchholz,1,Germany,board,Teamassistenz Projekt und Portfolio Management,2022-01-24T00:00:00+00:00,2026-08-26T15:59:50.255893+00:00,Unrated,G discovered employer
amprion-gmbh,Amprion GmbH,1,Germany,board,Mitarbeiter Cash Management (m/w/d),2026-08-11T00:00:00+00:00,2026-08-26T15:59:50.255893+00:00,Unrated,G discovered employer
andritz-schuler-pressen-gmbh,Andritz Schuler Pressen GmbH,1,Germany,board,Treasury Specialist (all genders) - in Teilzeit,2026-06-11T00:00:00+00:00,2026-08-26T15:59:50.255893+00:00,Unrated,G discovered employer
art-invest-real-estate-management-gmbh-co-kg,Art-Invest Real Estate Management GmbH & Co. KG,1,Germany,board,Investment Manager:in | Asset Management | Berlin,2026-07-23T00:00:00+00:00,2026-08-26T15:59:50.255893+00:00,Unrated,G discovered employer
bilstein-service-gmbh,BILSTEIN SERVICE GmbH,1,Germany,board,Corporate Controller mit Schwerpunkt Treasury (m/w/d),2026-07-28T00:00:00+00:00,2026-08-26T15:59:50.255893+00:00,Unrated,G discovered employer
bs-wutow-gmbh,BS Wutow GmbH,1,Germany,board,Treasury Manager (m/w/d) | Cash Management & Finanzplanung,2026-05-29T00:00:00+00:00,2026-08-26T15:59:50.255893+00:00,Unrated,G discovered employer
bw-water-gmbh,BW Water GmbH,1,Germany,board,Finance Manager (m/f/d),2026-04-27T00:00:00+00:00,2026-08-26T15:59:50.255893+00:00,Unrated,G discovered employer
bechtle-ag,Bechtle AG,1,Germany,board,Strategic (Key) Account Manager Financial Markets (w/m/d),2026-02-16T00:00:00+00:00,2026-08-26T15:59:50.255893+00:00,Unrated,G discovered employer
bertelsmann-se,Bertelsmann SE,1,Germany,board,(Senior) Expert Corporate Treasury (m/w/d),2026-07-15T00:00:00+00:00,2026-08-26T15:59:50.255893+00:00,Unrated,G discovered employer
broadcast-solutions-gmbh,Broadcast Solutions GmbH,1,Germany,board,Treasury Specialist*/ Finanzplanung (m/w/d),2026-07-30T00:00:00+00:00,2026-08-26T15:59:50.255893+00:00,Unrated,G discovered employer
cederwald-holding-gmbh-co-kg,Cederwald Holding GmbH & Co. KG,1,Germany,board,Senior Treasurer / Treasury Experte (m/w/d),2026-08-26T00:00:00+00:00,2026-08-26T15:59:50.255893+00:00,Unrated,G discovered employer
chemische-werke-kluthe-gmbh,Chemische Werke Kluthe GmbH,1,Germany,board,Finanzbuchhalter – Zahlungsverkehr / Cash Management (m/w/d),2026-06-16T00:00:00+00:00,2026-08-26T15:59:50.255893+00:00,Unrated,G discovered employer
cherry-europe-gmbh,Cherry Europe GmbH,1,Germany,board,Financial Controller (m/w/d) - Treasury & Liquiditätsmanagement,2026-08-19T00:00:00+00:00,2026-08-26T15:59:50.255893+00:00,Unrated,G discovered employer
commerz-real-ag-commerz-real-d-sseldorf,Commerz Real AG Commerz Real Düsseldorf,1,Germany,board,(Senior) Investment Manager*in Infrastructure Investments,2026-05-05T00:00:00+00:00,2026-08-26T15:59:50.255893+00:00,Unrated,G discovered employer
covestro-deutschland-ag,Covestro Deutschland AG,1,Germany,board,Contract & Claim Manager:in (m/w/d) | Capital Investment Projects - mit Gehaltsangabe,2026-05-20T00:00:00+00:00,2026-08-26T15:59:50.255893+00:00,Unrated,G discovered employer
dah-gruppe,DAH-Gruppe,1,Germany,board,Treasury Specialist / Experte Zahlungsmanagement (m/w/d),2026-07-31T00:00:00+00:00,2026-08-26T15:59:50.255893+00:00,Unrated,G discovered employer
deg-deutsche-investitions-und-entwicklungsgesellschaft-mbh,DEG-Deutsche Investitions- und Entwicklungsgesellschaft mbH,1,Germany,board,"Werkstudent (d/w/m) | Private Equity, Africa & Global Climate Investments",2026-07-28T00:00:00+00:00,2026-08-26T15:59:50.255893+00:00,Unrated,G discovered employer
dis-ag-office-management,DIS AG Office & Management,1,Germany,board,Referent (m/w/d) Treasury,2026-06-11T00:00:00+00:00,2026-08-26T15:59:50.255893+00:00,Unrated,G discovered employer
dkb-service-gmbh,DKB Service GmbH,1,Germany,board,Mitarbeiter Governance & Regulatory Management Treasury,2026-08-20T00:00:00+00:00,2026-08-26T15:59:50.255893+00:00,Unrated,G discovered employer
deutsche-telekom-ag,Deutsche Telekom AG,1,Germany,board,Investment Portfolio Manager (m/w/d),2026-07-12T00:00:00+00:00,2026-08-26T15:59:50.255893+00:00,Unrated,G discovered employer
douglas-service-gmbh,Douglas Service GmbH,1,Germany,board,Senior Analyst Finance Processes & Systems (w/m/x),2026-08-19T00:00:00+00:00,2026-08-26T15:59:50.255893+00:00,Unrated,G discovered employer
eew-energy-from-waste-gmbh,EEW Energy from Waste GmbH,1,Germany,board,Experte Risikomanagement Energiehandel (m/w/d),2026-08-21T00:00:00+00:00,2026-08-26T15:59:50.255893+00:00,Unrated,G discovered employer
ey-tax-gmbh-steuerberatungsgesellschaft,EY Tax GmbH Steuerberatungsgesellschaft,1,Germany,board,(Senior) Consultant Private Equity Tax Advisory (w/m/d),2026-04-13T00:00:00+00:00,2026-08-26T15:59:50.255893+00:00,Unrated,G discovered employer
ebersp-cher-gruppe-gmbh-co-kg,Eberspächer Gruppe GmbH & Co. KG,1,Germany,board,Senior Treasury Specialist (w/m/d),2026-08-18T00:00:00+00:00,2026-08-26T15:59:50.255893+00:00,Unrated,G discovered employer
evidensia-deutschland-gmbh,Evidensia Deutschland GmbH,1,Germany,board,Acquisition Manager (Deals & Transactions) (m/w/d),2026-08-06T00:00:00+00:00,2026-08-26T15:59:50.255893+00:00,Unrated,G discovered employer
fisher-scientific-gmbh,FISHER SCIENTIFIC GmbH,1,Germany,board,Financial Analyst III – Portfolio Management,2026-08-19T00:00:00+00:00,2026-08-26T15:59:50.255893+00:00,Unrated,G discovered employer
fielmann-ag,Fielmann AG,1,Germany,board,Head of Group Treasury (w/m/d),2026-03-06T00:00:00+00:00,2026-08-26T15:59:50.255893+00:00,Unrated,G discovered employer
gws-greifswalder-wach-und-sicherheits-gmbh,GWS Greifswalder Wach-und Sicherheits-GmbH,1,Germany,board,Mitarbeiter (m/w/d) allg. Verwaltung / Cash-Management,2026-06-10T00:00:00+00:00,2026-08-26T15:59:50.255893+00:00,Unrated,G discovered employer
gaul-catering-gmbh-co-kg-c-o-kongresszentrum-karlsruhe,Gaul Catering GmbH & Co. KG - c/o Kongresszentrum Karlsruhe,1,Germany,board,Mitarbeiter Cash Management & Kassenorganisation,2026-08-15T00:00:00+00:00,2026-08-26T15:59:50.255893+00:00,Unrated,G discovered employer
gerhard-grimm-gmbh-co-kg,Gerhard Grimm GmbH & Co. KG,1,Germany,board,Treasury Manager/in - Treasury Markets & Funding (m/w/d),2026-07-30T00:00:00+00:00,2026-08-26T15:59:50.255893+00:00,Unrated,G discovered employer
glasspoint-technology-center-gmbh,GlassPoint Technology Center GmbH,1,Germany,board,Senior Accountant & Finance Operations (m/w/d),2026-06-01T00:00:00+00:00,2026-08-26T15:59:50.255893+00:00,Unrated,G discovered employer
global-gruppe,Global-Gruppe,1,Germany,board,"Manager (m/w/d) Corporate Treasury Köln, Global Service GmbH",2026-08-12T00:00:00+00:00,2026-08-26T15:59:50.255893+00:00,Unrated,G discovered employer
g-rg-partnerschaft-von-rechtsanw-lten-mbb,GÖRG Partnerschaft von Rechtsanwälten mbB,1,Germany,board,Rechtsanwalt im Bereich Corporate / M&A / Private Equity (m/w/d),2026-08-24T00:00:00+00:00,2026-08-26T15:59:50.255893+00:00,Unrated,G discovered employer
hdi-ag,HDI AG,1,Germany,board,Alternative Investments - Data Analyst,2026-07-22T00:00:00+00:00,2026-08-26T15:59:50.255893+00:00,Unrated,G discovered employer
hornbach-baumarkt-ag-zentralverwaltung,HORNBACH Baumarkt AG Zentralverwaltung,1,Germany,board,Junior Treasury Analyst (gn),2026-07-30T00:00:00+00:00,2026-08-26T15:59:50.255893+00:00,Unrated,G discovered employer
hoyer-gmbh,HOYER GmbH,1,Germany,board,"Treasury Specialist (m/w/d) in Hamburg, Hamburg",2026-08-04T00:00:00+00:00,2026-08-26T15:59:50.255893+00:00,Unrated,G discovered employer
haufe-lexware-gmbh-co-kg,Haufe-Lexware GmbH & Co.KG,1,Germany,board,Investment Associate (d/m/w),2026-08-21T00:00:00+00:00,2026-08-26T15:59:50.255893+00:00,Unrated,G discovered employer
helmholtz-zentrum-f-r-ozeanforschung-kiel-geomar,Helmholtz-Zentrum für Ozeanforschung Kiel (GEOMAR),1,Germany,board,Koordination (m/w/d) “Service Portfolio Management”,2026-08-18T00:00:00+00:00,2026-08-26T15:59:50.255893+00:00,Unrated,G discovered employer
holcim-deutschland-gmbh-hauptverwaltung,Holcim (Deutschland) GmbH Hauptverwaltung,1,Germany,board,Treasury Specialist (m/w/d) Vollzeit / Teilzeit,2026-07-16T00:00:00+00:00,2026-08-26T15:59:50.255893+00:00,Unrated,G discovered employer
impact-gmbh-unternehmen-f-r-zeitarbeit-und-arbeitsvermittlung,IMPACT GmbH Unternehmen für Zeitarbeit und Arbeitsvermittlung,1,Germany,board,Specialist (m/w/d) Treasury & Tax bei internationalem Unternehmen,2023-05-15T00:00:00+00:00,2026-08-26T15:59:50.255893+00:00,Unrated,G discovered employer
ing-deutschland,ING Deutschland,1,Germany,board,Financial Risk Specialist - Market & Liquidity Risk Management (w/m/d),2026-07-29T00:00:00+00:00,2026-08-26T15:59:50.255893+00:00,Unrated,G discovered employer
irs-holding-gmbh,IRS Holding GmbH,1,Germany,board,Treasury Manager (m/w/d),2026-07-24T00:00:00+00:00,2026-08-26T15:59:50.255893+00:00,Unrated,G discovered employer
j-w-ostendorf-gmbh-u-co-kg,J W Ostendorf GmbH u Co KG,1,Germany,board,Mitarbeiter Treasury (m/w/d),2026-05-04T00:00:00+00:00,2026-08-26T15:59:50.255893+00:00,Unrated,G discovered employer
m-m-warburg-co-ag-co-kgaa,M.M.Warburg & CO (AG & Co.) KGaA,1,Germany,board,Investment Manager (m/w/d),2026-05-13T00:00:00+00:00,2026-08-26T15:59:50.255893+00:00,Unrated,G discovered employer
meag-munich-ergo-assetmanagement-gmbh,MEAG MUNICH ERGO AssetManagement GmbH,1,Germany,board,Investment Manager Infrastructure Equity Transactions (m|f|d),2026-07-10T00:00:00+00:00,2026-08-26T15:59:50.255893+00:00,Unrated,G discovered employer
mekra-lang-gmbh-co-kg,MEKRA Lang GmbH & Co.KG,1,Germany,board,Treasury & Financial Planning Manager (m/w/d),2026-06-24T00:00:00+00:00,2026-08-26T15:59:50.255893+00:00,Unrated,G discovered employer
montaplast-gmbh,MONTAPLAST GmbH,1,Germany,board,Cash & Liquidity Manager Group Treasury (m/w/d),2026-08-07T00:00:00+00:00,2026-08-26T15:59:50.255893+00:00,Unrated,G discovered employer
media-saturn-deutschland-gmbh,Media-Saturn Deutschland GmbH,1,Germany,board,Senior Specialist Treasury (m/w/d),2026-06-22T00:00:00+00:00,2026-08-26T15:59:50.255893+00:00,Unrated,G discovered employer
ntt-global-data-centers-emea-gmbh,NTT Global Data Centers EMEA GmbH,1,Germany,board,Senior Associate Treasury Analyst (m/f/d),2026-07-07T00:00:00+00:00,2026-08-26T15:59:50.255893+00:00,Unrated,G discovered employer
neo-temp-gmbh,Neo Temp GmbH,1,Germany,board,Sachbearbeiter (m/w/d) Cash Management,2026-08-18T00:00:00+00:00,2026-08-26T15:59:50.255893+00:00,Unrated,G discovered employer
nexperia-germany-gmbh,Nexperia Germany GmbH,1,Germany,board,Financial Analyst (m/w/d) - Controlling Rotation Program,2026-07-21T00:00:00+00:00,2026-08-26T15:59:50.255893+00:00,Unrated,G discovered employer
osi-foods-gmbh-co-kg,OSI Foods GmbH & Co. KG,1,Germany,board,"Treasury Back Office Specialist (m/w/d), OSI Foods GmbH & Co. KG",2026-07-29T00:00:00+00:00,2026-08-26T15:59:50.255893+00:00,Unrated,G discovered employer
osi-international-holding-gmbh,OSI International Holding GmbH,1,Germany,board,Treasury Back Office Specialist (m/f/d),2026-08-05T00:00:00+00:00,2026-08-26T15:59:50.255893+00:00,Unrated,G discovered employer
oppenhoff-partner,Oppenhoff & Partner,1,Germany,board,Rechtsanwalt Private Equity / M&A (m/w/d),2026-08-11T00:00:00+00:00,2026-08-26T15:59:50.255893+00:00,Unrated,G discovered employer
opus-one-recruitment-gmbh,Opus One Recruitment GmbH,1,Germany,board,(Junior) Steuerreferent Private Equity Umfeld (m/w/d),2025-02-11T00:00:00+00:00,2026-08-26T15:59:50.255893+00:00,Unrated,G discovered employer
pcf-gmbh,PCF GmbH,1,Germany,board,"Senior Treasury Manager (m/w/d), Neumarkt in der Oberpfalz",2026-08-18T00:00:00+00:00,2026-08-26T15:59:50.255893+00:00,Unrated,G discovered employer
paul-vahle-gmbh-co-kg,Paul Vahle GmbH & Co. KG,1,Germany,board,Treasury Specialist (m/w/d),2026-07-17T00:00:00+00:00,2026-08-26T15:59:50.255893+00:00,Unrated,G discovered employer
pfleiderer-deutschland-gmbh,Pfleiderer Deutschland GmbH,1,Germany,board,Senior Treasury Manager (m/w/d),2026-08-19T00:00:00+00:00,2026-08-26T15:59:50.255893+00:00,Unrated,G discovered employer
prosystems-it-gmbh-bonn,Prosystems IT GmbH Bonn,1,Germany,board,Administrator Cash Management (m/w/d),2026-08-26T00:00:00+00:00,2026-08-26T15:59:50.255893+00:00,Unrated,G discovered employer
quantum-immobilien-ag,Quantum Immobilien AG,1,Germany,board,"Teamassistenz Portfolio Management (m/w/d), Hamburg",2026-05-05T00:00:00+00:00,2026-08-26T15:59:50.255893+00:00,Unrated,G discovered employer
rci-banque-s-a-niederlassung-deutschland,RCI Banque S.A. Niederlassung Deutschland,1,Germany,board,(Senior) Specialist Financial Transacitons & Securitization Switzerland (m/w/d),2026-07-14T00:00:00+00:00,2026-08-26T15:59:50.255893+00:00,Unrated,G discovered employer
raiffeisen-waren-gmbh,Raiffeisen Waren GmbH,1,Germany,board,Spezialist Treasury / Treasury Manager (m/w/d) - FiBu -Kassel,2025-12-09T00:00:00+00:00,2026-08-26T15:59:50.255893+00:00,Unrated,G discovered employer
rhomberg-sersa-bahntechnik-gmbh-essen,Rhomberg Sersa Bahntechnik GmbH (Essen),1,Germany,board,"Specialist Treasury / Finanzcontrolling (m/w/d), Essen",2026-08-19T00:00:00+00:00,2026-08-26T15:59:50.255893+00:00,Unrated,G discovered employer
r-dl-gmbh-rag-stbg,Rödl GmbH RAG StBG,1,Germany,board,Senior Associate M&A Advisory (m/w/d),2026-05-15T00:00:00+00:00,2026-08-26T15:59:50.255893+00:00,Unrated,G discovered employer
schott-ag,SCHOTT AG,1,Germany,board,Trainee Finance Treasury (m/w/d)*,2026-08-14T00:00:00+00:00,2026-08-26T15:59:50.255893+00:00,Unrated,G discovered employer
siv-ag-service-f-r-informationsverarbeitung-ag,SIV.AG - Service für Informationsverarbeitung AG,1,Germany,board,Finance Integration Analyst (w/m/d),2026-08-03T00:00:00+00:00,2026-08-26T15:59:50.255893+00:00,Unrated,G discovered employer
scanlab-gmbh,Scanlab GmbH,1,Germany,board,Financial Business Partner (m/w/d),2026-08-24T00:00:00+00:00,2026-08-26T15:59:50.255893+00:00,Unrated,G discovered employer
schoenergie-gmbh,Schoenergie GmbH,1,Germany,board,Senior Manager Treasury (m/w/d),2026-08-18T00:00:00+00:00,2026-08-26T15:59:50.255893+00:00,Unrated,G discovered employer
silesia-gerhard-hanke-gmbh-co-kg,Silesia Gerhard Hanke GmbH & Co.KG,1,Germany,board,Head of Global Portfolio Management (m/w/d),2026-07-03T00:00:00+00:00,2026-08-26T15:59:50.255893+00:00,Unrated,G discovered employer
sparkasse-chemnitz,Sparkasse Chemnitz,1,Germany,board,Mitarbeiter (m/w/d) Treasury,2026-07-08T00:00:00+00:00,2026-08-26T15:59:50.255893+00:00,Unrated,G discovered employer
st-lting-service-group-gmbh,Stölting Service Group GmbH,1,Germany,board,Treasury Manager (m/w/d),2026-08-03T00:00:00+00:00,2026-08-26T15:59:50.255893+00:00,Unrated,G discovered employer
takraf-gmbh,TAKRAF GmbH,1,Germany,board,Banking and Treasury Specialist (m/f/d),2026-08-12T00:00:00+00:00,2026-08-26T15:59:50.255893+00:00,Unrated,G discovered employer
teampower-personaldienstleistungs-gmbh,TeamPower Personaldienstleistungs GmbH,1,Germany,board,Junior Treasury Manager m/w/d,2026-08-23T00:00:00+00:00,2026-08-26T15:59:50.255893+00:00,Unrated,G discovered employer
toskanaworld-ag,Toskanaworld AG,1,Germany,board,Mitarbeiter/in Treasury- und Cash-Management (m/w/d),2026-07-29T00:00:00+00:00,2026-08-26T15:59:50.255893+00:00,Unrated,G discovered employer
toskanaworld-ag-toskana-therme-hotel-bad-sulza-klinikzentrum-bad-sulza-resort,Toskanaworld AG | Toskana Therme & Hotel Bad Sulza | Klinikzentrum Bad Sulza | Resort...,1,Germany,board,Mitarbeiter/in Treasury- und Cash-Management (m/w/d),2026-07-15T00:00:00+00:00,2026-08-26T15:59:50.255893+00:00,Unrated,G discovered employer
t-v-rheinland-service-gmbh,TÜV Rheinland Service GmbH,1,Germany,board,Corporate Treasury Manager (f/m/d) / 19598,2026-08-14T00:00:00+00:00,2026-08-26T15:59:50.255893+00:00,Unrated,G discovered employer
uhlmann-group-holding-se-co-kg,Uhlmann Group Holding SE & Co. KG,1,Germany,board,"Werkstudent Corporate Treasury (m/w/d), Laupheim",2026-07-22T00:00:00+00:00,2026-08-26T15:59:50.255893+00:00,Unrated,G discovered employer
universit-tsmedizin-g-ttingen,Universitätsmedizin Göttingen,1,Germany,board,PhD on Ethical Asp. of Risk and Resilience in Relation to moral autonomy in Emerging Techn. (f/m/d),2026-08-05T00:00:00+00:00,2026-08-26T15:59:50.255893+00:00,Unrated,G discovered employer
vaillant-gmbh,Vaillant GmbH,1,Germany,board,Project Management Specialist (m/w/d) Jira Administration & Portfolio Management,2026-08-14T00:00:00+00:00,2026-08-26T15:59:50.255893+00:00,Unrated,G discovered employer
viridium-service-management-gmbh,Viridium Service Management GmbH,1,Germany,board,Senior Analyst:in Asset Management*,2026-08-07T00:00:00+00:00,2026-08-26T15:59:50.255893+00:00,Unrated,G discovered employer
white-case-llp,White & Case LLP,1,Germany,board,Rechtsanwältin / Rechtsanwalt - Private Equity (m/w/d),2026-07-28T00:00:00+00:00,2026-08-26T15:59:50.255893+00:00,Unrated,G discovered employer
dmtech-gmbh,dmTECH GmbH,1,Germany,board,"IT Consultant Architecture & ALM ""AI by Design"" (w/m/d)",2026-07-01T00:00:00+00:00,2026-08-26T15:59:50.255893+00:00,Unrated,G discovered employer
iwis-antriebssysteme-gmbh-co-kg,iwis Antriebssysteme GmbH & Co.KG,1,Germany,board,Manager Group Cash & Treasury (w/m/d),2026-06-22T00:00:00+00:00,2026-08-26T15:59:50.255893+00:00,Unrated,G discovered employer
per-invest-gmbh,per Invest GmbH,1,Germany,board,Asset Management & Portfolio Betreuung (m/w/d),2026-04-22T00:00:00+00:00,2026-08-26T15:59:50.255893+00:00,Unrated,G discovered employer
trans-o-flex-express-gmbh-co-kgaa,trans-o-flex Express GmbH & Co. KGaA,1,Germany,board,"Teamleitung Treasury Operations (m/w/d) - Zahlungsverkehr & Cash Management in Weinheim, Zentrale",2026-08-07T00:00:00+00:00,2026-08-26T15:59:50.255893+00:00,Unrated,G discovered employer
do-marketingov-ho-a-fundraisingov-ho-t-mu-investi-n-skupiny-rockaway-hled-me-lov-ka-kter-p-evezme-odpov-dnost-za-na-e-crm-a-pom-e-n-m-z-dat-vyt-it-informace-kter-skute-n-v,"Do marketingového a fundraisingového týmu investiční skupiny Rockaway hledáme člověka, který převezme odpovědnost za naše CRM a pomůže nám z dat vytěžit informace, které skutečně v",1,Czechia,board,CRM & Data Analyst,,2026-08-26T15:59:30.175637+00:00,Unrated,G discovered employer
allianz-poji-ovna,Allianz pojišťovna,1,Czechia,board,Ředitel/ka Investic a Treasury (CIO),,2026-08-26T15:57:53.101755+00:00,Unrated,G discovered employer
carvago-s-r-o,Carvago s.r.o.,1,Czechia,board,Senior Controller & Business Analyst,,2026-08-26T15:57:53.101755+00:00,Unrated,G discovered employer
ep-commodities,EP Commodities,1,Czechia,board,Treasury Data Analyst - Prague,,2026-08-26T15:57:53.101755+00:00,Unrated,G discovered employer
engel-stroj-rensk-spol-s-r-o,Engel strojírenská spol. s r.o.,1,Czechia,board,Treasury accounting specialist (m/ž),,2026-08-26T15:57:53.101755+00:00,Unrated,G discovered employer
gasnet,GasNet,1,Czechia,board,Head of Finance & Controlling,,2026-08-26T15:57:53.101755+00:00,Unrated,G discovered employer
geetoo-holding-a-s,Geetoo Holding a.s.,1,Czechia,board,Finance Operations Manager (m/ž),,2026-08-26T15:57:53.101755+00:00,Unrated,G discovered employer
industrial-and-commercial-bank-of-china-limited-prague-branch,"Industrial and Commercial Bank of China Limited, Prague Branch",1,Czechia,board,Market and Liquidity Risk Officer,,2026-08-26T15:57:53.101755+00:00,Unrated,G discovered employer
klepierre-management-esk-republika-s-r-o,KLEPIERRE MANAGEMENT Česká republika s.r.o.,1,Czechia,board,RENTAL MANAGER – Netherlands (Prague-based) | Finance & Debt Collection | Shopping Malls,,2026-08-26T15:57:53.101755+00:00,Unrated,G discovered employer
notino,Notino,1,Czechia,board,Finance Director - Real Estate,,2026-08-26T15:57:53.101755+00:00,Unrated,G discovered employer
orienta-czech-s-r-o,Orienta Czech s.r.o.,1,Czechia,board,Real Estate Investment Associate,,2026-08-26T15:57:53.101755+00:00,Unrated,G discovered employer
redstone-management-s-r-o,REDSTONE MANAGEMENT s.r.o.,1,Czechia,board,Finanční analytik/analytička pro prémiová obchodní centra | controlling & reporting,,2026-08-26T15:57:53.101755+00:00,Unrated,G discovered employer
rodenstock-r-s-r-o,Rodenstock ČR s.r.o.,1,Czechia,board,Treasury Systems & Integration Lead,,2026-08-26T15:57:53.101755+00:00,Unrated,G discovered employer
unicredit-bank,UniCredit Bank,1,Czechia,board,Corporate Treasury Sales Specialist,,2026-08-26T15:57:53.101755+00:00,Unrated,G discovered employer
valeo-esk-republika-kari-ra,Valeo Česká republika| Kariéra,1,Czechia,board,Junior Financial Specialist / Treasury (vhodné pro absolventy),,2026-08-26T15:57:53.101755+00:00,Unrated,G discovered employer
z-silkovna-s-r-o,Zásilkovna s.r.o.,1,Czechia,board,Group Finance Project Lead (Ž/M),,2026-08-26T15:57:53.101755+00:00,Unrated,G discovered employer
sob,ČSOB,1,Czechia,board,Risk Team Leader - analýzy tržních a likviditních rizik,,2026-08-26T15:57:53.101755+00:00,Unrated,G discovered employer
sap-services-s-r-o,SAP Services s.r.o.,1,Czechia,board,Finance Manager,2026-08-24T00:00:00+00:00,2026-08-26T15:57:50.005960+00:00,Unrated,G discovered employer
sosu-h,SOSU H,1,Denmark,board,Resursedirektør til SOSU H,2026-08-19T07:41:00+00:00,2026-08-26T12:30:30.151648+00:00,Unrated,G discovered employer
eqwiry-ab,Eqwiry AB,1,Sweden,board,Business Controller - Konsultuppdrag,2026-06-17T13:28:44+00:00,2026-08-26T12:25:49.438661+00:00,Unrated,G discovered employer
hero-ab,Hero AB,1,Sweden,board,Portfolio Sales Consultant till snabbt växande energiföretag!,2026-06-22T13:24:58+00:00,2026-08-26T12:25:49.438661+00:00,Unrated,G discovered employer
nordic-investin-group-aktiebolag,Nordic Investin Group Aktiebolag,1,Sweden,board,Junior finance assistant,2026-08-19T16:02:54+00:00,2026-08-26T12:25:49.438661+00:00,Unrated,G discovered employer
kanton-schwyz,Kanton Schwyz,1,Switzerland,board,Revisor/in Juristische Personen Steuerverwaltung,2026-08-26T00:00:00+00:00,2026-08-26T12:23:30.990974+00:00,Unrated,G discovered employer
mrb-fund-partners-ag,MRB Fund Partners AG,1,Switzerland,board,Fund Operations & Investment-Controlling Specialist (m/w/d) (100%),2026-08-09T11:11:00+00:00,2026-08-26T12:21:11.148596+00:00,Unrated,G discovered employer
manor-ag,Manor AG,1,Switzerland,board,Buyer Menswear (m/f/d) 100%,2026-08-19T14:33:00+00:00,2026-08-26T12:21:11.148596+00:00,Unrated,G discovered employer
vwr-avantor,VWR / Avantor,1,Switzerland,board,Strategic Partner Director (m/w/d),2026-07-29T10:03:00+00:00,2026-08-26T12:21:11.148596+00:00,Unrated,G discovered employer
skyguide,skyguide,1,Switzerland,board,Head of Corporate Audit (100%),2026-08-11T16:32:00+00:00,2026-08-26T12:21:11.148596+00:00,Unrated,G discovered employer
point-s-deutschland-gmbh,point S Deutschland GmbH,1,Germany,board,Mitarbeiter Vertrieb / Sales Manager / Sales Consultant (m/w/d) im Außendienst für Postleitzahlbereich 8,2026-07-09T00:00:01+00:00,2026-08-26T12:13:06.786447+00:00,Unrated,G discovered employer
ascory-bank-ag,Ascory Bank AG,1,Germany,board,"Senior Credit & Portfolio Analyst (m/w/d), Hamburg",2026-08-19T00:00:00+00:00,2026-08-26T12:07:55.150883+00:00,Unrated,G discovered employer
bwi-gmbh,BWI GmbH,1,Germany,board,Senior IT Portfolio Manager (m/w/d),2026-08-24T00:00:00+00:00,2026-08-26T12:07:55.150883+00:00,Unrated,G discovered employer
b-ro-immobilien-management-gmbh-co-kg,Büro Immobilien Management GmbH & Co.KG,1,Germany,board,Wohnungsverwalter /-in für Portfolio einer Versicherung gesucht in Teil-/Vollzeit,2026-06-08T00:00:00+00:00,2026-08-26T12:07:55.150883+00:00,Unrated,G discovered employer
deutsche-post-ag-zentrale,Deutsche Post AG Zentrale,1,Germany,board,Cyber Security Strategic Portfolio Manager (m/w/d),2026-08-06T00:00:00+00:00,2026-08-26T12:07:55.150883+00:00,Unrated,G discovered employer
eplan-gmbh-co-kg,EPLAN GmbH & Co. KG,1,Germany,board,Portfolio Developer (m/w/d) – Energiewirtschaft /,2026-04-07T00:00:00+00:00,2026-08-26T12:07:55.150883+00:00,Unrated,G discovered employer
s-markt-mehrwert-gmbh-co-kg,S-Markt & Mehrwert GmbH & Co. KG,1,Germany,board,Projekt-Portfolio-Manager (m/w/d),2026-07-27T00:00:00+00:00,2026-08-26T12:07:55.150883+00:00,Unrated,G discovered employer
signal-iduna-krankenversicherung-a-g,SIGNAL IDUNA Krankenversicherung a. G.,1,Germany,board,Manager (m/w/d) agile Portfolio-Steuerung,2026-08-17T00:00:00+00:00,2026-08-26T12:07:55.150883+00:00,Unrated,G discovered employer
tkms-atlas-elektronik-gmbh,TKMS ATLAS ELEKTRONIK GmbH,1,Germany,board,Project Portfolio Manager (m/w/d),2026-08-03T00:00:00+00:00,2026-08-26T12:07:55.150883+00:00,Unrated,G discovered employer
vivantes-netzwerk-f-r-gesundheit-gmbh,Vivantes Netzwerk für Gesundheit GmbH,1,Germany,board,Portfolio-/ Standardisierungsmanager/in (m/w/d),2026-02-06T00:00:00+00:00,2026-08-26T12:07:55.150883+00:00,Unrated,G discovered employer
wago-gmbh-co-kg,WAGO GmbH & Co. KG,1,Germany,board,AI Portfolio Manager (m/w/d),2026-08-18T00:00:00+00:00,2026-08-26T12:07:55.150883+00:00,Unrated,G discovered employer
raiffeisenbank,Raiffeisenbank,1,Czechia,board,Investment Product Manager (m/ž) - Praha,,2026-08-26T12:05:35.584123+00:00,Unrated,G discovered employer
ikea-a-s,IKEA A/S,1,Denmark,board,"Accounting &amp; Reporting Specialist, Taastrup (Hovedkontoret)",2026-08-25T00:00:00+00:00,2026-08-26T09:00:01.532696+00:00,Unrated,G discovered employer
avarn-security-ab,Avarn Security AB,1,Sweden,board,Junior Business Controller till Avarn Security Sverige,2026-08-18T07:30:22+00:00,2026-08-26T08:56:21.523132+00:00,Unrated,G discovered employer
sententia-rekrytering-konsult-ab,Sententia Rekrytering & Konsult AB,1,Sweden,board,Financial controller till företag i Linköping,2026-08-25T09:21:07+00:00,2026-08-26T08:56:21.523132+00:00,Unrated,G discovered employer
robert-walters,Robert Walters,1,United Kingdom,board,Multi Asset Investment Product Management Specialist,2026-08-26T09:23:00+00:00,2026-08-26T08:53:52.229070+00:00,Unrated,G discovered employer
sentec-ag,Sentec AG,1,Switzerland,board,Junior Financial Controller,2026-08-24T10:03:00+00:00,2026-08-26T08:50:31.478532+00:00,Unrated,G discovered employer
pletzer-gruppe,PLETZER Gruppe,1,Austria,board,Student:in Für Mitarbeit im Finanzbereich (m/w/d),2026-08-15T03:30:03+00:00,2026-08-26T08:44:23.395737+00:00,Unrated,G discovered employer
varengold-bank-ag,Varengold Bank AG,1,Germany,board,Senior Credit & Portfolio Analyst:in,2026-07-24T23:22:48.294979+00:00,2026-08-26T08:41:12.458034+00:00,Unrated,G discovered employer
hays-professional-solutions-gmbh-standort-dortmund,Hays Professional Solutions GmbH Standort Dortmund,1,Germany,board,Finanzbuchhalter (m/w/d),2026-06-29T00:00:00+00:00,2026-08-26T08:35:44.819672+00:00,Unrated,G discovered employer
peraspera-group,PERASPERA group,1,Czechia,board,COST CONTROLLER | MEDIOR | 65 - 75 000 Kč,2026-08-26T07:25:16.112822+00:00,2026-08-26T08:35:15.657985+00:00,Unrated,G discovered employer
rhenus-logistics-s-r-o,Rhenus Logistics s.r.o.,1,Czechia,board,Junior Controlling Specialist (Chrášťany u Prahy),2026-08-26T07:57:23.655333+00:00,2026-08-26T08:35:15.657985+00:00,Unrated,G discovered employer
one-family-office-a-s,ONE FAMILY OFFICE a.s.,1,Czechia,board,Junior Treasury Assistant/Controller,,2026-08-26T08:33:16.073544+00:00,Unrated,G discovered employer
as-b-executive-ab,AS&B Executive AB,1,Sweden,board,CFO till Lärandegruppen,2026-08-24T08:12:07+00:00,2026-08-26T08:23:50.340811+00:00,Unrated,G discovered employer
bostads-ab-poseidon,Bostads AB Poseidon,1,Sweden,board,Poseidon söker chef till Framtidens lönecenter,2026-08-05T22:00:01+00:00,2026-08-26T08:23:13.926923+00:00,Unrated,G discovered employer
region-kalmar-l-n,Region Kalmar Län,1,Sweden,board,Specialist i allmänmedicin till Region Kalmar län,2026-07-03T00:00:00+00:00,2026-08-26T08:23:13.926923+00:00,Unrated,G discovered employer
tullverket,Tullverket,1,Sweden,board,Tullverket söker erfarna systemutvecklare till vår framtida tullhantering,2026-08-20T00:00:00+00:00,2026-08-26T08:23:13.926923+00:00,Unrated,G discovered employer
universit-ts-kinderspital-z-rich-eleonorenstiftung,Universitäts - Kinderspital Zürich – Eleonorenstiftung,1,Switzerland,board,Senior Consultant / Head of Division 100 %,2026-08-26T00:00:00+00:00,2026-08-26T08:20:40.618817+00:00,Unrated,G discovered employer
albedis,Albedis,1,Switzerland,board,Senior Internal Audit Manager (Banking) in Basel,2026-08-10T14:02:00+00:00,2026-08-26T08:18:41.211779+00:00,Unrated,G discovered employer
debrunner-bewetec-ag,Debrunner Bewetec AG,1,Switzerland,board,Betriebsmechaniker (m/w) 100%,2026-08-01T03:02:00+00:00,2026-08-26T08:18:41.211779+00:00,Unrated,G discovered employer
ewb-energie-wasser-bern,ewb Energie Wasser Bern,1,Switzerland,board,Business / IT Analyst – SAP & GIS (Instandhaltung & Asset-Management),2026-08-18T03:02:00+00:00,2026-08-26T08:18:41.211779+00:00,Unrated,G discovered employer
amwell,Amwell,1,Other / Unresolved,remote,Lead FP&A Analyst,2026-07-31T07:31:03+00:00,2026-08-26T06:00:19.752006+00:00,Unrated,G discovered employer
finago,Finago,1,Norway,board,"Manager, Strategic Finance",2026-08-07T15:45:31+00:00,2026-08-21T11:16:32.762914+00:00,Unrated,G discovered employer
liv-fr-vold,Liv Frøvold,1,Norway,board,Project Controller,2026-08-07T00:00:00+00:00,2026-08-21T11:16:32.762914+00:00,Unrated,G discovered employer
arm-advanced-resource-managers,ARM (Advanced Resource Managers),1,United Kingdom,board,Databricks Lead Engineer,2026-08-21T12:00:00+00:00,2026-08-21T11:15:01.836955+00:00,Unrated,G discovered employer
atrium-workforce-solutions-uk-limited,Atrium Workforce Solutions UK Limited,1,United Kingdom,board,Content Designer - London,2026-08-21T11:34:00+00:00,2026-08-21T11:15:01.836955+00:00,Unrated,G discovered employer
cbs-butler,CBS Butler,1,United Kingdom,board,Mechanical Project/Contract Manager,2026-08-21T11:45:00+00:00,2026-08-21T11:15:01.836955+00:00,Unrated,G discovered employer
emea-resourcing,EMEA resourcing,1,United Kingdom,board,Infrastructure Engineer/VMware/IAM/Cisco-Meraki OR Nexus,2026-08-21T11:50:00+00:00,2026-08-21T11:15:01.836955+00:00,Unrated,G discovered employer
ocs-resourcing,OCS Resourcing,1,United Kingdom,board,Technical Support & Business Analyst (1st & 2nd Line),2026-08-21T10:54:00+00:00,2026-08-21T11:15:01.836955+00:00,Unrated,G discovered employer
opus-recruitment-solutions-ltd,Opus Recruitment Solutions Ltd,1,United Kingdom,board,Finance Transformation Lead,2026-08-21T11:39:00+00:00,2026-08-21T11:15:01.836955+00:00,Unrated,G discovered employer
spencer-rose-ltd,Spencer Rose Ltd,1,United Kingdom,board,Senior Data Architect,2026-08-21T11:58:00+00:00,2026-08-21T11:15:01.836955+00:00,Unrated,G discovered employer
ikm-gruppen-as,Ikm Gruppen AS,1,Norway,board,Document Controller,2026-08-20T15:23:51+00:00,2026-08-21T09:37:58.395697+00:00,Unrated,G discovered employer
context-recruitment,Context Recruitment,1,United Kingdom,board,Technical Solutions Architect,2026-08-21T10:02:00+00:00,2026-08-21T09:36:44.215150+00:00,Unrated,G discovered employer
hays-specialist-recruitment,Hays Specialist Recruitment,1,United Kingdom,board,Research Operations Lead,2026-08-21T09:25:00+00:00,2026-08-21T09:36:44.215150+00:00,Unrated,G discovered employer
hays-talent-solutions,Hays Talent Solutions,1,United Kingdom,board,Capacity Manager,2026-08-21T09:23:00+00:00,2026-08-21T09:36:44.215150+00:00,Unrated,G discovered employer
penguin-recruitment,Penguin Recruitment,1,United Kingdom,board,Planning Director,2026-08-21T10:01:00+00:00,2026-08-21T09:36:44.215150+00:00,Unrated,G discovered employer
skillfinder-international,SKILLFINDER INTERNATIONAL,1,United Kingdom,board,AML/KYC Consultant,2026-08-21T09:56:00+00:00,2026-08-21T09:36:44.215150+00:00,Unrated,G discovered employer
scot-lewis-associates-ltd,Scot Lewis Associates Ltd,1,United Kingdom,board,Transaction Monitoring Manager,2026-08-21T10:08:00+00:00,2026-08-21T09:36:44.215150+00:00,Unrated,G discovered employer
triad-group-plc,Triad Group Plc,1,United Kingdom,board,Security Architect,2026-08-21T09:29:00+00:00,2026-08-21T09:36:44.215150+00:00,Unrated,G discovered employer
vallum,Vallum,1,United Kingdom,board,Deputy Head of Information Systems - UK Energy Management,2026-08-21T09:25:00+00:00,2026-08-21T09:36:44.215150+00:00,Unrated,G discovered employer
aarhus-universitet,Aarhus Universitet,1,Denmark,board,"Forskningskonsulent til ledelsessekretariatet, Institut for Kultur og Samfund, Aarhus Universitet",2026-08-17T12:27:00+00:00,2026-08-21T07:03:01.313049+00:00,Unrated,G discovered employer
b-rne-og-undervisningsministeriet,Børne- og Undervisningsministeriet.,1,Denmark,board,Studentermedhjælper med interesse for økonomi og uddannelsespolitik,2026-08-13T11:39:00+00:00,2026-08-21T07:03:01.313049+00:00,Unrated,G discovered employer
det-kongelige-danske-musikkonservatorium,Det kongelige danske musikkonservatorium,1,Denmark,board,Ambitiøs fuldmægtig til arbejde med statslig økonomistyring og finansiel controlling,2026-08-14T14:12:00+00:00,2026-08-21T07:03:01.313049+00:00,Unrated,G discovered employer
fagbev-gelsens-hovedorganisation,Fagbevægelsens Hovedorganisation,1,Denmark,board,Student til Politik og Analyse,2026-08-18T14:33:00+00:00,2026-08-21T07:03:01.313049+00:00,Unrated,G discovered employer
hbs-economics,HBS Economics,1,Denmark,board,Student til HBS Economics,2026-08-14T14:04:00+00:00,2026-08-21T07:03:01.313049+00:00,Unrated,G discovered employer
slagelse-gymnasium,Slagelse Gymnasium,1,Denmark,board,Bliv økonomi- og administrationschef på Slagelse Gymnasium – et dynamisk ungdomsmiljø fyldt med energi,2026-08-18T10:06:00+00:00,2026-08-21T07:03:01.313049+00:00,Unrated,G discovered employer
styrelsen-for-f-devarer-landbrug-og-fiskeri,"Styrelsen for Fødevarer, Landbrug og Fiskeri",1,Denmark,board,Dygtig økonomipartner til Fødevarestyrelsen,2026-08-14T12:20:00+00:00,2026-08-21T07:03:01.313049+00:00,Unrated,G discovered employer
crashpoint-skadecenter-aps,Crashpoint Skadecenter ApS,1,Denmark,board,Autolakerer s&#xF8;ges til et erfarent team hos Crashpoint Skadecenter i Vejle,2026-08-20T00:00:00+00:00,2026-08-21T07:02:56.858194+00:00,Unrated,G discovered employer
arla-foods-ab,Arla Foods AB,1,Sweden,board,Customer Finance Business Partner - Solna,2026-08-13T11:11:15+00:00,2026-08-21T07:01:34.530466+00:00,Unrated,G discovered employer
bae-systems-h-gglunds-aktiebolag,BAE Systems Hägglunds Aktiebolag,1,Sweden,board,Project Controller till våra kundprojekt,2026-08-04T09:32:05+00:00,2026-08-21T07:01:34.530466+00:00,Unrated,G discovered employer
sector-alarm-ab,Sector Alarm AB,1,Sweden,board,Finance Manager,2026-08-10T13:21:25+00:00,2026-08-21T07:01:34.530466+00:00,Unrated,G discovered employer
brainlab,Brainlab,1,Sweden,board,Utesäljare,2026-08-20T08:13:46+00:00,2026-08-21T07:00:37.655848+00:00,Unrated,G discovered employer
region-g-vleborg,Region Gävleborg,1,Sweden,board,Verksamhetschef,2026-07-27T00:00:00+00:00,2026-08-21T07:00:37.655848+00:00,Unrated,G discovered employer
sweco,Sweco,1,Sweden,board,testautomatiserare,2026-06-16T22:00:01+00:00,2026-08-21T07:00:37.655848+00:00,Unrated,G discovered employer
s-kerhetspolisen,Säkerhetspolisen,1,Sweden,board,Data-analytiker,2026-08-05T09:33:34+00:00,2026-08-21T07:00:37.655848+00:00,Unrated,G discovered employer
toms-gruppen-a-s,Toms Gruppen A/S,1,Sweden,board,Producent,2026-08-20T08:13:49+00:00,2026-08-21T07:00:37.655848+00:00,Unrated,G discovered employer
lendo-ab,Lendo AB,1,Sweden,board,Senior Financial Analyst Treasury & Regulatorisk Rapportering,2026-06-24T13:19:23+00:00,2026-08-21T07:00:26.833081+00:00,Unrated,G discovered employer
ao-foundation,AO Foundation,1,Switzerland,board,IT Vendor Management Specialist (ID2134),2026-07-27T16:32:00+00:00,2026-08-21T06:57:35.147524+00:00,Unrated,G discovered employer
andermatt-swiss-alps-ag,Andermatt Swiss Alps AG,1,Switzerland,board,Project Manager (w/m/d),2026-07-27T08:01:00+00:00,2026-08-21T06:57:35.147524+00:00,Unrated,G discovered employer
aon-schweiz-ag,Aon Schweiz AG,1,Switzerland,board,Junior Business Analyst / Requirements Consultant,2026-08-19T04:56:00+00:00,2026-08-21T06:57:35.147524+00:00,Unrated,G discovered employer
balmer-etienne-ag,Balmer-Etienne AG,1,Switzerland,board,Corporate Finance Berater:in (m/w/d) 100%,2026-07-29T09:41:00+00:00,2026-08-21T06:57:35.147524+00:00,Unrated,G discovered employer
united-grinding-group,UNITED GRINDING Group,1,Switzerland,board,CORPORATE CONTROLLER (M/W/D),2026-08-18T01:00:00+00:00,2026-08-21T06:57:35.147524+00:00,Unrated,G discovered employer
adecco-personalbereitstellungs-gmbh,Adecco Personalbereitstellungs GmbH,1,Austria,board,A1 Verkäufer:in im A1 Shop Leibnitz,2026-08-14T00:00:00+00:00,2026-08-21T06:56:59.555569+00:00,Unrated,G discovered employer
stadtamt-braunau-am-inn,Stadtamt Braunau am Inn,1,Austria,board,Abteilungsleitung Finanzen und Controlling,2026-08-18T00:00:00+00:00,2026-08-21T06:56:59.555569+00:00,Unrated,G discovered employer
parfumerien-alina-gesellschaft-m-b-h,Parfumerien Alina Gesellschaft m.b.H.,1,Austria,board,Corporate Finance Manager (m/w/d),2026-08-20T22:00:00+00:00,2026-08-21T06:56:09.522269+00:00,Unrated,G discovered employer
sos-kinderdorf-sterreich,SOS-Kinderdorf Österreich,1,Austria,board,Teamleitung Controlling und Treasury (m/w/d),2026-08-14T22:00:00+00:00,2026-08-21T06:56:09.522269+00:00,Unrated,G discovered employer
steierm-rkische-sparkasse,Steiermärkische Sparkasse,1,Austria,board,Expert:in Non Financial Risk mit Schwerpunkt ICT Risiko Management (m/w/d),2026-08-20T03:30:04+00:00,2026-08-21T06:56:09.522269+00:00,Unrated,G discovered employer
bansbach-gmbh,BANSBACH GmbH,1,Germany,board,Senior Consultant (m/w/d) Corporate Finance,2026-07-31T00:00:00+00:00,2026-08-21T06:54:27.301681+00:00,Unrated,G discovered employer
caleo-consulting,CALEO Consulting,1,Germany,board,Consultant (m/w/d) Corporate Finance & SAP,2026-07-03T00:00:00+00:00,2026-08-21T06:54:27.301681+00:00,Unrated,G discovered employer
dpc-doncasters-precision-casti-ngs-bochum-gmbh,DPC DONCASTERS PRECISION CASTI NGS-BOCHUM GMBH,1,Germany,board,FP & A Analyst (m/w/d),2026-08-17T00:00:00+00:00,2026-08-21T06:54:27.301681+00:00,Unrated,G discovered employer
ecovis-bayla-union-gmbh,ECOVIS Bayla Union GmbH,1,Germany,board,Analyst Corporate Finance & Unternehmensbewertung (m/w/d),2026-05-19T00:00:00+00:00,2026-08-21T06:54:27.301681+00:00,Unrated,G discovered employer
ferchau-gmbh-niederlassung-berlin-s-d,FERCHAU GmbH Niederlassung Berlin Süd,1,Germany,board,Senior Valuation Manager (m/w/d),2026-08-13T00:00:00+00:00,2026-08-21T06:54:27.301681+00:00,Unrated,G discovered employer
galeria-s-r-l-co-kg-nordrhein-westfalen-verwaltung,GALERIA S.à r.l. & Co. KG Nordrhein-Westfalen - Verwaltung,1,Germany,board,Head of Controlling FP&A (w/m/d),2026-07-30T00:00:00+00:00,2026-08-21T06:54:27.301681+00:00,Unrated,G discovered employer
generali-deutschland-services-gmbh,Generali Deutschland Services GmbH,1,Germany,board,BAD_2026_08 Mitarbeiter (m/w/d) Non Financial Risk (Schwerpunkt IKT-Risikomanagement),2026-08-17T00:00:00+00:00,2026-08-21T06:54:27.301681+00:00,Unrated,G discovered employer
giesecke-devrient-gmbh,Giesecke+Devrient GmbH,1,Germany,board,Risk Manager Corporate Finance (m/w/d),2026-08-01T00:00:00+00:00,2026-08-21T06:54:27.301681+00:00,Unrated,G discovered employer
intreal,INTREAL,1,Germany,board,Valuation Manager (m/w/d),2026-03-31T00:00:00+00:00,2026-08-21T06:54:27.301681+00:00,Unrated,G discovered employer
lbbw-corporate-real-estate-management-gmbh,LBBW Corporate Real Estate Management GmbH,1,Germany,board,Referent (m/w/d) Non-Financial Risk in Teilzeit 50%,2026-07-21T00:00:00+00:00,2026-08-21T06:54:27.301681+00:00,Unrated,G discovered employer
lpr-holding-gmbh,LPR Holding GmbH,1,Germany,board,Finance Business Partner (m/w/d) FP&A / Controlling,2026-06-08T00:00:00+00:00,2026-08-21T06:54:27.301681+00:00,Unrated,G discovered employer
mercedes-benz-group-ag,Mercedes-Benz Group AG,1,Germany,board,Senior Kreditanalyst – Global Corporate Finance (d/m/f/x),2026-08-03T00:00:00+00:00,2026-08-21T06:54:27.301681+00:00,Unrated,G discovered employer
pkf-fasselt-karriere,PKF Fasselt Karriere,1,Germany,board,"Manager Corporate Finance - Power & Utilities (m/w/d), Duisburg",2026-08-18T00:00:00+00:00,2026-08-21T06:54:27.301681+00:00,Unrated,G discovered employer
paki-logistics-gmbh,Paki Logistics GmbH,1,Germany,board,FP & A Controller (m/w/d) - Standort Ennepetal,2026-08-05T00:00:00+00:00,2026-08-21T06:54:27.301681+00:00,Unrated,G discovered employer
schleupen-se,Schleupen SE,1,Germany,board,Senior Controller (FP&A) (m/w/d),2026-08-19T00:00:00+00:00,2026-08-21T06:54:27.301681+00:00,Unrated,G discovered employer
schmitt-gmbh,Schmitt GmbH,1,Germany,board,Controller (m/w/d) FP&A und Werkscontrolling,2026-08-06T00:00:00+00:00,2026-08-21T06:54:27.301681+00:00,Unrated,G discovered employer
s-chsische-aufbaubank-f-rderbank-ad-r,Sächsische Aufbaubank - Förderbank - AdöR,1,Germany,board,Fachspezialist (m/w/d) Beteiligungscontrolling im Cluster Corporate Finance (2026-69),2026-08-17T00:00:00+00:00,2026-08-21T06:54:27.301681+00:00,Unrated,G discovered employer
targobank-ag,TARGOBANK AG,1,Germany,board,Volljurist / Syndikusrechtsanwalt (m/w/d) Corporate Finance & Factoring,2026-05-01T00:00:00+00:00,2026-08-21T06:54:27.301681+00:00,Unrated,G discovered employer
fjelln-r-friskule-sa,Fjellnær Friskule Sa,1,Norway,board,Rektor ved Fjellnær friskule - bli med på oppstarten!,,2026-08-20T21:52:19.128765+00:00,Unrated,G discovered employer
hellerud-videreg-ende-skole-oslo-kommune-utdanningsetaten,"Hellerud videregående skole, Oslo kommune, Utdanningsetaten",1,Norway,board,"Undervisningsstillinger i fagene norsk, engelsk, spansk, markedsføring, entreprenørskap, rettslære",2026-02-15T23:00:00+00:00,2026-08-20T21:52:19.128765+00:00,Unrated,G discovered employer
braxfield-recruitment-limited,Braxfield Recruitment Limited,1,United Kingdom,board,Fire Safety Contract Manager,2026-08-20T21:51:00+00:00,2026-08-20T21:51:49.877367+00:00,Unrated,G discovered employer
ernest-gordon-recruitment-limited,Ernest Gordon Recruitment Limited,1,United Kingdom,board,Bid Manager (12 month FTC),2026-08-20T21:51:00+00:00,2026-08-20T21:51:49.877367+00:00,Unrated,G discovered employer
greenacre-recruitment-ltd,Greenacre Recruitment Ltd,1,United Kingdom,board,Head of Estates & Facilities,2026-08-20T21:51:00+00:00,2026-08-20T21:51:49.877367+00:00,Unrated,G discovered employer
joshua-robert-recruitment,Joshua Robert Recruitment,1,United Kingdom,board,Director of Asset Management,2026-08-20T21:51:00+00:00,2026-08-20T21:51:49.877367+00:00,Unrated,G discovered employer
park-avenue-recruitment,Park Avenue Recruitment,1,United Kingdom,board,Private Sector Housing Team Leader - High-Rise Fire Safety,2026-08-20T21:51:00+00:00,2026-08-20T21:51:49.877367+00:00,Unrated,G discovered employer
sjc-partners,SJC Partners,1,United Kingdom,board,Commercial Real Estate Solicitor,2026-08-20T21:51:00+00:00,2026-08-20T21:51:49.877367+00:00,Unrated,G discovered employer
the-portfolio-group,The Portfolio Group,1,United Kingdom,board,Employment Law Advocate,2026-08-20T21:51:00+00:00,2026-08-20T21:51:49.877367+00:00,Unrated,G discovered employer
wtw,WTW,1,United Kingdom,board,Account Handler - Real Estate Practice,2026-08-20T21:51:00+00:00,2026-08-20T21:51:49.877367+00:00,Unrated,G discovered employer
yopa,YOPA,1,United Kingdom,board,Yopa Local Estate Agent,2026-08-20T21:51:00+00:00,2026-08-20T21:51:49.877367+00:00,Unrated,G discovered employer
compute-nordic-finland-oy,COMPUTE NORDIC FINLAND Oy,1,Finland,board,"Talouspäällikkö / Finance Manager, Compute Nordic Finland Oy",2026-07-16T00:00:00+00:00,2026-08-20T21:39:06.031181+00:00,Unrated,G discovered employer
infront-sweden-ab,Infront Sweden AB,1,Sweden,board,Quant Risk and Valuation Sales Manager for the Nordics,2026-07-21T11:53:30+00:00,2026-08-20T16:28:21.983322+00:00,Unrated,G discovered employer
city-ste-solutions,City Ste Solutions,1,United Kingdom,board,Quantity Surveyor,2026-08-20T16:55:00+00:00,2026-08-20T16:27:56.004526+00:00,Unrated,G discovered employer
dgh-recruitment-ltd,DGH Recruitment Ltd.,1,United Kingdom,board,Senior Network Engineer (Outside IR35),2026-08-20T17:00:00+00:00,2026-08-20T16:27:56.004526+00:00,Unrated,G discovered employer
next-ventures-ltd,Next Ventures Ltd,1,United Kingdom,board,Oracle EBS R12 Financials BSA,2026-08-20T17:15:00+00:00,2026-08-20T16:27:56.004526+00:00,Unrated,G discovered employer
rothstein-recruitment-ltd,Rothstein Recruitment Ltd,1,United Kingdom,board,Information Security Architect - CISSP - Banking,2026-08-20T16:58:00+00:00,2026-08-20T16:27:56.004526+00:00,Unrated,G discovered employer
summer-browning-associates,Summer-Browning Associates,1,United Kingdom,board,AI Evaluation Engineer,2026-08-20T16:58:00+00:00,2026-08-20T16:27:56.004526+00:00,Unrated,G discovered employer
fenaco-genossenschaft,fenaco Genossenschaft,1,Switzerland,board,Fachspezialistin/Fachspezialist Konzern-Treasury & Kapitalanlagen w/m/d,2026-08-11T16:32:00+00:00,2026-08-20T16:21:17.994548+00:00,Unrated,G discovered employer
donner-reuschel-aktiengesellschaft,DONNER & REUSCHEL Aktiengesellschaft,1,Germany,board,Portfolio Manager (m/w/d),2026-07-28T06:40:45.869173+00:00,2026-08-20T16:19:50.946534+00:00,Unrated,G discovered employer
hyundai-autoever-europe-gmbh,Hyundai AutoEver Europe GmbH,1,Germany,board,Treasury Specialist (m/w/d),2026-07-21T00:00:00+00:00,2026-08-20T16:18:52.191109+00:00,Unrated,G discovered employer
sledujte-n-s,Sledujte nás,1,Czechia,board,>>> Business Controller & Analyst,,2026-08-20T16:17:24.736441+00:00,Unrated,G discovered employer
amendo,Amendo,1,Sweden,board,Investment Analysts Swedfund,2026-07-14T22:00:01+00:00,2026-08-20T12:51:37.683861+00:00,Unrated,G discovered employer
atlas-copco-aktiebolag,Atlas Copco Aktiebolag,1,Sweden,board,Product Owner - Treasury Applications,2026-08-06T22:00:01+00:00,2026-08-20T12:51:37.683861+00:00,Unrated,G discovered employer
brocc-ab-publ,Brocc AB (publ),1,Sweden,board,Senior Financial Risk Manager,2026-08-04T22:00:01+00:00,2026-08-20T12:51:37.683861+00:00,Unrated,G discovered employer
citigroup-inc,"Citigroup, Inc.",1,Sweden,board,Investment Banking Senior Analyst,2026-07-20T22:00:01+00:00,2026-08-20T12:51:37.683861+00:00,Unrated,G discovered employer
cushman-wakefield,Cushman & Wakefield,1,Sweden,board,"Associate Director, Valuation & Strategic Advisory",2026-04-01T22:00:01+00:00,2026-08-20T12:51:37.683861+00:00,Unrated,G discovered employer
deloitte-sweden-ab,Deloitte Sweden AB,1,Sweden,board,Junior Consultant to Valuation & Modeling - Jan 2027,2026-08-11T03:02:05+00:00,2026-08-20T12:51:37.683861+00:00,Unrated,G discovered employer
gkn-aerospace,GKN Aerospace,1,Sweden,board,FP&A Analyst,2026-08-04T22:00:01+00:00,2026-08-20T12:51:37.683861+00:00,Unrated,G discovered employer
hitachi-ltd,"Hitachi, Ltd.",1,Sweden,board,Project Management Portfolio Manager (PMO) for Power Quality (former FACTS),2024-01-07T23:00:01+00:00,2026-08-20T12:51:37.683861+00:00,Unrated,G discovered employer
infront,Infront,1,Sweden,board,Quant Risk and Valuation Sales Manager (m/f/d),2026-07-23T22:00:01+00:00,2026-08-20T12:51:37.683861+00:00,Unrated,G discovered employer
intrum,Intrum,1,Sweden,board,Legal Director (Corporate & Finance),2026-07-22T22:00:01+00:00,2026-08-20T12:51:37.683861+00:00,Unrated,G discovered employer
lantm-nnen,Lantmännen,1,Sweden,board,FP&A Manager,2026-07-27T00:00:00+00:00,2026-08-20T12:51:37.683861+00:00,Unrated,G discovered employer
lovable,Lovable,1,Sweden,board,Treasury Lead,2026-07-06T10:15:58+00:00,2026-08-20T12:51:37.683861+00:00,Unrated,G discovered employer
alpvera-corporate-gmbh,AlpVera Corporate GmbH,1,Switzerland,board,Finanzanalyst/-in & Consultant (M&A),2026-08-12T09:24:31+00:00,2026-08-20T12:51:14.688963+00:00,Unrated,G discovered employer
bank-j-safra-sarasin-ag,Bank J. Safra Sarasin AG,1,Switzerland,board,Regulatory Trade / Transaction Reporting Analyst,2026-08-18T06:32:19+00:00,2026-08-20T12:51:14.688963+00:00,Unrated,G discovered employer
careerplus-sa,Careerplus SA,1,Switzerland,board,Senior Finance Manager,2026-08-12T17:55:51+00:00,2026-08-20T12:51:14.688963+00:00,Unrated,G discovered employer
finders-sa,FINDERS SA,1,Switzerland,board,Senior Operational Risk Specialist - Private Banking,2026-08-17T00:00:24+00:00,2026-08-20T12:51:14.688963+00:00,Unrated,G discovered employer
iss-schweiz-ag,ISS Schweiz AG,1,Switzerland,board,Team Lead Construction Portfolio Management,2026-07-28T08:33:41+00:00,2026-08-20T12:51:14.688963+00:00,Unrated,G discovered employer
j-p-morgan-suisse-sa,J.P. Morgan (Suisse) SA,1,Switzerland,board,2027 Corporate & Investment Bank - Global Investment Banking Analyst Program - Off-Cycle Internship,2026-05-08T08:02:10+00:00,2026-08-20T12:51:14.688963+00:00,Unrated,G discovered employer
kpmg-ag,KPMG AG,1,Switzerland,board,Senior Consultant - Treasury Transformation Advisory,2026-08-06T12:46:54+00:00,2026-08-20T12:51:14.688963+00:00,Unrated,G discovered employer
bora-gruppe-sterreich,BORA Gruppe Österreich,1,Austria,board,Projektmanager (m/w/d) Finance Transformation & Digitalisierung,2026-08-13T11:52:47.643000+00:00,2026-08-20T12:20:11.159351+00:00,Unrated,G discovered employer
doppelmayr-service-gmbh,Doppelmayr Service GmbH,1,Austria,board,Risk Manager:in,2026-08-14T16:02:02.723000+00:00,2026-08-20T12:20:11.159351+00:00,Unrated,G discovered employer
elektrizit-tswerke-reutte-ag,Elektrizitätswerke Reutte AG,1,Austria,board,Leitung Konzerncontrolling (m/w/d),2026-08-12T09:35:02.237000+00:00,2026-08-20T12:20:11.159351+00:00,Unrated,G discovered employer
fellner-wratzfeld-partner-rechtsanw-lte,Fellner Wratzfeld & Partner Rechtsanwälte,1,Austria,board,Rechtsanwält:in Corporate Restructuring (d/f/m),2026-08-12T22:02:07.323000+00:00,2026-08-20T12:20:11.159351+00:00,Unrated,G discovered employer
hypo-vorarlberg-bank-ag,Hypo Vorarlberg Bank AG,1,Austria,board,Berater:in Corporate Finance - Strukturierte Finanzierungen (m/w/x),2026-08-08T09:02:01.493000+00:00,2026-08-20T12:20:11.159351+00:00,Unrated,G discovered employer
light-for-the-world,LIGHT FOR THE WORLD,1,Austria,board,Project Controller (f/m/d),2026-08-15T08:02:19.857000+00:00,2026-08-20T12:20:11.159351+00:00,Unrated,G discovered employer
netconomy-gmbh,NETCONOMY GmbH,1,Austria,board,Studentische Mitarbeiter im Accounting (f/m/x) für 12-20 Std./Woche,2026-08-17T11:02:05.123000+00:00,2026-08-20T12:20:11.159351+00:00,Unrated,G discovered employer
roxcel-trading-gmbh,ROXCEL Trading GmbH,1,Austria,board,Finance Trainee (m/w/d),2026-08-12T08:00:17.417000+00:00,2026-08-20T12:20:11.159351+00:00,Unrated,G discovered employer
rehrl-partner-personalberatung-gmbh,Rehrl + Partner Personalberatung GmbH,1,Austria,board,Head of Financial Planning & Analysis,2026-08-14T14:02:03.533000+00:00,2026-08-20T12:20:11.159351+00:00,Unrated,G discovered employer
strabag-ag,Strabag AG,1,Austria,board,Analyst - Target Scouting Corporate Development,2026-08-17T07:11:46.603000+00:00,2026-08-20T12:20:11.159351+00:00,Unrated,G discovered employer
universit-t-wien,Universität Wien,1,Austria,board,IT-Systemadministrator*in/Portfoliomanager*in IT-Systeme,2026-08-16T07:02:27.867000+00:00,2026-08-20T12:20:11.159351+00:00,Unrated,G discovered employer
walter-group,WALTER GROUP,1,Austria,board,Treasury & Cash Management Expert (m/w/d),2026-08-12T11:02:02.930000+00:00,2026-08-20T12:20:11.159351+00:00,Unrated,G discovered employer
allianz-global-investors-gmbh,Allianz Global Investors GmbH,1,Germany,board,Financial Analyst (f/m/d),2026-08-12T00:00:00+00:00,2026-08-18T18:29:56.962461+00:00,Unrated,G discovered employer
deutsche-bausparkasse-badenia-ag,Deutsche Bausparkasse Badenia AG,1,Germany,board,Mitarbeiter (m/w/d) Non Financial Risk (Schwerpunkt IKT-Risikomanagement),2026-08-14T00:00:00+00:00,2026-08-18T18:29:56.962461+00:00,Unrated,G discovered employer
institutional-investment-group,Institutional Investment Group,1,Germany,board,"(Senior) Analyst Fund Reporting, Data & Automation (m/w/d), Frankfurt am Main",2026-08-04T00:00:00+00:00,2026-08-18T18:26:02.313056+00:00,Unrated,G discovered employer
bravida-sverige-ab,Bravida Sverige AB,1,Sweden,board,Analytics Engineer,2026-06-15T09:58:03+00:00,2026-08-18T18:25:58.726345+00:00,Unrated,G discovered employer
carla-ab,Carla AB,1,Sweden,board,Tech Lead,2026-06-18T16:12:13+00:00,2026-08-18T18:25:58.726345+00:00,Unrated,G discovered employer
cou-ab,Cou AB,1,Sweden,board,kock / a la carte,2026-06-11T13:08:10+00:00,2026-08-18T18:25:58.726345+00:00,Unrated,G discovered employer
indian-brother-ab,Indian Brother AB,1,Sweden,board,kock a la carte,2026-08-15T11:27:00+00:00,2026-08-18T18:25:58.726345+00:00,Unrated,G discovered employer
intensogruppen-ab,Intensogruppen AB,1,Sweden,board,IT-arkitekt till Stockholm / Malmö / Göteborg,2026-07-27T00:00:00+00:00,2026-08-18T18:25:58.726345+00:00,Unrated,G discovered employer
kulu-restaurang-handelsbolag,KULU RESTAURANG HANDELSBOLAG,1,Sweden,board,PERUANSK KOCK SÖKES SE BUSCA COCINERO/A PERUANO/A,2026-05-31T17:10:05+00:00,2026-08-18T18:25:58.726345+00:00,Unrated,G discovered employer
marshall-group-ab,Marshall Group AB,1,Sweden,board,VP Strategy,2026-08-14T11:28:50+00:00,2026-08-18T18:25:58.726345+00:00,Unrated,G discovered employer
zb-hassleholm-ab,ZB Hassleholm AB,1,Sweden,board,A la carte kock,2026-08-11T13:28:45+00:00,2026-08-18T18:25:58.726345+00:00,Unrated,G discovered employer
