lane_file,opportunity_id,source_id,quality_status,quality_flags,status
jobs.csv,c1a03a53fd146f54,kpmg-de,ready,,Open
jobs.csv,22836df63a60c592,kpmg-de,ready,,Open
jobs.csv,c461cecb95a684b3,kpmg-de,ready,,Open
jobs.csv,ddfd51fe56b55700,ey-ch,ready,,Open
jobs.csv,db35f6a5476b9197,kpmg-de,ready,,Open
jobs.csv,9321385ac32ada92,kpmg-de,ready,,Open
jobs.csv,5ac2687167628979,kpmg-de,ready,,Open
jobs.csv,6930a5088541e692,deloitte-de,ready,,Open
jobs.csv,062a46e5d908317a,kpmg-de,ready,,Open
jobs.csv,a9bc61385de465f1,deloitte-at,ready,,Open
jobs.csv,778c8d1fbf02e17d,deloitte-at,ready,,Open
jobs.csv,8c7e11141d0ea659,deloitte-uk,ready,,Open
jobs.csv,c7d70f2bc7382b9d,pwc-de,ready,,Open
jobs.csv,fa6782aa02e138ab,pwc-de,ready,,Open
jobs.csv,0a8cdb704a14533b,deloitte-ch,ready,,Open
jobs.csv,6140af979301d2a8,kpmg-de,ready,,Open
jobs.csv,e87ff12bfaba1be1,deloitte-at,ready,,Open
jobs.csv,22a19be6f968f5f7,ey-ch,ready,,Open
jobs.csv,dbc2c454304b7116,deloitte-ch,ready,,Open
jobs.csv,f22585b877ebfc78,kpmg-de,ready,,Open
jobs.csv,52346da765af0181,deloitte-ch,ready,,Open
jobs.csv,db5fa0fb51520190,pwc-de,ready,,Open
jobs.csv,170ac68966f401c8,deloitte-at,ready,,Open
jobs.csv,3bdd1451d667d185,ey-ch,ready,,Open
jobs.csv,b1c1b759dc949048,deloitte-nordics,ready,,Open
jobs.csv,18be0ce86abb47d6,deloitte-at,ready,,Open
jobs.csv,25cd1bab39aee0ef,deloitte-at,ready,,Open
jobs.csv,983e7becfc2ca0c1,ey-fi,ready,,Open
jobs.csv,ba2cda1398225fb6,kpmg-de,ready,,Open
jobs.csv,a5968948844a3299,deloitte-ch,ready,,Open
jobs.csv,f00b47820ddd61c2,pwc-de,ready,,Open
jobs.csv,07586f214d83f038,kpmg-de,ready,,Open
jobs.csv,d0731209e11793b6,deloitte-uk,ready,,Open
jobs.csv,4f1861571d7bdfc8,deloitte-uk,ready,,Open
jobs.csv,527d82b47865b1e8,ey-de,ready,,Open
jobs.csv,3c5f99ed7c589889,pwc-de,ready,,Open
jobs.csv,2589678e6efa7184,ey-uk,ready,,Open
jobs.csv,220910415a95b693,kpmg-de,ready,,Open
jobs.csv,5a68696d63dc6b80,pwc-uk,ready,,Open
jobs.csv,1b40a7f72ba6c887,ey-fi,ready,,Open
jobs.csv,7c5844dba5654fde,pwc-uk,ready,,Open
jobs.csv,ed3b03dc926f1921,deloitte-uk,ready,,Open
jobs.csv,69e1109d97a43883,deloitte-nordics,ready,,Open
jobs.csv,574887fd69451698,deloitte-nordics,ready,,Open
jobs.csv,cc5d9739be66b966,pwc-de,review,thin_description,Open
jobs.csv,64b28c7a7fd9c143,deloitte-uk,ready,,Open
jobs.csv,b4319651764e1b94,ey-ch,ready,,Open
jobs.csv,760427d4e3115d8d,pwc-uk,ready,,Open
jobs.csv,1bcc885a71fe948e,deloitte-uk,ready,,Open
jobs.csv,2813259323b9d49e,deloitte-uk,ready,,Open
jobs.csv,2241a41f6003ba2b,deloitte-uk,ready,,Open
jobs.csv,ef16e2ff5228c8b2,deloitte-uk,ready,,Open
jobs.csv,e061815f2a2ee0be,deloitte-uk,ready,,Open
jobs.csv,d8bb7e3bc349d515,kpmg-de,ready,,Open
jobs.csv,95993975304a87ab,deloitte-uk,ready,,Open
jobs.csv,09156bc6047f937b,deloitte-uk,ready,,Open
jobs.csv,13ac7498ec63f0fc,pwc-uk,ready,,Open
jobs.csv,74becb9ab10b1a70,pwc-de,ready,,Open
jobs.csv,c62b05492998a2e1,kpmg-de,ready,,Open
jobs.csv,f0d0c27cefe0e217,kpmg-de,ready,,Open
jobs.csv,d06c24bd43ca32aa,deloitte-at,ready,,Open
jobs.csv,5f9c0be1131cc252,deloitte-at,ready,,Open
jobs.csv,18f416d46739a72a,pwc-de,ready,,Open
jobs.csv,e467d6b576294bba,pwc-de,ready,,Open
jobs.csv,f44f8a2c0ab58f30,ey-ch,ready,,Open
jobs.csv,01f1c2a113db6620,pwc-de,review,thin_description,Open
jobs.csv,6f5fc7db8c9681c7,deloitte-nordics,ready,,Open
jobs.csv,a238bb3e5c2a81d7,ey-se,ready,,Open
jobs.csv,0b758afc461fceaa,deloitte-ch,ready,,Open
jobs.csv,1e1417db17582571,deloitte-uk,ready,,Open
jobs.csv,110a389eb3b42c30,kpmg-de,ready,,Open
jobs.csv,f343c48699d427a1,kpmg-de,ready,,Open
jobs.csv,cf03d04ef0e3ed32,kpmg-de,ready,,Open
jobs.csv,6a3bb439ae527fed,deloitte-de,ready,,Open
jobs.csv,00aa896c12c80c31,deloitte-uk,ready,,Open
jobs.csv,34392cb26ead5c3d,deloitte-at,ready,,Open
jobs.csv,12b48a4c7088852b,kpmg-de,ready,,Open
jobs.csv,1faa44e379a29d99,pwc-uk,ready,,Open
jobs.csv,5a0e3b6f1da7accb,deloitte-uk,ready,,Open
jobs.csv,10af64d22206415f,pwc-de,ready,,Open
jobs.csv,20a4187b383b631a,kpmg-de,ready,,Open
jobs.csv,5d8a392ce013f569,ey-cz,ready,,Open
jobs.csv,d94c8d22009150d9,deloitte-nordics,ready,,Open
jobs.csv,0d270b1497dad1dc,deloitte-nordics,ready,,Open
jobs.csv,bfcfb4102ff00eed,kpmg-de,ready,,Open
jobs.csv,50030460f5ce0d94,kpmg-de,ready,,Open
jobs.csv,0f03d42c4d04145d,kpmg-de,ready,,Open
jobs.csv,d5e0048154575bb8,deloitte-uk,ready,,Open
jobs.csv,726edd5c6105d4b5,pwc-uk,ready,,Open
jobs.csv,1b54ca441735c8d5,kpmg-de,ready,,Open
jobs.csv,a5d9ac1d52b3b893,pwc-uk,ready,,Open
jobs.csv,66d7e9eff4f30643,pwc-de,ready,,Open
jobs.csv,92896630df905f6c,deloitte-at,ready,,Open
jobs.csv,9c37fc2a8f2c8906,ey-ch,ready,,Open
jobs.csv,be6669884f53ee2f,pwc-uk,ready,,Open
jobs.csv,b3866ee1cfe60a82,pwc-de,ready,,Open
jobs.csv,99ba21154fc3edf5,deloitte-uk,ready,,Open
jobs.csv,4dc2241526c0b896,deloitte-uk,ready,,Open
jobs.csv,a296b1178dedb9b1,ey-ch,ready,,Open
jobs.csv,33213700633e4b52,deloitte-uk,ready,,Open
jobs.csv,b8bd33d013e76157,deloitte-at,ready,,Open
jobs.csv,a99288602b3449cd,pwc-de,ready,,Open
jobs.csv,262adef6df7ccf02,deloitte-uk,ready,,Open
jobs.csv,899a83476ac7de01,deloitte-uk,ready,,Open
jobs.csv,eeb8d9a930a626a0,deloitte-uk,ready,,Open
jobs.csv,a71d5f69aaf9171a,deloitte-uk,ready,,Open
jobs.csv,e85839345d5852d1,deloitte-ch,ready,,Open
jobs.csv,349fa5121c0577cd,pwc-de,ready,,Open
jobs.csv,4a089e737c6edf8f,kpmg-de,ready,,Open
jobs.csv,bf2018a2da38f8d3,ey-uk,ready,,Open
jobs.csv,2511245493dc5ee3,pwc-uk,ready,,Open
jobs.csv,a156fee9f58ed434,pwc-uk,ready,,Open
jobs.csv,95e08fc81fa9b225,pwc-uk,ready,,Open
jobs.csv,4c27e139819d6306,pwc-uk,ready,,Open
jobs.csv,a0fc07c180a4cc2d,ey-uk,ready,,Open
jobs.csv,513e60989f2a985e,ey-cz,ready,,Open
jobs.csv,d87affe6604e5503,kpmg-de,review,thin_description,Open
jobs.csv,0e57de43a38541ed,deloitte-at,ready,,Open
jobs.csv,0ee98a4f04c3f3f8,ey-ch,ready,,Open
jobs.csv,870a59358811238b,deloitte-uk,ready,,Open
jobs.csv,8bc830cdcac87e27,pwc-uk,ready,,Open
jobs.csv,b9856b8778dc88c9,deloitte-uk,ready,,Open
jobs.csv,c81508b3cf7c9fcf,kpmg-de,ready,,Open
jobs.csv,a4498c83195a6891,ey-uk,ready,,Open
jobs.csv,82a30065993395c2,pwc-uk,ready,,Open
jobs.csv,139c825ff2fa4604,pwc-uk,ready,,Open
jobs.csv,1c4db8307a6c1d72,pwc-uk,ready,,Open
jobs.csv,22ca68933ad666d6,deloitte-uk,ready,,Open
jobs.csv,c746c09212940e18,kpmg-de,ready,,Open
jobs.csv,b3d4ac5560c9ec01,deloitte-uk,ready,,Open
jobs.csv,feca3c60371a4bd3,deloitte-uk,ready,,Open
jobs.csv,66fae02829e1ef8c,pwc-de,review,thin_description,Open
jobs.csv,c1d1d766d3af6df4,kpmg-de,ready,,Open
jobs.csv,9d966d1db9be2b79,deloitte-uk,ready,,Open
jobs.csv,79b5b5f8e1631097,ey-ch,ready,,Open
jobs.csv,5b6fa6587061dcf6,ey-ch,ready,,Open
jobs.csv,f6eff502fb34fd48,ey-cz,ready,,Open
jobs.csv,fcf9b7a2dd0b8507,deloitte-uk,ready,,Open
jobs.csv,519c5e698bd13f3c,ey-fi,ready,,Open
jobs.csv,31f7c129fd24273c,pwc-uk,ready,,Open
jobs.csv,ca4a388924aa45a2,deloitte-uk,ready,,Open
jobs.csv,dea648f4aa7b4d07,deloitte-uk,ready,,Open
jobs.csv,a04be93647d9e9e1,pwc-uk,ready,,Open
jobs.csv,7ee4cd29ffd80263,kpmg-de,ready,,Open
jobs.csv,19b63aa5c6ddc66f,pwc-uk,ready,,Open
jobs.csv,597155e50a434a69,pwc-de,ready,,Open
jobs.csv,87b3ce3981fba937,deloitte-uk,ready,,Open
jobs.csv,87e91c718a74a237,kpmg-de,review,thin_description,Open
jobs.csv,ed1c7c4819d8815a,pwc-uk,ready,,Open
jobs.csv,aa6f698afb56e9a5,pwc-de,ready,,Open
jobs.csv,7ef5266a549d3231,pwc-de,ready,,Open
jobs.csv,b5b66258ebb101d2,ey-de,ready,,Open
jobs.csv,47a91b0fb536ccbd,pwc-de,ready,,Open
jobs.csv,8c0cccf80da8cc0d,ey-se,ready,,Open
jobs.csv,6d6b90fd95b19a04,deloitte-at,ready,,Open
jobs.csv,6e99932868055086,pwc-uk,ready,,Open
jobs.csv,d11da389bc395369,pwc-de,ready,,Open
jobs.csv,85f4e40ac4a6eae9,pwc-de,ready,,Open
jobs.csv,8af36b977bfcf6a3,deloitte-at,ready,,Open
jobs.csv,edd0d98d3a4d20a6,deloitte-uk,ready,,Open
jobs.csv,c7239f1ae1d05260,ey-se,ready,,Open
jobs.csv,5ef851c6c4cff616,ey-ch,ready,,Open
jobs.csv,04dd343237f038aa,deloitte-uk,ready,,Open
jobs.csv,a0cc82edfaec98af,pwc-uk,ready,,Open
jobs.csv,5addde6eb54b170c,pwc-uk,ready,,Open
jobs.csv,43cc9928bbe9e999,pwc-de,ready,,Open
jobs.csv,78815554b9893e09,deloitte-uk,ready,,Open
jobs.csv,03a3a5ae39fb698f,ey-cz,ready,,Open
jobs.csv,1e2c916b770707fc,deloitte-nordics,ready,,Open
jobs.csv,ef29edc753a9a02a,deloitte-uk,ready,,Open
jobs.csv,d808e873acbbdb7a,kpmg-de,ready,,Open
jobs.csv,996f717c55bd25a9,ey-ch,ready,,Open
jobs.csv,9a6719c16348d3c2,deloitte-uk,ready,,Open
jobs.csv,6cfea483095946b2,ey-cz,ready,,Open
jobs.csv,765930316aa8db6b,deloitte-ch,ready,,Open
jobs.csv,6c3c2afc46c15213,pwc-de,ready,,Open
jobs.csv,c739399d4918eecd,kpmg-de,ready,,Open
jobs.csv,d89fbc0b9f2f1af3,pwc-uk,ready,,Open
jobs.csv,5332f86212f6582d,pwc-uk,ready,,Open
jobs.csv,c828d24c42435f6c,deloitte-uk,ready,,Open
jobs.csv,9ffec89d2c43e144,deloitte-uk,ready,,Open
jobs.csv,bf84ebf956d9ad6e,kpmg-de,ready,,Open
jobs.csv,3245813dafba461d,pwc-de,ready,,Open
jobs.csv,cf123cece687c08b,deloitte-uk,ready,,Open
jobs.csv,f493b113bc453397,deloitte-uk,ready,,Open
jobs.csv,cfdc10a56f94a80b,deloitte-uk,ready,,Open
jobs.csv,f4ba4e140e52c4b7,deloitte-at,ready,,Open
jobs.csv,07a149196c13527a,deloitte-uk,ready,,Open
jobs.csv,04818bea2d298966,deloitte-uk,ready,,Open
jobs.csv,94c898ded97a0d83,deloitte-uk,ready,,Open
jobs.csv,4d7476119c6e8aed,pwc-uk,ready,,Open
jobs.csv,235e348e593f0ed1,deloitte-uk,ready,,Open
jobs.csv,795b5ec661adac48,deloitte-ch,ready,,Open
jobs.csv,aacb12f5d3d98785,pwc-de,ready,,Open
jobs.csv,41636473aeab5bab,pwc-de,review,thin_description,Open
jobs.csv,75d9b6a4f0633714,deloitte-de,ready,,Open
jobs.csv,41737d5ad4f0e6d7,deloitte-uk,ready,,Open
jobs.csv,a5b441fb87c54c50,kpmg-de,review,thin_description,Open
jobs.csv,2d4ae857a42c92a3,deloitte-ch,ready,,Open
jobs.csv,7f0a7aca3f172333,kpmg-de,review,thin_description,Open
jobs.csv,7d3757b0928db737,deloitte-uk,ready,,Open
jobs.csv,35a4aa4178601592,kpmg-de,ready,,Open
jobs.csv,abf97ebf28740230,pwc-de,ready,,Open
jobs.csv,cb78074b843f1f4b,kpmg-de,ready,,Open
jobs.csv,51f38a24adeb7e4b,deloitte-uk,ready,,Open
jobs.csv,460458504e19c069,deloitte-uk,ready,,Open
jobs.csv,be84d8d8350422b5,deloitte-uk,ready,,Open
jobs.csv,ca771f111b9bcd51,kpmg-de,ready,,Open
jobs.csv,060cc5db023cc8e0,ey-at,review,thin_description,Open
jobs.csv,e8d9390abb390758,pwc-uk,ready,,Open
jobs.csv,8ffae4b4edb25bc1,pwc-de,ready,,Open
jobs.csv,ecc8f7b7dd6ff4fc,deloitte-uk,ready,,Open
jobs.csv,48b1f120a6e35439,deloitte-ch,ready,,Open
jobs.csv,3ebb17935d4fba28,pwc-uk,ready,,Open
jobs.csv,5b5a1d8027e1ff99,kpmg-de,ready,,Open
jobs.csv,f63d9c0419c64292,kpmg-de,ready,,Open
jobs.csv,deed60d16ed3d868,deloitte-ch,ready,,Open
jobs.csv,2501233df3a6882b,deloitte-uk,ready,,Open
jobs.csv,45693032e6193a14,ey-uk,ready,,Open
jobs.csv,1544b693c7de9b0e,ey-at,review,thin_description,Open
jobs.csv,8e10a4d7a0ef853c,ey-at,review,thin_description,Open
jobs.csv,e3465b4f2ba39e27,ey-at,ready,,Open
jobs.csv,2e052d97201c32de,pwc-uk,ready,,Open
jobs.csv,1f550eda8cb98aa0,pwc-uk,ready,,Open
jobs.csv,550e2723b47aef80,pwc-uk,ready,,Open
jobs.csv,0546a5dd7834895d,pwc-uk,ready,,Open
jobs.csv,47d9f2c5d098094e,ey-se,ready,,Open
jobs.csv,1c81533f82d30dcf,kpmg-de,ready,,Open
jobs.csv,d77d6fb86f09bfa5,deloitte-nordics,ready,,Open
jobs.csv,028f21f1dea31e24,ey-de,ready,,Open
jobs.csv,6eaf64c62308f6b5,pwc-de,ready,,Open
jobs.csv,bf502430b7214e71,deloitte-uk,ready,,Open
jobs.csv,e74f5144af212b54,kpmg-de,ready,,Open
jobs.csv,9f3fd1568c04d4f7,kpmg-de,ready,,Open
jobs.csv,07614743c517bfa3,kpmg-de,ready,,Open
jobs.csv,7a95e6383fab51a1,kpmg-de,ready,,Open
jobs.csv,fe58ad92434d875e,pwc-uk,ready,,Open
jobs.csv,ead879bdd83f6f74,pwc-de,ready,,Open
jobs.csv,c674aacb7afae135,pwc-uk,ready,,Open
jobs.csv,2544d59ed59fa22f,pwc-de,review,thin_description,Open
jobs.csv,cd4fa60bd00eff8e,pwc-de,ready,,Open
jobs.csv,6f65600cad7982cd,deloitte-uk,ready,,Open
jobs.csv,7b71341fa5af7605,deloitte-ch,ready,,Open
jobs.csv,ad5cfb978e742cbb,pwc-uk,ready,,Open
jobs.csv,fd95ec17cf781e61,pwc-uk,ready,,Open
jobs.csv,a1f3c6330475e135,pwc-de,ready,,Open
jobs.csv,47e8862086db2b62,pwc-uk,ready,,Open
jobs.csv,8c4675eff1c8bc7d,deloitte-nordics,ready,,Open
jobs.csv,98a6746c2c92416d,ey-uk,ready,,Open
jobs.csv,af3d4df737a7198a,ey-de,ready,,Open
jobs.csv,29d9de72cd3832d4,pwc-uk,ready,,Open
jobs.csv,ff6023617b9c5e87,kpmg-de,ready,,Open
jobs.csv,103c5d4a0e6663aa,ey-uk,ready,,Open
jobs.csv,49d60c2b1bb267bc,deloitte-uk,ready,,Open
jobs.csv,70396c93d23001de,deloitte-uk,ready,,Open
jobs.csv,4c527c6ed992e043,pwc-uk,ready,,Open
jobs.csv,929cb39a4c4fa85a,deloitte-de,ready,,Open
jobs.csv,34bede57d1f45f0a,deloitte-uk,ready,,Open
jobs.csv,daf665522622bab9,deloitte-uk,ready,,Open
jobs.csv,59c9ca221ec64a6c,pwc-uk,ready,,Open
jobs.csv,af88210b0942e262,pwc-uk,ready,,Open
jobs.csv,c1009bb3a1b55418,kpmg-de,ready,,Open
jobs.csv,4c4eac890234a0a1,pwc-uk,ready,,Open
jobs.csv,c32a745d02ab890f,deloitte-uk,ready,,Open
jobs.csv,bd977bc8120090a9,deloitte-uk,ready,,Open
jobs.csv,7ba0c20b2ea540ec,kpmg-de,review,thin_description,Open
jobs.csv,05c66c8dab21e4fe,pwc-de,ready,,Open
jobs.csv,d5ff425dfc0c4790,ey-de,ready,,Open
jobs.csv,4e4a1c24e6401786,pwc-de,ready,,Open
jobs.csv,fe265d2add539482,deloitte-nordics,ready,,Open
jobs.csv,19877ce6373b534c,pwc-uk,ready,,Open
jobs.csv,9d93247ff73786c2,pwc-de,review,thin_description,Open
jobs.csv,8f70e59c3b0b9662,ey-uk,ready,,Open
jobs.csv,49fa580dfc20af5c,ey-uk,ready,,Open
jobs.csv,fd5e2e30d71ddf9e,ey-uk,ready,,Open
jobs.csv,c053a08a179d25f1,ey-uk,ready,,Open
jobs.csv,a3b1155899651417,deloitte-nordics,ready,,Open
jobs.csv,cb14e2457ebb2655,deloitte-uk,ready,,Open
jobs.csv,e16ba1a1db0d311f,pwc-uk,ready,,Open
jobs.csv,c70302008b68fa31,pwc-uk,ready,,Open
jobs.csv,bdd6d5b3990943a6,pwc-uk,ready,,Open
jobs.csv,feee1651daf1988f,pwc-uk,ready,,Open
jobs.csv,542fbf920a8b4c2b,pwc-uk,ready,,Open
jobs.csv,a4bb5c4bdde5db68,pwc-uk,ready,,Open
jobs.csv,cb48d429c4f26304,ey-uk,ready,,Open
jobs.csv,262b78c1067ea6fd,pwc-de,ready,,Open
jobs.csv,991962c4c6461aa0,deloitte-uk,ready,,Open
jobs.csv,985f4fc61f228e9f,deloitte-uk,ready,,Open
jobs.csv,bde57329ae379536,deloitte-uk,ready,,Open
jobs.csv,cc58e2fa76ccf3f1,kpmg-de,ready,,Open
jobs.csv,4e67bf3a0ace5632,deloitte-uk,ready,,Open
jobs.csv,4238cb315ecfa0f7,pwc-de,ready,,Open
jobs.csv,a811e8c5b097f1d2,deloitte-uk,ready,,Open
jobs.csv,183329a2167c3bf0,pwc-uk,ready,,Open
jobs.csv,d09c517395ff0895,pwc-de,review,thin_description,Open
jobs.csv,cf0e3adb980eebb9,deloitte-uk,ready,,Open
jobs.csv,0b223f8338847c96,ey-uk,ready,,Open
jobs.csv,f7d5e6f96e8533b2,pwc-de,ready,,Open
jobs.csv,af54a4361f890e30,pwc-uk,ready,,Open
jobs.csv,5bb598f30a30527d,pwc-uk,ready,,Open
jobs.csv,725053470a5740ce,kpmg-de,ready,,Open
jobs.csv,a6cd7d179aa927b9,deloitte-nordics,ready,,Open
jobs.csv,bbf39762dc9088a3,kpmg-de,review,thin_description,Open
jobs.csv,de49e0381f3f87cf,pwc-de,ready,,Open
jobs.csv,ee1b306c7a5900e3,pwc-de,review,thin_description,Open
jobs.csv,2d1052a18e58aad0,ey-de,ready,,Open
jobs.csv,352f55dfa46ad4ce,pwc-uk,ready,,Open
jobs.csv,638bbfee9ff1916c,pwc-de,ready,,Open
jobs.csv,45bd43e2fbff1b44,pwc-uk,ready,,Open
jobs.csv,e66bb465378d8ee7,pwc-uk,ready,,Open
jobs.csv,2d3e10412d7e9d9b,pwc-de,ready,,Open
jobs.csv,ad230c95c70483bd,pwc-de,review,thin_description,Open
jobs.csv,98b6fa8b28d6734e,pwc-de,ready,,Open
jobs.csv,d22564e7b8be12a6,deloitte-uk,ready,,Open
jobs.csv,134c7426879e345d,pwc-de,ready,,Open
jobs.csv,736eacf8ca6c16cf,pwc-de,ready,,Open
jobs.csv,2e7621ec96a3208e,pwc-de,review,thin_description,Open
jobs.csv,e7878adf47542a68,pwc-de,ready,,Open
jobs.csv,e46ad01e6033c212,pwc-de,review,thin_description,Open
jobs.csv,da0ba4f8687596ad,deloitte-uk,ready,,Open
jobs.csv,6e3dc13ec88a87a8,pwc-uk,ready,,Open
jobs.csv,e6e0326fb7200e60,kpmg-de,ready,,Open
jobs.csv,965686e516ba3299,pwc-uk,ready,,Open
jobs.csv,6cdb6100cee4e571,pwc-de,review,thin_description,Open
jobs.csv,550444be72a25f38,deloitte-uk,review,thin_description,Open
jobs.csv,be64576425b74bd6,deloitte-ch,ready,,Open
jobs.csv,13651ab95b40b3b5,ey-ch,ready,,Open
jobs.csv,64efc24ff2ead2c4,pwc-uk,ready,,Open
jobs.csv,d4b6bb08ea274a99,kpmg-de,ready,,Open
jobs.csv,32db577fe8367e9a,kpmg-de,ready,,Open
jobs.csv,82bcaeb360ce3687,pwc-de,ready,,Open
jobs.csv,2fcb7ad1bffe95ec,pwc-uk,ready,,Open
jobs.csv,6e854a2ca16fec92,ey-uk,ready,,Open
jobs.csv,640eac4fa251ffbe,pwc-uk,ready,,Open
jobs.csv,e0feeed7098c51e9,deloitte-at,ready,,Open
jobs.csv,9feab268cf43b05d,pwc-de,ready,,Open
jobs.csv,ad28330eac402480,deloitte-uk,ready,,Open
jobs.csv,83508fb3da8c35d4,pwc-uk,ready,,Open
jobs.csv,a54b86ed98fa3b36,kpmg-de,ready,,Open
jobs.csv,91964ba89c0d561b,ey-cz,ready,,Open
jobs.csv,3f042629f572a849,pwc-de,ready,,Open
jobs.csv,17e9218edd138aaa,deloitte-uk,ready,,Open
jobs.csv,f5a54081575edd85,pwc-uk,ready,,Open
jobs.csv,ec60c6aadd73ea18,pwc-de,ready,,Open
jobs.csv,1699c59e58b00859,pwc-de,ready,,Open
jobs.csv,0f882dc80d435edd,pwc-de,ready,,Open
jobs.csv,e8e327b34b8fc6d6,pwc-de,review,thin_description,Open
jobs.csv,0a65b1f038dcb9c2,deloitte-ch,ready,,Open
jobs.csv,4501960f2e85fa16,ey-uk,ready,,Open
jobs.csv,652692befecb921f,deloitte-nordics,ready,,Open
jobs.csv,c5c3e65bee3ee487,deloitte-nordics,ready,,Open
jobs.csv,462fa7a1a2a879f8,pwc-de,review,thin_description,Open
jobs.csv,76d4ca534edbe827,pwc-de,ready,,Open
jobs.csv,094141c243c31839,deloitte-de,ready,,Open
jobs.csv,f0b6434b521a907f,kpmg-de,ready,,Open
jobs.csv,21ff6fb0bae1c56e,deloitte-uk,ready,,Open
jobs.csv,285943c681880a7f,ey-ch,ready,,Open
jobs.csv,8fe797a980d186bd,deloitte-uk,ready,,Open
jobs.csv,f3386247c9d57313,deloitte-uk,ready,,Open
jobs.csv,bcc10acc0226aa26,kpmg-de,ready,,Open
jobs.csv,0a17972613cdc40d,pwc-uk,ready,,Open
jobs.csv,6aa409367cdc1400,pwc-uk,ready,,Open
jobs.csv,1b1106f2bbe5954e,deloitte-at,ready,,Open
jobs.csv,c095c32e4dad5229,ey-uk,ready,,Open
jobs.csv,4f39e49255cf5290,ey-uk,ready,,Open
jobs.csv,57ff1b03f57d89fd,deloitte-nordics,ready,,Open
jobs.csv,69f0eedce8b96c14,deloitte-de,ready,,Open
jobs.csv,f3f928cec48fcec7,pwc-de,ready,,Open
jobs.csv,ab7e45416cbe964e,deloitte-uk,ready,,Open
jobs.csv,48f018f67f67aaa5,kpmg-de,ready,,Open
jobs.csv,393077364061efa7,ey-uk,ready,,Open
jobs.csv,6907f67c9cb76122,pwc-uk,ready,,Open
jobs.csv,f0d4cb5e6f5dab96,pwc-uk,ready,,Open
jobs.csv,8476b5c573334a44,deloitte-de,ready,,Open
jobs.csv,2e2172032b344990,kpmg-de,ready,,Open
jobs.csv,01d74e7e95d424db,deloitte-ch,ready,,Open
jobs.csv,1b904a2ceb2a52ef,deloitte-at,ready,,Open
jobs.csv,8c7d13053343873c,deloitte-ch,ready,,Open
jobs.csv,fd9eb0626d33f098,ey-ch,review,thin_description,Open
jobs.csv,89b8055643e26bf9,kpmg-de,ready,,Open
jobs.csv,da14b75272830758,kpmg-de,ready,,Open
jobs.csv,0fcb5a65a565f8ae,kpmg-de,ready,,Open
jobs.csv,de22c63b85914f34,pwc-uk,ready,,Open
jobs.csv,6445f559bd38755c,kpmg-de,review,thin_description,Open
jobs.csv,d74f47c4cf59aaf9,deloitte-uk,ready,,Open
jobs.csv,fe87a79aaeb32db5,ey-de,ready,,Open
jobs.csv,468302b88eb776f9,kpmg-de,review,thin_description,Open
jobs.csv,593e436e6e36c79d,pwc-de,review,thin_description,Open
jobs.csv,d4362ac2ab1f70ec,deloitte-uk,ready,,Open
jobs.csv,3ec534b8625f8dd6,deloitte-uk,ready,,Open
jobs.csv,f858e706bb4263aa,deloitte-ch,ready,,Open
jobs.csv,a916b4567772678d,ey-de,ready,,Open
jobs.csv,aee2e494f2ae76c8,pwc-uk,ready,,Open
jobs.csv,96a8fb284a61de28,pwc-uk,ready,,Open
jobs.csv,724d8bac8b493d88,pwc-de,ready,,Open
jobs.csv,e28121e8f2ed0410,pwc-de,ready,,Open
jobs.csv,41aa63355abe240d,pwc-de,ready,,Open
jobs.csv,1b4eb5efd4a7359d,deloitte-ch,ready,,Open
jobs.csv,f1a50d076aff2476,deloitte-uk,ready,,Open
jobs.csv,d69237606e1e1acf,deloitte-uk,ready,,Open
jobs.csv,fe7d53279af729e6,ey-ch,ready,,Open
jobs.csv,40ca34ed851d40b2,ey-ch,ready,,Open
jobs.csv,b9870c6ed1168814,ey-cz,review,thin_description,Open
jobs.csv,d5a06c8fbd2f2b31,ey-ch,ready,,Open
jobs.csv,f6fe9904f3ada7e4,deloitte-ch,ready,,Open
jobs.csv,4555508f4b73f0c0,pwc-uk,ready,,Open
jobs.csv,4ef8e748978b3acb,deloitte-uk,ready,,Open
jobs.csv,3b06c6ca73e57739,deloitte-uk,ready,,Open
jobs.csv,683feb4d7d39f921,kpmg-de,ready,,Open
jobs.csv,4767dad5b24f605c,ey-uk,ready,,Open
jobs.csv,81087c00084c13dd,pwc-uk,ready,,Open
jobs.csv,b72814e1a103d3d0,kpmg-de,ready,,Open
jobs.csv,0391a3a87fb55f0a,deloitte-at,review,thin_description,Open
jobs.csv,ffa738c40a93f2fd,ey-de,ready,,Open
jobs.csv,a3836d929fd36cf4,deloitte-uk,ready,,Open
jobs.csv,034d52ccd01b4746,deloitte-uk,ready,,Open
jobs.csv,e68196b355d4932c,pwc-uk,ready,,Open
jobs.csv,e64c9372458138a4,deloitte-uk,ready,,Open
jobs.csv,bdfea06f01bcd7e3,deloitte-de,ready,,Open
jobs.csv,7f3da37f221e5013,pwc-de,review,thin_description,Open
jobs.csv,cc8c4a1f45db20e7,pwc-de,ready,,Open
jobs.csv,8cb183099931133f,pwc-de,review,thin_description,Open
jobs.csv,156c4733b960b542,pwc-uk,ready,,Open
jobs.csv,3530f82d932ed104,ey-cz,ready,,Open
jobs.csv,380ebbe9e5374b89,pwc-uk,ready,,Open
jobs.csv,439d6cab33e9c215,pwc-de,ready,,Open
jobs.csv,4c7b19959d47194a,ey-ch,ready,,Open
jobs.csv,27557524c1f41d1d,ey-cz,ready,,Open
jobs.csv,4dea70de34a9a334,deloitte-uk,ready,,Open
jobs.csv,a41a5a84b7e9621d,pwc-de,ready,,Open
jobs.csv,2a26f48e5da59fed,pwc-uk,ready,,Open
jobs.csv,0ca918066687f3be,pwc-uk,ready,,Open
jobs.csv,894c68a4277e980c,pwc-uk,ready,,Open
jobs.csv,7da4eb72682d17f5,deloitte-uk,ready,,Open
jobs.csv,1a597e8123e70a8e,deloitte-uk,ready,,Open
jobs.csv,7a24d83535a2a09a,deloitte-uk,ready,,Open
jobs.csv,d79e904c23de64f4,deloitte-uk,ready,,Open
jobs.csv,b9c00dfedef9256d,deloitte-uk,ready,,Open
jobs.csv,f13d28ce8b279ad0,ey-at,ready,,Open
jobs.csv,3bc79d9e10ffb6d9,pwc-uk,ready,,Open
jobs.csv,2b40938153f7cc81,pwc-uk,ready,,Open
jobs.csv,7e062f6c42212465,pwc-uk,ready,,Open
jobs.csv,0f141404dec63dad,kpmg-de,ready,,Open
jobs.csv,4616ae5f81249162,deloitte-uk,ready,,Open
jobs.csv,fc94c84089272686,deloitte-uk,ready,,Open
jobs.csv,a991023389ae8219,deloitte-uk,ready,,Open
jobs.csv,31cda32372aad229,pwc-de,ready,,Open
jobs.csv,c99be98b5703e788,pwc-de,ready,,Open
jobs.csv,49e5df95f094bd87,deloitte-nordics,ready,,Open
jobs.csv,30076e19e7c7a701,deloitte-nordics,ready,,Open
jobs.csv,e284d7706573d654,deloitte-uk,ready,,Open
jobs.csv,7d0c2ff29695fb17,deloitte-uk,ready,,Open
jobs.csv,680543b2a4967162,pwc-uk,ready,,Open
jobs.csv,49e2deaa6e9355c3,deloitte-ch,ready,,Open
jobs.csv,eee5d70b3f358c56,deloitte-ch,ready,,Open
jobs.csv,cb910aea44b8ee17,ey-de,ready,,Open
jobs.csv,6c3e350c7466a2e7,ey-uk,ready,,Open
jobs.csv,d49bf28a3a584252,ey-de,ready,,Open
jobs.csv,3112d92beaf9d406,deloitte-uk,ready,,Open
jobs.csv,4114fae040269387,kpmg-de,review,thin_description,Open
jobs.csv,9e6f0349c9159dec,kpmg-de,review,thin_description,Open
jobs.csv,8d85d4123695c4fd,kpmg-de,ready,,Open
jobs.csv,c9f26fb4289b39b5,kpmg-de,ready,,Open
jobs.csv,a8edfb7850081ee3,ey-at,ready,,Open
jobs.csv,554cd7eb4cba21d5,ey-de,ready,,Open
jobs.csv,366e82f94872029d,pwc-uk,ready,,Open
jobs.csv,04bec6c13d22f3b1,pwc-uk,ready,,Open
jobs.csv,5fce436b6bf702bc,pwc-uk,ready,,Open
jobs.csv,a899f8f5260b8fd6,pwc-de,ready,,Open
jobs.csv,2e28aa15269a66c1,pwc-uk,ready,,Open
jobs.csv,ef368efa6663017c,pwc-uk,ready,,Open
jobs.csv,424c3d2567ecd524,pwc-uk,ready,,Open
jobs.csv,16f585f35a6b9668,pwc-de,review,thin_description,Open
jobs.csv,b9006fe275f483bd,pwc-uk,ready,,Open
jobs.csv,8a05ee39273942c6,pwc-uk,ready,,Open
jobs.csv,b663cddba9e2e0ac,pwc-uk,ready,,Open
jobs.csv,51cbff0d665cc01d,ey-ch,ready,,Open
jobs.csv,45a004431ece22d6,pwc-uk,ready,,Open
jobs.csv,76482b6998669b4d,ey-de,ready,,Open
jobs.csv,e0b9ee391f202423,ey-de,ready,,Open
jobs.csv,b1c49fb3140ac904,pwc-uk,ready,,Open
jobs.csv,6a0c56e3098666be,pwc-uk,ready,,Open
jobs.csv,cfaf41b264aa89cc,deloitte-uk,ready,,Open
jobs.csv,55fdc2a99a6b1f1d,pwc-uk,ready,,Open
jobs.csv,a071f51ac84bef90,pwc-de,ready,,Open
jobs.csv,162b92e06f7bf4d8,pwc-de,ready,,Open
jobs.csv,ccc7118b55c902ba,pwc-de,ready,,Open
jobs.csv,82913b81382027f6,ey-ch,ready,,Open
jobs.csv,cbde71b0f8268e70,ey-at,ready,,Open
jobs.csv,2da049ac42563ced,ey-at,ready,,Open
jobs.csv,f2107f27357225e6,kpmg-de,ready,,Open
jobs.csv,ea408ad7885c185d,kpmg-de,ready,,Open
jobs.csv,b14616305c0dce43,kpmg-de,ready,,Open
jobs.csv,628dc0611ab0bfd5,pwc-uk,ready,,Open
jobs.csv,6c51c9e31699f817,deloitte-uk,ready,,Open
jobs.csv,619021637116cfa0,deloitte-nordics,ready,,Open
jobs.csv,a9c350fd5c56af9d,pwc-de,ready,,Open
jobs.csv,d3d874bd1b2edf0e,pwc-uk,ready,,Open
jobs.csv,ca2f6cb1b813855e,pwc-uk,ready,,Open
jobs.csv,2df7bb2397219ffa,deloitte-cz,ready,,Open
jobs.csv,b5e5d40a6ebb00a3,kpmg-de,ready,,Open
jobs.csv,e1bf725929a99bc8,pwc-de,ready,,Open
jobs.csv,34e1d5ac1a1cfe84,pwc-de,ready,,Open
jobs.csv,96cc0d1b923248d9,kpmg-de,ready,,Open
jobs.csv,2b4c554d6ed080ac,deloitte-uk,ready,,Open
jobs.csv,87a771e9f974c1c7,deloitte-uk,ready,,Open
jobs.csv,b295aa0f8f3c61d2,deloitte-uk,ready,,Open
jobs.csv,073eebd2fe718e73,deloitte-uk,ready,,Open
jobs.csv,f10d0554c1a7c4b8,deloitte-uk,ready,,Open
jobs.csv,83daa749f04ed610,kpmg-de,ready,,Open
jobs.csv,c9d22be85e5f7e2b,kpmg-de,ready,,Open
jobs.csv,9f14dc631f59146b,pwc-uk,ready,,Open
jobs.csv,46dd0302e7e73fe8,deloitte-uk,ready,,Open
jobs.csv,f0d64058a4828ea2,ey-de,ready,,Open
jobs.csv,f918c2f0e0791d4e,ey-uk,ready,,Open
jobs.csv,4baa0b3fcbd63d91,deloitte-uk,ready,,Open
jobs.csv,af85284120a2db74,ey-at,ready,,Open
jobs.csv,cde36aa9263e63a1,pwc-uk,ready,,Open
jobs.csv,59f53151ae13f79a,deloitte-uk,ready,,Open
jobs.csv,4e96b78dc834797a,pwc-uk,ready,,Open
jobs.csv,dfffab77f34700db,kpmg-de,ready,,Open
jobs.csv,cd56da32e7aa60b6,kpmg-de,ready,,Open
jobs.csv,b94642556f3396c8,kpmg-de,ready,,Open
jobs.csv,d24bf6d07711ef0f,kpmg-de,ready,,Open
jobs.csv,9e9dba903dd8a887,kpmg-de,ready,,Open
jobs.csv,77b7ab02ec3b9de1,kpmg-de,ready,,Open
jobs.csv,eb87ec672ecd2fad,deloitte-ch,ready,,Open
jobs.csv,17e2a7ed32de425c,pwc-uk,ready,,Open
jobs.csv,af8813e0bb4c5deb,pwc-uk,ready,,Open
jobs.csv,d5cb8232baa28cdc,pwc-uk,ready,,Open
jobs.csv,03db039cc483198c,pwc-de,ready,,Open
jobs.csv,76611cba0a458767,ey-cz,ready,,Open
jobs.csv,aecbc5de8a169e14,pwc-de,ready,,Open
jobs.csv,f4aa25257cd18b7b,deloitte-uk,ready,,Open
jobs.csv,bd9e6866d38af3b5,pwc-uk,ready,,Open
jobs.csv,74f1c6c60c72c5f0,deloitte-uk,ready,,Open
jobs.csv,3c8bc84cb432b84a,deloitte-uk,ready,,Open
jobs.csv,0a71649b13ec2f24,deloitte-uk,ready,,Open
jobs.csv,fd3307c7181bb5e2,pwc-de,ready,,Open
jobs.csv,11b7641dd3416e1a,pwc-de,ready,,Open
jobs.csv,8bf53af8ef2a6768,deloitte-de,review,thin_description,Open
jobs.csv,56bf3e0c1d928bde,pwc-uk,ready,,Open
jobs.csv,1b3016ca51b3bdf7,pwc-uk,ready,,Open
jobs.csv,7e2f91864561bcff,ey-de,review,thin_description,Open
jobs.csv,1f9f9ffce2320b24,ey-ch,ready,,Open
jobs.csv,97eed845c433f655,pwc-uk,ready,,Open
jobs.csv,67415a5f3ef8a901,deloitte-ch,ready,,Open
jobs.csv,c3fd95d70d911c69,ey-ch,ready,,Open
jobs.csv,341aa6f09fa32876,deloitte-uk,ready,,Open
jobs.csv,32b92ba26be35e53,deloitte-uk,ready,,Open
jobs.csv,5d3fad79f54b219d,deloitte-ch,ready,,Open
jobs.csv,148c1c260cba75a9,pwc-de,review,thin_description,Open
jobs.csv,2ba5d6ef3df1d072,kpmg-de,ready,,Open
jobs.csv,b86d54d20ffbce8e,ey-at,ready,,Open
jobs.csv,b57f2e3da1389db0,pwc-uk,ready,,Open
jobs.csv,9ddd89caa8128962,pwc-uk,ready,,Open
jobs.csv,c8820e9a0bae9761,deloitte-ch,ready,,Open
jobs.csv,fdaaec8852525ed3,pwc-de,ready,,Open
jobs.csv,76055cacec89e7fd,pwc-de,ready,,Open
jobs.csv,b0630aba572151c4,pwc-uk,ready,,Open
jobs.csv,71f10c6daa7fcdb5,deloitte-uk,ready,,Open
jobs.csv,c2ca9c8e2a653a9a,deloitte-de,ready,,Open
jobs.csv,258f82b358c03dfc,ey-uk,ready,,Open
jobs.csv,7cc5031bf0e9e51f,deloitte-uk,ready,,Open
jobs.csv,8b620d5c447ae345,deloitte-ch,ready,,Open
jobs.csv,451aa5e5e40aa249,pwc-uk,ready,,Open
jobs.csv,035fd96e2c0f8b12,ey-cz,ready,,Open
jobs.csv,271417e472b953d0,deloitte-uk,ready,,Open
jobs.csv,4daf9db886a91973,deloitte-ch,ready,,Open
jobs.csv,302a901d05edaa48,ey-se,ready,,Open
jobs.csv,30d11b6281470fc8,pwc-de,ready,,Open
jobs.csv,a968e0deef5ef7e0,pwc-de,ready,,Open
jobs.csv,b89069c30ce20e98,pwc-uk,ready,,Open
jobs.csv,4061ef756da49537,deloitte-uk,ready,,Open
jobs.csv,0b46ae39991d20fa,deloitte-uk,ready,,Open
jobs.csv,2f61c5f0553a809a,deloitte-de,ready,,Open
jobs.csv,d4636e9c50a195d9,pwc-uk,ready,,Open
jobs.csv,45e6d4c1024007d5,deloitte-nordics,ready,,Open
jobs.csv,d2ae6d5917085c0a,deloitte-uk,ready,,Open
jobs.csv,3df00719900c65ba,ey-at,ready,,Open
jobs.csv,b34e6f5aab8b49af,pwc-uk,ready,,Open
jobs.csv,85fa88219dd70dfd,pwc-de,ready,,Open
jobs.csv,e40dbdbcd4302aeb,ey-de,ready,,Open
jobs.csv,9a93c4446da0196b,pwc-uk,ready,,Open
jobs.csv,62fd7097b64fe485,kpmg-de,ready,,Open
jobs.csv,2db29a52b340fbdc,deloitte-de,review,thin_description,Open
jobs.csv,7f6ed82c66c51d2d,deloitte-uk,ready,,Open
jobs.csv,0ac715f0ea36e0bd,deloitte-uk,ready,,Open
jobs.csv,2776292a5a7cba37,deloitte-nordics,ready,,Open
jobs.csv,08036170306ca250,deloitte-uk,ready,,Open
jobs.csv,d9f0687dffe0cbba,kpmg-de,ready,,Open
jobs.csv,211fc85adc75dacc,pwc-uk,ready,,Open
jobs.csv,53efc704b9a49960,deloitte-ch,ready,,Open
jobs.csv,1eefb2dd3571cbc5,ey-de,review,thin_description,Open
jobs.csv,94c5266ae7b41b7e,deloitte-ch,ready,,Open
jobs.csv,8ac2d93989373b98,deloitte-at,ready,,Open
jobs.csv,b798f543f7de16e8,deloitte-at,ready,,Open
jobs.csv,21841423b1a20d3e,deloitte-at,ready,,Open
jobs.csv,6786d3bfa7d1d3d5,pwc-de,ready,,Open
jobs.csv,678c1293eec16de7,pwc-uk,ready,,Open
jobs.csv,1d95ea7cc41ebd4f,deloitte-nordics,ready,,Open
jobs.csv,e168ff6bc5ec4ca1,deloitte-ch,ready,,Open
jobs.csv,cc0bff4e07921dbd,ey-uk,ready,,Open
jobs.csv,473790f474181072,kpmg-de,ready,,Open
jobs.csv,6cca77479e12c78f,deloitte-uk,ready,,Open
jobs.csv,62fd2e99c54bc56b,pwc-uk,ready,,Open
jobs.csv,0ab65d7aebec2f35,pwc-uk,ready,,Open
jobs.csv,8c4fe8bf69f75ce5,pwc-uk,ready,,Open
jobs.csv,c7065bcc76f49a67,deloitte-nordics,ready,,Open
jobs.csv,af98c215d926a68f,pwc-de,ready,,Open
jobs.csv,de67f38154029572,ey-de,ready,,Open
jobs.csv,94f58aa850727369,pwc-uk,ready,,Open
jobs.csv,606efaf68f8f1255,pwc-de,ready,,Open
jobs.csv,1f99d756cf9544c4,pwc-de,ready,,Open
jobs.csv,6532610380f71928,deloitte-nordics,ready,,Open
jobs.csv,dca4bb0ee41c07c3,deloitte-de,ready,,Open
jobs.csv,5e2e7c865c65ccd3,deloitte-de,ready,,Open
jobs.csv,79498974a30a4960,pwc-de,ready,,Open
jobs.csv,aa7c452578b7ecf8,ey-de,ready,,Open
jobs.csv,a244bad6b2b25526,ey-at,ready,,Open
jobs.csv,bbc187630efacbd7,deloitte-ch,ready,,Open
jobs.csv,96655eb19801ea6f,ey-de,ready,,Open
jobs.csv,dd8386e924735a75,deloitte-uk,ready,,Open
jobs.csv,d0af90275da518be,deloitte-ch,ready,,Open
jobs.csv,37fe5576163ddb3a,pwc-uk,ready,,Open
jobs.csv,c53aafa58cbc2448,deloitte-uk,ready,,Open
jobs.csv,d44dbe5ba0cd65d0,deloitte-uk,ready,,Open
jobs.csv,3ec356cfcd24c968,deloitte-uk,ready,,Open
jobs.csv,96dc3e0eac0214ff,pwc-uk,ready,,Open
jobs.csv,c792c4f7de231306,pwc-uk,ready,,Open
jobs.csv,b92f6cc237a0c938,pwc-de,ready,,Open
jobs.csv,df0d662665f0e617,pwc-uk,ready,,Open
jobs.csv,7a70e54c3d1f9146,pwc-uk,ready,,Open
jobs.csv,af308e94b21dc475,pwc-uk,ready,,Open
jobs.csv,84be9739201c5d69,ey-at,ready,,Open
jobs.csv,a72a51305eb61599,ey-at,review,thin_description,Open
jobs.csv,bc6085fc5c2ac8dd,pwc-uk,ready,,Open
jobs.csv,25c9a718fefe261f,deloitte-uk,ready,,Open
jobs.csv,79036a2c42afaa84,deloitte-uk,ready,,Open
jobs.csv,85c291089cb41b17,pwc-de,ready,,Open
jobs.csv,306273b0c078e32b,pwc-uk,ready,,Open
jobs.csv,2e6213c4207f9db7,deloitte-de,ready,,Open
jobs.csv,98facd31e2b146d4,pwc-uk,ready,,Open
jobs.csv,aeb975ea10362e2e,kpmg-de,review,thin_description,Open
jobs.csv,7f0ae6636e4dc7d0,kpmg-de,review,thin_description,Open
jobs.csv,0366ff857c284581,pwc-uk,ready,,Open
jobs.csv,dd084140841e7b72,pwc-uk,ready,,Open
jobs.csv,d86dda5707ecde0b,pwc-de,ready,,Open
jobs.csv,044e1d1a07b4ac99,pwc-uk,ready,,Open
jobs.csv,98e3d4fabfd133b8,kpmg-de,ready,,Open
jobs.csv,6752c7662417cd06,pwc-uk,ready,,Open
jobs.csv,1f38d01fe979c54f,pwc-uk,ready,,Open
jobs.csv,888422afd141c4f0,kpmg-de,ready,,Open
jobs.csv,c1e46d3f03184341,deloitte-ch,ready,,Open
jobs.csv,2cf3a99cfec873ec,pwc-uk,ready,,Open
jobs.csv,997ec4b84780e345,ey-at,ready,,Open
jobs.csv,8bbf4c0df9f62c4a,pwc-uk,ready,,Open
jobs.csv,28a60b52042c34c7,pwc-uk,ready,,Open
jobs.csv,22d86519db6a049f,deloitte-uk,ready,,Open
jobs.csv,b85118d124553435,pwc-uk,ready,,Open
jobs.csv,43dfde2f223fe00d,pwc-uk,ready,,Open
jobs.csv,939ef65f1d22555d,pwc-de,ready,,Open
jobs.csv,6835350ca5c2a448,pwc-de,ready,,Open
jobs.csv,32da2d969b5b30d4,deloitte-uk,ready,,Open
jobs.csv,b85afb1e57018c04,pwc-uk,ready,,Open
jobs.csv,e88daf77c996c9a6,pwc-uk,ready,,Open
jobs.csv,2a9661c5214170d8,pwc-uk,ready,,Open
jobs.csv,8ff0c257a2b3f5c8,pwc-uk,ready,,Open
jobs.csv,dfeedc5c1de75b19,pwc-uk,ready,,Open
jobs.csv,b461ff2e3ac23fed,pwc-de,ready,,Open
jobs.csv,0da098430db1f9fd,deloitte-ch,ready,,Open
jobs.csv,bddd68f3244a0b80,deloitte-ch,ready,,Open
jobs.csv,9490153fba968256,ey-ch,ready,,Open
jobs.csv,eb243c8ab6a49a5d,ey-ch,ready,,Open
jobs.csv,6ac9e3019faba7d5,ey-uk,ready,,Open
jobs.csv,9a279dc9a21f94e5,ey-uk,ready,,Open
jobs.csv,f928010c8e20fb46,pwc-uk,ready,,Open
jobs_board_staging.csv,22f08834ecf01afe,karriere-at,ready,,Not seen in latest board sweep
jobs_board_staging.csv,0ef4c8f07e537368,arbeitsagentur-de,ready,,Not seen in latest board sweep
jobs_board_staging.csv,2aad3be8753ada36,arbeitsagentur-de,ready,,Not seen in latest board sweep
jobs_board_staging.csv,0b598269d6fb4818,jobwinner-ch,ready,,Not seen in latest board sweep
jobs_board_staging.csv,9dc447bff0766fb0,prace-cz,ready,,Not seen in latest board sweep
jobs_board_staging.csv,8af03a2e258844e4,jobserve-uk,ready,,Not seen in latest board sweep
jobs_board_staging.csv,92cd1c6ad72d4d85,platsbanken-se,ready,,Not seen in latest board sweep
jobs_board_staging.csv,a5d0f04be927dcb3,platsbanken-se,ready,,Not seen in latest board sweep
jobs_board_staging.csv,ecb3107de3fc600b,platsbanken-se,ready,,Not seen in latest board sweep
jobs_board_staging.csv,bd174a3a47edeb57,platsbanken-se,ready,,Not seen in latest board sweep
jobs_board_staging.csv,ff9194c78b262263,arbeitsagentur-de,ready,,Not seen in latest board sweep
jobs_board_staging.csv,936f2fb646bfb16b,jobs-cz,review,missing_or_invalid_company,Not seen in latest board sweep
jobs_board_staging.csv,e4664f56bfac138b,arbeitsagentur-de,ready,,Not seen in latest board sweep
jobs_board_staging.csv,eca162445dd52cf4,jobbsafari-se,ready,,Not seen in latest board sweep
jobs_board_staging.csv,448bfc861c3ae0a7,jobs-ch,ready,,Not seen in latest board sweep
jobs_board_staging.csv,de8ba93a9da57afa,jobs-ch,ready,,Not seen in latest board sweep
jobs_board_staging.csv,a4fe1bfc0f057ec2,stepstone-at,ready,,Not seen in latest board sweep
jobs_board_staging.csv,2fcc0c986299a42e,stepstone-at,ready,,Not seen in latest board sweep
jobs_board_staging.csv,bb8e9d412a15d033,stepstone-at,ready,,Not seen in latest board sweep
jobs_board_staging.csv,9661fa377664c0b4,arbeitsagentur-de,ready,,Not seen in latest board sweep
jobs_board_staging.csv,d0dab2c78787dc30,arbeitsagentur-de,ready,,Not seen in latest board sweep
jobs_board_staging.csv,4f18e45306df09f5,arbeitsagentur-de,ready,,Not seen in latest board sweep
jobs_board_staging.csv,a2995d4b9326a813,arbeitsagentur-de,ready,,Not seen in latest board sweep
jobs_board_staging.csv,38dbf6ef242e714d,arbeitsagentur-de,ready,,Not seen in latest board sweep
jobs_board_staging.csv,c5984f58899186b8,arbeitsagentur-de,ready,,Not seen in latest board sweep
jobs_board_staging.csv,1c367a65b7ad44f1,jobs-cz,review,missing_or_invalid_company,Not seen in latest board sweep
jobs_board_staging.csv,d45a7ac0e1e28811,jobs-cz,review,missing_or_invalid_company,Not seen in latest board sweep
jobs_board_staging.csv,744f92d06eab7832,jobs-cz,review,missing_or_invalid_company,Not seen in latest board sweep
jobs_board_staging.csv,be30745186512b0f,jobs-cz,review,missing_or_invalid_company,Not seen in latest board sweep
jobs_board_staging.csv,f70f4ffa064de0af,jobs-cz,review,missing_or_invalid_company,Not seen in latest board sweep
jobs_board_staging.csv,552e85b70af16773,jobbsafari-se,ready,,Not seen in latest board sweep
jobs_board_staging.csv,0b33d8db7c36525d,jobbsafari-se,ready,,Not seen in latest board sweep
jobs_board_staging.csv,00464de10e48aba7,jobbsafari-se,ready,,Not seen in latest board sweep
jobs_board_staging.csv,9d8ede39c6840397,jobs-ch,ready,,Not seen in latest board sweep
jobs_board_staging.csv,46ab97484fa1ad94,jobs-ch,ready,,Not seen in latest board sweep
jobs_board_staging.csv,9713dd74090f3cdd,jobs-ch,ready,,Not seen in latest board sweep
jobs_board_staging.csv,b9b455550ee9802a,jobs-ch,ready,,Not seen in latest board sweep
jobs_board_staging.csv,0c467d0d9daa743f,jobs-ch,ready,,Not seen in latest board sweep
jobs_board_staging.csv,1407349f2d7c46bc,arbeitsagentur-de,ready,,Not seen in latest board sweep
jobs_board_staging.csv,7a0d01f555c5d69d,jobunivers-dk,ready,,Not seen in latest board sweep
jobs_board_staging.csv,585027d1e2e1740b,willhaben-at,ready,,Not seen in latest board sweep
jobs_board_staging.csv,7cc9632292cf9513,karriere-at,ready,,Not seen in latest board sweep
jobs_board_staging.csv,d6f811ce5746558b,arbeitsagentur-de,ready,,Not seen in latest board sweep
jobs_board_staging.csv,ee6d07e1eadac222,arbeitsagentur-de,ready,,Not seen in latest board sweep
jobs_board_staging.csv,ca0f27d9deef3d66,jobs-cz,review,missing_or_invalid_company,Not seen in latest board sweep
jobs_board_staging.csv,632d3608f457c9d6,jobs-cz,review,missing_or_invalid_company,Not seen in latest board sweep
jobs_board_staging.csv,818b70d1b8021a82,jobs-cz,review,missing_or_invalid_company,Not seen in latest board sweep
jobs_board_staging.csv,3fd4a13bfff9c4cf,jobs-cz,review,missing_or_invalid_company,Not seen in latest board sweep
jobs_board_staging.csv,ba45de2a608edfec,jobwinner-ch,ready,,Not seen in latest board sweep
jobs_board_staging.csv,38b197882bdaae97,jobbsafari-se,ready,,Not seen in latest board sweep
jobs_board_staging.csv,4628a132fd468f80,jobbsafari-se,ready,,Not seen in latest board sweep
jobs_board_staging.csv,bd1dda832ab54a0b,jobbsafari-se,ready,,Not seen in latest board sweep
jobs_board_staging.csv,f58aee9c03c5971a,stepstone-at,ready,,Not seen in latest board sweep
jobs_board_staging.csv,bccf5203c786c292,stepstone-at,ready,,Not seen in latest board sweep
jobs_board_staging.csv,4950db71e46f6467,jobwinner-ch,ready,,Not seen in latest board sweep
jobs_board_staging.csv,d33501427f7ce717,arbeitsagentur-de,ready,,Not seen in latest board sweep
jobs_board_staging.csv,b01d22f2a07dae93,arbeitsagentur-de,ready,,Not seen in latest board sweep
jobs_board_staging.csv,d59178e3e6326c94,arbeitsagentur-de,ready,,Not seen in latest board sweep
jobs_board_staging.csv,96ea3ff773a732e5,arbeitsagentur-de,ready,,Not seen in latest board sweep
jobs_board_staging.csv,0f5a509b8d4cf819,karriere-at,ready,,Not seen in latest board sweep
jobs_board_staging.csv,4cb3bbf2deb49a4a,arbeitsagentur-de,ready,,Not seen in latest board sweep
jobs_board_staging.csv,d3d6b9e964c0f0b4,jobserve-uk,ready,,Not seen in latest board sweep
jobs_board_staging.csv,d7c1a1dd768addd7,jobserve-uk,ready,,Not seen in latest board sweep
jobs_board_staging.csv,6d83fec1297b4e9e,jobwinner-ch,ready,,Not seen in latest board sweep
jobs_board_staging.csv,433d0ed522284afa,jobwinner-ch,ready,,Not seen in latest board sweep
jobs_board_staging.csv,09c3fe59464c66ca,karriere-at,ready,,Not seen in latest board sweep
jobs_board_staging.csv,55b9541521c6f6ae,arbeitsagentur-de,ready,,Not seen in latest board sweep
jobs_board_staging.csv,3b1362801890e3d2,arbeitsagentur-de,ready,,Not seen in latest board sweep
jobs_board_staging.csv,4cd32bc1ccb173c3,arbeitsagentur-de,ready,,Not seen in latest board sweep
jobs_board_staging.csv,31e343d16b1c25c7,arbeitsagentur-de,ready,,Not seen in latest board sweep
jobs_board_staging.csv,faf4af7b9a5d764b,arbeitsagentur-de,ready,,Not seen in latest board sweep
jobs_board_staging.csv,f121a71e35b0c5ed,arbeitsagentur-de,ready,,Not seen in latest board sweep
jobs_board_staging.csv,be135580191e1c24,arbeitsagentur-de,ready,,Not seen in latest board sweep
jobs_board_staging.csv,26c58755ea45c861,jobs-cz,review,missing_or_invalid_company,Not seen in latest board sweep
jobs_board_staging.csv,4579159a3c4b6f32,jobs-cz,review,missing_or_invalid_company,Not seen in latest board sweep
jobs_board_staging.csv,33a7e00cff18837b,jobs-cz,review,missing_or_invalid_company,Not seen in latest board sweep
jobs_board_staging.csv,7ebc5753c82eb685,jobserve-uk,ready,,Not seen in latest board sweep
jobs_board_staging.csv,7dd7c3c4e6f046d9,stellenanzeigen-de,ready,,Not seen in latest board sweep
jobs_board_staging.csv,4bf38d2d648424f4,jobbsafari-se,ready,,Not seen in latest board sweep
jobs_board_staging.csv,bba662ad8482a5fc,jobbsafari-se,ready,,Not seen in latest board sweep
jobs_board_staging.csv,4613fbd814defcb0,jobbsafari-se,ready,,Not seen in latest board sweep
jobs_board_staging.csv,87b31867701c8615,jobbsafari-se,ready,,Not seen in latest board sweep
jobs_board_staging.csv,1a36658e56ff0e5b,jobs-ch,ready,,Not seen in latest board sweep
jobs_board_staging.csv,42b71c97e858cb5b,jobs-ch,ready,,Not seen in latest board sweep
jobs_board_staging.csv,47a6cd66e5c77087,jobs-ch,ready,,Not seen in latest board sweep
jobs_board_staging.csv,888c63e3a243ca57,jobs-ch,ready,,Not seen in latest board sweep
jobs_board_staging.csv,6a52490efbc90fa0,stepstone-at,ready,,Not seen in latest board sweep
jobs_board_staging.csv,5bf017acebde3c48,stepstone-at,ready,,Not seen in latest board sweep
jobs_board_staging.csv,ef438a7b4afc1bb1,stepstone-at,ready,,Not seen in latest board sweep
jobs_board_staging.csv,7fc8afad8c8052d0,arbeitsagentur-de,ready,,Not seen in latest board sweep
jobs_board_staging.csv,5a2566d6f7dee7e6,jobbsafari-se,ready,,Not seen in latest board sweep
jobs_board_staging.csv,79327b86026619a2,platsbanken-se,ready,,Not seen in latest board sweep
jobs_board_staging.csv,a703e25fe4cb1077,jobwinner-ch,ready,,Not seen in latest board sweep
jobs_board_staging.csv,f2422ed59e0f5ac6,jobwinner-ch,ready,,Not seen in latest board sweep
jobs_board_staging.csv,8d3117efbd0c63bf,arbeitsagentur-de,ready,,Not seen in latest board sweep
jobs_board_staging.csv,16f526f8652a8ac6,jobserve-uk,ready,,Not seen in latest board sweep
jobs_board_staging.csv,0cfc3462795249d4,jobwinner-ch,ready,,Not seen in latest board sweep
jobs_board_staging.csv,716a8c96d2dcc2de,stellenanzeigen-de,ready,,Not seen in latest board sweep
jobs_board_staging.csv,a37014313da9bb57,arbeitsagentur-de,ready,,Not seen in latest board sweep
jobs_board_staging.csv,71cfc50243362f86,jobbland-se,ready,,Not seen in latest board sweep
jobs_board_staging.csv,ef7d4080ef2ca1c5,jobwinner-ch,ready,,Not seen in latest board sweep
jobs_board_staging.csv,dbaa36c4e845d5b4,jobserve-uk,ready,,Not seen in latest board sweep
jobs_board_staging.csv,22d7151b34b788bf,jobserve-uk,ready,,Not seen in latest board sweep
jobs_board_staging.csv,b3f5d0cf9586661f,jobserve-uk,ready,,Not seen in latest board sweep
jobs_board_staging.csv,3e095d643c501c9c,jobserve-uk,review,missing_or_invalid_company,Not seen in latest board sweep
jobs_board_staging.csv,45427a3f21a030bc,jobserve-uk,review,missing_or_invalid_company,Not seen in latest board sweep
jobs_board_staging.csv,183058a78cbfe273,jobwinner-ch,ready,,Not seen in latest board sweep
jobs_board_staging.csv,78a51e1437d2fb9f,jobwinner-ch,ready,,Not seen in latest board sweep
jobs_board_staging.csv,b960403716968857,karriere-at,ready,,Not seen in latest board sweep
jobs_board_staging.csv,2ae3809d87c075ac,arbeitsagentur-de,ready,,Not seen in latest board sweep
jobs_board_staging.csv,5e81e3ff12dabc87,arbeitsagentur-de,ready,,Not seen in latest board sweep
jobs_board_staging.csv,adcbf9a5bad191ca,arbeitsagentur-de,ready,,Not seen in latest board sweep
jobs_board_staging.csv,d873000249ede7e4,jobs-cz,review,missing_or_invalid_company,Not seen in latest board sweep
jobs_board_staging.csv,298ba69a2485f659,jobs-cz,review,missing_or_invalid_company,Not seen in latest board sweep
jobs_board_staging.csv,067075b6d0b73771,jobs-cz,review,missing_or_invalid_company,Not seen in latest board sweep
jobs_board_staging.csv,b6413bf5d3b97bf7,jobserve-uk,ready,,Not seen in latest board sweep
jobs_board_staging.csv,3383cc8c5cda45a3,jobs-cz,ready,,Not seen in latest board sweep
jobs_board_staging.csv,51187f5215e9e92d,jobbsafari-se,ready,,Not seen in latest board sweep
jobs_board_staging.csv,0b29473e07e7c019,stepstone-at,ready,,Not seen in latest board sweep
jobs_board_staging.csv,587b767bd084bf65,stepstone-at,review,thin_description,Not seen in latest board sweep
jobs_board_staging.csv,1e9b7aff05ef2bb9,stepstone-at,ready,,Not seen in latest board sweep
jobs_board_staging.csv,533c93106dd3fa47,arbeitsagentur-de,ready,,Not seen in latest board sweep
jobs_board_staging.csv,e6d137a5235ea584,arbeitsagentur-de,ready,,Not seen in latest board sweep
jobs_board_staging.csv,78286a226ad66b13,platsbanken-se,ready,,Not seen in latest board sweep
jobs_board_staging.csv,141faae93d16accf,arbeitsagentur-de,ready,,Not seen in latest board sweep
jobs_board_staging.csv,57f323fac2949035,arbeitsagentur-de,ready,,Not seen in latest board sweep
jobs_board_staging.csv,2c16ffe2110116cd,stepstone-at,ready,,Not seen in latest board sweep
jobs_board_staging.csv,5de4415fe500574a,jobwinner-ch,ready,,Not seen in latest board sweep
jobs_board_staging.csv,33bd4db955337170,jobs-cz,review,missing_or_invalid_company,Not seen in latest board sweep
jobs_board_staging.csv,d080e418756185cf,jobserve-uk,ready,,Not seen in latest board sweep
jobs_board_staging.csv,74e9aa99f8019f50,jobs-ch,ready,,Not seen in latest board sweep
jobs_board_staging.csv,a485fc118d1319ad,jobunivers-dk,ready,,Not seen in latest board sweep
jobs_board_staging.csv,7c597c030a78396e,ledigajobb-se,ready,,Not seen in latest board sweep
jobs_board_staging.csv,5e18cca1b095ab9e,platsbanken-se,ready,,Not seen in latest board sweep
jobs_board_staging.csv,904511fbb12df97d,nzz-jobs-ch,ready,,Not seen in latest board sweep
jobs_board_staging.csv,4a38d3821398dacb,nzz-jobs-ch,ready,,Not seen in latest board sweep
jobs_board_staging.csv,0b60233143329ba6,jobwinner-ch,ready,,Not seen in latest board sweep
jobs_board_staging.csv,aadfa851da9357c5,jobwinner-ch,ready,,Not seen in latest board sweep
jobs_board_staging.csv,d2f0e4bbe392cd2c,karriere-at,ready,,Not seen in latest board sweep
jobs_board_staging.csv,71276ff5eaa5baaa,karriere-at,ready,,Not seen in latest board sweep
jobs_board_staging.csv,dacb57a52b8f8807,arbeitsagentur-de,ready,,Not seen in latest board sweep
jobs_board_staging.csv,421361963c61fa10,arbeidsplassen-no,review,thin_description,Not seen in latest board sweep
jobs_board_staging.csv,b9eaf66bf2d0d68e,willhaben-at,ready,,Not seen in latest board sweep
jobs_board_staging.csv,636f6cbb25f47e72,karriere-at,ready,,Not seen in latest board sweep
jobs_board_staging.csv,664f386abb01a752,jobunivers-dk,review,duplicate_vacancy_url,Not seen in latest board sweep
jobs_board_staging.csv,0d6a0fda90f381f7,jobunivers-dk,review,duplicate_vacancy_url,Not seen in latest board sweep
jobs_board_staging.csv,41d04eb20272b902,platsbanken-se,ready,,Not seen in latest board sweep
jobs_board_staging.csv,cf7af784bfe364d3,platsbanken-se,ready,,Not seen in latest board sweep
jobs_board_staging.csv,82a38044a74f15c4,platsbanken-se,ready,,Not seen in latest board sweep
jobs_board_staging.csv,fa7491a9b133ffc9,nzz-jobs-ch,ready,,Not seen in latest board sweep
jobs_board_staging.csv,d7e95f08372bffaa,jobwinner-ch,ready,,Not seen in latest board sweep
jobs_board_staging.csv,07bfae884b19a074,jobwinner-ch,ready,,Not seen in latest board sweep
jobs_board_staging.csv,30b317cc0888ceca,jobwinner-ch,ready,,Not seen in latest board sweep
jobs_board_staging.csv,f5272d7b7528ce94,karriere-at,ready,,Not seen in latest board sweep
jobs_board_staging.csv,76dc3c0019fa0d85,karriere-at,ready,,Not seen in latest board sweep
jobs_board_staging.csv,d770fb0f48db3d54,arbeitsagentur-de,ready,,Not seen in latest board sweep
jobs_board_staging.csv,4ba63c81c93e267f,arbeitsagentur-de,ready,,Not seen in latest board sweep
jobs_board_staging.csv,ab5b916637f85a80,arbeitsagentur-de,ready,,Not seen in latest board sweep
jobs_board_staging.csv,b9d57d2da676a30a,arbeitsagentur-de,ready,,Not seen in latest board sweep
jobs_board_staging.csv,332bf4d4f87d263c,arbeitsagentur-de,ready,,Not seen in latest board sweep
jobs_board_staging.csv,32fd34a96cea88cb,jobs-cz,ready,,Not seen in latest board sweep
jobs_board_staging.csv,ece137256438d5b5,ledigajobb-se,ready,,Not seen in latest board sweep
jobs_board_staging.csv,d1239c55e08c29b1,ledigajobb-se,ready,,Not seen in latest board sweep
jobs_board_staging.csv,9536a82bd1ce6d11,jobwinner-ch,ready,,Not seen in latest board sweep
jobs_board_staging.csv,f3ec192ce212de46,karriere-at,ready,,Not seen in latest board sweep
jobs_board_staging.csv,73c36fa969a45c23,arbeitsagentur-de,ready,,Not seen in latest board sweep
jobs_board_staging.csv,f17fc7c38f952ab0,prace-cz,ready,,Not seen in latest board sweep
jobs_board_staging.csv,cdd9757ed9fd54eb,jobunivers-dk,review,duplicate_vacancy_url,Not seen in latest board sweep
jobs_board_staging.csv,bacc83f9388f21db,ledigajobb-se,ready,,Not seen in latest board sweep
jobs_board_staging.csv,d5e7dd2111e3e757,jobbland-se,ready,,Not seen in latest board sweep
jobs_board_staging.csv,1b9fe018c379d18a,jobbland-se,ready,,Not seen in latest board sweep
jobs_board_staging.csv,87a43f9cf14539ea,jobbland-se,ready,,Not seen in latest board sweep
jobs_board_staging.csv,54da3a1321e74b64,jobbland-se,ready,,Not seen in latest board sweep
jobs_board_staging.csv,56cf2a6a492ff9a7,jobbland-se,ready,,Not seen in latest board sweep
jobs_board_staging.csv,3c56a396941bc31a,jobbland-se,ready,,Not seen in latest board sweep
jobs_board_staging.csv,5dec97232b5995d4,jobbland-se,ready,,Not seen in latest board sweep
jobs_board_staging.csv,b064f41efae2ad38,jobwinner-ch,ready,,Not seen in latest board sweep
jobs_board_staging.csv,cfb02f469eb27d76,jobwinner-ch,ready,,Not seen in latest board sweep
jobs_board_staging.csv,68dbdb83f0cb5360,jobwinner-ch,ready,,Not seen in latest board sweep
jobs_board_staging.csv,fe05080d778ce0e7,karriere-at,ready,,Not seen in latest board sweep
jobs_board_staging.csv,4b62f8d2a94e0133,jobbsafari-no,ready,,Not seen in latest board sweep
jobs_board_staging.csv,b2d8a9a01c92daf8,jobbsafari-no,ready,,Not seen in latest board sweep
jobs_board_staging.csv,81bce6f7fb5e4a5d,jobserve-uk,ready,,Not seen in latest board sweep
jobs_board_staging.csv,df07aed75ee28319,jobserve-uk,ready,,Not seen in latest board sweep
jobs_board_staging.csv,9be01aef33002cd4,jobserve-uk,ready,,Not seen in latest board sweep
jobs_board_staging.csv,c2a607e460cf6e53,jobserve-uk,ready,,Not seen in latest board sweep
jobs_board_staging.csv,c59a91de515ec6e5,jobserve-uk,ready,,Not seen in latest board sweep
jobs_board_staging.csv,61a3ac6296b75c9b,jobserve-uk,ready,,Not seen in latest board sweep
jobs_board_staging.csv,f33bc6c6d40a7969,jobserve-uk,ready,,Not seen in latest board sweep
jobs_board_staging.csv,86e361b20e78f7b3,jobserve-uk,ready,,Not seen in latest board sweep
jobs_board_staging.csv,ac216dd5a6f461e2,jobserve-uk,ready,,Not seen in latest board sweep
jobs_board_staging.csv,b46b672a9a8055c4,jobbsafari-no,ready,,Not seen in latest board sweep
jobs_board_staging.csv,9908ed2c94287e14,jobserve-uk,ready,,Not seen in latest board sweep
jobs_board_staging.csv,11cfa23563033a59,jobserve-uk,ready,,Not seen in latest board sweep
jobs_board_staging.csv,e355562e11353db1,jobserve-uk,ready,,Not seen in latest board sweep
jobs_board_staging.csv,63f43e5b60faf69b,jobserve-uk,review,missing_or_invalid_company,Not seen in latest board sweep
jobs_board_staging.csv,f42ac28756b5dc53,jobserve-uk,ready,,Not seen in latest board sweep
jobs_board_staging.csv,66d314440df2e55c,jobserve-uk,ready,,Not seen in latest board sweep
jobs_board_staging.csv,7d290cef24c494c1,jobserve-uk,ready,,Not seen in latest board sweep
jobs_board_staging.csv,dd4c3ebbcb72becd,academicwork-fi,review,missing_or_invalid_company,Not seen in latest board sweep
jobs_board_staging.csv,7312b7904735f945,academicwork-fi,review,missing_or_invalid_company,Not seen in latest board sweep
jobs_board_staging.csv,9f1eb63342c8507c,jobunivers-dk,review,duplicate_vacancy_url,Not seen in latest board sweep
jobs_board_staging.csv,1ef6c2d6baa4d611,jobunivers-dk,review,duplicate_vacancy_url,Not seen in latest board sweep
jobs_board_staging.csv,c9fef13bcc97d6d6,jobunivers-dk,review,duplicate_vacancy_url,Not seen in latest board sweep
jobs_board_staging.csv,01d3270bfc03a56a,jobunivers-dk,review,duplicate_vacancy_url,Not seen in latest board sweep
jobs_board_staging.csv,d420c5b5142c31dc,jobunivers-dk,review,duplicate_vacancy_url,Not seen in latest board sweep
jobs_board_staging.csv,cd50acaa5e6ed297,jobunivers-dk,review,duplicate_vacancy_url,Not seen in latest board sweep
jobs_board_staging.csv,af0cab74b093a31d,jobdanmark-dk,ready,,Not seen in latest board sweep
jobs_board_staging.csv,caab4df421090166,ledigajobb-se,ready,,Not seen in latest board sweep
jobs_board_staging.csv,62364ba7ba60104f,ledigajobb-se,ready,,Not seen in latest board sweep
jobs_board_staging.csv,ac5da291ebc662d8,ledigajobb-se,ready,,Not seen in latest board sweep
jobs_board_staging.csv,1f2eb66955f741e4,ledigajobb-se,ready,,Not seen in latest board sweep
jobs_board_staging.csv,20efdf3d5056cadf,ledigajobb-se,ready,,Not seen in latest board sweep
jobs_board_staging.csv,7d5244b3ae132293,jobbland-se,ready,,Not seen in latest board sweep
jobs_board_staging.csv,1530b52ec344830a,jobbland-se,ready,,Not seen in latest board sweep
jobs_board_staging.csv,ba9bc27f495a6179,jobbland-se,ready,,Not seen in latest board sweep
jobs_board_staging.csv,42be153050d469a1,jobbland-se,ready,,Not seen in latest board sweep
jobs_board_staging.csv,69e8d5b895e8c838,jobbland-se,ready,,Not seen in latest board sweep
jobs_board_staging.csv,389c6f4d09ff78ce,jobbland-se,ready,,Not seen in latest board sweep
jobs_board_staging.csv,8cc11fa92d05826d,jobbland-se,ready,,Not seen in latest board sweep
jobs_board_staging.csv,2e1daf7972b157b0,jobbland-se,ready,,Not seen in latest board sweep
jobs_board_staging.csv,51f98e04966bd18e,jobbland-se,ready,,Not seen in latest board sweep
jobs_board_staging.csv,900bf964706ea0cf,jobbland-se,ready,,Not seen in latest board sweep
jobs_board_staging.csv,ccc15bb4227e1a21,platsbanken-se,ready,,Not seen in latest board sweep
jobs_board_staging.csv,b47641368c1ee17e,nzz-jobs-ch,review,missing_or_invalid_title,Not seen in latest board sweep
jobs_board_staging.csv,073fc3bd96e0f1f9,nzz-jobs-ch,review,missing_or_invalid_title;missing_or_invalid_company,Not seen in latest board sweep
jobs_board_staging.csv,d83190d6ac2ec246,nzz-jobs-ch,review,missing_or_invalid_title;missing_or_invalid_company,Not seen in latest board sweep
jobs_board_staging.csv,b25ae617078fe571,nzz-jobs-ch,review,missing_or_invalid_title;missing_or_invalid_company,Not seen in latest board sweep
jobs_board_staging.csv,59b9ff3c3e099de8,nzz-jobs-ch,review,missing_or_invalid_title,Not seen in latest board sweep
jobs_board_staging.csv,22043f486ef88232,nzz-jobs-ch,review,missing_or_invalid_title;missing_or_invalid_company,Not seen in latest board sweep
jobs_board_staging.csv,151cc065522697c6,nzz-jobs-ch,review,missing_or_invalid_title;missing_or_invalid_company,Not seen in latest board sweep
jobs_board_staging.csv,e2bec1304d38f41d,nzz-jobs-ch,review,missing_or_invalid_title;missing_or_invalid_company,Not seen in latest board sweep
jobs_board_staging.csv,44595dbaca309eea,nzz-jobs-ch,review,missing_or_invalid_title,Not seen in latest board sweep
jobs_board_staging.csv,39097111fbd8ae24,nzz-jobs-ch,review,missing_or_invalid_title;missing_or_invalid_company,Not seen in latest board sweep
jobs_board_staging.csv,2f7662601e93e8af,nzz-jobs-ch,review,missing_or_invalid_title;missing_or_invalid_company,Not seen in latest board sweep
jobs_board_staging.csv,8312c280a83546c6,nzz-jobs-ch,review,missing_or_invalid_title,Not seen in latest board sweep
jobs_board_staging.csv,7f21dba841bb7220,nzz-jobs-ch,review,missing_or_invalid_title;missing_or_invalid_company,Not seen in latest board sweep
jobs_board_staging.csv,b7a88402465d88fc,nzz-jobs-ch,review,missing_or_invalid_title,Not seen in latest board sweep
jobs_board_staging.csv,6bb18842afb1c682,nzz-jobs-ch,review,missing_or_invalid_title,Not seen in latest board sweep
jobs_board_staging.csv,ae4b71d830a10deb,nzz-jobs-ch,review,missing_or_invalid_title,Not seen in latest board sweep
jobs_board_staging.csv,f5af471dee96f3bb,nzz-jobs-ch,review,missing_or_invalid_title,Not seen in latest board sweep
jobs_board_staging.csv,340f0cd0a7767526,nzz-jobs-ch,review,missing_or_invalid_title,Not seen in latest board sweep
jobs_board_staging.csv,f6951cae28319033,nzz-jobs-ch,review,missing_or_invalid_title;missing_or_invalid_company,Not seen in latest board sweep
jobs_board_staging.csv,23c7e9dd59f141c6,nzz-jobs-ch,review,missing_or_invalid_title;missing_or_invalid_company,Not seen in latest board sweep
jobs_board_staging.csv,40de3c84d55dff42,nzz-jobs-ch,review,missing_or_invalid_title,Not seen in latest board sweep
jobs_board_staging.csv,9b6bafecb5409e8d,nzz-jobs-ch,review,missing_or_invalid_title;missing_or_invalid_company,Not seen in latest board sweep
jobs_board_staging.csv,3e9519980453de53,nzz-jobs-ch,review,missing_or_invalid_title,Not seen in latest board sweep
jobs_board_staging.csv,a67f70edcfba7ea1,nzz-jobs-ch,review,missing_or_invalid_title,Not seen in latest board sweep
jobs_board_staging.csv,b06a0e96c12d09fc,nzz-jobs-ch,review,missing_or_invalid_title,Not seen in latest board sweep
jobs_board_staging.csv,2364e7090156f5e3,nzz-jobs-ch,review,missing_or_invalid_title,Not seen in latest board sweep
jobs_board_staging.csv,844ac54e52af1f8b,nzz-jobs-ch,review,missing_or_invalid_title,Not seen in latest board sweep
jobs_board_staging.csv,bd3d1ab75f32bbe6,nzz-jobs-ch,review,missing_or_invalid_title;missing_or_invalid_company,Not seen in latest board sweep
jobs_board_staging.csv,d55f8f8ca8a8b2e1,nzz-jobs-ch,review,missing_or_invalid_title,Not seen in latest board sweep
jobs_board_staging.csv,4ae5311f4f86c597,nzz-jobs-ch,review,missing_or_invalid_title,Not seen in latest board sweep
jobs_board_staging.csv,a21c7ddd28692372,nzz-jobs-ch,review,missing_or_invalid_title;missing_or_invalid_company,Not seen in latest board sweep
jobs_board_staging.csv,bb8e12fb678570eb,jobwinner-ch,ready,,Not seen in latest board sweep
jobs_board_staging.csv,68d090ae481007fb,jobwinner-ch,ready,,Not seen in latest board sweep
jobs_board_staging.csv,b898bd629da01b26,jobwinner-ch,ready,,Not seen in latest board sweep
jobs_board_staging.csv,e68a86ce60c692f0,jobwinner-ch,ready,,Not seen in latest board sweep
jobs_board_staging.csv,f863723656623871,willhaben-at,ready,,Not seen in latest board sweep
jobs_board_staging.csv,e60d209f0e525b7a,willhaben-at,ready,,Not seen in latest board sweep
jobs_board_staging.csv,67a0e7ffa50db5ab,willhaben-at,ready,,Not seen in latest board sweep
jobs_board_staging.csv,aef83d71303c182b,karriere-at,ready,,Not seen in latest board sweep
jobs_board_staging.csv,467c9f5b06c84f4b,arbeitsagentur-de,ready,,Not seen in latest board sweep
jobs_board_staging.csv,838596793d7de89e,arbeitsagentur-de,ready,,Not seen in latest board sweep
jobs_board_staging.csv,ee6cc5d4e2ace735,arbeitsagentur-de,ready,,Not seen in latest board sweep
jobs_board_staging.csv,08df1b79587a6c69,arbeitsagentur-de,ready,,Not seen in latest board sweep
jobs_board_staging.csv,cc6feb36c4cfca9d,jobs-cz,review,missing_or_invalid_company,Not seen in latest board sweep
jobs_board_staging.csv,51967e152b3a99d3,jobs-cz,review,missing_or_invalid_company,Not seen in latest board sweep
jobs_board_staging.csv,71632f849d0cc5f9,jobs-cz,review,missing_or_invalid_company,Not seen in latest board sweep
jobs_board_staging.csv,a62d6e18540ccddd,jobs-cz,review,missing_or_invalid_company,Not seen in latest board sweep
jobs_board_staging.csv,04fa3f95b9781601,jobs-cz,review,missing_or_invalid_company,Not seen in latest board sweep
jobs_board_staging.csv,fd06a6310da6069d,jobs-cz,review,missing_or_invalid_company,Not seen in latest board sweep
jobs_board_staging.csv,7c99e396671cb2ea,mpsv-open-data-cz,ready,,Not seen in latest board sweep
jobs_board_staging.csv,e0341dcdb6cc6b30,arbeidsplassen-no,ready,,Not seen in latest board sweep
jobs_board_staging.csv,d82f6551200e69bd,arbeidsplassen-no,review,thin_description,Not seen in latest board sweep
jobs_board_staging.csv,da4476a13733fb0f,arbeidsplassen-no,review,thin_description,Not seen in latest board sweep
jobs_board_staging.csv,0bc3cab79185460e,arbeidsplassen-no,review,thin_description,Not seen in latest board sweep
jobs_board_staging.csv,dcba695ce18a4ea9,jobserve-uk,ready,,Not seen in latest board sweep
jobs_board_staging.csv,9f5c1a4eeed41331,jobserve-uk,ready,,Not seen in latest board sweep
jobs_board_staging.csv,5a2cbebacb6dea3c,jobserve-uk,ready,,Not seen in latest board sweep
jobs_board_staging.csv,1063a7e4394e8bfe,jobserve-uk,ready,,Not seen in latest board sweep
jobs_board_staging.csv,44c902c3c03ddb6b,jobserve-uk,ready,,Not seen in latest board sweep
jobs_board_staging.csv,11de3b851226b4cb,barona-fi,ready,,Not seen in latest board sweep
jobs_board_staging.csv,01b365b2462c1c25,jobunivers-dk,review,duplicate_vacancy_url,Not seen in latest board sweep
jobs_board_staging.csv,924a070bc7becf01,jobserve-uk,ready,,Not seen in latest board sweep
jobs_board_staging.csv,9e1c5c3507d305a2,jobserve-uk,ready,,Not seen in latest board sweep
jobs_board_staging.csv,21843e6c648787fd,jobserve-uk,ready,,Not seen in latest board sweep
jobs_board_staging.csv,a9fe3baab8b37c7e,jobserve-uk,ready,,Not seen in latest board sweep
jobs_board_staging.csv,cfc74cd0891c04c7,jobserve-uk,ready,,Not seen in latest board sweep
jobs_board_staging.csv,5c08972537e742ad,jobserve-uk,ready,,Not seen in latest board sweep
jobs_board_staging.csv,6d3c1b280e55d43d,jobserve-uk,ready,,Not seen in latest board sweep
jobs_board_staging.csv,32bc13864aeba002,jobserve-uk,ready,,Not seen in latest board sweep
jobs_board_staging.csv,a15828d5e5e593ae,jobs-cz,review,missing_or_invalid_company,Not seen in latest board sweep
jobs_board_staging.csv,d0be4f16d22ddd0b,jobserve-uk,ready,,Not seen in latest board sweep
jobs_board_staging.csv,023e8f24d4fec5ce,jobserve-uk,ready,,Not seen in latest board sweep
jobs_board_staging.csv,4970db365c3e6be6,jobbsafari-se,ready,,Not seen in latest board sweep
jobs_board_staging.csv,8e03915d7fc0c7c8,jobs-ch,ready,,Not seen in latest board sweep
jobs_board_staging.csv,0b74116fc7f1413e,stepstone-at,ready,,Not seen in latest board sweep
jobs_board_staging.csv,1452d1524d347a65,stepstone-at,ready,,Not seen in latest board sweep
jobs_board_staging.csv,a67d734a5c45c30a,stepstone-at,ready,,Not seen in latest board sweep
jobs_board_staging.csv,8945e690a2218739,stepstone-at,ready,,Not seen in latest board sweep
jobs_board_staging.csv,8c0c37d53f3e8a34,stepstone-at,ready,,Not seen in latest board sweep
jobs_board_staging.csv,d1fa1f47d4f8e759,stepstone-at,ready,,Not seen in latest board sweep
jobs_board_staging.csv,aca6aa1b70da822d,stepstone-at,ready,,Not seen in latest board sweep
jobs_board_staging.csv,b58929f3b73497c4,stepstone-at,ready,,Not seen in latest board sweep
jobs_board_staging.csv,58437928a3a3c235,stepstone-at,ready,,Not seen in latest board sweep
jobs_board_staging.csv,f53d71e938a94708,stepstone-at,ready,,Not seen in latest board sweep
jobs_board_staging.csv,a4c0edc8d5b6bd46,platsbanken-se,ready,,Not seen in latest board sweep
jobs_board_staging.csv,20e38c2b25d66a80,platsbanken-se,ready,,Not seen in latest board sweep
jobs_board_staging.csv,d32b6ea4054081cb,arbeitsagentur-de,ready,,Not seen in latest board sweep
jobs_board_staging.csv,55204884ce6b7cda,arbeitsagentur-de,ready,,Not seen in latest board sweep
jobs_board_staging.csv,42a1301b833f2df8,arbeitsagentur-de,ready,,Not seen in latest board sweep
jobs_board_staging.csv,55a7af5b30d1114d,arbeitsagentur-de,ready,,Not seen in latest board sweep
jobs_board_staging.csv,c74410411c658b2a,arbeitsagentur-de,ready,,Not seen in latest board sweep
jobs_board_staging.csv,601d18cf515c3024,arbeitsagentur-de,ready,,Not seen in latest board sweep
jobs_board_staging.csv,247f62b10c54b3e0,platsbanken-se,ready,,Not seen in latest board sweep
jobs_board_staging.csv,ccfea3f9f275a5e5,platsbanken-se,ready,,Not seen in latest board sweep
jobs_board_staging.csv,0fd43e144fde2ecf,platsbanken-se,ready,,Not seen in latest board sweep
jobs_board_staging.csv,98ead8c6b7a4fa25,platsbanken-se,ready,,Not seen in latest board sweep
jobs_board_staging.csv,154366e679046fca,platsbanken-se,ready,,Not seen in latest board sweep
jobs_board_staging.csv,d9bb8b95e36827fb,platsbanken-se,ready,,Not seen in latest board sweep
jobs_board_staging.csv,4301fce51f86b895,platsbanken-se,ready,,Not seen in latest board sweep
jobs_board_staging.csv,b1141306a8e92a8e,jobs-cz,ready,,Not seen in latest board sweep
jobs_board_staging.csv,f7d637d13b1baf47,platsbanken-se,ready,,Not seen in latest board sweep
jobs_board_staging.csv,6b6128429957ba24,jobbsafari-se,ready,,Not seen in latest board sweep
jobs_board_staging.csv,75b71d5e183cb69e,jobdanmark-dk,ready,,Not seen in latest board sweep
jobs_board_staging.csv,0198e0621f591289,nzz-jobs-ch,ready,,Not seen in latest board sweep
jobs_board_staging.csv,bb4db35eb6334495,jobwinner-ch,ready,,Not seen in latest board sweep
jobs_board_staging.csv,c8623c476aa461f3,jobs-cz,review,missing_or_invalid_company,Not seen in latest board sweep
jobs_board_staging.csv,8164194faece9b01,jobbsafari-se,ready,,Not seen in latest board sweep
jobs_board_staging.csv,e540304b9ac9c103,jobs-ch,ready,,Not seen in latest board sweep
jobs_board_staging.csv,0c0fa0268d49406d,jobs-ch,ready,,Not seen in latest board sweep
jobs_board_staging.csv,843cb974643f4d56,karriere-at,ready,,Not seen in latest board sweep
jobs_board_staging.csv,ff47d72cab1fece8,jobs-ch,ready,,Not seen in latest board sweep
jobs_board_staging.csv,85cb03952953eadb,jobserve-uk,review,missing_or_invalid_company,Not seen in latest board sweep
jobs_board_staging.csv,a36b25bc25d01144,willhaben-at,ready,,Not seen in latest board sweep
jobs_board_staging.csv,ba7853626d85cd04,arbeitsagentur-de,ready,,Not seen in latest board sweep
jobs_board_staging.csv,0b21f0ca9566577e,jobwinner-ch,ready,,Not seen in latest board sweep
jobs_board_staging.csv,4f90d3b05541afd8,arbeitsagentur-de,ready,,Not seen in latest board sweep
jobs_board_staging.csv,7b4bf8be3be24209,prace-cz,ready,,Not seen in latest board sweep
jobs_board_staging.csv,d08d8fe5c580b6f0,jobserve-uk,ready,,Not seen in latest board sweep
jobs_board_staging.csv,219863e0b8930e9d,jobserve-uk,ready,,Not seen in latest board sweep
jobs_board_staging.csv,e72f60523d0b493b,jobunivers-dk,review,duplicate_vacancy_url,Not seen in latest board sweep
jobs_board_staging.csv,9138cd1cbb3aa59d,ledigajobb-se,ready,,Not seen in latest board sweep
jobs_board_staging.csv,37440e1409eab434,ledigajobb-se,ready,,Not seen in latest board sweep
jobs_board_staging.csv,21e96d29b5fb846e,ledigajobb-se,ready,,Not seen in latest board sweep
jobs_board_staging.csv,ff0b2abda10b673f,jobwinner-ch,ready,,Not seen in latest board sweep
jobs_board_staging.csv,eb1dd6af5654790f,willhaben-at,ready,,Not seen in latest board sweep
jobs_board_staging.csv,ebc13542bcbe062b,jobs-cz,review,missing_or_invalid_company,Not seen in latest board sweep
jobs_board_staging.csv,46d72ca1a9e7c290,jobs-cz,review,missing_or_invalid_company,Not seen in latest board sweep
jobs_board_staging.csv,c7f6bc44c33d426d,jobs-cz,review,missing_or_invalid_company,Not seen in latest board sweep
jobs_board_staging.csv,73183bcc31e3c719,jobs-cz,review,missing_or_invalid_company,Not seen in latest board sweep
jobs_board_staging.csv,a38f2c850012304f,jobs-cz,review,missing_or_invalid_company,Not seen in latest board sweep
jobs_board_staging.csv,222cdc8dec879b26,jobs-cz,review,missing_or_invalid_company,Not seen in latest board sweep
jobs_board_staging.csv,6a001daf92489ea1,jobserve-uk,ready,,Not seen in latest board sweep
jobs_board_staging.csv,f6a0b2d709194561,jobserve-uk,ready,,Not seen in latest board sweep
jobs_board_staging.csv,1a33f053dfa3126c,jobserve-uk,ready,,Not seen in latest board sweep
jobs_board_staging.csv,88e93422c74d4312,karriere-at,ready,,Not seen in latest board sweep
jobs_board_staging.csv,a25663a7ffa842b9,jobs-cz,review,missing_or_invalid_company,Not seen in latest board sweep
jobs_board_staging.csv,82215198139354b0,jobbsafari-se,ready,,Not seen in latest board sweep
jobs_board_staging.csv,e89bd1543f27fc60,jobs-ch,review,thin_description,Not seen in latest board sweep
jobs_board_staging.csv,f914313608440d9d,jobs-ch,ready,,Not seen in latest board sweep
jobs_board_staging.csv,685a92526fcddb3b,stepstone-at,ready,,Not seen in latest board sweep
jobs_board_staging.csv,d34f2953955d5407,jobwinner-ch,ready,,Not seen in latest board sweep
jobs_board_staging.csv,35dcc3c1620431b1,arbeitsagentur-de,ready,,Not seen in latest board sweep
jobs_board_staging.csv,30f534df2e4ed30c,jobserve-uk,ready,,Not seen in latest board sweep
jobs_board_staging.csv,1dfe5692bf46f702,academicwork-fi,review,missing_or_invalid_company,Not seen in latest board sweep
jobs_board_staging.csv,c03dd107cf9281c3,platsbanken-se,ready,,Not seen in latest board sweep
jobs_board_staging.csv,7b3be45a57cc54c7,jobs-cz,ready,,Not seen in latest board sweep
jobs_board_staging.csv,382a6fe4cfeea41a,karriere-at,ready,,Not seen in latest board sweep
jobs_board_staging.csv,fa213a6efd458cd5,platsbanken-se,ready,,Not seen in latest board sweep
jobs_board_staging.csv,bf530068ed779ec3,ledigajobb-se,ready,,Not seen in latest board sweep
jobs_board_staging.csv,8db3ba296cdd2e37,jobwinner-ch,ready,,Not seen in latest board sweep
jobs_board_staging.csv,dadfba56f86ee774,jobwinner-ch,ready,,Not seen in latest board sweep
jobs_board_staging.csv,26576aac86f19e8f,jobwinner-ch,ready,,Not seen in latest board sweep
jobs_board_staging.csv,0ed3ed69a86f4712,jobwinner-ch,ready,,Open
jobs_board_staging.csv,51c619fb5a7debac,karriere-at,ready,,Open
jobs_board_staging.csv,1f7be77b3454d2fe,jobs-cz,ready,,Open
jobs_board_staging.csv,dc67ef3d0f7a044c,arbeitsagentur-de,ready,,Open
jobs_board_staging.csv,12f085d51f37810f,arbeitsagentur-de,ready,,Open
jobs_board_staging.csv,f3128b7b8f4777fd,arbeitsagentur-de,ready,,Open
jobs_board_staging.csv,fef9ac5cca247be6,karriere-at,ready,,Open
jobs_board_staging.csv,05ed86ba7ceae8cf,stellenanzeigen-de,ready,,Pass_language
jobs_board_staging.csv,768139a8eb985834,karriere-at,ready,,Open
jobs_board_staging.csv,840f4ebbfbe455da,karriere-at,ready,,Pass_language
jobs_board_staging.csv,33c79f01b2129901,stellenanzeigen-de,ready,,Open
jobs_board_staging.csv,d14f90d9371a24f0,stellenanzeigen-de,ready,,Open
jobs_board_staging.csv,8f222a552bd8ce32,arbeitsagentur-de,ready,,Open
jobs_board_staging.csv,f181cace32dbf00c,platsbanken-se,ready,,Open
jobs_board_staging.csv,9d71137f16abfa48,platsbanken-se,ready,,Open
jobs_board_staging.csv,c382579fc0a25d44,platsbanken-se,ready,,Open
jobs_board_staging.csv,2cc64a6c24f26a8f,platsbanken-se,ready,,Open
jobs_board_staging.csv,3eab515c0c95c050,platsbanken-se,ready,,Open
jobs_board_staging.csv,e999c1cd362bc36d,jobwinner-ch,ready,,Open
jobs_board_staging.csv,5128de62c3ca69a7,jobwinner-ch,ready,,Pass_language
jobs_board_staging.csv,9a3c1b8f40abb1a1,jobwinner-ch,ready,,Open
jobs_board_staging.csv,5846ffef6b7724b5,willhaben-at,ready,,Pass_language
jobs_board_staging.csv,5dbcd46003c16276,karriere-at,ready,,Open
jobs_board_staging.csv,1d5ca73eb6b8dcaa,karriere-at,ready,,Open
jobs_board_staging.csv,97ea9f786a33695f,karriere-at,ready,,Pass_language
jobs_board_staging.csv,3f8f5b86572e54cc,karriere-at,ready,,Open
jobs_board_staging.csv,019174f0cecbbebb,karriere-at,ready,,Open
jobs_board_staging.csv,4d206377970bb728,karriere-at,ready,,Open
jobs_board_staging.csv,707c268b05aa0816,karriere-at,ready,,Open
jobs_board_staging.csv,d39081982ff3d86e,karriere-at,ready,,Pass_language
jobs_board_staging.csv,f50d9a9b24b4d94e,karriere-at,ready,,Pass_language
jobs_board_staging.csv,465c43c6f18f6916,stellenanzeigen-de,ready,,Open
jobs_board_staging.csv,c009607866dfebb6,stellenanzeigen-de,ready,,Open
jobs_board_staging.csv,f381a4af41f4a4f3,stellenanzeigen-de,ready,,Open
jobs_board_staging.csv,d77fc5a5520bfaa1,stellenanzeigen-de,ready,,Open
jobs_board_staging.csv,3a97c300f165c4eb,stellenanzeigen-de,ready,,Open
jobs_board_staging.csv,bccd6f21ee8066c5,stellenanzeigen-de,ready,,Open
jobs_board_staging.csv,6b5d1adfa2b5a6fa,stellenanzeigen-de,ready,,Open
jobs_board_staging.csv,f7e6a9d264b702c2,arbeitsagentur-de,ready,,Open
jobs_board_staging.csv,ab9a26c5a9700a15,arbeitsagentur-de,ready,,Open
jobs_board_staging.csv,3f0c64336154bf40,arbeitsagentur-de,ready,,Open
jobs_board_staging.csv,d450bd87d2f076f1,arbeitsagentur-de,ready,,Open
jobs_board_staging.csv,9db8ca363f3a9df9,arbeitsagentur-de,ready,,Open
jobs_board_staging.csv,e447acf060506ab6,arbeitsagentur-de,ready,,Open
jobs_board_staging.csv,22dbb4b3482e53c0,arbeitsagentur-de,ready,,Open
jobs_board_staging.csv,f0f9461af761e414,arbeitsagentur-de,ready,,Pass_language
jobs_board_staging.csv,caf2e765c59a860c,arbeitsagentur-de,ready,,Pass_language
jobs_board_staging.csv,0780c9a8e5de8026,arbeitsagentur-de,ready,,Open
jobs_board_staging.csv,8f13b3ffeb4ca006,arbeitsagentur-de,ready,,Open
jobs_board_staging.csv,3fed763dad2c3e1b,arbeitsagentur-de,ready,,Open
jobs_board_staging.csv,c67be21cb94d645e,arbeitsagentur-de,ready,,Pass_language
jobs_board_staging.csv,ea8bf4fcc0c7a1ed,arbeitsagentur-de,ready,,Open
jobs_board_staging.csv,94a9edf28bc9e475,arbeitsagentur-de,ready,,Open
jobs_board_staging.csv,ee2783db8f0f35f1,arbeitsagentur-de,ready,,Open
jobs_board_staging.csv,cc2ace5fb9753c30,arbeitsagentur-de,ready,,Open
jobs_board_staging.csv,88947e6ee180c2c8,arbeitsagentur-de,ready,,Open
jobs_board_staging.csv,d70ee79a580d8b8f,arbeitsagentur-de,ready,,Open
jobs_board_staging.csv,e1aff428af0c91fc,arbeitsagentur-de,ready,,Open
jobs_board_staging.csv,1001b47ca3efa63a,arbeitsagentur-de,ready,,Open
jobs_board_staging.csv,23016ef40836b95b,arbeitsagentur-de,ready,,Open
jobs_board_staging.csv,b3de5b5978c80b04,jobs-cz,ready,,Open
jobs_board_staging.csv,86165147a076066b,jobs-cz,ready,,Open
jobs_board_staging.csv,150e452afb834797,karriere-at,ready,,Open
jobs_board_staging.csv,bab49a2a07881603,karriere-at,ready,,Open
jobs_board_staging.csv,372f3c7eab580934,karriere-at,ready,,Open
jobs_board_staging.csv,837f38bb32903055,karriere-at,ready,,Open
jobs_board_staging.csv,d7ed5a589212aebb,karriere-at,ready,,Pass_language
jobs_board_staging.csv,889cd0e6b3bdea50,karriere-at,ready,,Open
jobs_board_staging.csv,ebc060a6412235e0,stellenanzeigen-de,ready,,Open
jobs_board_staging.csv,d52a0c3086163c5f,arbeitsagentur-de,ready,,Pass_language
jobs_board_staging.csv,520b7377d6261967,arbeitsagentur-de,ready,,Pass_language
jobs_board_staging.csv,cec2adc522391fa1,arbeitsagentur-de,ready,,Open
jobs_board_staging.csv,0ad80b55baf4aaf6,arbeitsagentur-de,ready,,Open
jobs_board_staging.csv,96f1f7b47e5b374f,arbeitsagentur-de,ready,,Open
jobs_board_staging.csv,ab48925b917005ff,arbeitsagentur-de,ready,,Open
jobs_board_staging.csv,74c581b33785c673,arbeitsagentur-de,ready,,Open
jobs_board_staging.csv,8fe892f186695be8,arbeitsagentur-de,ready,,Open
jobs_board_staging.csv,c3dbfd3520fc64a6,arbeitsagentur-de,ready,,Open
jobs_board_staging.csv,c7af033b2ef0a5c1,cocuma-cz,ready,,Open
jobs_board_staging.csv,6c8d74128326991a,mpsv-open-data-cz,review,thin_description;duplicate_vacancy_url,Open
jobs_board_staging.csv,5bca53df4abf18f0,karriere-at,ready,,Pass_language
jobs_board_staging.csv,8ca34e029d0a9f99,platsbanken-se,ready,,Open
jobs_board_staging.csv,a542dcfa47cb3cfe,platsbanken-se,ready,,Open
jobs_board_staging.csv,264578eda35a5464,jobwinner-ch,ready,,Open
jobs_board_staging.csv,9967310ba0e11bf7,jobwinner-ch,ready,,Open
jobs_board_staging.csv,947b41bdad35dcbd,jobwinner-ch,ready,,Open
jobs_board_staging.csv,247b67b8a755e77b,jobwinner-ch,ready,,Open
jobs_board_staging.csv,977dc7b2dfd19861,jobwinner-ch,ready,,Open
jobs_board_staging.csv,c915e047f9fdd4cb,jobwinner-ch,ready,,Pass_language
jobs_board_staging.csv,b8ad6d80c543af15,willhaben-at,ready,,Open
jobs_board_staging.csv,ed52a006b3dc963f,willhaben-at,ready,,Open
jobs_board_staging.csv,27c44afece62b7de,willhaben-at,ready,,Open
jobs_board_staging.csv,01cc6d88ef5438b3,karriere-at,ready,,Pass_language
jobs_board_staging.csv,580c30323183a307,karriere-at,ready,,Open
jobs_board_staging.csv,797d875a93f963d7,karriere-at,ready,,Open
jobs_board_staging.csv,32593b5ae62fe8f3,karriere-at,ready,,Open
jobs_board_staging.csv,a99bc156659ee988,karriere-at,ready,,Open
jobs_board_staging.csv,ab07bd0aa0ec0eac,karriere-at,ready,,Pass_language
jobs_board_staging.csv,e3a031816372ed4f,karriere-at,ready,,Open
jobs_board_staging.csv,8300b04bcd18ac7a,karriere-at,ready,,Pass_language
jobs_board_staging.csv,aae6814e75af9a25,karriere-at,ready,,Open
jobs_board_staging.csv,e106acf5b4053b04,karriere-at,ready,,Open
jobs_board_staging.csv,edf030228e069daa,karriere-at,ready,,Open
jobs_board_staging.csv,5b23ad9e9ab518fd,karriere-at,ready,,Open
jobs_board_staging.csv,22152bcaa065d47e,stellenanzeigen-de,ready,,Open
jobs_board_staging.csv,44bb2c6ea559fda9,stellenanzeigen-de,ready,,Pass_language
jobs_board_staging.csv,1930915f71c57f53,stellenanzeigen-de,ready,,Open
jobs_board_staging.csv,b7341acbf7c898a4,stellenanzeigen-de,ready,,Open
jobs_board_staging.csv,55e5f1d53518008f,stellenanzeigen-de,ready,,Open
jobs_board_staging.csv,6964b371544deacd,stellenanzeigen-de,ready,,Pass_language
jobs_board_staging.csv,10cda8707a44ff0c,stellenanzeigen-de,ready,,Open
jobs_board_staging.csv,cdd52ed83608e4b4,stellenanzeigen-de,ready,,Pass_language
jobs_board_staging.csv,2cbf89f0b985e8a1,stellenanzeigen-de,ready,,Open
jobs_board_staging.csv,9c27152052cae350,stellenanzeigen-de,ready,,Open
jobs_board_staging.csv,5b41ed2f466bb899,stellenanzeigen-de,ready,,Pass_language
jobs_board_staging.csv,72bb3a516440544b,stellenanzeigen-de,ready,,Pass_language
jobs_board_staging.csv,30f14b8f7f79370e,stellenanzeigen-de,ready,,Open
jobs_board_staging.csv,54ea2614d0701789,stellenanzeigen-de,ready,,Open
jobs_board_staging.csv,fe0bdc38ecc61f11,stellenanzeigen-de,ready,,Open
jobs_board_staging.csv,1594b50b19fc1e79,arbeitsagentur-de,ready,,Open
jobs_board_staging.csv,031f077a1a73e411,arbeitsagentur-de,ready,,Open
jobs_board_staging.csv,2cd90624e53eebdd,arbeitsagentur-de,ready,,Pass_language
jobs_board_staging.csv,ab70f16e45ec7666,arbeitsagentur-de,ready,,Open
jobs_board_staging.csv,9418251c5148b74c,arbeitsagentur-de,ready,,Pass_language
jobs_board_staging.csv,6210aafbfa39c690,arbeitsagentur-de,ready,,Open
jobs_board_staging.csv,954ebabb8b42319a,arbeitsagentur-de,ready,,Open
jobs_board_staging.csv,3dc810ae2147e13d,arbeitsagentur-de,ready,,Open
jobs_board_staging.csv,8a47d6f4e1ceaaf7,arbeitsagentur-de,ready,,Pass_language
jobs_board_staging.csv,f4937eeb16a175e8,arbeitsagentur-de,ready,,Open
jobs_board_staging.csv,205bc69aefa28751,arbeitsagentur-de,ready,,Open
jobs_board_staging.csv,7871fc3a0d0c703a,arbeitsagentur-de,ready,,Pass_language
jobs_board_staging.csv,8138fd7239ef7ff0,arbeitsagentur-de,ready,,Open
jobs_board_staging.csv,b57e773296aa5267,arbeitsagentur-de,ready,,Open
jobs_board_staging.csv,dc1ec8b3296cc536,arbeitsagentur-de,ready,,Open
jobs_board_staging.csv,b04403ba4252155c,arbeitsagentur-de,ready,,Open
jobs_board_staging.csv,be0a677f1a4a1e54,arbeitsagentur-de,ready,,Pass_language
jobs_board_staging.csv,010d24ec36e60acf,arbeitsagentur-de,ready,,Pass_language
jobs_board_staging.csv,33ee7c2114fd38a5,arbeitsagentur-de,ready,,Open
jobs_board_staging.csv,ad526e66d124abe8,arbeitsagentur-de,ready,,Open
jobs_board_staging.csv,cf30d164fd1e67cf,arbeitsagentur-de,ready,,Open
jobs_board_staging.csv,fd353170249fd01c,arbeitsagentur-de,ready,,Open
jobs_board_staging.csv,a1d5feb5f1c173c2,arbeitsagentur-de,ready,,Open
jobs_board_staging.csv,9cb6acd0b3dba303,arbeitsagentur-de,ready,,Open
jobs_board_staging.csv,db0bb9c3f71f3d9b,arbeitsagentur-de,ready,,Open
jobs_board_staging.csv,d4fb67d3eb4aebb4,arbeitsagentur-de,ready,,Open
jobs_board_staging.csv,69b0a453856ec0d1,arbeitsagentur-de,ready,,Open
jobs_board_staging.csv,fbb7e30ec1e53985,arbeitsagentur-de,ready,,Open
jobs_board_staging.csv,3bf37c6546a47fd5,arbeitsagentur-de,ready,,Open
jobs_board_staging.csv,b44ab39d6e917df6,arbeitsagentur-de,ready,,Pass_language
jobs_board_staging.csv,027ed7eafc4d06f5,arbeitsagentur-de,ready,,Open
jobs_board_staging.csv,eb639cf501633c83,arbeitsagentur-de,ready,,Pass_language
jobs_board_staging.csv,6a3d62d33d85468c,arbeitsagentur-de,ready,,Open
jobs_board_staging.csv,6e5dad56e83609d3,arbeitsagentur-de,ready,,Pass_language
jobs_board_staging.csv,82389a6fc4d43ec5,arbeitsagentur-de,ready,,Open
jobs_board_staging.csv,96ec6395f38928c9,jobs-cz,ready,,Open
jobs_board_staging.csv,aafd45b709f8ab58,jobs-cz,ready,,Open
jobs_board_staging.csv,7a18b6bf3fc62924,jobs-cz,ready,,Open
jobs_board_staging.csv,74d93d10ac856252,jobs-cz,ready,,Open
jobs_board_staging.csv,19f024d0aff6272a,jobs-cz,ready,,Open
jobs_board_staging.csv,f8a52f65f134d8c9,jobs-cz,ready,,Open
jobs_board_staging.csv,d281e3ef584be978,mpsv-open-data-cz,review,duplicate_vacancy_url,Open
jobs_board_staging.csv,bd0ceaf75efea3b4,mpsv-open-data-cz,review,duplicate_vacancy_url,Open
jobs_board_staging.csv,b8e1cca597bb7707,mpsv-open-data-cz,review,duplicate_vacancy_url,Open
jobs_board_staging.csv,52884d4c0b756be4,mpsv-open-data-cz,review,duplicate_vacancy_url,Open
jobs_board_staging.csv,ccd69ca07047a5a6,mpsv-open-data-cz,review,duplicate_vacancy_url,Open
jobs_board_staging.csv,491c5eed7584f7ac,jobbsafari-no,ready,,Open
jobs_board_staging.csv,54faea686f0ed39b,platsbanken-se,ready,,Open
jobs_board_staging.csv,e0e464425e26070e,platsbanken-se,ready,,Open
jobs_board_staging.csv,e914230f4f44bb8c,platsbanken-se,ready,,Open
jobs_board_staging.csv,122dc2a7e61de5fc,platsbanken-se,ready,,Open
jobs_board_staging.csv,b74cde6444ed3981,platsbanken-se,ready,,Open
jobs_board_staging.csv,9bb7d53f993ce319,platsbanken-se,ready,,Open
jobs_board_staging.csv,ff9990f0542f8f98,platsbanken-se,ready,,Open
jobs_board_staging.csv,0d5f16b446e39c1b,platsbanken-se,ready,,Open
jobs_board_staging.csv,28d44c87ce3cac85,platsbanken-se,ready,,Pass_language
jobs_board_staging.csv,48742d332f2aa168,platsbanken-se,ready,,Pass_language
jobs_board_staging.csv,d29cb590f9f94d6a,jobwinner-ch,ready,,Open
jobs_board_staging.csv,02fb0f8909bc4aae,jobwinner-ch,ready,,Open
jobs_board_staging.csv,b1c0b73b0b143215,jobwinner-ch,ready,,Pass_language
jobs_board_staging.csv,1b0e2372f17b0ec8,jobwinner-ch,ready,,Open
jobs_board_staging.csv,56985d6446ac725c,jobwinner-ch,ready,,Open
jobs_board_staging.csv,adb4904d841d415a,jobwinner-ch,ready,,Open
jobs_board_staging.csv,7659ad69461f0975,jobwinner-ch,ready,,Open
jobs_board_staging.csv,48987f75b300e276,jobwinner-ch,ready,,Open
jobs_board_staging.csv,8abf4628d435fbd2,jobwinner-ch,ready,,Open
jobs_board_staging.csv,657fbb06865d1048,jobwinner-ch,ready,,Open
jobs_board_staging.csv,721cc56bc2b9084f,jobwinner-ch,ready,,Open
jobs_board_staging.csv,db0696fcc318deb9,karriere-at,ready,,Open
jobs_board_staging.csv,8609468a57213231,karriere-at,ready,,Open
jobs_board_staging.csv,15d8b47389941073,karriere-at,ready,,Open
jobs_board_staging.csv,46e55d0ea5b42dee,karriere-at,ready,,Pass_language
jobs_board_staging.csv,a974a6ddc6495fb8,karriere-at,ready,,Open
jobs_board_staging.csv,f26564bb19dde204,karriere-at,ready,,Open
jobs_board_staging.csv,5e23348f6e241d5d,karriere-at,ready,,Open
jobs_board_staging.csv,b166fff86fa0d769,karriere-at,ready,,Open
jobs_board_staging.csv,5acd04753983f8e8,karriere-at,ready,,Pass_language
jobs_board_staging.csv,730797242a810c20,karriere-at,ready,,Open
jobs_board_staging.csv,2db34f9d9683f387,karriere-at,ready,,Open
jobs_board_staging.csv,2131130c94643ead,karriere-at,ready,,Open
jobs_board_staging.csv,c748a5e98286e8d3,karriere-at,ready,,Pass_language
jobs_board_staging.csv,59775b2c4e9c9cdc,karriere-at,ready,,Open
jobs_board_staging.csv,1462f2db426462bd,karriere-at,ready,,Open
jobs_board_staging.csv,4667cca4463416b6,karriere-at,ready,,Pass_language
jobs_board_staging.csv,97cacaf9c18b9542,karriere-at,ready,,Pass_language
jobs_board_staging.csv,cdb3e346a101b285,stellenanzeigen-de,ready,,Open
jobs_board_staging.csv,f6d9278bababa1ab,stellenanzeigen-de,ready,,Pass_language
jobs_board_staging.csv,1ad45fd39a662422,stellenanzeigen-de,ready,,Pass_language
jobs_board_staging.csv,252c6cb575ca4966,stellenanzeigen-de,ready,,Open
jobs_board_staging.csv,379c48a700b2b70b,stellenanzeigen-de,ready,,Open
jobs_board_staging.csv,b890b9eea93dba38,stellenanzeigen-de,ready,,Pass_language
jobs_board_staging.csv,4b6261ecc312ea64,stellenanzeigen-de,ready,,Pass_language
jobs_board_staging.csv,46f8fe6d3616a8a1,stellenanzeigen-de,ready,,Open
jobs_board_staging.csv,4bbeff44091dd49d,stellenanzeigen-de,ready,,Open
jobs_board_staging.csv,b21dc73fc59ab1f1,stellenanzeigen-de,ready,,Open
jobs_board_staging.csv,d9f426b2e1da41ca,stellenanzeigen-de,ready,,Open
jobs_board_staging.csv,009902e205bd424f,stellenanzeigen-de,ready,,Pass_language
jobs_board_staging.csv,0e4f77610aa07886,stellenanzeigen-de,ready,,Open
jobs_board_staging.csv,50660d2bb9204809,arbeitsagentur-de,ready,,Open
jobs_board_staging.csv,139f05b1ed68e13d,arbeitsagentur-de,ready,,Open
jobs_board_staging.csv,b3968d0db052c143,arbeitsagentur-de,ready,,Pass_language
jobs_board_staging.csv,bd48ca152a7d34fd,arbeitsagentur-de,ready,,Open
jobs_board_staging.csv,60d038333fa8e5af,arbeitsagentur-de,ready,,Pass_language
jobs_board_staging.csv,06346f528c3cb47e,arbeitsagentur-de,ready,,Pass_language
jobs_board_staging.csv,a81dc25ec7f5c48d,arbeitsagentur-de,ready,,Open
jobs_board_staging.csv,6dafd6752dea168b,arbeitsagentur-de,ready,,Open
jobs_board_staging.csv,5deba01e36dd19ad,arbeitsagentur-de,ready,,Open
jobs_board_staging.csv,6a7a66ca9a3cfac3,arbeitsagentur-de,ready,,Open
jobs_board_staging.csv,65e388757bdcd36e,arbeitsagentur-de,ready,,Open
jobs_board_staging.csv,4c4c36465b6d6025,arbeitsagentur-de,ready,,Open
jobs_board_staging.csv,00bc889aad7c79e5,arbeitsagentur-de,ready,,Open
jobs_board_staging.csv,590e4afd2f05d6e4,arbeitsagentur-de,ready,,Pass_language
jobs_board_staging.csv,926a60f41a404872,arbeitsagentur-de,ready,,Open
jobs_board_staging.csv,707c17c2bd1c07cf,arbeitsagentur-de,ready,,Pass_language
jobs_board_staging.csv,ed973f11cd05dd08,arbeitsagentur-de,ready,,Open
jobs_board_staging.csv,93f5caafc7bac25e,arbeitsagentur-de,ready,,Open
jobs_board_staging.csv,dd5526186d976ea3,jobs-cz,ready,,Open
jobs_board_staging.csv,1108238615130b52,mpsv-open-data-cz,review,duplicate_vacancy_url,Open
jobs_board_staging.csv,c42d739fdc79e217,arbeitsagentur-de,ready,,Open
jobs_board_staging.csv,1607298102bc8acd,jobs-cz,ready,,Open
jobs_board_staging.csv,2daefe521d6dad1f,jobwinner-ch,ready,,Open
jobs_board_staging.csv,f9f9a8b1a8af5c90,karriere-at,ready,,Open
jobs_board_staging.csv,6a98191b0c04f163,karriere-at,ready,,Open
jobs_board_staging.csv,048baa8856b44aea,stellenanzeigen-de,ready,,Open
jobs_board_staging.csv,7510505d15dfcd0c,jobs-cz,ready,,Open
jobs_board_staging.csv,0967e2f47b625777,barona-fi,ready,,Open
jobs_board_staging.csv,e5c02f0eb02df27d,jobbsafari-no,ready,,Open
jobs_board_staging.csv,bcdc9a452bb69211,jobbsafari-no,ready,,Pass_language
jobs_board_staging.csv,7e04e05310427ce1,ledigajobb-se,ready,,Pass_language
jobs_board_staging.csv,a991f98ac58949f8,jobbland-se,ready,,Open
jobs_board_staging.csv,646c8d372e775312,jobbland-se,ready,,Pass_language
jobs_board_staging.csv,c2e2d986728fb9a1,jobbland-se,ready,,Open
jobs_board_staging.csv,45a81bbd844eae9f,platsbanken-se,ready,,Open
jobs_board_staging.csv,05ec83d612f56734,platsbanken-se,ready,,Open
jobs_board_staging.csv,2e2bb8949b5c328a,platsbanken-se,ready,,Open
jobs_board_staging.csv,b695053bf19cc4f9,jobwinner-ch,ready,,Open
jobs_board_staging.csv,e73d427e0f45bfc7,jobwinner-ch,ready,,Pass_language
jobs_board_staging.csv,e1600d3eec32244c,jobwinner-ch,ready,,Open
jobs_board_staging.csv,43a70fca12c55355,jobwinner-ch,ready,,Open
jobs_board_staging.csv,06a8d810012e5d69,jobwinner-ch,ready,,Pass_language
jobs_board_staging.csv,0ab4d1d7bf1ef81d,jobwinner-ch,ready,,Pass_language
jobs_board_staging.csv,264f532905f6e205,jobwinner-ch,ready,,Open
jobs_board_staging.csv,485548fd70775e78,jobwinner-ch,ready,,Pass_language
jobs_board_staging.csv,0952f3418890631a,jobwinner-ch,ready,,Open
jobs_board_staging.csv,87a8e8a2dab0e5fc,jobwinner-ch,ready,,Open
jobs_board_staging.csv,729b98590f252e84,jobwinner-ch,ready,,Pass_language
jobs_board_staging.csv,2edf9f4c71a5fc68,jobwinner-ch,ready,,Open
jobs_board_staging.csv,edf2c6a760079b6f,jobwinner-ch,ready,,Open
jobs_board_staging.csv,5bda5d327f3adec0,jobwinner-ch,ready,,Pass_language
jobs_board_staging.csv,32810f022a45399b,willhaben-at,ready,,Open
jobs_board_staging.csv,74ef827840a7ed39,karriere-at,ready,,Open
jobs_board_staging.csv,1acdf86f9cfeaeac,karriere-at,ready,,Open
jobs_board_staging.csv,31f30aee77f31fdd,karriere-at,ready,,Open
jobs_board_staging.csv,72b5dbc1b1049228,karriere-at,ready,,Open
jobs_board_staging.csv,38667bbd636e2cc5,karriere-at,ready,,Open
jobs_board_staging.csv,8638d9bfcbb6ed9f,karriere-at,ready,,Pass_language
jobs_board_staging.csv,b1e740694d17e7e9,karriere-at,ready,,Open
jobs_board_staging.csv,82e56bc82c1013b0,karriere-at,ready,,Open
jobs_board_staging.csv,38233b16e5f9aaa3,karriere-at,ready,,Open
jobs_board_staging.csv,374cb39c367afc79,karriere-at,ready,,Pass_language
jobs_board_staging.csv,19fc3dee88c7704f,karriere-at,ready,,Open
jobs_board_staging.csv,a70ffc7987406289,karriere-at,ready,,Open
jobs_board_staging.csv,9615e018e637f9cf,stellenanzeigen-de,ready,,Pass_language
jobs_board_staging.csv,9c436dabe99655b0,stellenanzeigen-de,ready,,Pass_language
jobs_board_staging.csv,915454437b4d4429,stellenanzeigen-de,ready,,Open
jobs_board_staging.csv,ff1544888486b20b,stellenanzeigen-de,ready,,Pass_language
jobs_board_staging.csv,32a3c02dea8bc7cb,arbeitsagentur-de,ready,,Open
jobs_board_staging.csv,ecd58964e066445e,arbeitsagentur-de,ready,,Open
jobs_board_staging.csv,39f33accb17abd55,arbeitsagentur-de,ready,,Open
jobs_board_staging.csv,364f587539adea3a,arbeitsagentur-de,ready,,Open
jobs_board_staging.csv,68a6e156c369f52a,arbeitsagentur-de,ready,,Pass_language
jobs_board_staging.csv,9c40975f1227dcde,arbeitsagentur-de,ready,,Pass_language
jobs_board_staging.csv,f4a41025e93d8a0e,arbeitsagentur-de,ready,,Open
jobs_board_staging.csv,bce43b3f6476c6eb,arbeitsagentur-de,ready,,Open
jobs_board_staging.csv,1edf42856218da89,arbeitsagentur-de,ready,,Pass_language
jobs_board_staging.csv,4165148669a292de,jobs-cz,ready,,Open
jobs_board_staging.csv,589b82b43fb617a7,jobs-cz,ready,,Open
jobs_board_staging.csv,93ab1765ba14a1a7,mpsv-open-data-cz,review,duplicate_vacancy_url,Open
jobs_board_staging.csv,dece0f41c7257be2,mpsv-open-data-cz,review,duplicate_vacancy_url,Open
jobs_board_staging.csv,cc32a0c7f0a34857,mpsv-open-data-cz,review,duplicate_vacancy_url,Open
jobs_board_staging.csv,07ea26466cd1ff8d,mpsv-open-data-cz,review,duplicate_vacancy_url,Open
jobs_board_staging.csv,6c54333f101f651c,mpsv-open-data-cz,review,duplicate_vacancy_url,Open
jobs_board_staging.csv,f38ec53d0cdf4244,mpsv-open-data-cz,review,thin_description;duplicate_vacancy_url,Open
jobs_board_staging.csv,534242036379c286,mpsv-open-data-cz,review,duplicate_vacancy_url,Open
jobs_board_staging.csv,3283749033280580,mpsv-open-data-cz,review,duplicate_vacancy_url,Open
jobs_board_staging.csv,adfc7c81be999556,mpsv-open-data-cz,review,duplicate_vacancy_url,Open
jobs_board_staging.csv,6e206afd70bfb45b,jobwinner-ch,ready,,Open
jobs_board_staging.csv,0dfb90cf40b7d3ee,jobwinner-ch,ready,,Open
jobs_board_staging.csv,20fd368258a220ae,jobwinner-ch,ready,,Open
jobs_board_staging.csv,99db17adcb7cf1f7,jobwinner-ch,ready,,Open
jobs_board_staging.csv,fc9e910392cfa641,willhaben-at,ready,,Open
jobs_board_staging.csv,d92b9e75eb2ff4ec,willhaben-at,ready,,Open
jobs_board_staging.csv,46006d8f7670eda7,karriere-at,ready,,Open
jobs_board_staging.csv,3dc5538a380e6ce2,karriere-at,ready,,Pass_language
jobs_board_staging.csv,6455b8721994f16e,karriere-at,ready,,Pass_language
jobs_board_staging.csv,35113dde996b2081,karriere-at,ready,,Open
jobs_board_staging.csv,38d2a6d2e986d166,stellenanzeigen-de,ready,,Pass_language
jobs_board_staging.csv,c1e1527a74ada28d,stellenanzeigen-de,ready,,Open
jobs_board_staging.csv,10165b9fe6781170,arbeitsagentur-de,ready,,Open
jobs_board_staging.csv,44c07207c1267db5,arbeitsagentur-de,ready,,Open
jobs_board_staging.csv,b4a97f22fee3efb3,arbeitsagentur-de,ready,,Open
jobs_board_staging.csv,44f31e257807d35d,arbeitsagentur-de,ready,,Open
jobs_board_staging.csv,761ea71c9ddbcc56,jobs-cz,ready,,Open
jobs_board_staging.csv,5cd713f5addc590c,jobs-cz,ready,,Open
jobs_board_staging.csv,f1bca9bb81c1c41d,jobs-cz,ready,,Open
jobs_board_staging.csv,ef11b27733602203,jobs-cz,ready,,Open
jobs_board_staging.csv,37a5d4bbbe12470e,mpsv-open-data-cz,review,duplicate_vacancy_url,Open
jobs_board_staging.csv,b53b5ab8d3df02b4,jobwinner-ch,ready,,Pass_language
jobs_board_staging.csv,da70d7b71f292e57,jobwinner-ch,ready,,Open
jobs_board_staging.csv,65b98c7976e8d55a,karriere-at,ready,,Open
jobs_board_staging.csv,f22de42810a3c257,stellenanzeigen-de,ready,,Open
jobs_board_staging.csv,f453d7044ab52fb5,stellenanzeigen-de,ready,,Pass_language
jobs_board_staging.csv,538e8ad0b66efef1,arbeitsagentur-de,ready,,Open
jobs_board_staging.csv,5a865dbb620f1dd4,barona-fi,ready,,Open
jobs_board_staging.csv,bcfda180ca0d8cbb,jobunivers-dk,review,duplicate_vacancy_url,Open
jobs_board_staging.csv,0843a034264f2e28,jobunivers-dk,review,duplicate_vacancy_url,Open
jobs_board_staging.csv,a7530a1eb1c24a7c,jobunivers-dk,review,duplicate_vacancy_url,Open
jobs_board_staging.csv,76757a6ec76d0d68,jobunivers-dk,review,duplicate_vacancy_url,Open
jobs_board_staging.csv,1c0c16890098cfa1,jobunivers-dk,review,duplicate_vacancy_url,Open
jobs_board_staging.csv,d3cf5b3393b71b96,jobunivers-dk,review,duplicate_vacancy_url,Open
jobs_board_staging.csv,3bec3731b9f0571c,jobunivers-dk,review,duplicate_vacancy_url,Open
jobs_board_staging.csv,bcf4b58b1c94a893,jobunivers-dk,review,duplicate_vacancy_url,Open
jobs_board_staging.csv,3758b0268dfa31c9,jobbsafari-no,ready,,Open
jobs_board_staging.csv,9e3b021598443c28,jobbsafari-no,ready,,Open
jobs_board_staging.csv,0ad4f38ba6fb329e,jobbsafari-no,ready,,Open
jobs_board_staging.csv,daea9e85342ff14d,jobbsafari-no,ready,,Open
jobs_board_staging.csv,98120e6054c78c10,jobbsafari-no,ready,,Open
jobs_board_staging.csv,c473777e799396b2,jobbsafari-no,ready,,Open
jobs_board_staging.csv,09c245c8f5a3b41b,jobbsafari-no,ready,,Open
jobs_board_staging.csv,5245c5ef0e4dc089,ledigajobb-se,ready,,Open
jobs_board_staging.csv,63752f00523a3f3a,ledigajobb-se,ready,,Open
jobs_board_staging.csv,f8da7b8f9a7ed09c,ledigajobb-se,ready,,Open
jobs_board_staging.csv,b1a19c91c7d498ee,ledigajobb-se,ready,,Open
jobs_board_staging.csv,325865aa37e39670,ledigajobb-se,ready,,Open
jobs_board_staging.csv,c32d9f6ba8dff11b,ledigajobb-se,ready,,Open
jobs_board_staging.csv,31de27f929343f98,ledigajobb-se,ready,,Open
jobs_board_staging.csv,fc4875c4b2c5d6d4,ledigajobb-se,ready,,Pass_language
jobs_board_staging.csv,5e4c79325ab38acc,ledigajobb-se,ready,,Open
jobs_board_staging.csv,d41ef3b70e4cc0ba,ledigajobb-se,ready,,Open
jobs_board_staging.csv,ecffc186e6b4ebde,ledigajobb-se,ready,,Open
jobs_board_staging.csv,22b757a91bb85a74,ledigajobb-se,ready,,Open
jobs_board_staging.csv,55717bdd29577e2f,ledigajobb-se,ready,,Open
jobs_board_staging.csv,c1f65292a38dbbfb,ledigajobb-se,ready,,Open
jobs_board_staging.csv,b7ea4c0e67451c28,ledigajobb-se,ready,,Open
jobs_board_staging.csv,7d0427021e018521,ledigajobb-se,ready,,Open
jobs_board_staging.csv,8c6454df48202fde,ledigajobb-se,ready,,Open
jobs_board_staging.csv,2335b3080978f970,ledigajobb-se,ready,,Open
jobs_board_staging.csv,331a67e6f6c2f915,ledigajobb-se,ready,,Open
jobs_board_staging.csv,bd912ed1907adec1,ledigajobb-se,ready,,Open
jobs_board_staging.csv,4bd8d89cd934bb34,ledigajobb-se,ready,,Open
jobs_board_staging.csv,19f32ef19886bd06,ledigajobb-se,ready,,Open
jobs_board_staging.csv,122569a37a85b0ef,ledigajobb-se,ready,,Open
jobs_board_staging.csv,3259159fd54848b5,ledigajobb-se,ready,,Open
jobs_board_staging.csv,b3ce72dda3f08d88,ledigajobb-se,ready,,Pass_language
jobs_board_staging.csv,baf4d3c45af3a3a4,ledigajobb-se,ready,,Open
jobs_board_staging.csv,ec5764f327ecf9c3,jobbland-se,ready,,Open
jobs_board_staging.csv,8f3d254a4ec3966f,jobbland-se,ready,,Open
jobs_board_staging.csv,26d87a74845e15a1,jobbland-se,ready,,Pass_language
jobs_board_staging.csv,7420653f147e9428,jobbland-se,ready,,Open
jobs_board_staging.csv,cc91679fc1e8512b,jobbland-se,ready,,Open
jobs_board_staging.csv,a964c33725e196a2,jobbland-se,ready,,Pass_language
jobs_board_staging.csv,bb97ffbf13e4902b,jobbland-se,ready,,Open
jobs_board_staging.csv,fdb3635fde86adcf,jobbland-se,ready,,Open
jobs_board_staging.csv,17f9025c4a157171,jobbland-se,ready,,Open
jobs_board_staging.csv,143017f57893dc11,jobbland-se,ready,,Open
jobs_board_staging.csv,75ade1a5d1429972,jobbland-se,ready,,Open
jobs_board_staging.csv,7a09ceda6627a494,jobbland-se,ready,,Open
jobs_board_staging.csv,fa7237d6213ee866,jobbland-se,ready,,Open
jobs_board_staging.csv,af909ef6f99fe3b8,platsbanken-se,ready,,Open
jobs_board_staging.csv,28ad412e06b49869,platsbanken-se,ready,,Pass_language
jobs_board_staging.csv,a3d1367b7bf47685,platsbanken-se,ready,,Open
jobs_board_staging.csv,18d52c9d271521ff,platsbanken-se,ready,,Open
jobs_board_staging.csv,d88adb22fce5a90d,platsbanken-se,ready,,Open
jobs_board_staging.csv,607a1c2c7c7d72c4,platsbanken-se,ready,,Open
jobs_board_staging.csv,b8b40392c5844080,platsbanken-se,ready,,Open
jobs_board_staging.csv,802a5a05efca6b26,platsbanken-se,ready,,Open
jobs_board_staging.csv,663fb576df3f3bd1,platsbanken-se,ready,,Open
jobs_board_staging.csv,f7d3fb316585d9ac,platsbanken-se,ready,,Pass_language
jobs_board_staging.csv,afa3d535a7054e97,platsbanken-se,ready,,Open
jobs_board_staging.csv,3c513082af4320a8,platsbanken-se,ready,,Open
jobs_board_staging.csv,28a45ec416eb38b0,platsbanken-se,ready,,Open
jobs_board_staging.csv,697494e9b790c3a4,platsbanken-se,ready,,Open
jobs_board_staging.csv,ac442095984ccb4d,platsbanken-se,ready,,Open
jobs_board_staging.csv,9aa453c7a84f5eaf,platsbanken-se,ready,,Open
jobs_board_staging.csv,c04705fce60dd537,platsbanken-se,ready,,Open
jobs_board_staging.csv,8f2045ef8629ada4,platsbanken-se,ready,,Open
jobs_board_staging.csv,5e04281aaf3b1f4f,platsbanken-se,ready,,Open
jobs_board_staging.csv,6d15b55efcfec50d,platsbanken-se,ready,,Open
jobs_board_staging.csv,e8c8e5b5ecc82ac0,platsbanken-se,ready,,Open
jobs_board_staging.csv,d73de080d31e6634,platsbanken-se,ready,,Open
jobs_board_staging.csv,1a9b8659eba37f18,platsbanken-se,ready,,Open
jobs_board_staging.csv,4fbaf9d573aac01f,platsbanken-se,ready,,Open
jobs_board_staging.csv,7be809421a2a1253,platsbanken-se,ready,,Open
jobs_board_staging.csv,1250813e72612052,platsbanken-se,ready,,Open
jobs_board_staging.csv,5260e3b296f5ba18,platsbanken-se,ready,,Open
jobs_board_staging.csv,80205072a1dec32f,platsbanken-se,ready,,Open
jobs_board_staging.csv,da2dabc14cbc6cd0,platsbanken-se,ready,,Open
jobs_board_staging.csv,e4146c6bff4f1637,platsbanken-se,ready,,Open
jobs_board_staging.csv,4b16dae6fa288a40,platsbanken-se,ready,,Open
jobs_board_staging.csv,c562ef97dbc614e5,platsbanken-se,ready,,Open
jobs_board_staging.csv,54538d5bcabc12c7,platsbanken-se,ready,,Open
jobs_board_staging.csv,3d900a385456e3cd,platsbanken-se,ready,,Open
jobs_board_staging.csv,81c01f3480e29fae,jobserve-uk,ready,,Open
jobs_board_staging.csv,f377d4dea51c89cf,jobserve-uk,review,missing_or_invalid_company,Open
jobs_board_staging.csv,31eaf77d754b23a1,jobserve-uk,review,missing_or_invalid_company,Open
jobs_board_staging.csv,247085c7ae257160,jobserve-uk,ready,,Open
jobs_board_staging.csv,c2998d3d0aaefebf,nzz-jobs-ch,ready,,Open
jobs_board_staging.csv,47d7c17f27100480,nzz-jobs-ch,ready,,Open
jobs_board_staging.csv,e10da4a6889b81a9,jobwinner-ch,ready,,Open
jobs_board_staging.csv,4972e6d5ddddd0fb,jobwinner-ch,ready,,Pass_language
jobs_board_staging.csv,d87973faa322f78d,jobwinner-ch,ready,,Open
jobs_board_staging.csv,aa8b896daad8a411,jobwinner-ch,ready,,Open
jobs_board_staging.csv,930d586b67473cc7,jobwinner-ch,ready,,Open
jobs_board_staging.csv,9c72ea1a36529346,jobwinner-ch,ready,,Open
jobs_board_staging.csv,6ca2d2e1e629ada6,jobwinner-ch,ready,,Open
jobs_board_staging.csv,28291c28998921ce,jobwinner-ch,ready,,Open
jobs_board_staging.csv,ef8bffb461fc1278,jobwinner-ch,ready,,Open
jobs_board_staging.csv,898010adb3f0f0cd,jobwinner-ch,ready,,Pass_language
jobs_board_staging.csv,16065f094320ccd6,jobwinner-ch,ready,,Open
jobs_board_staging.csv,75f4f7e6f84584cb,jobwinner-ch,ready,,Pass_language
jobs_board_staging.csv,4f8befe6f281fa10,jobwinner-ch,ready,,Open
jobs_board_staging.csv,167d532316573705,jobwinner-ch,ready,,Pass_language
jobs_board_staging.csv,4ecc1fedb299cad2,jobwinner-ch,ready,,Open
jobs_board_staging.csv,4102f740e8ab2a90,jobwinner-ch,ready,,Pass_language
jobs_board_staging.csv,575e1bbb46f845bf,jobwinner-ch,ready,,Open
jobs_board_staging.csv,6af71640a41b2d12,jobwinner-ch,ready,,Open
jobs_board_staging.csv,151b3952255877bd,jobwinner-ch,ready,,Pass_language
jobs_board_staging.csv,aed5551ff3a8bb7e,jobwinner-ch,ready,,Open
jobs_board_staging.csv,60b3b3f579e2af81,jobwinner-ch,ready,,Open
jobs_board_staging.csv,56c44bccea0137e9,jobwinner-ch,ready,,Open
jobs_board_staging.csv,4adeec0fb27226ff,jobwinner-ch,ready,,Open
jobs_board_staging.csv,c84189286f407be5,jobwinner-ch,ready,,Open
jobs_board_staging.csv,c8d58801937b30d5,jobwinner-ch,ready,,Open
jobs_board_staging.csv,b96e16a8dcb67df8,jobwinner-ch,ready,,Open
jobs_board_staging.csv,41445bc20685b14f,jobwinner-ch,ready,,Open
jobs_board_staging.csv,c414ca21570505af,jobwinner-ch,ready,,Open
jobs_board_staging.csv,2c4f9da7ff17f714,jobwinner-ch,ready,,Open
jobs_board_staging.csv,41d09daf0319148b,jobwinner-ch,ready,,Open
jobs_board_staging.csv,daadf915b13a38a2,jobwinner-ch,ready,,Open
jobs_board_staging.csv,d64b5caeb496a45d,jobwinner-ch,ready,,Open
jobs_board_staging.csv,9083029f7183ff27,jobwinner-ch,ready,,Open
jobs_board_staging.csv,ec6ae7c43049e4a1,jobwinner-ch,ready,,Open
jobs_board_staging.csv,220b633ead9e6fe8,jobwinner-ch,ready,,Open
jobs_board_staging.csv,84e342828759a8dd,jobwinner-ch,ready,,Open
jobs_board_staging.csv,050d221b0c4376a1,jobwinner-ch,ready,,Open
jobs_board_staging.csv,648530f553bb5bb6,jobwinner-ch,ready,,Open
jobs_board_staging.csv,b1821751877ddc1f,jobwinner-ch,ready,,Open
jobs_board_staging.csv,582336d52041876b,jobwinner-ch,ready,,Open
jobs_board_staging.csv,632476b93b79b8d9,jobwinner-ch,ready,,Pass_language
jobs_board_staging.csv,0b981e4881f17dbd,jobwinner-ch,ready,,Open
jobs_board_staging.csv,e2ce2e4e69325f85,jobwinner-ch,ready,,Pass_language
jobs_board_staging.csv,5c52e20e89a4b06d,jobwinner-ch,ready,,Pass_language
jobs_board_staging.csv,1f0c1f01db70a502,jobwinner-ch,ready,,Open
jobs_board_staging.csv,699595d81c6a0167,jobwinner-ch,ready,,Open
jobs_board_staging.csv,4d8e2daae55f1176,jobwinner-ch,ready,,Open
jobs_board_staging.csv,985d843295af345f,jobwinner-ch,ready,,Pass_language
jobs_board_staging.csv,f2f9e151ae64841a,jobwinner-ch,ready,,Pass_language
jobs_board_staging.csv,0445943e63d4e779,jobwinner-ch,ready,,Pass_language
jobs_board_staging.csv,c43e2a895a791e93,jobwinner-ch,ready,,Pass_language
jobs_board_staging.csv,18de1355464a1ff9,jobwinner-ch,ready,,Open
jobs_board_staging.csv,1e38900f93a97cd8,jobwinner-ch,ready,,Open
jobs_board_staging.csv,333f8bc2545ec327,jobwinner-ch,ready,,Open
jobs_board_staging.csv,6304d6cd24ee7f58,jobwinner-ch,ready,,Open
jobs_board_staging.csv,3e6e83ffb42cdfc6,jobwinner-ch,ready,,Open
jobs_board_staging.csv,41a8fa23fafb2cdc,jobwinner-ch,ready,,Pass_language
jobs_board_staging.csv,cdda0389658fe7ed,jobwinner-ch,ready,,Open
jobs_board_staging.csv,56a86cea26f2c9b6,jobwinner-ch,ready,,Open
jobs_board_staging.csv,42b9c9df5ff2a2a4,jobwinner-ch,ready,,Open
jobs_board_staging.csv,14be2cd8ffb82e9a,jobwinner-ch,ready,,Open
jobs_board_staging.csv,5f6659b827c49216,jobwinner-ch,ready,,Pass_language
jobs_board_staging.csv,e9e757099eee1e65,jobwinner-ch,ready,,Pass_language
jobs_board_staging.csv,8e56da67cae62f16,jobwinner-ch,ready,,Open
jobs_board_staging.csv,13c7ceaa44324341,jobwinner-ch,ready,,Pass_language
jobs_board_staging.csv,10adeb24b16c00ca,jobwinner-ch,ready,,Pass_language
jobs_board_staging.csv,77a99ae018329211,jobwinner-ch,ready,,Open
jobs_board_staging.csv,93f6f757001a5322,jobwinner-ch,ready,,Open
jobs_board_staging.csv,bda182fae461dd6d,jobwinner-ch,ready,,Pass_language
jobs_board_staging.csv,6969fc5caeed27c6,jobwinner-ch,ready,,Pass_language
jobs_board_staging.csv,65c23a3a01da2943,jobwinner-ch,ready,,Open
jobs_board_staging.csv,148e7e55f60ab83c,jobwinner-ch,ready,,Pass_language
jobs_board_staging.csv,f494fb06e2171159,jobwinner-ch,ready,,Open
jobs_board_staging.csv,e54510ad63a00745,jobwinner-ch,ready,,Pass_language
jobs_board_staging.csv,21bce81fe4848c44,willhaben-at,ready,,Open
jobs_board_staging.csv,f52ef8388b3e1d0d,willhaben-at,ready,,Open
jobs_board_staging.csv,7562d8a1ff9e518f,willhaben-at,ready,,Open
jobs_board_staging.csv,1911050f6b46f7a1,willhaben-at,ready,,Open
jobs_board_staging.csv,9a0d691eeac843b9,willhaben-at,ready,,Pass_language
jobs_board_staging.csv,8ae44da671f935fe,willhaben-at,ready,,Open
jobs_board_staging.csv,bfe2564512ba1b05,karriere-at,ready,,Open
jobs_board_staging.csv,6c8d38bce692ccc5,karriere-at,ready,,Open
jobs_board_staging.csv,dca1d7fcc0eae49b,karriere-at,ready,,Open
jobs_board_staging.csv,6e15888c224a48bc,karriere-at,ready,,Open
jobs_board_staging.csv,978830ae2a94c651,karriere-at,ready,,Pass_language
jobs_board_staging.csv,63e97243a8582388,karriere-at,ready,,Open
jobs_board_staging.csv,2a216922bd6735be,karriere-at,ready,,Open
jobs_board_staging.csv,973bef403b518089,karriere-at,ready,,Pass_language
jobs_board_staging.csv,61a75fb5d2102674,karriere-at,ready,,Open
jobs_board_staging.csv,20df7f6e77e0b393,karriere-at,ready,,Open
jobs_board_staging.csv,5fc242e0a1166320,karriere-at,ready,,Open
jobs_board_staging.csv,59c8d04522949367,karriere-at,ready,,Open
jobs_board_staging.csv,92f5f1dc39a34144,karriere-at,ready,,Open
jobs_board_staging.csv,62925cce400d2964,karriere-at,ready,,Open
jobs_board_staging.csv,cfb96003b3b2950c,karriere-at,ready,,Open
jobs_board_staging.csv,ad0d08994f3f1226,karriere-at,ready,,Open
jobs_board_staging.csv,3076d1764e2e8f0a,karriere-at,ready,,Open
jobs_board_staging.csv,34965031be582889,karriere-at,ready,,Open
jobs_board_staging.csv,9e134114be50365a,karriere-at,ready,,Open
jobs_board_staging.csv,78eef1f55291ccef,karriere-at,ready,,Open
jobs_board_staging.csv,5684b5d37b08db82,karriere-at,ready,,Open
jobs_board_staging.csv,d33a130f99935d9e,karriere-at,ready,,Open
jobs_board_staging.csv,7281b8aec0e31f3c,karriere-at,ready,,Open
jobs_board_staging.csv,7e98f9b2f68de558,karriere-at,ready,,Open
jobs_board_staging.csv,b8e8e736f4178297,karriere-at,ready,,Open
jobs_board_staging.csv,eeaa39e7047c72f3,karriere-at,ready,,Open
jobs_board_staging.csv,195258288c1b5cda,karriere-at,ready,,Open
jobs_board_staging.csv,a10f08c62301ad5b,karriere-at,ready,,Open
jobs_board_staging.csv,cbd65125d234b518,karriere-at,ready,,Open
jobs_board_staging.csv,cfc33e00f076c4d9,karriere-at,ready,,Open
jobs_board_staging.csv,d361494736db8ffd,karriere-at,ready,,Open
jobs_board_staging.csv,4a7035d800cc4132,karriere-at,ready,,Open
jobs_board_staging.csv,86016cf0ceafea0c,karriere-at,ready,,Pass_language
jobs_board_staging.csv,5ffd3927cf8b04d6,karriere-at,ready,,Pass_language
jobs_board_staging.csv,91d334870c31a0b9,karriere-at,ready,,Open
jobs_board_staging.csv,aea0ecb010eb9901,karriere-at,ready,,Pass_language
jobs_board_staging.csv,405b9292509f111a,karriere-at,ready,,Open
jobs_board_staging.csv,83df7314ad5cd725,karriere-at,ready,,Open
jobs_board_staging.csv,cde7dd554223c3dc,karriere-at,ready,,Pass_language
jobs_board_staging.csv,ebcaced5fd3aa148,karriere-at,ready,,Open
jobs_board_staging.csv,bcf8bca26038db38,karriere-at,ready,,Open
jobs_board_staging.csv,36e51d7738deafab,karriere-at,ready,,Open
jobs_board_staging.csv,0de3855742b065fe,karriere-at,ready,,Open
jobs_board_staging.csv,955d0e7077689311,stellenanzeigen-de,ready,,Open
jobs_board_staging.csv,4d3f6322ed63590f,stellenanzeigen-de,ready,,Open
jobs_board_staging.csv,46f35907e6f18bc8,stellenanzeigen-de,ready,,Open
jobs_board_staging.csv,b81bf7837bb61f4f,stellenanzeigen-de,ready,,Open
jobs_board_staging.csv,fe47f8754b44b48f,stellenanzeigen-de,ready,,Open
jobs_board_staging.csv,5e47b64ce33b2fc6,stellenanzeigen-de,ready,,Pass_language
jobs_board_staging.csv,2a4d82dccd1a9fc2,stellenanzeigen-de,ready,,Pass_language
jobs_board_staging.csv,a631e5aff74f736f,stellenanzeigen-de,ready,,Pass_language
jobs_board_staging.csv,e83387d86dc327c1,stellenanzeigen-de,ready,,Pass_language
jobs_board_staging.csv,ad55ce21a80d9e54,stellenanzeigen-de,ready,,Open
jobs_board_staging.csv,bd8682afdcff57b6,stellenanzeigen-de,ready,,Open
jobs_board_staging.csv,bf710158b29a7fe6,stellenanzeigen-de,ready,,Open
jobs_board_staging.csv,786852c0ea53b51a,stellenanzeigen-de,ready,,Pass_language
jobs_board_staging.csv,b5dd2233f9c8c345,stellenanzeigen-de,ready,,Open
jobs_board_staging.csv,53fa1abfd81d4153,stellenanzeigen-de,ready,,Pass_language
jobs_board_staging.csv,e04c0d812f5411b1,stellenanzeigen-de,ready,,Pass_language
jobs_board_staging.csv,57ff31a0553014c3,stellenanzeigen-de,ready,,Open
jobs_board_staging.csv,1fb3cea9312b4d23,stellenanzeigen-de,ready,,Open
jobs_board_staging.csv,d746e22965f0e920,stellenanzeigen-de,ready,,Open
jobs_board_staging.csv,e2751fc30c9dd08d,stellenanzeigen-de,ready,,Open
jobs_board_staging.csv,abf16e994337a267,stellenanzeigen-de,ready,,Open
jobs_board_staging.csv,b98eda71a3dd1a24,stellenanzeigen-de,ready,,Open
jobs_board_staging.csv,b4e025c1f1dd0dbe,arbeitsagentur-de,ready,,Open
jobs_board_staging.csv,2f80ff70227f5b3c,arbeitsagentur-de,ready,,Open
jobs_board_staging.csv,5d19526d5eb63faa,arbeitsagentur-de,ready,,Open
jobs_board_staging.csv,5bc881dd2f846b8f,arbeitsagentur-de,ready,,Open
jobs_board_staging.csv,99374b358a657770,arbeitsagentur-de,ready,,Open
jobs_board_staging.csv,4a25a309ea73aa19,arbeitsagentur-de,ready,,Open
jobs_board_staging.csv,f71a6d978e965eb6,arbeitsagentur-de,ready,,Pass_language
jobs_board_staging.csv,8dab67d2c6aff654,arbeitsagentur-de,ready,,Pass_language
jobs_board_staging.csv,d16b0870e8ca7b7a,arbeitsagentur-de,ready,,Pass_language
jobs_board_staging.csv,4e192bc2afa5249a,arbeitsagentur-de,ready,,Pass_language
jobs_board_staging.csv,5688e7d800f55629,arbeitsagentur-de,ready,,Pass_language
jobs_board_staging.csv,3f6e957d5e7d4070,arbeitsagentur-de,ready,,Pass_language
jobs_board_staging.csv,720de64be0f70230,arbeitsagentur-de,ready,,Open
jobs_board_staging.csv,f88d00f57d5a2211,arbeitsagentur-de,ready,,Open
jobs_board_staging.csv,f702f2af00512a57,arbeitsagentur-de,ready,,Open
jobs_board_staging.csv,534af3f2bcb1cb09,arbeitsagentur-de,ready,,Open
jobs_board_staging.csv,0043a4ff5d587edf,arbeitsagentur-de,ready,,Open
jobs_board_staging.csv,02802b44bb35889b,arbeitsagentur-de,ready,,Pass_language
jobs_board_staging.csv,c0744455aed7fcaa,arbeitsagentur-de,ready,,Open
jobs_board_staging.csv,0d63ddd477ce69e2,arbeitsagentur-de,ready,,Open
jobs_board_staging.csv,d6ac4143b0e13ab2,arbeitsagentur-de,ready,,Open
jobs_board_staging.csv,e64f1da9f07f06b2,arbeitsagentur-de,ready,,Open
jobs_board_staging.csv,529a497b480b6111,arbeitsagentur-de,ready,,Open
jobs_board_staging.csv,b652d19558222843,arbeitsagentur-de,ready,,Open
jobs_board_staging.csv,9ff4c8500b984973,arbeitsagentur-de,ready,,Open
jobs_board_staging.csv,78421bbea0aeaf53,arbeitsagentur-de,ready,,Pass_language
jobs_board_staging.csv,61f49a2397100f24,arbeitsagentur-de,ready,,Open
jobs_board_staging.csv,5b9c2c1b18e78338,arbeitsagentur-de,ready,,Open
jobs_board_staging.csv,2b07a0a3310a667a,arbeitsagentur-de,ready,,Open
jobs_board_staging.csv,4c53315861e71838,arbeitsagentur-de,ready,,Open
jobs_board_staging.csv,b7bf57ced055be5a,arbeitsagentur-de,ready,,Open
jobs_board_staging.csv,b39bdacaa679b049,jobs-cz,ready,,Open
jobs_board_staging.csv,6911ea7241bf73f8,jobs-cz,ready,,Open
jobs_board_staging.csv,e94b6f46500aaaa4,jobs-cz,ready,,Open
jobs_board_staging.csv,a4d1816b9f7ded0c,jobs-cz,ready,,Open
jobs_board_staging.csv,1466274ae7657235,jobs-cz,ready,,Open
jobs_board_staging.csv,f78a0af755783f7d,mpsv-open-data-cz,review,thin_description;duplicate_vacancy_url,Open
jobs_board_staging.csv,9a14e5a3705d1d42,mpsv-open-data-cz,review,duplicate_vacancy_url,Open
jobs_board_staging.csv,52592badf5dc87f0,mpsv-open-data-cz,review,duplicate_vacancy_url,Open
jobs_board_staging.csv,b6f33d6cd554e415,mpsv-open-data-cz,review,duplicate_vacancy_url,Open
jobs_board_staging.csv,32cf4b46e27543cb,mpsv-open-data-cz,review,duplicate_vacancy_url,Open
jobs_board_staging.csv,757bd282b831bb85,mpsv-open-data-cz,review,duplicate_vacancy_url,Open
jobs_board_staging.csv,57e07762df94aec7,mpsv-open-data-cz,review,duplicate_vacancy_url,Open
jobs_board_staging.csv,539f9fcf87a2a8f0,mpsv-open-data-cz,review,duplicate_vacancy_url,Open
jobs_board_staging.csv,f3c106325ecec5fc,mpsv-open-data-cz,review,duplicate_vacancy_url,Open
jobs_board_staging.csv,abc58dedbea42157,mpsv-open-data-cz,review,duplicate_vacancy_url,Open
jobs_board_staging.csv,5c262d3814e9b304,mpsv-open-data-cz,review,duplicate_vacancy_url,Open
jobs_board_staging.csv,f3ba30e621a34dee,mpsv-open-data-cz,review,thin_description;duplicate_vacancy_url,Open
jobs_board_staging.csv,ead5bc2f6d18a1d8,mpsv-open-data-cz,review,duplicate_vacancy_url,Open
jobs_board_staging.csv,a373ed796847299f,mpsv-open-data-cz,review,duplicate_vacancy_url,Open
jobs_board_staging.csv,12c63b6a79571835,mpsv-open-data-cz,review,duplicate_vacancy_url,Open
jobs_board_staging.csv,956d829fc909ecc5,mpsv-open-data-cz,review,duplicate_vacancy_url,Open
jobs_board_staging.csv,5a926d888c461967,mpsv-open-data-cz,review,duplicate_vacancy_url,Open
jobs_board_staging.csv,7a065b70dd9a9fc5,mpsv-open-data-cz,review,duplicate_vacancy_url,Open
jobs_board_staging.csv,0555eeb64db812f3,mpsv-open-data-cz,review,duplicate_vacancy_url,Open
jobs_board_staging.csv,065eec971f881787,mpsv-open-data-cz,review,duplicate_vacancy_url,Open
jobs_board_staging.csv,d2c06e87db10914f,mpsv-open-data-cz,review,duplicate_vacancy_url,Open
jobs_board_staging.csv,251d234616d7af0f,mpsv-open-data-cz,review,duplicate_vacancy_url,Open
jobs_board_staging.csv,04c0ebe1a87f304e,stellenanzeigen-de,ready,,Open
jobs_board_staging.csv,656f39040402236a,stellenanzeigen-de,ready,,Open
jobs_board_staging.csv,1e272820bb8525be,platsbanken-se,ready,,Open
jobs_board_staging.csv,ceaf6f004ffc3d0c,jobwinner-ch,ready,,Pass_language
jobs_board_staging.csv,9815fbfe90f28b4e,jobwinner-ch,ready,,Open
jobs_board_staging.csv,7182f97187814c9e,jobwinner-ch,ready,,Open
jobs_board_staging.csv,6a5daf2739ad0b21,karriere-at,ready,,Open
jobs_board_staging.csv,1309994d372d5294,stellenanzeigen-de,ready,,Open
jobs_board_staging.csv,7bdf60f752bded45,arbeitsagentur-de,ready,,Open
jobs_board_staging.csv,d800a380c6741cdd,arbeitsagentur-de,ready,,Pass_language
jobs_board_staging.csv,53d2f2963c6a9ee9,arbeitsagentur-de,ready,,Open
jobs_board_staging.csv,963a89c5077b1b48,arbeitsagentur-de,ready,,Open
jobs_board_staging.csv,03835c09ff7141e3,jobs-cz,ready,,Open
jobs_board_staging.csv,6df221c3fb02b80d,mpsv-open-data-cz,review,thin_description;duplicate_vacancy_url,Open
jobs_board_staging.csv,da2c490e77d18bde,mpsv-open-data-cz,review,thin_description;duplicate_vacancy_url,Open
jobs_board_staging.csv,dca8823f26357912,mpsv-open-data-cz,review,duplicate_vacancy_url,Open
jobs_board_staging.csv,bfb15167855a6c1f,arbeitsagentur-de,ready,,Open
jobs_board_staging.csv,d0eb62243765c307,mpsv-open-data-cz,review,duplicate_vacancy_url,Open
jobs_board_staging.csv,ea0a8994ac0f4ff1,platsbanken-se,ready,,Open
jobs_board_staging.csv,3c737a991afb54c6,stellenanzeigen-de,ready,,Open
jobs_board_staging.csv,c2daec4ba27eee8f,jobunivers-dk,review,duplicate_vacancy_url,Pass_language
jobs_board_staging.csv,56dc94f926f1fcd3,ledigajobb-se,ready,,Open
jobs_board_staging.csv,de2de5ce817cd57b,ledigajobb-se,ready,,Open
jobs_board_staging.csv,3a2d39abb660959f,ledigajobb-se,ready,,Open
jobs_board_staging.csv,f8e06a07af43f36f,ledigajobb-se,ready,,Open
jobs_board_staging.csv,3f0d00188366c58d,jobbland-se,ready,,Open
jobs_board_staging.csv,7ed36efe3da6d153,platsbanken-se,ready,,Open
jobs_board_staging.csv,00ff95d103f57ea8,platsbanken-se,ready,,Open
jobs_board_staging.csv,137701ca60588328,platsbanken-se,ready,,Open
jobs_board_staging.csv,d7c39494c762cc75,platsbanken-se,ready,,Open
jobs_board_staging.csv,03530e5146d4b538,platsbanken-se,ready,,Open
jobs_board_staging.csv,9cc1a79c26353027,platsbanken-se,ready,,Open
jobs_board_staging.csv,5bc2609f558b4c4d,platsbanken-se,ready,,Pass_language
jobs_board_staging.csv,af2e62e001d7fa02,platsbanken-se,ready,,Open
jobs_board_staging.csv,81a3652b4241414a,platsbanken-se,ready,,Open
jobs_board_staging.csv,0bce5f5e6a008db9,platsbanken-se,ready,,Open
jobs_board_staging.csv,b78e37f69d6234ac,platsbanken-se,ready,,Open
jobs_board_staging.csv,8cef283376c2f612,jobserve-uk,review,missing_or_invalid_company,Open
jobs_board_staging.csv,ae0d09e52a0c5202,jobserve-uk,review,missing_or_invalid_company,Open
jobs_board_staging.csv,8881099bf3c1e577,jobserve-uk,ready,,Open
jobs_board_staging.csv,a157be11aeee225e,jobwinner-ch,ready,,Open
jobs_board_staging.csv,c145206ec7b3ea69,jobwinner-ch,ready,,Open
jobs_board_staging.csv,55b65c03c3e20d61,jobwinner-ch,ready,,Pass_language
jobs_board_staging.csv,da6980b5b601ca92,jobwinner-ch,ready,,Open
jobs_board_staging.csv,3c329c806d6a21d9,jobwinner-ch,ready,,Pass_language
jobs_board_staging.csv,de1e90d218197878,jobwinner-ch,ready,,Open
jobs_board_staging.csv,f5303c0351ab285b,jobwinner-ch,ready,,Open
jobs_board_staging.csv,531b7998e361f442,jobwinner-ch,ready,,Open
jobs_board_staging.csv,bcb52cab17049fde,jobwinner-ch,ready,,Open
jobs_board_staging.csv,8f23873054f5db3c,jobwinner-ch,ready,,Open
jobs_board_staging.csv,e8502d4549d1d491,jobwinner-ch,ready,,Pass_language
jobs_board_staging.csv,524873205ab6e07e,jobwinner-ch,ready,,Open
jobs_board_staging.csv,cd87b85cbcd64b90,jobwinner-ch,ready,,Pass_language
jobs_board_staging.csv,3fadf80851a65e6e,jobwinner-ch,ready,,Open
jobs_board_staging.csv,cb396303d73acf04,jobwinner-ch,ready,,Open
jobs_board_staging.csv,2830a1e4184f0f4a,jobwinner-ch,ready,,Open
jobs_board_staging.csv,0b8df38df2916d48,jobwinner-ch,ready,,Open
jobs_board_staging.csv,8585184008ac3351,jobwinner-ch,ready,,Open
jobs_board_staging.csv,5f2db93444cc071b,karriere-at,ready,,Open
jobs_board_staging.csv,bba57a7b32ec7d5f,karriere-at,ready,,Pass_language
jobs_board_staging.csv,327e6a3f95132719,karriere-at,ready,,Open
jobs_board_staging.csv,29f548bcac19b881,karriere-at,ready,,Pass_language
jobs_board_staging.csv,0f484945a05757b5,karriere-at,ready,,Open
jobs_board_staging.csv,19bd7c3b6ad95819,karriere-at,ready,,Open
jobs_board_staging.csv,035da1125c9e00af,karriere-at,ready,,Open
jobs_board_staging.csv,3f0bf63343babb54,karriere-at,ready,,Open
jobs_board_staging.csv,0c31979ae0690394,stellenanzeigen-de,ready,,Open
jobs_board_staging.csv,e953cc8f396159c2,stellenanzeigen-de,ready,,Open
jobs_board_staging.csv,213425b4b1e26498,stellenanzeigen-de,ready,,Open
jobs_board_staging.csv,79ecf19d33416d06,arbeitsagentur-de,ready,,Open
jobs_board_staging.csv,1b43944b28bf06e9,arbeitsagentur-de,ready,,Open
jobs_board_staging.csv,68c4c952437d7081,arbeitsagentur-de,ready,,Open
jobs_board_staging.csv,7e862349f3c4aa7e,arbeitsagentur-de,ready,,Open
jobs_board_staging.csv,f91b1afd83ab5381,mpsv-open-data-cz,review,duplicate_vacancy_url,Open
jobs_board_staging.csv,1d71c5b1769454b8,mpsv-open-data-cz,review,duplicate_vacancy_url,Open
jobs_board_staging.csv,f3e4a9961652522e,mpsv-open-data-cz,review,duplicate_vacancy_url,Open
jobs_board_staging.csv,9fa0bd35a9e27244,mpsv-open-data-cz,review,thin_description;duplicate_vacancy_url,Open
jobs_board_staging.csv,f445746b51b4b39a,mpsv-open-data-cz,review,duplicate_vacancy_url,Open
jobs_board_staging.csv,aeedd6fa6157287d,platsbanken-se,ready,,Open
jobs_board_staging.csv,a921b0753d8952a8,platsbanken-se,ready,,Open
jobs_board_staging.csv,bddba405028a949d,jobwinner-ch,ready,,Open
jobs_board_staging.csv,ed5266e0fce0cded,jobbsafari-no,ready,,Open
jobs_board_staging.csv,8e0188dfc4d70592,jobwinner-ch,ready,,Open
jobs_board_staging.csv,058f5311886bc080,jobwinner-ch,ready,,Open
jobs_board_staging.csv,3075b4bb2247b7d9,jobwinner-ch,ready,,Open
jobs_board_staging.csv,8616d937284e83e6,jobwinner-ch,ready,,Open
jobs_board_staging.csv,fc7e3ae0ecd44903,jobwinner-ch,ready,,Pass_language
jobs_board_staging.csv,8a907d352d7ae48f,jobwinner-ch,ready,,Open
jobs_board_staging.csv,87a81296544f93a0,jobwinner-ch,ready,,Open
jobs_board_staging.csv,9af595ccba98307f,jobwinner-ch,ready,,Open
jobs_board_staging.csv,30bb485f377f7fd5,arbeitsagentur-de,ready,,Pass_language
jobs_board_staging.csv,a8118272c9629300,karriere-at,ready,,Pass_language
jobs_board_staging.csv,cf18ce8229237147,jobunivers-dk,review,duplicate_vacancy_url,Open
jobs_board_staging.csv,ec73d98bff1abb12,ledigajobb-se,ready,,Open
jobs_board_staging.csv,684a5473204b0887,jobbland-se,ready,,Open
jobs_board_staging.csv,1154e7e55483e6b9,jobserve-uk,review,missing_or_invalid_company,Open
jobs_board_staging.csv,59178dcaa888f3bc,jobwinner-ch,ready,,Open
jobs_board_staging.csv,a39f2cdcd11598ea,jobwinner-ch,ready,,Pass_language
jobs_board_staging.csv,954625871faa8629,jobwinner-ch,ready,,Open
jobs_board_staging.csv,4a694da80b15ab17,jobwinner-ch,ready,,Open
jobs_board_staging.csv,83747e0ced07a538,willhaben-at,ready,,Open
jobs_board_staging.csv,5c1ecd0bccf05717,karriere-at,ready,,Open
jobs_board_staging.csv,680435c59c74fe9d,karriere-at,ready,,Open
jobs_board_staging.csv,cf74ba5c55a067e1,karriere-at,ready,,Open
jobs_board_staging.csv,0b5cecd2c1051f07,jobwinner-ch,ready,,Pass_language
jobs_board_staging.csv,3ab7a3dc6a215acb,jobwinner-ch,ready,,Open
jobs_board_staging.csv,332f2d82f88b73af,jobwinner-ch,ready,,Open
jobs_board_staging.csv,6b9eca6173f55e2f,jobs-cz,ready,,Open
jobs_board_staging.csv,891bb5561be16ff3,mpsv-open-data-cz,review,duplicate_vacancy_url,Open
jobs_board_staging.csv,7f6d00010ee29f67,mpsv-open-data-cz,review,duplicate_vacancy_url,Open
jobs_board_staging.csv,0ae57e8da6cb72ec,karriere-at,ready,,Open
jobs_board_staging.csv,eb5ca44795e6e471,arbeitsagentur-de,ready,,Open
jobs_board_staging.csv,a703998e03bd30dc,jobwinner-ch,ready,,Open
jobs_board_staging.csv,5989715164a8ccc8,jobwinner-ch,ready,,Open
jobs_board_staging.csv,2f5931aa56742ce7,mpsv-open-data-cz,review,duplicate_vacancy_url,Open
jobs_board_staging.csv,fe1cce8c75206a05,jobwinner-ch,ready,,Open
jobs_corporate_staging.csv,5fdbf19c00e1070c,bosch-global,ready,,Open
jobs_corporate_staging.csv,5450b6175a400100,bosch-global,ready,,Open
jobs_corporate_staging.csv,c57445208679d172,statkraft-global,ready,,Open
jobs_corporate_staging.csv,499a0d3021c47a24,shell-global,ready,,Open
jobs_corporate_staging.csv,60d746902649d71f,volvo-group-global,ready,,Open
jobs_corporate_staging.csv,da0fb4654435f53b,astrazeneca-global,ready,,Open
jobs_corporate_staging.csv,e43cc63809660b2f,bosch-global,ready,,Open
jobs_corporate_staging.csv,7b51603b8ace3083,bosch-global,ready,,Open
jobs_corporate_staging.csv,26a2726fa98d206f,bosch-global,ready,,Open
jobs_corporate_staging.csv,c04c3bb1cdb93b5b,bosch-global,ready,,Open
jobs_corporate_staging.csv,4955d434ea07247b,bosch-global,ready,,Open
jobs_corporate_staging.csv,27b7ed720217299c,shell-global,ready,,Open
jobs_corporate_staging.csv,643264e6baa069c8,bosch-global,ready,,Open
jobs_corporate_staging.csv,3e969d190229f73a,vitol-global,ready,,Open
jobs_corporate_staging.csv,e59e13d2dbf94597,volvo-group-global,ready,,Open
jobs_corporate_staging.csv,a9906b059b466249,volvo-group-global,ready,,Open
jobs_corporate_staging.csv,6999a3f64031e1f9,bosch-global,ready,,Open
jobs_corporate_staging.csv,c2d764bdb33b63e8,volvo-group-global,ready,,Open
jobs_corporate_staging.csv,3977a976349de0af,maersk-global,ready,,Open
jobs_corporate_staging.csv,c14d5d2911488561,bosch-global,ready,,Open
jobs_corporate_staging.csv,0f53d769266dfff3,bosch-global,ready,,Open
jobs_corporate_staging.csv,badec77cd3a637e4,bosch-global,ready,,Open
jobs_corporate_staging.csv,390b2df08df8ef3a,rwe-global,ready,,Open
jobs_corporate_staging.csv,2020857c6d02cafb,statkraft-global,ready,,Open
jobs_corporate_staging.csv,299b143d869efcc0,statkraft-global,ready,,Open
jobs_corporate_staging.csv,0bd9009d8faef7a4,statkraft-global,ready,,Open
jobs_corporate_staging.csv,16ea29eb9da76e7c,wipro-global,ready,,Open
jobs_corporate_staging.csv,d11912ee0b0a117e,wipro-global,ready,,Open
jobs_corporate_staging.csv,c3a884085d410709,wipro-global,ready,,Open
jobs_corporate_staging.csv,031d990d5486ed67,bosch-global,ready,,Open
jobs_corporate_staging.csv,5a53cad6e5bf8781,continental-global,ready,,Open
jobs_corporate_staging.csv,38c767f368520a45,vattenfall-global,ready,,Open
jobs_corporate_staging.csv,628c2a0736f727d8,vattenfall-global,ready,,Open
jobs_corporate_staging.csv,ed933f9a17392521,wipro-global,ready,,Open
jobs_corporate_staging.csv,249095331bcbe092,bosch-global,ready,,Open
jobs_corporate_staging.csv,36544ca8ae9b26b5,rwe-global,ready,,Open
jobs_corporate_staging.csv,361e5f2543d40551,volvo-group-global,ready,,Open
jobs_corporate_staging.csv,44580e9c5503aa2e,volvo-group-global,ready,,Open
jobs_corporate_staging.csv,3a8bf00aa05c17e4,neste-global,ready,,Open
jobs_corporate_staging.csv,d94c43426da90c98,vattenfall-global,ready,,Open
jobs_corporate_staging.csv,1273387df9b7caf8,astrazeneca-global,ready,,Open
jobs_corporate_staging.csv,52487acaace0a0f6,bosch-global,ready,,Open
jobs_corporate_staging.csv,aa89039ce8a7f73a,bosch-global,ready,,Open
jobs_corporate_staging.csv,464961465143fc21,bosch-global,ready,,Open
jobs_corporate_staging.csv,f74e75be544d8dbf,bosch-global,ready,,Open
jobs_corporate_staging.csv,ae1a5b4295178d19,bosch-global,ready,,Open
jobs_corporate_staging.csv,7b316e6844864536,rwe-global,ready,,Open
jobs_corporate_staging.csv,9119b7eeb4811616,wipro-global,ready,,Open
jobs_corporate_staging.csv,cca792f18aead516,wipro-global,ready,,Open
jobs_corporate_staging.csv,433fe5f286483d8e,bosch-global,ready,,Open
jobs_corporate_staging.csv,5f7c64e87e116b94,wipro-global,ready,,Open
jobs_corporate_staging.csv,460d6eadaa0c327b,wipro-global,ready,,Open
jobs_corporate_staging.csv,f03df037d99dc549,wipro-global,ready,,Open
jobs_corporate_staging.csv,8e293bf573d6ce98,wipro-global,ready,,Open
jobs_corporate_staging.csv,bb81d6d161677b44,wipro-global,ready,,Open
jobs_corporate_staging.csv,4d747c77c67a2631,wipro-global,ready,,Open
jobs_corporate_staging.csv,3edc5d4f3baaac20,wipro-global,ready,,Open
jobs_corporate_staging.csv,325261b027fe1b11,wipro-global,ready,,Open
jobs_corporate_staging.csv,3fcd0a017e881726,wipro-global,ready,,Open
jobs_corporate_staging.csv,ae3589b7efe9dbe1,wipro-global,ready,,Open
jobs_corporate_staging.csv,6ea83ba47cd1f7d5,wipro-global,ready,,Open
jobs_corporate_staging.csv,a756743dad3b4929,wipro-global,ready,,Open
jobs_corporate_staging.csv,d8dcdc47a36cee7d,wipro-global,ready,,Open
jobs_corporate_staging.csv,4bbea3b8fb10d43a,wipro-global,ready,,Open
jobs_corporate_staging.csv,3a1d70510e2893cd,wipro-global,ready,,Open
jobs_corporate_staging.csv,fa544b05eea2a9a5,wipro-global,ready,,Open
jobs_corporate_staging.csv,7768004cc6e7cdc9,wipro-global,ready,,Open
jobs_corporate_staging.csv,81c97a375437d482,wipro-global,ready,,Open
jobs_corporate_staging.csv,a65d493fbbd59739,wipro-global,ready,,Open
jobs_corporate_staging.csv,a1c217b5ca45765f,wipro-global,ready,,Open
jobs_corporate_staging.csv,e79266c0624f76b5,wipro-global,ready,,Open
jobs_corporate_staging.csv,f943b82aacd5a534,holcim-global,ready,,Open
jobs_corporate_staging.csv,7ba3d67f1143d484,maersk-global,ready,,Open
jobs_corporate_staging.csv,0677cdb450153489,rwe-global,ready,,Open
jobs_corporate_staging.csv,32de4f864e93dc68,shell-global,ready,,Open
jobs_corporate_staging.csv,63f1aeb7cf73de83,astrazeneca-global,ready,,Open
jobs_corporate_staging.csv,0a7a7adb76df28ca,gsk-global,ready,,Open
jobs_corporate_staging.csv,e3467df441d05819,volvo-group-global,ready,,Open
jobs_corporate_staging.csv,2ab6bd72f7d40b22,volvo-group-global,ready,,Open
jobs_corporate_staging.csv,62424e0cf1e50757,wipro-global,ready,,Open
jobs_corporate_staging.csv,6dd42cafaae86bec,wipro-global,ready,,Open
jobs_corporate_staging.csv,3fdb3affcdcec3b4,wipro-global,ready,,Open
jobs_corporate_staging.csv,0a0e356ba8d2016a,wipro-global,ready,,Open
jobs_corporate_staging.csv,c1939de8d06aab20,wipro-global,ready,,Open
jobs_corporate_staging.csv,5cad45eb0190bafb,wipro-global,ready,,Open
jobs_corporate_staging.csv,1da198c1aa67edd2,wipro-global,ready,,Open
jobs_corporate_staging.csv,0a9c7d284d9f2a3f,wipro-global,ready,,Open
jobs_corporate_staging.csv,217bc2ab39220d30,wipro-global,ready,,Open
jobs_corporate_staging.csv,707a492b234ce1fc,wipro-global,ready,,Open
jobs_corporate_staging.csv,1ffe51f43bf1ffaf,wipro-global,ready,,Open
jobs_corporate_staging.csv,d4497079ef532f2b,wipro-global,ready,,Open
jobs_corporate_staging.csv,3c0650bbda59f717,wipro-global,ready,,Open
jobs_corporate_staging.csv,c026ccb5a484967a,wipro-global,ready,,Open
jobs_corporate_staging.csv,3903c6b135df0338,wipro-global,ready,,Open
jobs_corporate_staging.csv,59746afcacb3958e,continental-global,ready,,Open
jobs_corporate_staging.csv,bd82d6b93ac9248a,gsk-global,ready,,Open
jobs_corporate_staging.csv,d4d32a45d644fe37,wipro-global,ready,,Open
jobs_corporate_staging.csv,6bd61b213f7b3ae1,wipro-global,ready,,Open
jobs_corporate_staging.csv,433967fba9f6bd95,wipro-global,ready,,Open
jobs_corporate_staging.csv,a67dedaad2875452,wipro-global,ready,,Open
jobs_corporate_staging.csv,b887ebf69c65364f,wipro-global,ready,,Open
jobs_corporate_staging.csv,63f7b0df042c6222,wipro-global,ready,,Open
jobs_corporate_staging.csv,48643e8da550e450,wipro-global,ready,,Open
jobs_corporate_staging.csv,291e7a78a3de202a,wipro-global,ready,,Open
jobs_corporate_staging.csv,77fd64273e3c340c,wipro-global,ready,,Open
jobs_corporate_staging.csv,2b1320084bfcfae4,wipro-global,ready,,Open
jobs_corporate_staging.csv,921e85b9a2ab9345,wipro-global,ready,,Open
jobs_corporate_staging.csv,23d947ea795fa5ed,wipro-global,ready,,Open
jobs_corporate_staging.csv,581969c1f7015c43,wipro-global,ready,,Open
jobs_corporate_staging.csv,72d03e61863dfe70,wipro-global,ready,,Open
jobs_corporate_staging.csv,74f68b6c3c9dd4c3,wipro-global,ready,,Open
jobs_corporate_staging.csv,6ec0860c40436ae7,rwe-global,ready,,Open
jobs_corporate_staging.csv,78d6d8b724abc863,bosch-global,ready,,Open
jobs_corporate_staging.csv,c35b671b3e92631e,shell-global,ready,,Open
jobs_corporate_staging.csv,df5250d6e18a8b65,wipro-global,ready,,Open
jobs_corporate_staging.csv,b690cd841c49df67,maersk-global,ready,,Open
jobs_corporate_staging.csv,a493d006eb02db21,bosch-global,ready,,Open
jobs_corporate_staging.csv,0c8f972cbe85dcae,bosch-global,ready,,Open
jobs_corporate_staging.csv,836d74e6052f10c1,bosch-global,ready,,Open
jobs_corporate_staging.csv,2c76ca8010721dfb,vattenfall-global,ready,,Open
jobs_corporate_staging.csv,ca73af47635cbe58,volvo-group-global,ready,,Open
jobs_corporate_staging.csv,16e014683dbb4124,continental-global,ready,,Open
jobs_corporate_staging.csv,a1a87a3c7329afcd,wipro-global,ready,,Open
jobs_corporate_staging.csv,5db9fbb1a1c79b9a,wipro-global,ready,,Open
jobs_corporate_staging.csv,98ea6a70d8859ad3,gsk-global,ready,,Open
jobs_corporate_staging.csv,4002dac455476302,vattenfall-global,ready,,Open
jobs_corporate_staging.csv,cb6b734e1fec7316,volvo-group-global,ready,,Open
jobs_corporate_staging.csv,b3b4386254380ea7,bosch-global,ready,,Open
jobs_corporate_staging.csv,b38fa66903daa2fc,bosch-global,ready,,Open
jobs_corporate_staging.csv,e317fd77c5c43823,bosch-global,ready,,Open
jobs_corporate_staging.csv,c74bb2fa2ad10ad1,bosch-global,ready,,Open
jobs_corporate_staging.csv,3f2c64f75c81db61,volvo-group-global,ready,,Open
jobs_corporate_staging.csv,29c459cd630cfe7d,continental-global,ready,,Open
jobs_corporate_staging.csv,e20510aaa70aab9b,continental-global,ready,,Open
jobs_corporate_staging.csv,d9660deb078a93d6,neste-global,ready,,Open
jobs_corporate_staging.csv,58c7b766166aee8d,vattenfall-global,ready,,Open
jobs_corporate_staging.csv,831e163dce37d342,continental-global,ready,,Open
jobs_corporate_staging.csv,6d38c6716206801d,continental-global,ready,,Open
jobs_corporate_staging.csv,9e4039584def5681,omv-global,ready,,Open
jobs_corporate_staging.csv,5e2040eb825a9778,omv-global,ready,,Open
jobs_financial-services_staging.csv,6603f34c9d01b8d9,lloyds-banking-group-global,ready,,Open
jobs_financial-services_staging.csv,ef6d37436f1003c2,lloyds-banking-group-global,ready,,Open
jobs_financial-services_staging.csv,7e43a13f815a3cb3,lloyds-banking-group-global,ready,,Open
jobs_financial-services_staging.csv,82f676e114b82b11,ing-global,ready,,Open
jobs_financial-services_staging.csv,5d26698a72b05aa2,ing-global,ready,,Open
jobs_financial-services_staging.csv,15b9d6a530eedebc,ing-global,ready,,Open
jobs_financial-services_staging.csv,4e93e1711a256af8,lloyds-banking-group-global,ready,,Open
jobs_financial-services_staging.csv,be1f7bf50c473803,ing-global,ready,,Open
jobs_financial-services_staging.csv,da8287293207ef4f,ing-global,ready,,Open
jobs_financial-services_staging.csv,666697409a0fecda,barclays-global,ready,,Open
jobs_financial-services_staging.csv,ede29493d776f105,aviva-global,ready,,Open
jobs_financial-services_staging.csv,d3b3263d7069f1a2,ing-global,ready,,Open
jobs_financial-services_staging.csv,f3c286f14daddf28,ing-global,ready,,Open
jobs_financial-services_staging.csv,0ac5be37b04a4209,lloyds-banking-group-global,ready,,Open
jobs_financial-services_staging.csv,0b02cb7fdf23f2fb,aviva-global,ready,,Open
jobs_financial-services_staging.csv,780f41cd008969ed,lloyds-banking-group-global,ready,,Open
jobs_financial-services_staging.csv,f4c7887859cbc284,ing-global,ready,,Open
jobs_financial-services_staging.csv,7a2e3d82f4b30aa8,uniqa-global,ready,,Open
jobs_financial-services_staging.csv,3d6018b097c43be8,uniqa-global,ready,,Open
jobs_financial-services_staging.csv,49ccd77155c87a0c,uniqa-global,ready,,Open
jobs_financial-services_staging.csv,370e60ccb85f326e,uniqa-global,ready,,Open
jobs_financial-services_staging.csv,364b9fedfadb2ee2,ing-global,ready,,Open
jobs_financial-services_staging.csv,ee60cdf0b4c0241b,lloyds-banking-group-global,ready,,Open
jobs_financial-services_staging.csv,31afa6724107aef8,ing-global,ready,,Open
jobs_financial-services_staging.csv,0e4bb134165c978d,rbi-global,ready,,Open
jobs_financial-services_staging.csv,ee9d02a83b800927,rbi-global,ready,,Open
jobs_financial-services_staging.csv,170544615262c3da,ebrd-global,ready,,Open
jobs_financial-services_staging.csv,cc24b95b223e577d,rbi-global,ready,,Open
jobs_financial-services_staging.csv,0333757f9781ac1d,rbi-global,ready,,Open
jobs_public-markets_staging.csv,b83e1e0d129d1ed0,capital-group-global,ready,,Open
jobs_public-markets_staging.csv,14ed853f26f4a643,neuberger-berman-global,ready,,Open
jobs_public-markets_staging.csv,bb10a6e1aa286e3a,capital-group-global,ready,,Open
jobs_public-markets_staging.csv,0d4426503fea9aba,capital-group-global,ready,,Open
jobs_public-markets_staging.csv,b83a720341b30c7d,jupiter-fund-management-global,ready,,Open
jobs_public-markets_staging.csv,8f23c2b4e4e0eaa1,jupiter-fund-management-global,ready,,Open
jobs_public-markets_staging.csv,8ce1fa815ca4dc87,jupiter-fund-management-global,ready,,Open
jobs_public-markets_staging.csv,55ead527861c7f05,jupiter-fund-management-global,ready,,Open
jobs_public-markets_staging.csv,1cdcb0d384f9e803,jupiter-fund-management-global,ready,,Open
jobs_public-markets_staging.csv,a73d5bd77e62f237,vontobel-global,ready,,Open
jobs_public-markets_staging.csv,e11b7704eeb66b68,vontobel-global,review,thin_description,Open
jobs_public-markets_staging.csv,ed5335aa30fad741,vontobel-global,ready,,Open
jobs_remote_staging.csv,75c1f09b7e03a36c,weworkremotely,ready,,Open
jobs_specialist-funds_staging.csv,5d6dce8d59477606,de-shaw-global,ready,,Open
jobs_specialist-funds_staging.csv,bfa8854b8825582f,de-shaw-global,ready,,Open
jobs_specialist-funds_staging.csv,2ad2797ed6024cd8,de-shaw-global,ready,,Open
jobs_specialist-funds_staging.csv,f23741cb46f88345,de-shaw-global,ready,,Open
jobs_specialist-funds_staging.csv,ac84cac2e7f8fc42,de-shaw-global,ready,,Open
jobs_specialist-funds_staging.csv,812149e4788e1607,de-shaw-global,ready,,Open
jobs_staging.csv,22836df63a60c592,kpmg-de,ready,,Open
jobs_staging.csv,c1a03a53fd146f54,kpmg-de,ready,,Open
jobs_staging.csv,c461cecb95a684b3,kpmg-de,ready,,Open
jobs_staging.csv,ddfd51fe56b55700,ey-ch,ready,,Open
jobs_staging.csv,9321385ac32ada92,kpmg-de,ready,,Open
jobs_staging.csv,5ac2687167628979,kpmg-de,ready,,Open
jobs_staging.csv,db35f6a5476b9197,kpmg-de,ready,,Open
jobs_staging.csv,a9bc61385de465f1,deloitte-at,ready,,Open
jobs_staging.csv,c7d70f2bc7382b9d,pwc-de,ready,,Open
jobs_staging.csv,062a46e5d908317a,kpmg-de,ready,,Open
jobs_staging.csv,0a8cdb704a14533b,deloitte-ch,ready,,Open
jobs_staging.csv,778c8d1fbf02e17d,deloitte-at,ready,,Open
jobs_staging.csv,8c7e11141d0ea659,deloitte-uk,ready,,Open
jobs_staging.csv,9cd49ed4b393b33a,pwc-ch,ready,,Open
jobs_staging.csv,fa6782aa02e138ab,pwc-de,ready,,Open
jobs_staging.csv,6140af979301d2a8,kpmg-de,ready,,Open
jobs_staging.csv,170ac68966f401c8,deloitte-at,ready,,Open
jobs_staging.csv,f22585b877ebfc78,kpmg-de,ready,,Open
jobs_staging.csv,e87ff12bfaba1be1,deloitte-at,ready,,Open
jobs_staging.csv,22a19be6f968f5f7,ey-ch,ready,,Open
jobs_staging.csv,220910415a95b693,kpmg-de,ready,,Open
jobs_staging.csv,6930a5088541e692,deloitte-de,ready,,Open
jobs_staging.csv,dbc2c454304b7116,deloitte-ch,ready,,Open
jobs_staging.csv,f00b47820ddd61c2,pwc-de,ready,,Open
jobs_staging.csv,07586f214d83f038,kpmg-de,ready,,Open
jobs_staging.csv,db5fa0fb51520190,pwc-de,ready,,Open
jobs_staging.csv,1b40a7f72ba6c887,ey-fi,ready,,Open
jobs_staging.csv,b1c1b759dc949048,deloitte-nordics,ready,,Open
jobs_staging.csv,18be0ce86abb47d6,deloitte-at,ready,,Open
jobs_staging.csv,25cd1bab39aee0ef,deloitte-at,ready,,Open
jobs_staging.csv,983e7becfc2ca0c1,ey-fi,ready,,Open
jobs_staging.csv,ba2cda1398225fb6,kpmg-de,ready,,Open
jobs_staging.csv,69e1109d97a43883,deloitte-nordics,ready,,Open
jobs_staging.csv,574887fd69451698,deloitte-nordics,ready,,Open
jobs_staging.csv,cc5d9739be66b966,pwc-de,review,thin_description,Open
jobs_staging.csv,a5968948844a3299,deloitte-ch,ready,,Open
jobs_staging.csv,64b28c7a7fd9c143,deloitte-uk,ready,,Open
jobs_staging.csv,1bcc885a71fe948e,deloitte-uk,ready,,Open
jobs_staging.csv,2813259323b9d49e,deloitte-uk,ready,,Open
jobs_staging.csv,2241a41f6003ba2b,deloitte-uk,ready,,Open
jobs_staging.csv,ef16e2ff5228c8b2,deloitte-uk,ready,,Open
jobs_staging.csv,e061815f2a2ee0be,deloitte-uk,ready,,Open
jobs_staging.csv,527d82b47865b1e8,ey-de,ready,,Open
jobs_staging.csv,3c5f99ed7c589889,pwc-de,ready,,Open
jobs_staging.csv,2589678e6efa7184,ey-uk,ready,,Open
jobs_staging.csv,74becb9ab10b1a70,pwc-de,ready,,Open
jobs_staging.csv,d06c24bd43ca32aa,deloitte-at,ready,,Open
jobs_staging.csv,5f9c0be1131cc252,deloitte-at,ready,,Open
jobs_staging.csv,5a68696d63dc6b80,pwc-uk,ready,,Open
jobs_staging.csv,7c5844dba5654fde,pwc-uk,ready,,Open
jobs_staging.csv,ed3b03dc926f1921,deloitte-uk,ready,,Open
jobs_staging.csv,0b758afc461fceaa,deloitte-ch,ready,,Open
jobs_staging.csv,c62b05492998a2e1,kpmg-de,ready,,Open
jobs_staging.csv,f0d0c27cefe0e217,kpmg-de,ready,,Open
jobs_staging.csv,5fd2735ee65334b9,kpmg-nordics,ready,,Open
jobs_staging.csv,760427d4e3115d8d,pwc-uk,ready,,Open
jobs_staging.csv,52346da765af0181,deloitte-ch,ready,,Open
jobs_staging.csv,10af64d22206415f,pwc-de,ready,,Open
jobs_staging.csv,cf03d04ef0e3ed32,kpmg-de,ready,,Open
jobs_staging.csv,50030460f5ce0d94,kpmg-de,ready,,Open
jobs_staging.csv,d94c8d22009150d9,deloitte-nordics,ready,,Open
jobs_staging.csv,d8bb7e3bc349d515,kpmg-de,ready,,Open
jobs_staging.csv,95993975304a87ab,deloitte-uk,ready,,Open
jobs_staging.csv,09156bc6047f937b,deloitte-uk,ready,,Open
jobs_staging.csv,92896630df905f6c,deloitte-at,ready,,Open
jobs_staging.csv,9c37fc2a8f2c8906,ey-ch,ready,,Open
jobs_staging.csv,18f416d46739a72a,pwc-de,ready,,Open
jobs_staging.csv,b3866ee1cfe60a82,pwc-de,ready,,Open
jobs_staging.csv,64a50fa2305dc42c,pwc-cz,ready,,Open
jobs_staging.csv,b22e06180fa12703,pwc-cz,ready,,Open
jobs_staging.csv,e467d6b576294bba,pwc-de,ready,,Open
jobs_staging.csv,f44f8a2c0ab58f30,ey-ch,ready,,Open
jobs_staging.csv,01f1c2a113db6620,pwc-de,review,thin_description,Open
jobs_staging.csv,6f5fc7db8c9681c7,deloitte-nordics,ready,,Open
jobs_staging.csv,8cfc94e83d81daee,kpmg-uk,ready,,Open
jobs_staging.csv,a238bb3e5c2a81d7,ey-se,ready,,Open
jobs_staging.csv,1e4790a1a1c0c425,kpmg-uk,ready,,Open
jobs_staging.csv,40c119f6fcdcff7d,kpmg-nordics,ready,,Open
jobs_staging.csv,1b54ca441735c8d5,kpmg-de,ready,,Open
jobs_staging.csv,b4319651764e1b94,ey-ch,ready,,Open
jobs_staging.csv,00aa896c12c80c31,deloitte-uk,ready,,Open
jobs_staging.csv,34392cb26ead5c3d,deloitte-at,ready,,Open
jobs_staging.csv,12b48a4c7088852b,kpmg-de,ready,,Open
jobs_staging.csv,1faa44e379a29d99,pwc-uk,ready,,Open
jobs_staging.csv,513e60989f2a985e,ey-cz,ready,,Open
jobs_staging.csv,20a4187b383b631a,kpmg-de,ready,,Open
jobs_staging.csv,c81508b3cf7c9fcf,kpmg-de,ready,,Open
jobs_staging.csv,5d8a392ce013f569,ey-cz,ready,,Open
jobs_staging.csv,bfcfb4102ff00eed,kpmg-de,ready,,Open
jobs_staging.csv,0f03d42c4d04145d,kpmg-de,ready,,Open
jobs_staging.csv,0d270b1497dad1dc,deloitte-nordics,ready,,Open
jobs_staging.csv,e2ce8a669a01eae1,pwc-cz,ready,,Open
jobs_staging.csv,8950951ea59aff8b,pwc-cz,ready,,Open
jobs_staging.csv,b27402add2352d06,pwc-cz,ready,,Open
jobs_staging.csv,b60ecf479d6c7be3,pwc-ch,ready,,Open
jobs_staging.csv,66d7e9eff4f30643,pwc-de,ready,,Open
jobs_staging.csv,3bdd1451d667d185,ey-ch,ready,,Open
jobs_staging.csv,0b7c56f179a82b20,pwc-cz,ready,,Open
jobs_staging.csv,be6669884f53ee2f,pwc-uk,ready,,Open
jobs_staging.csv,0e57de43a38541ed,deloitte-at,ready,,Open
jobs_staging.csv,99ba21154fc3edf5,deloitte-uk,ready,,Open
jobs_staging.csv,db14eaa53d69748b,pwc-cz,ready,,Open
jobs_staging.csv,525e350eeea4fc13,pwc-cz,ready,,Open
jobs_staging.csv,f6eff502fb34fd48,ey-cz,ready,,Open
jobs_staging.csv,4dc2241526c0b896,deloitte-uk,ready,,Open
jobs_staging.csv,33213700633e4b52,deloitte-uk,ready,,Open
jobs_staging.csv,b8bd33d013e76157,deloitte-at,ready,,Open
jobs_staging.csv,a99288602b3449cd,pwc-de,ready,,Open
jobs_staging.csv,db87990b44f3e738,pwc-cz,ready,,Open
jobs_staging.csv,a296b1178dedb9b1,ey-ch,ready,,Open
jobs_staging.csv,d0731209e11793b6,deloitte-uk,ready,,Open
jobs_staging.csv,4f1861571d7bdfc8,deloitte-uk,ready,,Open
jobs_staging.csv,a71d5f69aaf9171a,deloitte-uk,ready,,Open
jobs_staging.csv,e85839345d5852d1,deloitte-ch,ready,,Open
jobs_staging.csv,349fa5121c0577cd,pwc-de,ready,,Open
jobs_staging.csv,4a089e737c6edf8f,kpmg-de,ready,,Open
jobs_staging.csv,bf2018a2da38f8d3,ey-uk,ready,,Open
jobs_staging.csv,95e08fc81fa9b225,pwc-uk,ready,,Open
jobs_staging.csv,47a91b0fb536ccbd,pwc-de,ready,,Open
jobs_staging.csv,b5b66258ebb101d2,ey-de,ready,,Open
jobs_staging.csv,31e5514d3ec567c8,pwc-nordics,ready,,Open
jobs_staging.csv,c8b07bd616332a1b,kpmg-ch,ready,,Open
jobs_staging.csv,110a389eb3b42c30,kpmg-de,ready,,Open
jobs_staging.csv,f343c48699d427a1,kpmg-de,ready,,Open
jobs_staging.csv,8c0cccf80da8cc0d,ey-se,ready,,Open
jobs_staging.csv,d87affe6604e5503,kpmg-de,review,thin_description,Open
jobs_staging.csv,8af36b977bfcf6a3,deloitte-at,ready,,Open
jobs_staging.csv,07f46cf97e53d661,pwc-cz,ready,,Open
jobs_staging.csv,4a34d53c6b40edb7,kpmg-at,ready,,Open
jobs_staging.csv,a0cc82edfaec98af,pwc-uk,ready,,Open
jobs_staging.csv,b9856b8778dc88c9,deloitte-uk,ready,,Open
jobs_staging.csv,a4498c83195a6891,ey-uk,ready,,Open
jobs_staging.csv,82a30065993395c2,pwc-uk,ready,,Open
jobs_staging.csv,139c825ff2fa4604,pwc-uk,ready,,Open
jobs_staging.csv,6b070860e81e5bcb,kpmg-uk,ready,,Open
jobs_staging.csv,22ca68933ad666d6,deloitte-uk,ready,,Open
jobs_staging.csv,feca3c60371a4bd3,deloitte-uk,ready,,Open
jobs_staging.csv,66fae02829e1ef8c,pwc-de,review,thin_description,Open
jobs_staging.csv,c1d1d766d3af6df4,kpmg-de,ready,,Open
jobs_staging.csv,79b5b5f8e1631097,ey-ch,ready,,Open
jobs_staging.csv,5b6fa6587061dcf6,ey-ch,ready,,Open
jobs_staging.csv,fcf9b7a2dd0b8507,deloitte-uk,ready,,Open
jobs_staging.csv,3625a9c28cb8a390,kpmg-ch,ready,,Open
jobs_staging.csv,c739399d4918eecd,kpmg-de,ready,,Open
jobs_staging.csv,75e611523f8454da,kpmg-ch,ready,,Open
jobs_staging.csv,31f7c129fd24273c,pwc-uk,ready,,Open
jobs_staging.csv,d89fbc0b9f2f1af3,pwc-uk,ready,,Open
jobs_staging.csv,a8e1efbea2b31941,pwc-ch,ready,,Open
jobs_staging.csv,dea648f4aa7b4d07,deloitte-uk,ready,,Open
jobs_staging.csv,3245813dafba461d,pwc-de,ready,,Open
jobs_staging.csv,f493b113bc453397,deloitte-uk,ready,,Open
jobs_staging.csv,a04be93647d9e9e1,pwc-uk,ready,,Open
jobs_staging.csv,7ee4cd29ffd80263,kpmg-de,ready,,Open
jobs_staging.csv,597155e50a434a69,pwc-de,ready,,Open
jobs_staging.csv,87e91c718a74a237,kpmg-de,review,thin_description,Open
jobs_staging.csv,87b3ce3981fba937,deloitte-uk,ready,,Open
jobs_staging.csv,ed1c7c4819d8815a,pwc-uk,ready,,Open
jobs_staging.csv,795b5ec661adac48,deloitte-ch,ready,,Open
jobs_staging.csv,7d71ab03dee3387a,pwc-ch,ready,,Open
jobs_staging.csv,aa6f698afb56e9a5,pwc-de,ready,,Open
jobs_staging.csv,7ef5266a549d3231,pwc-de,ready,,Open
jobs_staging.csv,ceeec0a20b27c1be,kpmg-uk,ready,,Open
jobs_staging.csv,6d6b90fd95b19a04,deloitte-at,ready,,Open
jobs_staging.csv,d11da389bc395369,pwc-de,ready,,Open
jobs_staging.csv,85f4e40ac4a6eae9,pwc-de,ready,,Open
jobs_staging.csv,edd0d98d3a4d20a6,deloitte-uk,ready,,Open
jobs_staging.csv,5ef851c6c4cff616,ey-ch,ready,,Open
jobs_staging.csv,5addde6eb54b170c,pwc-uk,ready,,Open
jobs_staging.csv,519c5e698bd13f3c,ey-fi,ready,,Open
jobs_staging.csv,43cc9928bbe9e999,pwc-de,ready,,Open
jobs_staging.csv,03a3a5ae39fb698f,ey-cz,ready,,Open
jobs_staging.csv,d808e873acbbdb7a,kpmg-de,ready,,Open
jobs_staging.csv,1e2c916b770707fc,deloitte-nordics,ready,,Open
jobs_staging.csv,996f717c55bd25a9,ey-ch,ready,,Open
jobs_staging.csv,9a6719c16348d3c2,deloitte-uk,ready,,Open
jobs_staging.csv,7f0a7aca3f172333,kpmg-de,review,thin_description,Open
jobs_staging.csv,0b49186b65933e06,kpmg-at,ready,,Open
jobs_staging.csv,47d9f2c5d098094e,ey-se,ready,,Open
jobs_staging.csv,6cfea483095946b2,ey-cz,ready,,Open
jobs_staging.csv,b0039f76c2c5aa78,pwc-cz,ready,,Open
jobs_staging.csv,c746c09212940e18,kpmg-de,ready,,Open
jobs_staging.csv,6c3c2afc46c15213,pwc-de,ready,,Open
jobs_staging.csv,6a3bb439ae527fed,deloitte-de,ready,,Open
jobs_staging.csv,5332f86212f6582d,pwc-uk,ready,,Open
jobs_staging.csv,c828d24c42435f6c,deloitte-uk,ready,,Open
jobs_staging.csv,bf84ebf956d9ad6e,kpmg-de,ready,,Open
jobs_staging.csv,9ffec89d2c43e144,deloitte-uk,ready,,Open
jobs_staging.csv,2544d59ed59fa22f,pwc-de,review,thin_description,Open
jobs_staging.csv,1e1417db17582571,deloitte-uk,ready,,Open
jobs_staging.csv,e133c1bc087a9faa,kpmg-uk,ready,,Open
jobs_staging.csv,765930316aa8db6b,deloitte-ch,ready,,Open
jobs_staging.csv,df55e8ec86626c34,pwc-uk,ready,,Open
jobs_staging.csv,fb1eccf74167d69b,pwc-cz,ready,,Open
jobs_staging.csv,aacb12f5d3d98785,pwc-de,ready,,Open
jobs_staging.csv,41636473aeab5bab,pwc-de,review,thin_description,Open
jobs_staging.csv,35c84f630c193159,pwc-cz,ready,,Open
jobs_staging.csv,532b1c86b4b38532,kpmg-nordics,ready,,Open
jobs_staging.csv,0ee98a4f04c3f3f8,ey-ch,ready,,Open
jobs_staging.csv,a5b441fb87c54c50,kpmg-de,review,thin_description,Open
jobs_staging.csv,a5d9ac1d52b3b893,pwc-uk,ready,,Open
jobs_staging.csv,13ac7498ec63f0fc,pwc-uk,ready,,Open
jobs_staging.csv,2d4ae857a42c92a3,deloitte-ch,ready,,Open
jobs_staging.csv,5fbe23e93b16bf2c,pwc-ch,ready,,Open
jobs_staging.csv,35a4aa4178601592,kpmg-de,ready,,Open
jobs_staging.csv,abf97ebf28740230,pwc-de,ready,,Open
jobs_staging.csv,d5e0048154575bb8,deloitte-uk,ready,,Open
jobs_staging.csv,cb78074b843f1f4b,kpmg-de,ready,,Open
jobs_staging.csv,b3d4ac5560c9ec01,deloitte-uk,ready,,Open
jobs_staging.csv,51f38a24adeb7e4b,deloitte-uk,ready,,Open
jobs_staging.csv,ca771f111b9bcd51,kpmg-de,ready,,Open
jobs_staging.csv,be84d8d8350422b5,deloitte-uk,ready,,Open
jobs_staging.csv,e8d9390abb390758,pwc-uk,ready,,Open
jobs_staging.csv,e52a1f04275b0556,pwc-uk,ready,,Open
jobs_staging.csv,8ffae4b4edb25bc1,pwc-de,ready,,Open
jobs_staging.csv,c7239f1ae1d05260,ey-se,ready,,Open
jobs_staging.csv,ff6023617b9c5e87,kpmg-de,ready,,Open
jobs_staging.csv,5b5a1d8027e1ff99,kpmg-de,ready,,Open
jobs_staging.csv,f63d9c0419c64292,kpmg-de,ready,,Open
jobs_staging.csv,a3b1155899651417,deloitte-nordics,ready,,Open
jobs_staging.csv,5d0583967451e02b,kpmg-uk,ready,,Open
jobs_staging.csv,2501233df3a6882b,deloitte-uk,ready,,Open
jobs_staging.csv,a209072ce2feb7dc,pwc-cz,ready,,Open
jobs_staging.csv,550e2723b47aef80,pwc-uk,ready,,Open
jobs_staging.csv,1c81533f82d30dcf,kpmg-de,ready,,Open
jobs_staging.csv,ca4a388924aa45a2,deloitte-uk,ready,,Open
jobs_staging.csv,d77d6fb86f09bfa5,deloitte-nordics,ready,,Open
jobs_staging.csv,6eaf64c62308f6b5,pwc-de,ready,,Open
jobs_staging.csv,0c3126e34971492e,pwc-cz,ready,,Open
jobs_staging.csv,4b30841f38775ad9,pwc-cz,ready,,Open
jobs_staging.csv,56fa3822e4c3ae8c,pwc-cz,ready,,Open
jobs_staging.csv,26ba9250319d1947,kpmg-at,ready,,Open
jobs_staging.csv,9f3fd1568c04d4f7,kpmg-de,ready,,Open
jobs_staging.csv,028f21f1dea31e24,ey-de,ready,,Open
jobs_staging.csv,07614743c517bfa3,kpmg-de,ready,,Open
jobs_staging.csv,7a95e6383fab51a1,kpmg-de,ready,,Open
jobs_staging.csv,fe58ad92434d875e,pwc-uk,ready,,Open
jobs_staging.csv,ead879bdd83f6f74,pwc-de,ready,,Open
jobs_staging.csv,a811e8c5b097f1d2,deloitte-uk,ready,,Open
jobs_staging.csv,c674aacb7afae135,pwc-uk,ready,,Open
jobs_staging.csv,cd4fa60bd00eff8e,pwc-de,ready,,Open
jobs_staging.csv,7b71341fa5af7605,deloitte-ch,ready,,Open
jobs_staging.csv,a1f3c6330475e135,pwc-de,ready,,Open
jobs_staging.csv,a0fc07c180a4cc2d,ey-uk,ready,,Open
jobs_staging.csv,e74f5144af212b54,kpmg-de,ready,,Open
jobs_staging.csv,725053470a5740ce,kpmg-de,ready,,Open
jobs_staging.csv,8c4675eff1c8bc7d,deloitte-nordics,ready,,Open
jobs_staging.csv,870a59358811238b,deloitte-uk,ready,,Open
jobs_staging.csv,af3d4df737a7198a,ey-de,ready,,Open
jobs_staging.csv,726edd5c6105d4b5,pwc-uk,ready,,Open
jobs_staging.csv,ee1b306c7a5900e3,pwc-de,review,thin_description,Open
jobs_staging.csv,24f8d8a9b61a9671,pwc-cz,ready,,Open
jobs_staging.csv,af88210b0942e262,pwc-uk,ready,,Open
jobs_staging.csv,c1009bb3a1b55418,kpmg-de,ready,,Open
jobs_staging.csv,4c4eac890234a0a1,pwc-uk,ready,,Open
jobs_staging.csv,ab832e506c432c6e,pwc-ch,ready,,Open
jobs_staging.csv,7ba0c20b2ea540ec,kpmg-de,review,thin_description,Open
jobs_staging.csv,05c66c8dab21e4fe,pwc-de,ready,,Open
jobs_staging.csv,9d966d1db9be2b79,deloitte-uk,ready,,Open
jobs_staging.csv,d5ff425dfc0c4790,ey-de,ready,,Open
jobs_staging.csv,4e4a1c24e6401786,pwc-de,ready,,Open
jobs_staging.csv,d4b6bb08ea274a99,kpmg-de,ready,,Open
jobs_staging.csv,fe265d2add539482,deloitte-nordics,ready,,Open
jobs_staging.csv,19877ce6373b534c,pwc-uk,ready,,Open
jobs_staging.csv,9d93247ff73786c2,pwc-de,review,thin_description,Open
jobs_staging.csv,df66dbd315d167b3,pwc-cz,ready,,Open
jobs_staging.csv,49fa580dfc20af5c,ey-uk,ready,,Open
jobs_staging.csv,fd5e2e30d71ddf9e,ey-uk,ready,,Open
jobs_staging.csv,c053a08a179d25f1,ey-uk,ready,,Open
jobs_staging.csv,32db577fe8367e9a,kpmg-de,ready,,Open
jobs_staging.csv,cb14e2457ebb2655,deloitte-uk,ready,,Open
jobs_staging.csv,b5ea367f28d3e620,pwc-cz,ready,,Open
jobs_staging.csv,ad28330eac402480,deloitte-uk,ready,,Open
jobs_staging.csv,262adef6df7ccf02,deloitte-uk,ready,,Open
jobs_staging.csv,905d8d564fac7f53,kpmg-uk,ready,,Open
jobs_staging.csv,a4bb5c4bdde5db68,pwc-uk,ready,,Open
jobs_staging.csv,6112135122ce3eb8,kpmg-uk,ready,,Open
jobs_staging.csv,262b78c1067ea6fd,pwc-de,ready,,Open
jobs_staging.csv,2511245493dc5ee3,pwc-uk,ready,,Open
jobs_staging.csv,a156fee9f58ed434,pwc-uk,ready,,Open
jobs_staging.csv,4c27e139819d6306,pwc-uk,ready,,Open
jobs_staging.csv,cc58e2fa76ccf3f1,kpmg-de,ready,,Open
jobs_staging.csv,4e67bf3a0ace5632,deloitte-uk,ready,,Open
jobs_staging.csv,4238cb315ecfa0f7,pwc-de,ready,,Open
jobs_staging.csv,183329a2167c3bf0,pwc-uk,ready,,Open
jobs_staging.csv,d09c517395ff0895,pwc-de,review,thin_description,Open
jobs_staging.csv,8bc830cdcac87e27,pwc-uk,ready,,Open
jobs_staging.csv,4f6aa6e01aaa3fd9,kpmg-uk,ready,,Open
jobs_staging.csv,5eb218e9a72b5c16,pwc-at,ready,,Open
jobs_staging.csv,cf0e3adb980eebb9,deloitte-uk,ready,,Open
jobs_staging.csv,a502e5d393f3d42c,pwc-cz,ready,,Open
jobs_staging.csv,6b3d124fef8be1b9,kpmg-ch,ready,,Open
jobs_staging.csv,f7d5e6f96e8533b2,pwc-de,ready,,Open
jobs_staging.csv,af54a4361f890e30,pwc-uk,ready,,Open
jobs_staging.csv,1c4db8307a6c1d72,pwc-uk,ready,,Open
jobs_staging.csv,5bb598f30a30527d,pwc-uk,ready,,Open
jobs_staging.csv,bbf39762dc9088a3,kpmg-de,review,thin_description,Open
jobs_staging.csv,1b1106f2bbe5954e,deloitte-at,ready,,Open
jobs_staging.csv,de49e0381f3f87cf,pwc-de,ready,,Open
jobs_staging.csv,2d1052a18e58aad0,ey-de,ready,,Open
jobs_staging.csv,352f55dfa46ad4ce,pwc-uk,ready,,Open
jobs_staging.csv,638bbfee9ff1916c,pwc-de,ready,,Open
jobs_staging.csv,45bd43e2fbff1b44,pwc-uk,ready,,Open
jobs_staging.csv,def063337294fa07,pwc-ch,ready,,Open
jobs_staging.csv,2d3e10412d7e9d9b,pwc-de,ready,,Open
jobs_staging.csv,ad230c95c70483bd,pwc-de,review,thin_description,Open
jobs_staging.csv,98b6fa8b28d6734e,pwc-de,ready,,Open
jobs_staging.csv,6a37d8e3a9c264e7,kpmg-uk,ready,,Open
jobs_staging.csv,02c161c3077467ef,deloitte-uk,ready,,Open
jobs_staging.csv,d22564e7b8be12a6,deloitte-uk,ready,,Open
jobs_staging.csv,01d74e7e95d424db,deloitte-ch,ready,,Open
jobs_staging.csv,ef29edc753a9a02a,deloitte-uk,ready,,Open
jobs_staging.csv,134c7426879e345d,pwc-de,ready,,Open
jobs_staging.csv,736eacf8ca6c16cf,pwc-de,ready,,Open
jobs_staging.csv,2e7621ec96a3208e,pwc-de,review,thin_description,Open
jobs_staging.csv,42977b2ae459cdb0,pwc-cz,ready,,Open
jobs_staging.csv,e7878adf47542a68,pwc-de,ready,,Open
jobs_staging.csv,e46ad01e6033c212,pwc-de,review,thin_description,Open
jobs_staging.csv,e6e0326fb7200e60,kpmg-de,ready,,Open
jobs_staging.csv,6cdb6100cee4e571,pwc-de,review,thin_description,Open
jobs_staging.csv,be64576425b74bd6,deloitte-ch,ready,,Open
jobs_staging.csv,13651ab95b40b3b5,ey-ch,ready,,Open
jobs_staging.csv,46067d4f1d626491,kpmg-uk,ready,,Open
jobs_staging.csv,64efc24ff2ead2c4,pwc-uk,ready,,Open
jobs_staging.csv,0fcb5a65a565f8ae,kpmg-de,ready,,Open
jobs_staging.csv,6445f559bd38755c,kpmg-de,review,thin_description,Open
jobs_staging.csv,19b63aa5c6ddc66f,pwc-uk,ready,,Open
jobs_staging.csv,82bcaeb360ce3687,pwc-de,ready,,Open
jobs_staging.csv,640eac4fa251ffbe,pwc-uk,ready,,Open
jobs_staging.csv,d74f47c4cf59aaf9,deloitte-uk,ready,,Open
jobs_staging.csv,d6f6e0b7ea87c164,kpmg-ch,ready,,Open
jobs_staging.csv,9feab268cf43b05d,pwc-de,ready,,Open
jobs_staging.csv,83508fb3da8c35d4,pwc-uk,ready,,Open
jobs_staging.csv,d4362ac2ab1f70ec,deloitte-uk,ready,,Open
jobs_staging.csv,cf123cece687c08b,deloitte-uk,ready,,Open
jobs_staging.csv,a54b86ed98fa3b36,kpmg-de,ready,,Open
jobs_staging.csv,91964ba89c0d561b,ey-cz,ready,,Open
jobs_staging.csv,c59e4c6c30d21fc0,pwc-nordics,ready,,Open
jobs_staging.csv,add1690c3b551874,pwc-nordics,ready,,Open
jobs_staging.csv,3f042629f572a849,pwc-de,ready,,Open
jobs_staging.csv,ff56504c18049bc5,pwc-cz,ready,,Open
jobs_staging.csv,a916b4567772678d,ey-de,ready,,Open
jobs_staging.csv,f858e706bb4263aa,deloitte-ch,ready,,Open
jobs_staging.csv,cfdc10a56f94a80b,deloitte-uk,ready,,Open
jobs_staging.csv,6e99932868055086,pwc-uk,ready,,Open
jobs_staging.csv,235e348e593f0ed1,deloitte-uk,ready,,Open
jobs_staging.csv,ec60c6aadd73ea18,pwc-de,ready,,Open
jobs_staging.csv,1699c59e58b00859,pwc-de,ready,,Open
jobs_staging.csv,0f882dc80d435edd,pwc-de,ready,,Open
jobs_staging.csv,e8e327b34b8fc6d6,pwc-de,review,thin_description,Open
jobs_staging.csv,75d9b6a4f0633714,deloitte-de,ready,,Open
jobs_staging.csv,103c5d4a0e6663aa,ey-uk,ready,,Open
jobs_staging.csv,462fa7a1a2a879f8,pwc-de,review,thin_description,Open
jobs_staging.csv,76d4ca534edbe827,pwc-de,ready,,Open
jobs_staging.csv,70396c93d23001de,deloitte-uk,ready,,Open
jobs_staging.csv,f4ba4e140e52c4b7,deloitte-at,ready,,Open
jobs_staging.csv,f0b6434b521a907f,kpmg-de,ready,,Open
jobs_staging.csv,78815554b9893e09,deloitte-uk,ready,,Open
jobs_staging.csv,bcc10acc0226aa26,kpmg-de,ready,,Open
jobs_staging.csv,f3386247c9d57313,deloitte-uk,ready,,Open
jobs_staging.csv,0a17972613cdc40d,pwc-uk,ready,,Open
jobs_staging.csv,0667bd2874e9ee6b,kpmg-at,ready,,Open
jobs_staging.csv,03c123de6997ddb8,pwc-cz,ready,,Open
jobs_staging.csv,4d5d887fbb14e138,pwc-cz,ready,,Open
jobs_staging.csv,57ff1b03f57d89fd,deloitte-nordics,ready,,Open
jobs_staging.csv,489741bec42f0fe6,kpmg-uk,ready,,Open
jobs_staging.csv,f3f928cec48fcec7,pwc-de,ready,,Open
jobs_staging.csv,fda781f30deacfdc,kpmg-uk,ready,,Open
jobs_staging.csv,48f018f67f67aaa5,kpmg-de,ready,,Open
jobs_staging.csv,460458504e19c069,deloitte-uk,ready,,Open
jobs_staging.csv,ab7e45416cbe964e,deloitte-uk,ready,,Open
jobs_staging.csv,0391a3a87fb55f0a,deloitte-at,review,thin_description,Open
jobs_staging.csv,2e2172032b344990,kpmg-de,ready,,Open
jobs_staging.csv,060cc5db023cc8e0,ey-at,review,thin_description,Open
jobs_staging.csv,ecc8f7b7dd6ff4fc,deloitte-uk,ready,,Open
jobs_staging.csv,8c7d13053343873c,deloitte-ch,ready,,Open
jobs_staging.csv,1544b693c7de9b0e,ey-at,review,thin_description,Open
jobs_staging.csv,8e10a4d7a0ef853c,ey-at,review,thin_description,Open
jobs_staging.csv,e3465b4f2ba39e27,ey-at,ready,,Open
jobs_staging.csv,d043a4636f25f12f,pwc-cz,ready,,Open
jobs_staging.csv,bf502430b7214e71,deloitte-uk,ready,,Open
jobs_staging.csv,fd9eb0626d33f098,ey-ch,review,thin_description,Open
jobs_staging.csv,b2f1893051fb0ff0,kpmg-uk,ready,,Open
jobs_staging.csv,822f2c4473e9b8e5,kpmg-uk,ready,,Open
jobs_staging.csv,89b8055643e26bf9,kpmg-de,ready,,Open
jobs_staging.csv,da14b75272830758,kpmg-de,ready,,Open
jobs_staging.csv,4dea70de34a9a334,deloitte-uk,ready,,Open
jobs_staging.csv,1b904a2ceb2a52ef,deloitte-at,ready,,Open
jobs_staging.csv,468302b88eb776f9,kpmg-de,review,thin_description,Open
jobs_staging.csv,07a149196c13527a,deloitte-uk,ready,,Open
jobs_staging.csv,04818bea2d298966,deloitte-uk,ready,,Open
jobs_staging.csv,94c898ded97a0d83,deloitte-uk,ready,,Open
jobs_staging.csv,4d7476119c6e8aed,pwc-uk,ready,,Open
jobs_staging.csv,593e436e6e36c79d,pwc-de,review,thin_description,Open
jobs_staging.csv,5a0e3b6f1da7accb,deloitte-uk,ready,,Open
jobs_staging.csv,899a83476ac7de01,deloitte-uk,ready,,Open
jobs_staging.csv,eeb8d9a930a626a0,deloitte-uk,ready,,Open
jobs_staging.csv,a991023389ae8219,deloitte-uk,ready,,Open
jobs_staging.csv,41737d5ad4f0e6d7,deloitte-uk,ready,,Open
jobs_staging.csv,c99be98b5703e788,pwc-de,ready,,Open
jobs_staging.csv,2fcb7ad1bffe95ec,pwc-uk,ready,,Open
jobs_staging.csv,aee2e494f2ae76c8,pwc-uk,ready,,Open
jobs_staging.csv,7d3757b0928db737,deloitte-uk,ready,,Open
jobs_staging.csv,96a8fb284a61de28,pwc-uk,ready,,Open
jobs_staging.csv,724d8bac8b493d88,pwc-de,ready,,Open
jobs_staging.csv,e28121e8f2ed0410,pwc-de,ready,,Open
jobs_staging.csv,41aa63355abe240d,pwc-de,ready,,Open
jobs_staging.csv,6a8a676e0bda875b,pwc-cz,ready,,Open
jobs_staging.csv,5674f72d35f1529c,kpmg-uk,ready,,Open
jobs_staging.csv,eee5d70b3f358c56,deloitte-ch,ready,,Open
jobs_staging.csv,1b4eb5efd4a7359d,deloitte-ch,ready,,Open
jobs_staging.csv,1f70a2c015580eef,kpmg-uk,ready,,Open
jobs_staging.csv,40ca34ed851d40b2,ey-ch,ready,,Open
jobs_staging.csv,34bede57d1f45f0a,deloitte-uk,ready,,Open
jobs_staging.csv,daf665522622bab9,deloitte-uk,ready,,Open
jobs_staging.csv,0bc4fd4dbe90cf7b,kpmg-at,ready,,Open
jobs_staging.csv,b9870c6ed1168814,ey-cz,review,thin_description,Open
jobs_staging.csv,f77f392dce3311a1,pwc-cz,ready,,Open
jobs_staging.csv,d5a06c8fbd2f2b31,ey-ch,ready,,Open
jobs_staging.csv,f6fe9904f3ada7e4,deloitte-ch,ready,,Open
jobs_staging.csv,d291b12d106e38d1,pwc-cz,ready,,Open
jobs_staging.csv,69b12acdbc16c561,pwc-cz,ready,,Open
jobs_staging.csv,73e1bec7b941ba1f,pwc-cz,ready,,Open
jobs_staging.csv,652692befecb921f,deloitte-nordics,ready,,Open
jobs_staging.csv,c5c3e65bee3ee487,deloitte-nordics,ready,,Open
jobs_staging.csv,48b1f120a6e35439,deloitte-ch,ready,,Open
jobs_staging.csv,4b88e123713e303f,kpmg-uk,ready,,Open
jobs_staging.csv,10101800e0fbb1fe,kpmg-ch,ready,,Open
jobs_staging.csv,4ef8e748978b3acb,deloitte-uk,ready,,Open
jobs_staging.csv,3b06c6ca73e57739,deloitte-uk,ready,,Open
jobs_staging.csv,3ebb17935d4fba28,pwc-uk,ready,,Open
jobs_staging.csv,683feb4d7d39f921,kpmg-de,ready,,Open
jobs_staging.csv,fe87a79aaeb32db5,ey-de,ready,,Open
jobs_staging.csv,51cbff0d665cc01d,ey-ch,ready,,Open
jobs_staging.csv,2e052d97201c32de,pwc-uk,ready,,Open
jobs_staging.csv,1f550eda8cb98aa0,pwc-uk,ready,,Open
jobs_staging.csv,6e356f0b7db0e4a0,pwc-cz,ready,,Open
jobs_staging.csv,0546a5dd7834895d,pwc-uk,ready,,Open
jobs_staging.csv,929cb39a4c4fa85a,deloitte-de,ready,,Open
jobs_staging.csv,b72814e1a103d3d0,kpmg-de,ready,,Open
jobs_staging.csv,ffa738c40a93f2fd,ey-de,ready,,Open
jobs_staging.csv,8f70e59c3b0b9662,ey-uk,ready,,Open
jobs_staging.csv,cf1af1cdbc3c1bb5,pwc-ch,ready,,Open
jobs_staging.csv,7f3da37f221e5013,pwc-de,review,thin_description,Open
jobs_staging.csv,cc8c4a1f45db20e7,pwc-de,ready,,Open
jobs_staging.csv,8cb183099931133f,pwc-de,review,thin_description,Open
jobs_staging.csv,c32a745d02ab890f,deloitte-uk,ready,,Open
jobs_staging.csv,628dc0611ab0bfd5,pwc-uk,ready,,Open
jobs_staging.csv,f87a3a56c13b62a8,pwc-cz,ready,,Open
jobs_staging.csv,cb48d429c4f26304,ey-uk,ready,,Open
jobs_staging.csv,3530f82d932ed104,ey-cz,ready,,Open
jobs_staging.csv,380ebbe9e5374b89,pwc-uk,ready,,Open
jobs_staging.csv,439d6cab33e9c215,pwc-de,ready,,Open
jobs_staging.csv,619021637116cfa0,deloitte-nordics,ready,,Open
jobs_staging.csv,6f65600cad7982cd,deloitte-uk,ready,,Open
jobs_staging.csv,27557524c1f41d1d,ey-cz,ready,,Open
jobs_staging.csv,fd95ec17cf781e61,pwc-uk,ready,,Open
jobs_staging.csv,a41a5a84b7e9621d,pwc-de,ready,,Open
jobs_staging.csv,47e8862086db2b62,pwc-uk,ready,,Open
jobs_staging.csv,985f4fc61f228e9f,deloitte-uk,ready,,Open
jobs_staging.csv,bde57329ae379536,deloitte-uk,ready,,Open
jobs_staging.csv,7da4eb72682d17f5,deloitte-uk,ready,,Open
jobs_staging.csv,1a597e8123e70a8e,deloitte-uk,ready,,Open
jobs_staging.csv,7a24d83535a2a09a,deloitte-uk,ready,,Open
jobs_staging.csv,d79e904c23de64f4,deloitte-uk,ready,,Open
jobs_staging.csv,0f141404dec63dad,kpmg-de,ready,,Open
jobs_staging.csv,865e5e0ae6c4db2e,pwc-cz,ready,,Open
jobs_staging.csv,fe7d53279af729e6,ey-ch,ready,,Open
jobs_staging.csv,4c527c6ed992e043,pwc-uk,ready,,Open
jobs_staging.csv,285943c681880a7f,ey-ch,ready,,Open
jobs_staging.csv,59c9ca221ec64a6c,pwc-uk,ready,,Open
jobs_staging.csv,62851d70c09d6d82,pwc-at,ready,,Open
jobs_staging.csv,404b3042c0bdb107,pwc-cz,ready,,Open
jobs_staging.csv,d2a2c7944dc8533c,kpmg-uk,ready,,Open
jobs_staging.csv,a9c350fd5c56af9d,pwc-de,ready,,Open
jobs_staging.csv,04dd343237f038aa,deloitte-uk,ready,,Open
jobs_staging.csv,cb910aea44b8ee17,ey-de,ready,,Open
jobs_staging.csv,b94642556f3396c8,kpmg-de,ready,,Open
jobs_staging.csv,d24bf6d07711ef0f,kpmg-de,ready,,Open
jobs_staging.csv,9e9dba903dd8a887,kpmg-de,ready,,Open
jobs_staging.csv,4114fae040269387,kpmg-de,review,thin_description,Open
jobs_staging.csv,9e6f0349c9159dec,kpmg-de,review,thin_description,Open
jobs_staging.csv,c9f26fb4289b39b5,kpmg-de,ready,,Open
jobs_staging.csv,bd977bc8120090a9,deloitte-uk,ready,,Open
jobs_staging.csv,d88c73d2b0510e27,pwc-cz,ready,,Open
jobs_staging.csv,658bb7dfa03ccda6,kpmg-at,ready,,Open
jobs_staging.csv,554cd7eb4cba21d5,ey-de,ready,,Open
jobs_staging.csv,5fce436b6bf702bc,pwc-uk,ready,,Open
jobs_staging.csv,a899f8f5260b8fd6,pwc-de,ready,,Open
jobs_staging.csv,ef368efa6663017c,pwc-uk,ready,,Open
jobs_staging.csv,da0ba4f8687596ad,deloitte-uk,ready,,Open
jobs_staging.csv,604710a1c25d04d4,pwc-at,ready,,Open
jobs_staging.csv,16f585f35a6b9668,pwc-de,review,thin_description,Open
jobs_staging.csv,819b6c8fa1745d63,pwc-cz,ready,,Open
jobs_staging.csv,8a05ee39273942c6,pwc-uk,ready,,Open
jobs_staging.csv,b663cddba9e2e0ac,pwc-uk,ready,,Open
jobs_staging.csv,e16ba1a1db0d311f,pwc-uk,ready,,Open
jobs_staging.csv,c70302008b68fa31,pwc-uk,ready,,Open
jobs_staging.csv,bdd6d5b3990943a6,pwc-uk,ready,,Open
jobs_staging.csv,feee1651daf1988f,pwc-uk,ready,,Open
jobs_staging.csv,e0b9ee391f202423,ey-de,ready,,Open
jobs_staging.csv,550444be72a25f38,deloitte-uk,review,thin_description,Open
jobs_staging.csv,b1c49fb3140ac904,pwc-uk,ready,,Open
jobs_staging.csv,26a2a511f39b57a3,kpmg-uk,ready,,Open
jobs_staging.csv,4bc3ad2746551933,kpmg-uk,ready,,Open
jobs_staging.csv,cfaf41b264aa89cc,deloitte-uk,ready,,Open
jobs_staging.csv,55fdc2a99a6b1f1d,pwc-uk,ready,,Open
jobs_staging.csv,a071f51ac84bef90,pwc-de,ready,,Open
jobs_staging.csv,162b92e06f7bf4d8,pwc-de,ready,,Open
jobs_staging.csv,877aa61a36595705,pwc-cz,ready,,Open
jobs_staging.csv,deed60d16ed3d868,deloitte-ch,ready,,Open
jobs_staging.csv,f2107f27357225e6,kpmg-de,ready,,Open
jobs_staging.csv,ea408ad7885c185d,kpmg-de,ready,,Open
jobs_staging.csv,b14616305c0dce43,kpmg-de,ready,,Open
jobs_staging.csv,90e013d5ba3324ee,pwc-cz,ready,,Open
jobs_staging.csv,77ee5bab12d79116,kpmg-uk,ready,,Open
jobs_staging.csv,5d3fad79f54b219d,deloitte-ch,ready,,Open
jobs_staging.csv,b5e5d40a6ebb00a3,kpmg-de,ready,,Open
jobs_staging.csv,2df7bb2397219ffa,deloitte-cz,ready,,Open
jobs_staging.csv,e1bf725929a99bc8,pwc-de,ready,,Open
jobs_staging.csv,34e1d5ac1a1cfe84,pwc-de,ready,,Open
jobs_staging.csv,b1a4c666aa95c1ed,pwc-cz,ready,,Open
jobs_staging.csv,96cc0d1b923248d9,kpmg-de,ready,,Open
jobs_staging.csv,f5a54081575edd85,pwc-uk,ready,,Open
jobs_staging.csv,9a35482c7ce41330,kpmg-ch,ready,,Open
jobs_staging.csv,0b223f8338847c96,ey-uk,ready,,Open
jobs_staging.csv,0a65b1f038dcb9c2,deloitte-ch,ready,,Open
jobs_staging.csv,83daa749f04ed610,kpmg-de,ready,,Open
jobs_staging.csv,c9d22be85e5f7e2b,kpmg-de,ready,,Open
jobs_staging.csv,9f14dc631f59146b,pwc-uk,ready,,Open
jobs_staging.csv,569f79631b2798e4,kpmg-ch,ready,,Open
jobs_staging.csv,46dd0302e7e73fe8,deloitte-uk,ready,,Open
jobs_staging.csv,49d60c2b1bb267bc,deloitte-uk,ready,,Open
jobs_staging.csv,f0d64058a4828ea2,ey-de,ready,,Open
jobs_staging.csv,ad5cfb978e742cbb,pwc-uk,ready,,Open
jobs_staging.csv,1f9f9ffce2320b24,ey-ch,ready,,Open
jobs_staging.csv,5fafee2e9fa4722b,pwc-cz,ready,,Open
jobs_staging.csv,e66bb465378d8ee7,pwc-uk,ready,,Open
jobs_staging.csv,8fe797a980d186bd,deloitte-uk,ready,,Open
jobs_staging.csv,98a6746c2c92416d,ey-uk,ready,,Open
jobs_staging.csv,c3a269ddcb5a75ea,pwc-cz,ready,,Open
jobs_staging.csv,4f39e49255cf5290,ey-uk,ready,,Open
jobs_staging.csv,c095c32e4dad5229,ey-uk,ready,,Open
jobs_staging.csv,dfffab77f34700db,kpmg-de,ready,,Open
jobs_staging.csv,cd56da32e7aa60b6,kpmg-de,ready,,Open
jobs_staging.csv,77b7ab02ec3b9de1,kpmg-de,ready,,Open
jobs_staging.csv,f918c2f0e0791d4e,ey-uk,ready,,Open
jobs_staging.csv,eb87ec672ecd2fad,deloitte-ch,ready,,Open
jobs_staging.csv,a968e0deef5ef7e0,pwc-de,ready,,Open
jobs_staging.csv,393077364061efa7,ey-uk,ready,,Open
jobs_staging.csv,f0d4cb5e6f5dab96,pwc-uk,ready,,Open
jobs_staging.csv,8476b5c573334a44,deloitte-de,ready,,Open
jobs_staging.csv,5e73ae4413d05f70,pwc-cz,ready,,Open
jobs_staging.csv,b53696fc56a4a212,kpmg-uk,ready,,Open
jobs_staging.csv,17e2a7ed32de425c,pwc-uk,ready,,Open
jobs_staging.csv,af8813e0bb4c5deb,pwc-uk,ready,,Open
jobs_staging.csv,03db039cc483198c,pwc-de,ready,,Open
jobs_staging.csv,76611cba0a458767,ey-cz,ready,,Open
jobs_staging.csv,aecbc5de8a169e14,pwc-de,ready,,Open
jobs_staging.csv,d916cffeaf61efb6,kpmg-uk,ready,,Open
jobs_staging.csv,f4aa25257cd18b7b,deloitte-uk,ready,,Open
jobs_staging.csv,d49bf28a3a584252,ey-de,ready,,Open
jobs_staging.csv,8d85d4123695c4fd,kpmg-de,ready,,Open
jobs_staging.csv,6e854a2ca16fec92,ey-uk,ready,,Open
jobs_staging.csv,e0feeed7098c51e9,deloitte-at,ready,,Open
jobs_staging.csv,fd3307c7181bb5e2,pwc-de,ready,,Open
jobs_staging.csv,0c7a69b1fe96fb13,pwc-cz,ready,,Open
jobs_staging.csv,1b3016ca51b3bdf7,pwc-uk,ready,,Open
jobs_staging.csv,de22c63b85914f34,pwc-uk,ready,,Open
jobs_staging.csv,17e9218edd138aaa,deloitte-uk,ready,,Open
jobs_staging.csv,7e2f91864561bcff,ey-de,review,thin_description,Open
jobs_staging.csv,f36fd4cb676a67b6,pwc-cz,ready,,Open
jobs_staging.csv,97eed845c433f655,pwc-uk,ready,,Open
jobs_staging.csv,738224def42b167e,kpmg-uk,ready,,Open
jobs_staging.csv,9b433ace6ca69d62,kpmg-uk,ready,,Open
jobs_staging.csv,c3fd95d70d911c69,ey-ch,ready,,Open
jobs_staging.csv,76482b6998669b4d,ey-de,ready,,Open
jobs_staging.csv,a69f2c6f30e06d77,pwc-cz,ready,,Open
jobs_staging.csv,148c1c260cba75a9,pwc-de,review,thin_description,Open
jobs_staging.csv,2ba5d6ef3df1d072,kpmg-de,ready,,Open
jobs_staging.csv,b57f2e3da1389db0,pwc-uk,ready,,Open
jobs_staging.csv,9ddd89caa8128962,pwc-uk,ready,,Open
jobs_staging.csv,251904372efd7ee0,kpmg-ch,ready,,Open
jobs_staging.csv,c8820e9a0bae9761,deloitte-ch,ready,,Open
jobs_staging.csv,1b7752839223c4ef,pwc-ch,ready,,Open
jobs_staging.csv,b9e9dec9fc146dd6,kpmg-at,ready,,Open
jobs_staging.csv,76055cacec89e7fd,pwc-de,ready,,Open
jobs_staging.csv,a4e3b28c9308edd3,pwc-cz,ready,,Open
jobs_staging.csv,21ff6fb0bae1c56e,deloitte-uk,ready,,Open
jobs_staging.csv,6aa409367cdc1400,pwc-uk,ready,,Open
jobs_staging.csv,29d9de72cd3832d4,pwc-uk,ready,,Open
jobs_staging.csv,f1a50d076aff2476,deloitte-uk,ready,,Open
jobs_staging.csv,d69237606e1e1acf,deloitte-uk,ready,,Open
jobs_staging.csv,94c5266ae7b41b7e,deloitte-ch,ready,,Open
jobs_staging.csv,757ef159590323c7,kpmg-uk,ready,,Open
jobs_staging.csv,7cc5031bf0e9e51f,deloitte-uk,ready,,Open
jobs_staging.csv,6907f67c9cb76122,pwc-uk,ready,,Open
jobs_staging.csv,08ac939b1c204b51,kpmg-at,ready,,Open
jobs_staging.csv,035fd96e2c0f8b12,ey-cz,ready,,Open
jobs_staging.csv,4daf9db886a91973,deloitte-ch,ready,,Open
jobs_staging.csv,81c7332ec2e7978f,pwc-cz,ready,,Open
jobs_staging.csv,c01bbed2fa72cd66,pwc-uk,ready,,Open
jobs_staging.csv,dccf5835dcddecbe,kpmg-uk,ready,,Open
jobs_staging.csv,4767dad5b24f605c,ey-uk,ready,,Open
jobs_staging.csv,81087c00084c13dd,pwc-uk,ready,,Open
jobs_staging.csv,4baa0b3fcbd63d91,deloitte-uk,ready,,Open
jobs_staging.csv,30d11b6281470fc8,pwc-de,ready,,Open
jobs_staging.csv,4f35066c5da335ac,pwc-de,ready,,Open
jobs_staging.csv,8b620d5c447ae345,deloitte-ch,ready,,Open
jobs_staging.csv,11b7641dd3416e1a,pwc-de,ready,,Open
jobs_staging.csv,a3836d929fd36cf4,deloitte-uk,ready,,Open
jobs_staging.csv,034d52ccd01b4746,deloitte-uk,ready,,Open
jobs_staging.csv,9a0b9f25dabdaecf,pwc-cz,ready,,Open
jobs_staging.csv,7ea480630182b4d7,pwc-uk,ready,,Open
jobs_staging.csv,e68196b355d4932c,pwc-uk,ready,,Open
jobs_staging.csv,bdfea06f01bcd7e3,deloitte-de,ready,,Open
jobs_staging.csv,473790f474181072,kpmg-de,ready,,Open
jobs_staging.csv,69f0eedce8b96c14,deloitte-de,ready,,Open
jobs_staging.csv,4501960f2e85fa16,ey-uk,ready,,Open
jobs_staging.csv,094141c243c31839,deloitte-de,ready,,Open
jobs_staging.csv,93f06aa67f10d896,pwc-cz,ready,,Open
jobs_staging.csv,d4636e9c50a195d9,pwc-uk,ready,,Open
jobs_staging.csv,f13d5bdb798e5aa8,pwc-cz,ready,,Open
jobs_staging.csv,45e6d4c1024007d5,deloitte-nordics,ready,,Open
jobs_staging.csv,3ec534b8625f8dd6,deloitte-uk,ready,,Open
jobs_staging.csv,6ad18b244ef29be1,kpmg-at,ready,,Open
jobs_staging.csv,3df00719900c65ba,ey-at,ready,,Open
jobs_staging.csv,b34e6f5aab8b49af,pwc-uk,ready,,Open
jobs_staging.csv,85fa88219dd70dfd,pwc-de,ready,,Open
jobs_staging.csv,0ca918066687f3be,pwc-uk,ready,,Open
jobs_staging.csv,e40dbdbcd4302aeb,ey-de,ready,,Open
jobs_staging.csv,90746ab1d407e0de,kpmg-at,ready,,Open
jobs_staging.csv,f13d28ce8b279ad0,ey-at,ready,,Open
jobs_staging.csv,fe58011cefd5cbe4,kpmg-ch,ready,,Open
jobs_staging.csv,2b40938153f7cc81,pwc-uk,ready,,Open
jobs_staging.csv,4616ae5f81249162,deloitte-uk,ready,,Open
jobs_staging.csv,fc94c84089272686,deloitte-uk,ready,,Open
jobs_staging.csv,a69e563630e9491a,kpmg-uk,ready,,Open
jobs_staging.csv,62fd7097b64fe485,kpmg-de,ready,,Open
jobs_staging.csv,31cda32372aad229,pwc-de,ready,,Open
jobs_staging.csv,b9e7a104bc696bbe,kpmg-uk,ready,,Open
jobs_staging.csv,0ac715f0ea36e0bd,deloitte-uk,ready,,Open
jobs_staging.csv,e284d7706573d654,deloitte-uk,ready,,Open
jobs_staging.csv,7d0c2ff29695fb17,deloitte-uk,ready,,Open
jobs_staging.csv,2c30f77ba27c493e,pwc-cz,ready,,Open
jobs_staging.csv,d9f0687dffe0cbba,kpmg-de,ready,,Open
jobs_staging.csv,2776292a5a7cba37,deloitte-nordics,ready,,Open
jobs_staging.csv,08036170306ca250,deloitte-uk,ready,,Open
jobs_staging.csv,211fc85adc75dacc,pwc-uk,ready,,Open
jobs_staging.csv,4555508f4b73f0c0,pwc-uk,ready,,Open
jobs_staging.csv,bbc187630efacbd7,deloitte-ch,ready,,Open
jobs_staging.csv,53efc704b9a49960,deloitte-ch,ready,,Open
jobs_staging.csv,1eefb2dd3571cbc5,ey-de,review,thin_description,Open
jobs_staging.csv,8ac2d93989373b98,deloitte-at,ready,,Open
jobs_staging.csv,a8edfb7850081ee3,ey-at,ready,,Open
jobs_staging.csv,6532610380f71928,deloitte-nordics,ready,,Open
jobs_staging.csv,258f82b358c03dfc,ey-uk,ready,,Open
jobs_staging.csv,fce228c6fb0e059a,kpmg-uk,ready,,Open
jobs_staging.csv,04bec6c13d22f3b1,pwc-uk,ready,,Open
jobs_staging.csv,2e28aa15269a66c1,pwc-uk,ready,,Open
jobs_staging.csv,e6c61e3f48960fe4,kpmg-nordics,ready,,Open
jobs_staging.csv,1d95ea7cc41ebd4f,deloitte-nordics,ready,,Open
jobs_staging.csv,e64c9372458138a4,deloitte-uk,ready,,Open
jobs_staging.csv,156c4733b960b542,pwc-uk,ready,,Open
jobs_staging.csv,542fbf920a8b4c2b,pwc-uk,ready,,Open
jobs_staging.csv,ec1067883b6a55f5,kpmg-uk,ready,,Open
jobs_staging.csv,18294a85d89cfc12,pwc-cz,ready,,Open
jobs_staging.csv,8bf53af8ef2a6768,deloitte-de,review,thin_description,Open
jobs_staging.csv,62ba320315074b45,pwc-cz,ready,,Open
jobs_staging.csv,82913b81382027f6,ey-ch,ready,,Open
jobs_staging.csv,991962c4c6461aa0,deloitte-uk,ready,,Open
jobs_staging.csv,4c7b19959d47194a,ey-ch,ready,,Open
jobs_staging.csv,ccc7118b55c902ba,pwc-de,ready,,Open
jobs_staging.csv,96139fb22fa89a10,kpmg-uk,ready,,Open
jobs_staging.csv,6cca77479e12c78f,deloitte-uk,ready,,Open
jobs_staging.csv,45693032e6193a14,ey-uk,ready,,Open
jobs_staging.csv,2a26f48e5da59fed,pwc-uk,ready,,Open
jobs_staging.csv,cbde71b0f8268e70,ey-at,ready,,Open
jobs_staging.csv,2da049ac42563ced,ey-at,ready,,Open
jobs_staging.csv,1918866e77565ee4,pwc-ch,ready,,Open
jobs_staging.csv,b345126e92058be5,kpmg-ch,ready,,Open
jobs_staging.csv,82ac3665d86c7b73,kpmg-uk,ready,,Open
jobs_staging.csv,3bc79d9e10ffb6d9,pwc-uk,ready,,Open
jobs_staging.csv,62fd2e99c54bc56b,pwc-uk,ready,,Open
jobs_staging.csv,7e062f6c42212465,pwc-uk,ready,,Open
jobs_staging.csv,a73ba5b1fc2ca2f4,pwc-cz,ready,,Open
jobs_staging.csv,c7065bcc76f49a67,deloitte-nordics,ready,,Open
jobs_staging.csv,af98c215d926a68f,pwc-de,ready,,Open
jobs_staging.csv,44386b35cdb98321,kpmg-ch,ready,,Open
jobs_staging.csv,49e5df95f094bd87,deloitte-nordics,ready,,Open
jobs_staging.csv,30076e19e7c7a701,deloitte-nordics,ready,,Open
jobs_staging.csv,2b4c554d6ed080ac,deloitte-uk,ready,,Open
jobs_staging.csv,87a771e9f974c1c7,deloitte-uk,ready,,Open
jobs_staging.csv,b295aa0f8f3c61d2,deloitte-uk,ready,,Open
jobs_staging.csv,71f10c6daa7fcdb5,deloitte-uk,ready,,Open
jobs_staging.csv,680543b2a4967162,pwc-uk,ready,,Open
jobs_staging.csv,606efaf68f8f1255,pwc-de,ready,,Open
jobs_staging.csv,1f99d756cf9544c4,pwc-de,ready,,Open
jobs_staging.csv,7c1713725d534f68,pwc-ch,ready,,Open
jobs_staging.csv,49e2deaa6e9355c3,deloitte-ch,ready,,Open
jobs_staging.csv,a6cd7d179aa927b9,deloitte-nordics,ready,,Open
jobs_staging.csv,79498974a30a4960,pwc-de,ready,,Open
jobs_staging.csv,3112d92beaf9d406,deloitte-uk,ready,,Open
jobs_staging.csv,af85284120a2db74,ey-at,ready,,Open
jobs_staging.csv,0fc2ab7f13459dae,kpmg-uk,ready,,Open
jobs_staging.csv,e18bdabf77a89a43,pwc-cz,ready,,Open
jobs_staging.csv,424c3d2567ecd524,pwc-uk,ready,,Open
jobs_staging.csv,59f53151ae13f79a,deloitte-uk,ready,,Open
jobs_staging.csv,6e3dc13ec88a87a8,pwc-uk,ready,,Open
jobs_staging.csv,6b78a193d0d253a2,kpmg-ch,ready,,Open
jobs_staging.csv,20543b5f3d9c011e,pwc-cz,ready,,Open
jobs_staging.csv,965686e516ba3299,pwc-uk,ready,,Open
jobs_staging.csv,96655eb19801ea6f,ey-de,ready,,Open
jobs_staging.csv,45a004431ece22d6,pwc-uk,ready,,Open
jobs_staging.csv,2f051fa784b02477,pwc-cz,ready,,Open
jobs_staging.csv,b89069c30ce20e98,pwc-uk,ready,,Open
jobs_staging.csv,de67f38154029572,ey-de,ready,,Open
jobs_staging.csv,74f1c6c60c72c5f0,deloitte-uk,ready,,Open
jobs_staging.csv,3c8bc84cb432b84a,deloitte-uk,ready,,Open
jobs_staging.csv,d0af90275da518be,deloitte-ch,ready,,Open
jobs_staging.csv,2f61c5f0553a809a,deloitte-de,ready,,Open
jobs_staging.csv,b518b8d54f521a0f,pwc-cz,ready,,Open
jobs_staging.csv,d3d874bd1b2edf0e,pwc-uk,ready,,Open
jobs_staging.csv,e168ff6bc5ec4ca1,deloitte-ch,ready,,Open
jobs_staging.csv,c792c4f7de231306,pwc-uk,ready,,Open
jobs_staging.csv,4136be0484b98c2c,kpmg-at,ready,,Open
jobs_staging.csv,b92f6cc237a0c938,pwc-de,ready,,Open
jobs_staging.csv,f10d0554c1a7c4b8,deloitte-uk,ready,,Open
jobs_staging.csv,aa7c452578b7ecf8,ey-de,ready,,Open
jobs_staging.csv,d7e73324818c0679,kpmg-ch,ready,,Open
jobs_staging.csv,b86d54d20ffbce8e,ey-at,ready,,Open
jobs_staging.csv,fdaaec8852525ed3,pwc-de,ready,,Open
jobs_staging.csv,7a70e54c3d1f9146,pwc-uk,ready,,Open
jobs_staging.csv,70e29ee6fe091add,kpmg-uk,ready,,Open
jobs_staging.csv,c2ca9c8e2a653a9a,deloitte-de,ready,,Open
jobs_staging.csv,cde36aa9263e63a1,pwc-uk,ready,,Open
jobs_staging.csv,366e82f94872029d,pwc-uk,ready,,Open
jobs_staging.csv,4e96b78dc834797a,pwc-uk,ready,,Open
jobs_staging.csv,b798f543f7de16e8,deloitte-at,ready,,Open
jobs_staging.csv,21841423b1a20d3e,deloitte-at,ready,,Open
jobs_staging.csv,bc6085fc5c2ac8dd,pwc-uk,ready,,Open
jobs_staging.csv,25c9a718fefe261f,deloitte-uk,ready,,Open
jobs_staging.csv,fe5bbcb83f53ab8a,kpmg-uk,ready,,Open
jobs_staging.csv,bd9e6866d38af3b5,pwc-uk,ready,,Open
jobs_staging.csv,2db29a52b340fbdc,deloitte-de,review,thin_description,Open
jobs_staging.csv,302a901d05edaa48,ey-se,ready,,Open
jobs_staging.csv,85c291089cb41b17,pwc-de,ready,,Open
jobs_staging.csv,56bf3e0c1d928bde,pwc-uk,ready,,Open
jobs_staging.csv,67415a5f3ef8a901,deloitte-ch,ready,,Open
jobs_staging.csv,341aa6f09fa32876,deloitte-uk,ready,,Open
jobs_staging.csv,98facd31e2b146d4,pwc-uk,ready,,Open
jobs_staging.csv,aeb975ea10362e2e,kpmg-de,review,thin_description,Open
jobs_staging.csv,7f0ae6636e4dc7d0,kpmg-de,review,thin_description,Open
jobs_staging.csv,d2ae6d5917085c0a,deloitte-uk,ready,,Open
jobs_staging.csv,b0630aba572151c4,pwc-uk,ready,,Open
jobs_staging.csv,0a71649b13ec2f24,deloitte-uk,ready,,Open
jobs_staging.csv,4f92a5e1cde7913a,kpmg-ch,ready,,Open
jobs_staging.csv,833507a42ca44bc4,kpmg-ch,ready,,Open
jobs_staging.csv,dd084140841e7b72,pwc-uk,ready,,Open
jobs_staging.csv,d86dda5707ecde0b,pwc-de,ready,,Open
jobs_staging.csv,b9c00dfedef9256d,deloitte-uk,ready,,Open
jobs_staging.csv,271417e472b953d0,deloitte-uk,ready,,Open
jobs_staging.csv,d5482a39214f3286,pwc-cz,ready,,Open
jobs_staging.csv,05d6b9c8c3264b1e,pwc-cz,ready,,Open
jobs_staging.csv,98e3d4fabfd133b8,kpmg-de,ready,,Open
jobs_staging.csv,451aa5e5e40aa249,pwc-uk,ready,,Open
jobs_staging.csv,9895b7c367c4842f,pwc-cz,ready,,Open
jobs_staging.csv,ae8ba09a0d9190b8,pwc-cz,ready,,Open
jobs_staging.csv,9f55121f0b077068,kpmg-uk,ready,,Open
jobs_staging.csv,6786d3bfa7d1d3d5,pwc-de,ready,,Open
jobs_staging.csv,5e2e7c865c65ccd3,deloitte-de,ready,,Open
jobs_staging.csv,888422afd141c4f0,kpmg-de,ready,,Open
jobs_staging.csv,0b46ae39991d20fa,deloitte-uk,ready,,Open
jobs_staging.csv,997ec4b84780e345,ey-at,ready,,Open
jobs_staging.csv,894c68a4277e980c,pwc-uk,ready,,Open
jobs_staging.csv,9a93c4446da0196b,pwc-uk,ready,,Open
jobs_staging.csv,28a60b52042c34c7,pwc-uk,ready,,Open
jobs_staging.csv,d562453601ea6fb6,kpmg-uk,ready,,Open
jobs_staging.csv,0ab65d7aebec2f35,pwc-uk,ready,,Open
jobs_staging.csv,8c4fe8bf69f75ce5,pwc-uk,ready,,Open
jobs_staging.csv,6c51c9e31699f817,deloitte-uk,ready,,Open
jobs_staging.csv,7f6ed82c66c51d2d,deloitte-uk,ready,,Open
jobs_staging.csv,073eebd2fe718e73,deloitte-uk,ready,,Open
jobs_staging.csv,6bdc346ec15fdcf7,kpmg-uk,ready,,Open
jobs_staging.csv,2e6213c4207f9db7,deloitte-de,ready,,Open
jobs_staging.csv,c1e46d3f03184341,deloitte-ch,ready,,Open
jobs_staging.csv,678c1293eec16de7,pwc-uk,ready,,Open
jobs_staging.csv,939ef65f1d22555d,pwc-de,ready,,Open
jobs_staging.csv,6c3e350c7466a2e7,ey-uk,ready,,Open
jobs_staging.csv,b539ab07296bc4b3,pwc-ch,ready,,Open
jobs_staging.csv,d6d3462238ec9dae,pwc-cz,ready,,Open
jobs_staging.csv,242ec12b1a50c4a1,kpmg-uk,ready,,Open
jobs_staging.csv,b9006fe275f483bd,pwc-uk,ready,,Open
jobs_staging.csv,72e76a6e5249a309,pwc-cz,ready,,Open
jobs_staging.csv,6835350ca5c2a448,pwc-de,ready,,Open
jobs_staging.csv,6a0c56e3098666be,pwc-uk,ready,,Open
jobs_staging.csv,f1a688a9fc646587,pwc-cz,ready,,Open
jobs_staging.csv,c53aafa58cbc2448,deloitte-uk,ready,,Open
jobs_staging.csv,4061ef756da49537,deloitte-uk,ready,,Open
jobs_staging.csv,d44dbe5ba0cd65d0,deloitte-uk,ready,,Open
jobs_staging.csv,dd8386e924735a75,deloitte-uk,ready,,Open
jobs_staging.csv,79036a2c42afaa84,deloitte-uk,ready,,Open
jobs_staging.csv,a72a51305eb61599,ey-at,review,thin_description,Open
jobs_staging.csv,ca2f6cb1b813855e,pwc-uk,ready,,Open
jobs_staging.csv,a06f6ef644f3f473,kpmg-at,ready,,Open
jobs_staging.csv,3ec356cfcd24c968,deloitte-uk,ready,,Open
jobs_staging.csv,e88daf77c996c9a6,pwc-uk,ready,,Open
jobs_staging.csv,32b92ba26be35e53,deloitte-uk,ready,,Open
jobs_staging.csv,dfeedc5c1de75b19,pwc-uk,ready,,Open
jobs_staging.csv,df94efded67ccaa8,pwc-uk,ready,,Open
jobs_staging.csv,d5cb8232baa28cdc,pwc-uk,ready,,Open
jobs_staging.csv,42bb9855fb2a91a0,kpmg-uk,ready,,Open
jobs_staging.csv,f6107260579b5a5e,kpmg-uk,ready,,Open
jobs_staging.csv,a9c1f37b6e7dd9a2,kpmg-uk,ready,,Open
jobs_staging.csv,22d86519db6a049f,deloitte-uk,ready,,Open
jobs_staging.csv,b461ff2e3ac23fed,pwc-de,ready,,Open
jobs_staging.csv,2dcebd7b3fc0ed4d,pwc-cz,ready,,Open
jobs_staging.csv,37fe5576163ddb3a,pwc-uk,ready,,Open
jobs_staging.csv,84be9739201c5d69,ey-at,ready,,Open
jobs_staging.csv,dca4bb0ee41c07c3,deloitte-de,ready,,Open
jobs_staging.csv,b85afb1e57018c04,pwc-uk,ready,,Open
jobs_staging.csv,306273b0c078e32b,pwc-uk,ready,,Open
jobs_staging.csv,70fdde9c5b2cc2c5,kpmg-uk,ready,,Open
jobs_staging.csv,a244bad6b2b25526,ey-at,ready,,Open
jobs_staging.csv,7ff3e11d0e0435fd,pwc-ch,ready,,Open
jobs_staging.csv,96dc3e0eac0214ff,pwc-uk,ready,,Open
jobs_staging.csv,a57d8dfeefe65d69,kpmg-ch,ready,,Open
jobs_staging.csv,0da098430db1f9fd,deloitte-ch,ready,,Open
jobs_staging.csv,67c3f382b921ef40,pwc-cz,ready,,Open
jobs_staging.csv,0366ff857c284581,pwc-uk,ready,,Open
jobs_staging.csv,fe347aae72bed1b3,kpmg-uk,ready,,Open
jobs_staging.csv,066cce3e95fd851b,kpmg-nordics,ready,,Open
jobs_staging.csv,f807cbf125fd9911,kpmg-uk,ready,,Open
jobs_staging.csv,bddd68f3244a0b80,deloitte-ch,ready,,Open
jobs_staging.csv,6a4f2ed19452f798,pwc-cz,ready,,Open
jobs_staging.csv,da58f71aa2e8bd88,kpmg-uk,ready,,Open
jobs_staging.csv,1f38d01fe979c54f,pwc-uk,ready,,Open
jobs_staging.csv,9490153fba968256,ey-ch,ready,,Open
jobs_staging.csv,9750920bda621a5e,kpmg-uk,ready,,Open
jobs_staging.csv,af308e94b21dc475,pwc-uk,ready,,Open
jobs_staging.csv,044e1d1a07b4ac99,pwc-uk,ready,,Open
jobs_staging.csv,5461b1666fc6b4c3,kpmg-ch,ready,,Open
jobs_staging.csv,eb243c8ab6a49a5d,ey-ch,ready,,Open
jobs_staging.csv,94f58aa850727369,pwc-uk,ready,,Open
jobs_staging.csv,32da2d969b5b30d4,deloitte-uk,ready,,Open
jobs_staging.csv,cc0bff4e07921dbd,ey-uk,ready,,Open
jobs_staging.csv,b5b15fc4850aa9de,pwc-uk,ready,,Open
jobs_staging.csv,df0d662665f0e617,pwc-uk,ready,,Open
jobs_staging.csv,3fb4657c633a6fbe,kpmg-uk,ready,,Open
jobs_staging.csv,d88c6372f51f9056,kpmg-uk,ready,,Open
jobs_staging.csv,6752c7662417cd06,pwc-uk,ready,,Open
jobs_staging.csv,8ff0c257a2b3f5c8,pwc-uk,ready,,Open
jobs_staging.csv,2a9661c5214170d8,pwc-uk,ready,,Open
jobs_staging.csv,b85118d124553435,pwc-uk,ready,,Open
jobs_staging.csv,ffce892a322ed770,pwc-uk,ready,,Open
jobs_staging.csv,43dfde2f223fe00d,pwc-uk,ready,,Open
jobs_staging.csv,8bbf4c0df9f62c4a,pwc-uk,ready,,Open
jobs_staging.csv,6ac9e3019faba7d5,ey-uk,ready,,Open
jobs_staging.csv,9a279dc9a21f94e5,ey-uk,ready,,Open
jobs_staging.csv,2cf3a99cfec873ec,pwc-uk,ready,,Open
jobs_staging.csv,f928010c8e20fb46,pwc-uk,ready,,Open
