job_id,canonical_company_id,company,title,description,description_en,translation_status,market,location,priority_locations,job_url,source_url,source_id,date_posted,discovered_at,last_seen_at,relevance_score,matched_terms,verification,status,alternate_job_urls,duplicate_count,calibration_score,calibration_note
stepstone-de_14364165,,Giesecke+Devrient GmbH,Risk Manager Corporate Finance (m/w/d),"G+D macht das Leben von Milliarden von Menschen weltweit sicherer. Für die Abteilung Corporate Finance & Insurance wird am Standort München ein Risk Manager Corporate Finance (Vollzeit, unbefristet; Stellen-ID 27523) gesucht.

Aufgaben:
- Identifizierung und Quantifizierung von Währungs-, Zins- und Kreditrisiken sowie Entwicklung von Steuerungsstrategien.
- Bearbeitung, Abschluss und Bewertung von Geldmarkt-, Devisen- und Zinssicherungsgeschäften für Konzerngesellschaften.
- Weiterentwicklung von Risikomanagement und Reporting; Betreuung internationaler Gesellschaften im Währungsmanagement.
- Dokumentation und Bilanzierung von Sicherungsgeschäften und Finanzinstrumenten nach IFRS/HGB; Bewertung von Finanz- und Zinsderivaten.
- Regulatorische Anforderungen einschließlich EMIR, Projektfinanzierungen sowie Mitwirkung an Finanzierungsprojekten.
- Administration und Erweiterung des Finanzmanagement-Systems und weiterer Systeme, darunter 360T.

Profil:
- Mindestens fünf Jahre Berufserfahrung in Risikomanagement/Treasury bei Bank, Beratung oder internationalem Industrieunternehmen.
- Vertiefte Kenntnisse in Währungsmanagement, IFRS/HGB und Hedge Accounting.
- SAP, sehr gute Excel- und fließende Englischkenntnisse.",,pending,Germany,München,München,https://www.stepstone.de/stellenangebote--Risk-Manager-Corporate-Finance-m-w-d-Muenchen-Giesecke-Devrient-GmbH--14364165-inline.html,https://click.stepstone.de/f/a/2oVCri4zvf43k4CRW4eFNg~~/AAAmIhA~/n-7-Q0qei9tBZHU-MiUoIT_O3qeG9pfZ3C-qFyS7LFuJ6f-Tl3gqXoAebjlguiQs8FJ3bs8idlc4TkFfYfYe8GpelA0rycXpd18KHCSTILzMX5zqlZYvhYLXidroIIJYGaTaojeWScO01FxrZ255WEI94afoIKEX3LVmcgxZn3oGZFHqS_NgbziqeGUWSEU-uKfWE5-IS2GJOFIpXXKRfiAMX9LstQoFi-6zlPp0dtE1lzP5nf7wQdusdIxIJ56eAMsWJ7m9Ps-yMN12NJR4SSWEuRnwaJVO7VW4sNG8SP_JtCjnmce2FF-dI6qvWX75uSL1LWjAU9QrSFRURd-obI82fK5e4CCeA91HBY5x83buqwpmPvSjzZkXMlJKjgWFks7sw4J9APq7_HzIIzzlvS04hOLH6sWI-1qvm8zykj696hBPyOnLu6IaJXpit_fx7iwtqzGywYiAoHVAp0ItFivKuz8zjwk5T1xxrpHDSDbDPBpPwloigzPVxXxDLj1OJXQ4zEqgMkMM9pzt5uOm1QoWqErylzTCGd1bWvyEJmfH55LsOxNYbdHPmeXOoztaL6xYez2s1K9PfE74uVMTtD76U11XwfDVQp2yQ_HAPYkWf2oHbo7hUZA4MPfzYQeEeCYVKecxWx9ejKKrSdDM8hXht0tdXLrp4HpZQWyMSUrgp9Arzf0jKpq2YYlgXIGjh9-KDxmTpPEDOEltg-OdfY8bIIf0m8VAv47PIs9Ny8hOmlncyexOV5BvSOw9adX-P4V_Rs03wuWrXSPENXdc6q8qjgZzVCQUR_mVWIRQ34d_0PbTnaYvoRaqfLXnWbNPBrR7TsrNNLI80z2dXNTIWruNdLyLQ-g4aKXx1m2W3gwjgdx_1bvq4lFao5fV22rSIqCyxwz27O7QH5WjpQ70bj2Cc8WuQIPUKl600F2WfY5Wt__jKrPxPZ0n3WE3X2_Rsv4N6ebbo8SPgTLvfmTFvSnJXSRKWJ59knycQjQ_432VTtozdPVTSlvgGrNn5njnav9m2gofEs9Vp7GeoQ6tknBnDl3glKOPdMGOFnlISZ6qPRXcl6zlmysGVUJuy0osrOsryUpcl6PmN0KRBQ2sV2fGdj_TsfZ-FL_fKalCo_gBsFolxPdIoJ5yqUEhMM6Ya8Sa8PgfV0NGzD__bcUyJ5IxhyttPzBcCOXjMd7xlnBQSbHHAhSVx7_L02K3FawHiatmZgrkmkTdb-E4K1yeY-FwVV8bokLskvsvfA3LNBOHiGrbeGAXeGPWbhDFMRo3PDlHnKid1QKEIWsFzN-RnQ02eaC42FLoMqhfiXpVGFxJw3UcGMfJBaAN3yXfGpATOAdv0kcFGE6WKALPyBZrH6OdQxdWNaSgYk4lsPkUDy6BUjKipuGzutP4Xa89VxJ-uhYTjzt55gWNsx378S5f_Mct_O6HPqDm-_atslXr-PlC00HBPq8-lYN8xBUjcAQQliAYGVz-VWpzu56xy6DWk7JLcMoeCJh_CcCrqFEDS6QeP7pF2EO40N7QJt4lQNM3gslumAXT18tJNmhAx6PU_7zc4dKm50AgsGXaISPGhzyBoPERGGVMDDf2yQJoH8XFh167SOBvBkRj9rFlJse4cVCGjKZElMUvirBgGKvLUjtgmMe236qQlj-AEvtWYOVrqyDRo1HtN68j7SsMQhgo-3Mkwt7kZB7RSRwjCOsFjShJz89PjZZIGT3C4iIMbzPZ,stepstone-de,2026-08-20,2026-09-04T08:17:17Z,2026-09-04T08:17:17Z,1,financial risk|treasury|FX|interest rate|derivatives|hedge accounting|corporate finance,verified email alert — StepStone DE — live StepStone individual page; Gmail message ID 1a06b66779b766cc; resolved URL https://www.stepstone.de/stellenangebote--Risk-Manager-Corporate-Finance-m-w-d-Muenchen-Giesecke-Devrient-GmbH--14364165-inline.html,Open,,0,,
stepstone-de_14314571,,Airbus Bank GmbH,"Spezialist Risk Management (m/w/d) mit Schwerpunkt Risk Reporting, Automation & Data Analysis in Vollzeit","Risikocontrolling role in Airbus Bank's Risk Management & Control team in Munich. Responsibilities include automating risk reporting with Python, Databricks and BI tools; ensuring aggregation and quality of risk data and expanding the DWH; coordinating cross-risk reporting including ICAAP/risk-bearing capacity; developing stress-testing and capital-planning concepts; and supporting quantitative models across credit risk, market risk/IRRBB and liquidity risk. Requires a quantitative degree, strong programming and data/analytics skills; risk management and bank steering knowledge are advantageous. English is required and German is an advantage.",,complete,Germany,München,München,https://www.stepstone.de/stellenangebote--Spezialist-Risk-Management-m-w-d-mit-Schwerpunkt-Risk-Reporting-Automation-Data-Analysis-in-Vollzeit-Muenchen-Airbus-Bank-GmbH--14314571-inline.html,https://click.stepstone.de/f/a/JxRNMxmUIQYysxbv8QcTXw~~/AAAmIhA~/Ce6a32DebDmgBKafNQkE3ShN23tTYcbzqQ2CzmgKMM6Rpnt3rxFZu8ZCa-TwuHAObpvoWsNFRab8OGZEPjpnZCwDG02kBWW9HyQlqwCQNmbZqpUgt8kzbYl1fPrBZokK70TUP7pfpJ9JMGUjV5kGizu3mc-xZD74CFgxihPu2RUUqiEmCeiqgL3gkMX6M9wbR6diXjg_ayrW5IqDm0heNeBr03B3K7TBWLuhEexhHFp4lu0RY1K9m5q3rCX_9NsZT1bRX2QCOjzwNVruLQ76Dm1wZyjJfKKgvo36-Ly2VllVEdB7H23AXcLaDDSY1G_FQpFtjvZK272u-2bn2x9s9JC6TMsZOxvQVRN3tzEnLOvQ048zkBywNqcuFoGGTog0WuMzr_WXH0s99U9P-PnO69Obv3Em8cAYPRGmvKREf3AyigE0FvifQtfrgOkShzmQ6xwmpdyg6IwLdOLDRvv-K585OfMc_KBvFEuyzBcSPIp2FtaqxWHxm4PUOGHUcCk33ZJ4Ycczh1JTA2p0KIaV8WePI15SiUJVk1TgvrXl2Wyxr0_vNZJiMXIMpzKm3OY2FIp3mHOiVTYvqALTU4LhIHd1_hnfxsGdlrgRCBaQAv6U_w2CCw8_orRiNrCi-FxXE8UU2URNC0YKbwNRfU19WJsKUWgkWY--pa38Ac1lpko8dIjxLJyFr6HhvcPP2Eha4VC8Mi0Sto96Z42lEf_zIIdXsQAOQ6IIRUukS_DQPFaXwEp6jaegdb7fr61rnHRzAzqqMGPPyrs8G1rGNdrGCrJQv11uPYne6ngzBFal96slUoiFXEVG8VeclxpflB06zq-QMtqnBTiV6F7UH12yJ5rVluMHrHVsyau4yORSNX4_Au5I2rCbrRy8gNHjRSv69_q7-80lDNfynfg2NfVhAImDUiAL401_loavdnZdNyfy3KBCyNtPuLaL91Id7ZzMNiN1m-uFDww8vEpQou0BDvz9LIk__FfSv3-bXyOeh8mcGlju1LVbfGlm2C0rmsWvv3Ck3MunWY1ByOEgm4rrEMPM1kDJbmUy12M7eexueWXyIWDGF-a2Ih50pu6FreFWiUSczP8O-6Yv6ih8CtDFUUVg78pBqYMnxuG8N9gwQqCWIzV9C_QHj2c_QuQ1DbfJgS684KF-n9J8MvdsYCFFAeufDKLSWc3QZkoS1biAIEfFbGo7rf6pSg-m-xEGGNqQjgEKdFS4mLY_eGNARgGGXNvHqK4kenkCEF3vS0T-3L-d1Up49qqkA1XMUwKAvt-_GnY-7F2JqHvNxbS4pCcL2dogMVwgFzO8PVM91xCA4OJWMkZmUgBlFpwcWDzSZ64S4bVE3xSdjj5QOTebn0ik7hk2amcITrCX37PXIe_S-GF2lstOPm39zyOji79ODhkbVdqMUm-CQWkeoZtUAnEQlikv9U4ihHqQuZSk-mHCxb0SjSJIb7z_9sIkrBXfAedxZCtGd-lzP7_--7C0LttNfL5iExJRPt8r2w06R30RTwpA9lLrtQJvIXgPv9qKsJXupdLR3uk0pABh-ALsmXuMBVO1_aOCDKh6yOoNSJ_x-T79CKIMtsZl5wqqH7rGQ-9nXtvZ-tck0ooisbUM9OvJnAgm4nGckDSC32OuMA9F9soyh_fTHnEgHLeU4bJ9T_FtOlLh8l8bP7ck33v9txqMrOBXxorUqHJ0b4f4iVu3fLVfHNnr76mM6BdqdIIjEjVp,stepstone-de,2026-08-13,2026-09-04T08:17:17Z,2026-09-04T10:25:26Z,1,risk management|risk reporting|market risk|IRRBB|liquidity risk|ICAAP|stress testing|Python,verified email alert — StepStone DE — live StepStone individual page; Gmail message ID 1a06bcdbb1f9599b; resolved URL https://www.stepstone.de/stellenangebote--Spezialist-Risk-Management-m-w-d-mit-Schwerpunkt-Risk-Reporting-Automation-Data-Analysis-in-Vollzeit-Muenchen-Airbus-Bank-GmbH--14314571-inline.html,Open,,0,,
stepstone-de_14428838,,Fonds Finanz Maklerservice GmbH,M&A Consultant (m/w/d) Unternehmensgruppe,"Corporate M&A role supporting the next growth phase of the INFITECH Group in Munich. Responsibilities span target identification and valuation, assessment of business models and market potential, due diligence, support for contract negotiations, and post-merger integration including value-creation and integration plans. The role works with the Head of M&A, group CFO and Hg as financial investor. Requires at least 1–2 years of relevant M&A, private equity, investment banking, transaction-services or comparable transaction experience; financial modelling and valuation experience are advantageous. German C1 and very good English are required.",,complete,Germany,München,München,https://www.stepstone.de/stellenangebote--MA-Consultant-m-w-d-Unternehmensgruppe-Muenchen-Fonds-Finanz-Maklerservice-GmbH--14428838-inline.html,https://click.stepstone.de/f/a/T-LW9DP-tquH9CeUZevOkQ~~/AAAmIhA~/wmA_jpPW4lwSBMKeRnGOinFxSWziMEuXXQY2i-svX_TB9euPVIuOYwL2ZrN_xP5UBfetyKkXjetjd02IfSe6bUG4K1nEJss4zsgtMF5RhfkWw7F3-sVNKSjwRTqT9u5BbMndCMluD1UypZ5w9C7lc4ycsSOp9c4VCoKxmMZ7cGvx53K4BCKozlbb5bvUOJKlLSJYl47d3jFTIh71nf-XlVj84i0corU_YfKQBrUrC6aZxzR47MW1Bz4d7MCAYiOggQ5mKsWbLjgRYYBJCJcuenmnoYSDnUOT3amoZ7EI7H0dcN4-BWUhxufzzsIhzRwEasbOXzzV5U3Tgy3TRYkuqNDMSnZ1aIdScVQskcyddSUTM3s76RhsA0Ld4EQ9exiTWX6hZ_AGhpjKLk2WAwawGHOwmHQv9hRneWBQk1fOettDet3f5qu-3HqYMkAeXDsLPlhH3-1-AmsFqJlzdYNXHJiTJnJehwDxejS2ChNR5Ewh4BkTbj_Alw8qNfk7IszQSEekSBHlouL_GLVrzwAaM_j8AM4_fwr9t3b657fyZ9VYAI9Un0a98ijRto9Esekl_nglbhvOzEP4sRwjDQYIKYGDVQxYf7MPjDrIIMCbF-pjUVjCynKP75RB9qXqqrrm64Zt9tQgOi5WO9hqjCNhMxzlZi_pyCzVpz7L6uaP5YDZQftO9b9Uu7Z-rYlIUkN8j2xP5Q4MnviNfIQCdR2SwlwIdGLfQ770HJltqSYwCZM_GIfs3BuH27h-YZKw6RQsMVAxZvKR2DRrHDuR4WW-XjJGdpGSfnZg74gH87tlCv0P0csh9wWLfTsGSnpHGbOOotqRLz5nwaS5lCHZYCvZs6Nt4Qk5_CdKinpN0h7gMhLNjhrZhuAAK-Gz9MzGQtICyjIs44CBDg9iW4kEAUmWniUizTzL2V9E84PhUq-jUn-1tzjKValPurL1_7SQ4Zqjlxu3nbMizotPqs00RXwluWNNqV-6iYKrRSx6bGonqX6P4ovSzmMNE9o0v2ONCWuBa4VLh6BrpqQ1blADH0Pw3Hh9mCYv4Jm1uy56oNP80ps7jL7diGx11VfKXZ1eYOFs-wR05yZ-8STUuo2ZUEVtIiEk04eEsQ5dCI5CLYPSP0z6ZOfyYQaMMp6mubODCS8cZemykZHYK-gvifDC-YLWFg2hHk3MoxBl5FA2toGLWZL2jTG0hR37op4Eg_l1oIfpyR3Ab76pIJq3gHtljcQp53CsdN5fyxrSascmVuG4pF-WbyzOEr69o_BjUI_y6Gl3K9oZ5oqzN2ejknzuaeXo79yV1vhn8tk6aohlLk8SOr3HASvMKP1q78Rul79yeN27-3SD3GJFKj0Lw-RhPPp5vw13UpGd7hNt4f2QC9LFcxm2DGFvXi4nu5shlpyyz8oe_si_BEWb-986qtdf_IYxXCWjK8caWhewDoRrXbkcNf7KtZcB1LpXN0U8fMwTv9Nd_1twzvA-czYP5phkcUtOmn9fByedYUiQBxLA-OtXGdOUTBs0u1Aisd7cBnThYu8eWP_eAHg47K5cSmT-Cg_DqMT9GaM5KpJ1QFeX6SkqBNrzLhPXyWrmtKWtTNHl0nYR6q0tChrrl6FXF2jNtgNFUOZt58nUSdPKFSMh6kYaQE8CNWMjEdbRqCy3JJ1OqeEZ_ewurJ683cklehpUpGjSEPK73p3HGJwBnnScv_EwBVA~,stepstone-de,2026-08-29,2026-09-04T08:17:17Z,2026-09-10T08:47:00Z,1,M&A|corporate finance|valuation|due diligence|financial modeling|post-merger integration,verified email alert — StepStone DE — live StepStone individual page; Gmail message ID 1a06b66779b766cc; resolved URL https://www.stepstone.de/stellenangebote--MA-Consultant-m-w-d-Unternehmensgruppe-Muenchen-Fonds-Finanz-Maklerservice-GmbH--14428838-inline.html; repeated Gmail message ID 1a06ccce4635cbfc,Open,,2,,
stepstone-de_14395834,,Hollister Incorporated Niederlassung Deutschland,Financial Analyst (m/w/d),"FP&A and finance-business-partnering role in Munich. Supports annual planning, midyear review and intra-year forecasts for sales and OPEX; builds best/base/worst-case scenarios and product/portfolio financial analyses; challenges planning assumptions; performs month-end variance analysis and management reporting; develops KPI dashboards and automates standard and ad-hoc reporting with Excel, Power BI and Power Query; and supports global finance and systems-improvement projects. Requires a finance/controlling-related degree, 2–5 years of relevant experience, strong Excel and Power BI/Power Query skills, and German and English.",,complete,Germany,München,München,https://www.stepstone.de/stellenangebote--Financial-Analyst-m-w-d-Muenchen-Hollister-Incorporated-Niederlassung-Deutschland--14395834-inline.html,https://click.stepstone.de/f/a/cQBncgDAee6x6wlk6GTevw~~/AAAmIhA~/wmA_jpPW4lwSBMKeRnGOinFxSWziMEuXXQY2i-svX_TB9euPVIuOYwL2ZrN_xP5UBfetyKkXjetjd02IfSe6bUG4K1nEJss4zsgtMF5RhfkWw7F3-sVNKSjwRTqT9u5BbMndCMluD1UypZ5w9C7lc4ycsSOp9c4VCoKxmMZ7cGvx53K4BCKozlbb5bvUOJKlLSJYl47d3jFTIh71nf-XlVj84i0corU_YfKQBrUrC6aZxzR47MW1Bz4d7MCAYiOggQ5mKsWbLjgRYYBJCJcuenmnoYSDnUOT3amoZ7EI7H0dcN4-BWUhxufzzsIhzRwEasbOXzzV5U3Tgy3TRYkuqNDMSnZ1aIdScVQskcyddSUTM3s76RhsA0Ld4EQ9exiTWX6hZ_AGhpjKLk2WAwawGHOwmHQv9hRneWBQk1fOettDet3f5qu-3HqYMkAeXDsLPlhH3-1-AmsFqJlzdYNXHJiTJnJehwDxejS2ChNR5Ewh4BkTbj_Alw8qNfk7IszQSEekSBHlouL_GLVrzwAaM_j8AM4_fwr9t3b657fyZ9VYAI9Un0a98ijRto9Esekl_nglbhvOzEP4sRwjDQYIKYGDVQxYf7MPjDrIIMCbF-pjUVjCynKP75RB9qXqqrrm64Zt9tQgOi5WO9hqjCNhMxzlZi_pyCzVpz7L6uaP5YDZQftO9b9Uu7Z-rYlIUkN8j2xP5Q4MnviNfIQCdR2SwlwIdGLfQ770HJltqSYwCZM_GIfs3BuH27h-YZKw6RQsMVAxZvKR2DRrHDuR4WW-XjJGdpGSfnZg74gH87tlCv0P0csh9wWLfTsGSnpHGbOOotqRLz5nwaS5lCHZYCvZs6Nt4Qk5_CdKinpN0h7gMhLNjhrZhuAAK-Gz9MzGQtICyjIs44CBDg9iW4kEAUmWniUizTzL2V9E84PhUq-jUn-1tzjKValPurL1_7SQ4Zqjlxu3nbMizotPqs00RXwluWNNqV-6iYKrRSx6bGonqX6P4ovSzmMNE9o0v2ONCWuBa4VLh6BrpqQ1blADH0Pw3Hh9mCYv4Jm1uy56oNP80ps7jL7diGx11VfKXZ1eYOFs-wR05yZ-8STUuo2ZUEVtIiEk04eEsQ5dCI5CLYPSP0z6ZOfyYQaMMp6mubODCS8cZemykZHYK-gvifDC-YLWFg2hHk3MoxBl5FA2toGLWZL2jTG0hR37op4Eg_l1oIfpyR3Ab76pIJq3gHtljcQp53CsdN5fyxrSascmVuG4pF-WbyzOEr69o_BjUI_y6Gl3K9oZ5oqzN2ejknzuaeXo79yV1vhn8tk6aohlLk8SOr3HASvMKP1q78Rul79yeN27-3SD3GJFKj0Lw-RhPPp5vw13UpGd7hNt4f2QC9LFcxm2DGFvXi4nu5shlpyyz8oeXdbNlTmP6UHXevTw7IVsJW0P96iG1Mbg5HFARuCMV0EjgifVEqb6shgKnEfedEvw5OqorCd12sAdgLPybhChof6WAAHsn7TJuHOBhBDGmbrB29a70jPjncEAQ39rQngivdLYfZIx_VnCgrOggU73DN_PS4A6dxXR9_lkgSB0kEr26gF8aV6EkGvu9TWCsieXKgoleaLLZ4yGG5iTh5H2EIVYviubAX7L5jt_Rd4FcQ6qDEpv_EyZAkwZyRQQv2Vi0SfPhUOd1uVewVc0pOUzMA5nYJB1F7cyEPXYcSY0L0Q~,stepstone-de,2026-08-13,2026-09-04T08:17:17Z,2026-09-08T13:24:48Z,1,FP&A|financial planning|forecasting|scenario analysis|performance management|business partnering|controlling,verified email alert — StepStone DE — live StepStone individual page; Gmail message ID 1a06b66779b766cc; resolved URL https://www.stepstone.de/stellenangebote--Financial-Analyst-m-w-d-Muenchen-Hollister-Incorporated-Niederlassung-Deutschland--14395834-inline.html; repeated Gmail message ID 1a081315720494e2,Open,,1,,
stepstone-de_14432013,,Airbus Bank GmbH,Ratinganalyst im Bankwesen (m/w/d) in Vollzeit,"Credit and rating-analysis role at Airbus Bank in Munich. Responsibilities include analysing customer financials and assets for new business and portfolio monitoring; producing corporate and asset ratings for real-estate and aviation clients; KPI and financial-statement analysis under HGB/IFRS; scenario analysis; presenting findings to credit analysts, relationship managers, risk controlling and the credit committee; and supporting information requests from auditors and supervisors. A business degree and strong analytical skills are required; prior credit-analysis experience is advantageous. Very good German and English are required.",,complete,Germany,München,München,https://www.stepstone.de/stellenangebote--Ratinganalyst-im-Bankwesen-m-w-d-in-Vollzeit-Muenchen-Airbus-Bank-GmbH--14432013-inline.html,https://click.stepstone.de/f/a/4OLtQqSe1rwUB_fK4rLLdw~~/AAAmIhA~/wmA_jpPW4lwSBMKeRnGOinFxSWziMEuXXQY2i-svX_TB9euPVIuOYwL2ZrN_xP5UBfetyKkXjetjd02IfSe6bUG4K1nEJss4zsgtMF5RhfkWw7F3-sVNKSjwRTqT9u5BbMndCMluD1UypZ5w9C7lc4ycsSOp9c4VCoKxmMZ7cGvx53K4BCKozlbb5bvUOJKlLSJYl47d3jFTIh71nf-XlVj84i0corU_YfKQBrUrC6aZxzR47MW1Bz4d7MCAYiOggQ5mKsWbLjgRYYBJCJcuenmnoYSDnUOT3amoZ7EI7H0dcN4-BWUhxufzzsIhzRwEasbOXzzV5U3Tgy3TRYkuqNDMSnZ1aIdScVQskcyddSUTM3s76RhsA0Ld4EQ9exiTWX6hZ_AGhpjKLk2WAwawGHOwmHQv9hRneWBQk1fOettDet3f5qu-3HqYMkAeXDsLPlhH3-1-AmsFqJlzdYNXHJiTJnJehwDxejS2ChNR5Ewh4BkTbj_Alw8qNfk7IszQSEekSBHlouL_GLVrzwAaM_j8AM4_fwr9t3b657fyZ9VYAI9Un0a98ijRto9Esekl_nglbhvOzEP4sRwjDQYIKYGDVQxYf7MPjDrIIMCbF-pjUVjCynKP75RB9qXqqrrm64Zt9tQgOi5WO9hqjCNhMxzlZi_pyCzVpz7L6uaP5YDZQftO9b9Uu7Z-rYlIUkN8j2xP5Q4MnviNfIQCdR2SwlwIdGLfQ770HJltqSYwCZM_GIfs3BuH27h-YZKw6RQsMVAxZvKR2DRrHDuR4WW-XjJGdpGSfnZg74gH87tlCv0P0csh9wWLfTsGSnpHGbOOotqRLz5nwaS5lCHZYCvZs6Nt4Qk5_CdKinpN0h7gMhLNjhrZhuAAK-Gz9MzGQtICyjIs44CBDg9iW4kEAUmWniUizTzL2V9E84PhUq-jUn-1tzjKValPurL1_7SQ4Zqjlxu3nbMizotPqs00RXwluWNNqV-6iYKrRSx6bGonqX6P4ovSzmMNE9o0v2ONCWuBa4VLh6BrpqQ1blADH0Pw3Hh9mCYv4Jm1uy56oNP80ps7jL7diGx11VfKXZ1eYOFs-wR05yZ-8STUuo2ZUEVtIiEk04eEsQ5dCI5CLYPSP0z6ZOfyYQaMMp6mubODCS8cZemykZHYK-gvifDC-YLWFg2hHk3MoxBl5FA2toGLWZL2jTG0hR37op4Eg_l1oIfpyR3Ab76pIJq3gHtljcQp53CsdN5fyxrSascmVuG4pF-WbyzOEr69o_BjUI_y6Gl3K9oZ5oqzN2ejknzuaeXo79yV1vhn8tk6aohlLk8SOr3HASvMKP1q78Rul79yeN27-3SD3GJFKj0Lw-RhPPp5vw13UpGd7hNt4f2QC9LFcxm2DGFvXi4nu5shlpyyz8oeO13SEpqZ3hrw82EUYIP8Aaf-5UAQISYYQWHYBwTBokgAe5cPop7S4vPINVu-OjhPc-IuJmWeVMeccF90ZDmPbb7sh5n_oCeFRMtB9SDn9N2dh4XYTrkLAHGqfNyxjaF552jxwV-rZzhPT6W7cgunsMz6duayQ_22-xYPyOK6oMjkWpmq7tZ9uaD5uKI_2C9cOhEiOV-iBxtdxnefsPAbxC52tLsY6GejhurO1d6GKn9_5hJIBf6xrlGGL21YeONhAvioE_s1O69kTPOeKr2KuM7tNLoDkfyClN26NyT8E5k~,stepstone-de,2026-08-27,2026-09-04T08:17:17Z,2026-09-10T08:30:00Z,1,credit risk|rating analysis|financial statement analysis|scenario analysis|risk,verified email alert — StepStone DE — live StepStone individual page; Gmail message ID 1a06b66779b766cc; resolved URL https://www.stepstone.de/stellenangebote--Ratinganalyst-im-Bankwesen-m-w-d-in-Vollzeit-Muenchen-Airbus-Bank-GmbH--14432013-inline.html,Open,,2,,
stepstone-de_14372091,,The Mobility House GmbH,Portfolio Development & Structuring - V2G-Trading (m/f/d),"Designing, structuring and scaling the V2G flexibility portfolio; developing an ETRM system; defining and managing internal and external interfaces; managing hedging activities through balance-responsible-party settlement; and building quantitative tools and analytics to optimize portfolio value. The role requires energy-market portfolio-management experience, knowledge of power trading and ETRM systems, strong analytical skills, valued Python skills and fluent English.","Designing, structuring and scaling the V2G flexibility portfolio; developing an ETRM system; defining and managing internal and external interfaces; managing hedging activities through balance-responsible-party settlement; and building quantitative tools and analytics to optimize portfolio value. The role requires energy-market portfolio-management experience, knowledge of power trading and ETRM systems, strong analytical skills, valued Python skills and fluent English.",complete,Germany,München,München,https://www.stepstone.de/stellenangebote--Portfolio-Development-Structuring-V2G-Trading-m-f-d-Muenchen-The-Mobility-House-GmbH--14372091-inline.html,https://click.stepstone.de/f/a/oEFoAwTunm9UP_Txrw6RwQ~~/AAAmIhA~/UquqRFosoanByEv90S-MnlkZtAA1nf_ixUM_gVv-LhD7sGHMqK0iLfk93zn4mM4oYCyInEOCSN0L4QFOz4nWe8VUdKhfXF0hCDrIrZLJYNU2MM4gUzNXLyAzjMxzEgxjIX5FrW21Ocrbn9Fbnb72XdMSy8WdlgO_kUU4rPjt-OJW481fay4jOqrb0WP2y5ueprKcXXm1ZsucbKX_nOtMLQr-v2pS9yHO0uBF5nmyYxuhLU75HOVCSarwtLuUEJzEWEUljukGhgm0649tlyT6yUZeWFyBu50CFFnmOp4KRs5Z99aljKKHpJ2EHf43U6HfUisc6nj4vwfcHzdB8JxVCNq64x6xwqC1fS7dLn7kElhStCEksgQrjJQMPo6-tDliUOCq2s2PH1q8kIdfnUILgBr4bxr_56ZINCZqj2-Om9yIZMRvX_mAXbyhcgpo60QDgGKnfcSIz9vWEIX4ATBu8YSV8j7pUOg8Of4Q-5amtz1d9blVVQDWkIbPrHBdsuGsz7-HX7Qovqx7kn3nCQwqJhqh14dmOH54rzUcg9n6upPMUaQPL7MvwRp3yA7Ww9XvTGj-iW15zWjJWFNDlgpkqJ4jvmfrj4FYL70TukNkQ6IXjO8lgsJ4JZDX0SdQyNsDAoqW4ET1eCqZUWBqUooe8JD2c_NkImcbf844IgLuxWbZ9aGZ8gEX4fkTvMVeATCY09QWZ5H_Jf5KX6wQd1DQM_SxEaBWAvJjaFyYhbfUg1yX1g6fbBp_mfiNfYwOeUw9g3k-XQ9N2xPCFbU3XMK8--zpN-MWHkJf3VCcDADvvJGpz4c8y28g8yTMv2_MmuiMEN6xw1jyByzCmkqNusi3aXyAWAO0Py8ymGNTK6h9iDLxexaOFLHc3C56FPk9yZYsA4nJ4m2ORD7p7-RSHggBPHuc9wCkb7mNCKaT7W9V_nDjzB7z3gPtlfiZI1MgbQFB-rdcSv_9rdldNELfrE1Bt7D_Evt2-Y6nt0zibR15_y3SRBFAxxgsJB_E1Y1i-qSZEKpqkLVLIngntuFHQ_SdAMRCiySbhEUABHcZJcPL5PJzpVY9CexUrr12wJC2h819eqqRB-2dJj6j5pBuKA7WnpEtTQuJkOjPBffRQok4VOvk5TLjneBNUxo0qCuDKvLLj8EmgH1LxJq7P5P32lmcyoe4lU6A5JNeplhbr-jwhzIhRIL1WpZHU4pdRdHiZxOgklIgCkXzeUQbLR03u2YyKXguC7lWfqyDO7J5rn0lXJYuPLrcfiJNLNBSEP0aMSNXvTzOhBFdKv5nXJU-Ee0_jGvrjcoyaCMozhUhZzTjv7DISpXOTpVcmYOb-os9bsSZXQN-aNjlXEif2v8UUYOU_6OGxGajLokPgRssPgzxLY3F8Poi6ZVYjroH5TCTXerMahyqAe7zEG_l-QDf8uHXGQdRhBJ3Vztf5-R54Lji-1sQVykP9_KoaUEksgRmMtz_gHnLPiAhrOD1tCA4r7MhSBRSc9CadXLBNob-0w519mqV8rzrxW28bX21CMLv8T7kgQ6Rmriwyo0itvoXhh_VTTnVA1DITC_unIEfCbuZB4CShNrWqcq5N13-ON6dBTL1ozENIvKaLs9CsRuqmvG-TOvfTN6ADHJBstATzDmDT4Trx9DOozQT7d_n9fkIawZO1peI2szgkl5U8Fx0mb1QgmV1jLFDMZ7AsMLR_jqQptxdOXkng5TSkYlVqa2C6Cb4,stepstone-de,2026-08-06,2026-09-04T09:33:44Z,2026-09-04T09:33:44Z,1,portfolio management|energy markets|power trading|hedging|ETRM|quantitative analytics|Python,verified email alert — StepStone DE — exact-title resolution to canonical StepStone vacancy plus live individual vacancy mirror; Gmail message ID 1a06ae5dc7c3f7bc; resolved URL https://www.stepstone.de/stellenangebote--Portfolio-Development-Structuring-V2G-Trading-m-f-d-Muenchen-The-Mobility-House-GmbH--14372091-inline.html,Open,,0,,
stepstone-de_14363719,,Aenova Holding GmbH,Senior Treasury Manager (w/m/d),"Verantwortung für das gruppenweite Management von Zins- und Währungsrisiken und die Weiterentwicklung von Absicherungsmaßnahmen; Mitwirkung an externen Finanzierungen einschließlich Konsortialfinanzierung, Factoring und Leasing; Zusammenarbeit mit Banken; Steuerung von Cash Pools und konzerninternen Darlehen; Standardisierung und Automatisierung von Treasury-Prozessen sowie Unterstützung bei Treasury-Fragen in Jahres- und Konzernabschlüssen. Gesucht werden mehrjährige Corporate-Treasury-Erfahrung, Kenntnisse finanzieller Risiken, Hedging-Strategien und derivativer Finanzinstrumente sowie sehr gutes Deutsch und Englisch.","Group-wide management of interest-rate and foreign-exchange risks and development of hedging measures; support for external financing including syndicated facilities, factoring and leasing; bank relationships; management of cash pools and intercompany loans; standardization and automation of treasury processes; and treasury support for statutory and consolidated reporting. Requires several years of corporate-treasury experience, expertise in financial-risk analysis, hedging strategies and derivatives, plus very good German and English.",complete,Germany,Starnberg (Percha),Starnberg,https://www.aenova-group.com/en/career/job-portal/mq7u850lkg6yevk87gpof5s4thbfmkt,https://click.stepstone.de/f/a/tXqfLjtWca5jy2oMfKfkqw~~/AAAmIhA~/wNL0bvVFIRoHDiXY6heFGTeb5gOCqS_cEjzysFZh5WOg1dGyiyIJsc1oQgdveA83OetyITwE6YdUm3vqPt6_WbeAH2B3f50H3bterfQcNCfRfJA7Y_DU7zj0ddCQhf-y2Xw07XyJo_TUvPmA3fhTF7ntR4NppL67Y7IvQo0FbiUqKeYxiavABgyxah1Sy89Apga10AhV_djfPxs8Dz2wOwlVYtXVfSnVT6mZJvCTI9mqt7yGQkEAJWsEqAxqDoYQFeR8FA0ojWu8Hdd5tW33R-aN2RMFTPtohmsH3b4ZVAvMFxi1vQrjN3NyH5fo9U8e7GvEna2v8rPobMhmLablgIawLxAfxZkFT1sd6rROIuRA0nWilCQ0JN-82bXTC3VTehfDWGlZ16pQ-3sgJWs6qtVwX0oq3cuQNNrNufoi-Rjhc0QXhdg5YfVDlmgX7xLx0tzShJz9iiPXYZUJ1CEuMM_mpmHaYfLOciCIKOR3tOkI2BtyCoI3GAHghiG8ICVmLAA9HGndZ4WM3PfqEsql71v7hWocWx2Q07LahiJtUhyoZ1u0ZkbFhfa0NuD3gPlpyf8C0liPoYKy00VwFALb9XwM6H-PADj5vJxG6gMel-b-Z6HRvyydIlADF7r-A6t4Tqd8qaGUso5ACwt4iXTA7AjwyOdJwmMNUofo7gS53KtkF7sCYuMkPahSXak8uknEyTrxI_ErOW0KFpcrlFsqoS1Ce1sG0mSUG6U2ntA1o_7DrJSEoBu1SuqTRf1rYyNhTDKrYn_zNaI_zdiAGGm_u5WBvS0z8hJHlEqLvYiZvkVN9grkNpslE_YX4j9R-x9ta-yCBJ8UG_bCn4WK9HMDRAEfEoAs-cFd2my6XdyWEVSqD234YQetJLV3KBwsVazxDGZePyGoNeSTolwDs6Qe8AdmfWvoXMhvzTJle7COB3223Rp48lH8EIpAvO3tqzfhJNFTCUTSOS38K8OH_-ubhm5DrXAK5lkb3Qd-9vEvU4n4bDLhvWf0EOgKlkQO_BL_Oy-8DgIgvDr4Pbs4jl9gfPF6iZyow_k0m7-jfGiyuj4tfK-YzvxIlsnjzliVlBihNOnxwqub2kUJFAD32LBN06dMLh2qapdzVWBPEPf23ncOPeLKLD2tpeTTYvvmHajUG2_1Iah8iHI627liTdx1WAt26MJOgz2x1gDF_dq7xrojRtZTbYzHqvi-v9zTltKxLS4_fXCQLlX0EnxU9Am88jicDTtZg5wmdGrnKBKiq7nG8tMOoFbPdbte7m2aI-mQK-RpX_KoPs4-QjlpRRd9OkPgYVZdAMuuT9T23x2J3Vzmg8idk7aeDfRV8aTc6LTortzpCxIGuNP23t_uL-LcyJHxOC5UBmyM9nk6fZE_GYLSy8Er6X6xg8xfnTKgQpOqmVefDYnmvTJTSOy6CxXwxqSfKY9oI27BedYygkMNbqR_YXvlYiInGFOPyHkRxA7OIEhdBsKPg8GUBeGtl_7kP3XNcNC1XUlALe8ZEMhZDHudFkY0A9n_TvBd7Oj4TLeTjeLKU54mfq_Xjmow5BprRL4gDDYnIhbPNCWNOEGidE8mCOnATACcwmxQrClb7mtbcLR93xO40oMnQW8mZAif16D46p8EfAuCWTJnUtTAh9ZKid84zAnuLZWoCIbAUfWAa3vuC9J4OEYAgzM9yRxbKK972ErtMZ2D2OMXembjjZho8V3ZDXjtz9Rjett7hrac,stepstone-de,2026-07-30,2026-09-04T09:33:44Z,2026-09-04T09:33:44Z,1,treasury|interest rate risk|FX risk|hedging|derivatives|financing|cash pooling|intercompany loans|automation,verified email alert — StepStone DE — official employer individual vacancy page; Gmail message ID 1a06a3c523e18edc; resolved URL https://www.aenova-group.com/en/career/job-portal/mq7u850lkg6yevk87gpof5s4thbfmkt,Open,,0,,
stepstone-de_14317130,,KNDS,Specialist (m/w/d) Financial Risk Management,"Corporate treasury and financial-risk role responsible for executing interest-rate and FX hedging with FX forwards and interest-rate swaps, developing project-specific hedging strategies, negotiating financial products with banks, supporting fair-value and hedge-accounting work for derivatives, producing treasury reporting, and monitoring financial markets. Requires several years of relevant hedging experience and fluent German and English.","Corporate treasury and financial-risk role responsible for executing interest-rate and FX hedging with FX forwards and interest-rate swaps, developing project-specific hedging strategies, negotiating financial products with banks, supporting fair-value and hedge-accounting work for derivatives, producing treasury reporting, and monitoring financial markets. Requires several years of relevant hedging experience and fluent German and English.",complete,Germany,München,München,https://www.stepstone.de/stellenangebote--Specialist-m-w-d-Financial-Risk-Management-Muenchen-KNDS--14317130-inline.html,https://click.stepstone.de/f/a/MX6csOBudsKxwJVA_vFxbQ~~/AAAmIhA~/NU-YV09ab3kH4xK13Vw_knhct0mWR3WMpK-KkYq04GpVPdSGDauevQnFKUGU5ecgsTAV5Z943X8Odg8SyCeG6J4oW-FkPIrdoSSXEis_BlKagUJEKPoDSeM-uv4rSFTSyjCHsSfM-xZPuX_d-lgDXLx8sLfhomLePHL-UUVwlMkrX4eqftzufImw6Sre7x_PtnWEUCYL0AOEba5kdULy15VUDILHWPYMnttxzDuJmHq4TXHC16YaAHFbZJr8uqmAIQ-SVY0Kkvhdgm7Sa5BoGfKEf0OIlQAwkcAqIrp1SbBWNkf_txjGKu3i4Fr9JlhFF_BQJ_35jOAS0zZsJNM_fveyzamN35T4izmQ2WnXxisQKU-G8eaXYI_it0NjEhPkSpbfhgDbC2PWQzHxgj0r9hAjwSNu-V4s-LDXfTQhEUKqoW6eP2BBWgQuVb4UoqxbgEqthgE4ZXjb8E-NmIhamAb20zPXI2r3aMKWVSgyoSbuglQFAXwdRSJbV8LVFF7ylMA7Uv4t0X0ZMdBrx80hgQhWJWqUVcdx7vplQUJmYgBdp47IF7HT6DeYZPBV_v0mEMdAaZG8sbc1niDvSqHpGLWrb5-QvibeG0lOxCF0ZvEM7ItV3o-1VU6IMuopdyGlUsLP0kJM7uCICVoUvDgpo7vgb73ujmSJKplR7xy9KlExdEEUewLJJp0-jaGrKhn33oVHqxDaAFaMlg7Sa0Hjg5d34wWzN0oNtyb4SDNlSRAAuDclyUBKZ1-dMzjqJLkgurU1QDXc5Try9RsfLo_A-ak4y80JeR6s3JiCWfxCC8Cpc9PSbUcdpqG_t4FhupFSvHmEpMwktPKDd8TmYfS3nTY6dUZS9pCqOK0LBdjgg0QqcTT2NbobxHwdgiLzX3lldf4rvAeehFFmoemz9MoKbtCzwz14QybbQBUAfyXhK9kwwx3Yk5DDSJMI__1diN0TO38Zep2PmwC9CrYyUTFstKDqo4PoxwpwfGq-vQ54Sn5ZFsqWAqr2NrMUopiTQ16Hk5bUvwmXL0B8bnkt5FIN_1LNCVNDIOwlNo79EiMmnT87VlIexAzOTtNGqMiQ7BhASN7GI_BbWfdc5YGliKgZN5j1hZzYUxg8cIDWEO6T6CmMttNYndLSei6WExVzeqYTJkoSfUA7zdNy7BQVxGAEMtstE5t2vSKHykBkGXAT3LZed3ypoa-yCBWrJAHEb1q13FTRpRXjB-XWtg5I78vRwUWj1kSSDDbm-NCFFJOsh6nc61uWHIQZJzB4vxSvpIQUmjqX21ccyDhfaHv3rblGuzEltVeGCA-SWpahRVjOqDz-6skNvb5U1VQHTeeqNqDLoBCge9mDKzha6FPGShpRuD3iVs8fuI2vIGDnivGQ-TOE8Xjw5bSYZ20f7UPcbk1cNAbjyd5T0LTEtqt2H5QF5EPU63J_fh-TYO8Uuca10pXzeKy0yYEdCt6ERbYpgZ2y5ZbeWS9ZwKb1yY-Y4oXxZUYE_2Tzx2kEFSBbcy8V335zuapqRE_FSRTuFguJ3MimcZ1MVCcdJip_i8VgsqFwh1KNKMEUK9PGiTevXG72i0oSzgTVaW_xGhRyPKjnWmy-J32jon9JtiJW8GauqAH9Vj1MH8mkXF2ZUVorfkuM0eMqekgAFSTorpuI3epwRuA5,stepstone-de,2026-09-02,2026-09-04T10:25:26Z,2026-09-09T23:29:45Z,1,treasury|financial risk|FX hedging|interest rate hedging|derivatives|hedge accounting|fair value,verified email alert — StepStone DE — live StepStone individual page; Gmail message ID 1a067a6fa3faf049; resolved URL https://www.stepstone.de/stellenangebote--Specialist-m-w-d-Financial-Risk-Management-Muenchen-KNDS--14317130-inline.html,Open,,1,,
efinancialcareers_24697631,,EY,Quant & Analytics Consultant - Financial Services Risk Consulting,"Quantitative financial-risk consulting role in Zurich covering development and validation of market, credit, operational and fraud-risk models; statistical and quantitative analysis; valuation of structured products and derivatives; and assessment of market, credit, liquidity and operational-risk frameworks and regulation. The role works across advisory and audit engagements for banks, insurers and other financial institutions.","Quantitative financial-risk consulting role in Zurich covering development and validation of market, credit, operational and fraud-risk models; statistical and quantitative analysis; valuation of structured products and derivatives; and assessment of market, credit, liquidity and operational-risk frameworks and regulation. The role works across advisory and audit engagements for banks, insurers and other financial institutions.",complete,Switzerland,Zurich,Zurich,https://careers.ey.com/ey/job/Zurich-Quant-%26-Analytics-Consultant-Financial-Services-Risk-Consulting-8005/1080228001/,https://www.efinancialcareers.com/jobs-Switzerland-Zurich-Quant__Analytics_Consultant_-_Financial_Services_Risk_Consulting.id24697631?stlt=VTJGc2RHVmtYMTg4ZFYrTm5pNTdZbnVabFZMTS8zN25yWXJYd2FpWHg4aWV3WmlxWU1Rc2tVV2tkSmNpeVpJKw==&utm_campaign=JS_NOWHIRING_DAILY_JOBS&utm_medium=EM_NOWHIRE&utm_source=AMS_US_ENG,efinancialcareers,2026-08-14,2026-09-04T10:25:26Z,2026-09-04T10:25:26Z,1,quantitative risk|market risk|credit risk|liquidity risk|derivatives valuation|model validation,verified email alert — eFinancialCareers — official employer individual vacancy page; Gmail message ID 1a06bdd0c5885301; resolved URL https://careers.ey.com/ey/job/Zurich-Quant-%26-Analytics-Consultant-Financial-Services-Risk-Consulting-8005/1080228001/,Open,,0,,
jobs-ch_e9e9ead0-40ea-4cf2-970d-9ed33dbd0969,,Linde Gas Schweiz AG,Head of Finance & Controlling Switzerland (m/w/d),"Leadership role owning Finance and Controlling for Linde Gas Switzerland, including statutory and consolidated reporting, tax and financial-risk matters, planning, budgeting, forecasting, business-performance analysis, liquidity planning and financing measures. Leads two direct and four indirect reports, sits on the local board and drives finance-process digitalization and automation.","Leadership role owning Finance and Controlling for Linde Gas Switzerland, including statutory and consolidated reporting, tax and financial-risk matters, planning, budgeting, forecasting, business-performance analysis, liquidity planning and financing measures. Leads two direct and four indirect reports, sits on the local board and drives finance-process digitalization and automation.",complete,Switzerland,Dagmersellen,Dagmersellen,https://www.jobs.ch/en/vacancies/detail/e9e9ead0-40ea-4cf2-970d-9ed33dbd0969/,https://www.jobs.ch/en/vacancies/detail/e9e9ead0-40ea-4cf2-970d-9ed33dbd0969/?hash=82d60f7fb5f1712b7484efd2807964b9&profile-id=7d46c47c-26cd-4154-acdb-ea70164dbcdf&reference-date=2026-09-03&pid=1&utm_source=automail-job-push&utm_medium=email&utm_campaign=wb%3Ajobs%7Ctg%3Ab2c%7Ccn%3Aww%7Clg%3Aen%7Cmg%3Ajob-views%7Cpd%3An%7Ccd%3Ajob-alert&utm_content=job-link&uid=016a127d-3d18-4443-b1bc-fb3e3ff8589e&mid=a66bbb1e-ca4c-4d76-8766-1012345f2e61,jobs-ch,2026-09-03,2026-09-04T10:25:26Z,2026-09-04T10:25:26Z,1,finance management|controlling|FP&A|liquidity|financing|risk management|forecasting,verified email alert — jobs.ch — live jobs.ch individual page; Gmail message ID 1a06ab19948a6d3c; resolved URL https://www.jobs.ch/en/vacancies/detail/e9e9ead0-40ea-4cf2-970d-9ed33dbd0969/,Open,,0,,
jobs-ch_aeb949e9-c525-461a-8b44-1c0fec2e0bea,,mylife Diabetes Care AG,FP&A Analyst,"Headquarters FP&A role supporting annual budgets, forecasts and mid-term OPEX and CAPEX planning; monthly close and performance reporting; variance analysis, dashboards and decision insights; business cases, scenario planning and ROI models; and automation of FP&A processes and reporting. Requires around five years in FP&A, finance business partnering or financial controlling plus fluent German and English.","Headquarters FP&A role supporting annual budgets, forecasts and mid-term OPEX and CAPEX planning; monthly close and performance reporting; variance analysis, dashboards and decision insights; business cases, scenario planning and ROI models; and automation of FP&A processes and reporting. Requires around five years in FP&A, finance business partnering or financial controlling plus fluent German and English.",complete,Switzerland,Burgdorf,Burgdorf,https://www.jobs.ch/en/vacancies/detail/aeb949e9-c525-461a-8b44-1c0fec2e0bea/,https://www.jobs.ch/en/vacancies/detail/aeb949e9-c525-461a-8b44-1c0fec2e0bea/?pid=1&utm_source=automail-job-push&utm_medium=email&utm_campaign=wb%3Ajobs%7Ctg%3Ab2c%7Ccn%3Aww%7Clg%3Aen%7Cmg%3Ajob-views%7Cpd%3An%7Ccd%3Ajob-alert&utm_content=job-link-promo&uid=016a127d-3d18-4443-b1bc-fb3e3ff8589e&mid=a66bbb1e-ca4c-4d76-8766-1012345f2e61,jobs-ch,2026-08-20,2026-09-04T10:25:26Z,2026-09-04T10:25:26Z,1,FP&A|budgeting|forecasting|scenario planning|ROI|business partnering|Power BI,verified email alert — jobs.ch — live jobs.ch individual page; Gmail message ID 1a06ab19948a6d3c; resolved URL https://www.jobs.ch/en/vacancies/detail/aeb949e9-c525-461a-8b44-1c0fec2e0bea/,Open,,0,,
jobs-ch_65a2ddd1-054b-449c-b2c6-4b37946ed7fe,,GETEC PARK.SWISS AG,Controller/in,"Finance-business-partnering and controlling role for several profit centers, preparing management decision support, ensuring accurate monthly-close data, improving and automating SAP/Jedox/Excel reporting, planning and forecasting revenue, costs and investments, analyzing contracts and price formulas, and assessing business ideas. Requires at least five years of controlling experience and fluent German and English.","Finance-business-partnering and controlling role for several profit centers, preparing management decision support, ensuring accurate monthly-close data, improving and automating SAP/Jedox/Excel reporting, planning and forecasting revenue, costs and investments, analyzing contracts and price formulas, and assessing business ideas. Requires at least five years of controlling experience and fluent German and English.",complete,Switzerland,Muttenz,Muttenz,https://www.jobs.ch/en/vacancies/detail/65a2ddd1-054b-449c-b2c6-4b37946ed7fe/,https://www.jobs.ch/en/vacancies/detail/65a2ddd1-054b-449c-b2c6-4b37946ed7fe/?pid=1&utm_source=automail-job-push&utm_medium=email&utm_campaign=wb%3Ajobs%7Ctg%3Ab2c%7Ccn%3Aww%7Clg%3Aen%7Cmg%3Ajob-views%7Cpd%3An%7Ccd%3Ajob-alert&utm_content=job-link-promo&uid=016a127d-3d18-4443-b1bc-fb3e3ff8589e&mid=a66bbb1e-ca4c-4d76-8766-1012345f2e61,jobs-ch,2026-08-25,2026-09-04T10:25:26Z,2026-09-04T10:25:26Z,1,controlling|finance business partner|forecasting|investment planning|decision support|reporting automation,verified email alert — jobs.ch — live jobs.ch individual page; Gmail message ID 1a06ab19948a6d3c; resolved URL https://www.jobs.ch/en/vacancies/detail/65a2ddd1-054b-449c-b2c6-4b37946ed7fe/,Open,,0,,
jobs-ch_24f8c7c8-1562-4773-bf41-23a79655c94b,,Administration fédérale des finances AFF,Spécialiste Controlling,"Federal-finance controlling and reporting role producing operational-management reports, statistics and evaluations; executing periodic CO closes; managing SAP CO objects, master data and permissions; improving controlling and reporting processes; maintaining internal-control documentation; and supporting ERP changes and testing. Requires several years of controlling and reporting experience and strong SAP FI/S4HANA and Excel knowledge.","Federal-finance controlling and reporting role producing operational-management reports, statistics and evaluations; executing periodic CO closes; managing SAP CO objects, master data and permissions; improving controlling and reporting processes; maintaining internal-control documentation; and supporting ERP changes and testing. Requires several years of controlling and reporting experience and strong SAP FI/S4HANA and Excel knowledge.",complete,Switzerland,Berne,Berne,https://www.jobs.ch/en/vacancies/detail/24f8c7c8-1562-4773-bf41-23a79655c94b/,https://www.jobs.ch/en/vacancies/detail/24f8c7c8-1562-4773-bf41-23a79655c94b/?hash=82d60f7fb5f1712b7484efd2807964b9&profile-id=7d46c47c-26cd-4154-acdb-ea70164dbcdf&reference-date=2026-09-03&pid=1&utm_source=automail-job-push&utm_medium=email&utm_campaign=wb%3Ajobs%7Ctg%3Ab2c%7Ccn%3Aww%7Clg%3Aen%7Cmg%3Ajob-views%7Cpd%3An%7Ccd%3Ajob-alert&utm_content=job-link&uid=016a127d-3d18-4443-b1bc-fb3e3ff8589e&mid=a66bbb1e-ca4c-4d76-8766-1012345f2e61,jobs-ch,2026-09-03,2026-09-04T10:25:26Z,2026-09-04T10:25:26Z,1,controlling|reporting|SAP FI|internal controls|process improvement,verified email alert — jobs.ch — live jobs.ch individual page; Gmail message ID 1a06ab19948a6d3c; resolved URL https://www.jobs.ch/en/vacancies/detail/24f8c7c8-1562-4773-bf41-23a79655c94b/,Open,,0,,
jobs-ch_36c89ffe-791e-40fd-8a63-95d9355a86e8,,Volaris Schweiz & Österreich-Gruppe (via Spotted),Finanzcontroller:in (m/w/d) 100%,"Financial-controller role for a software-company group, preparing analysis, reports and forecasts; owning budgeting and forecasting and supporting business cases; maintaining IFRS management reporting and performance KPIs; supporting monthly, quarterly and annual closes; and improving controlling processes and systems. Requires at least three years in controlling or financial accounting, strong Excel, fluent German and B2 English.","Financial-controller role for a software-company group, preparing analysis, reports and forecasts; owning budgeting and forecasting and supporting business cases; maintaining IFRS management reporting and performance KPIs; supporting monthly, quarterly and annual closes; and improving controlling processes and systems. Requires at least three years in controlling or financial accounting, strong Excel, fluent German and B2 English.",complete,Switzerland,Zurich,Zurich,https://www.jobs.ch/en/vacancies/detail/36c89ffe-791e-40fd-8a63-95d9355a86e8/,https://www.jobs.ch/en/vacancies/detail/36c89ffe-791e-40fd-8a63-95d9355a86e8/?pid=1&utm_source=automail-job-push&utm_medium=email&utm_campaign=wb%3Ajobs%7Ctg%3Ab2c%7Ccn%3Aww%7Clg%3Aen%7Cmg%3Ajob-views%7Cpd%3An%7Ccd%3Ajob-alert&utm_content=job-link-promo&uid=016a127d-3d18-4443-b1bc-fb3e3ff8589e&mid=a66bbb1e-ca4c-4d76-8766-1012345f2e61,jobs-ch,2026-08-25,2026-09-04T10:25:26Z,2026-09-04T10:25:26Z,1,financial controlling|budgeting|forecasting|business cases|IFRS|management reporting,verified email alert — jobs.ch — live jobs.ch individual page; Gmail message ID 1a06ab19948a6d3c; resolved URL https://www.jobs.ch/en/vacancies/detail/36c89ffe-791e-40fd-8a63-95d9355a86e8/,Open,,0,,
jobs-ch_2e7cc293-133e-4ae6-8f69-a67fb589f44c,,Sonepar Suisse AG,"Senior Business Controller (m/w/d) mit Französischkenntnissen, 90-100%","Senior business-controlling role reporting to the CFO, analyzing business KPIs and supporting budgets, forecasts and management reporting; identifying financial opportunities and risks; preparing recommendations for management; partnering with sales, logistics, procurement and finance; and improving controlling tools and processes. Requires extensive controlling or finance-business-partnering experience and fluent German, French and English.","Senior business-controlling role reporting to the CFO, analyzing business KPIs and supporting budgets, forecasts and management reporting; identifying financial opportunities and risks; preparing recommendations for management; partnering with sales, logistics, procurement and finance; and improving controlling tools and processes. Requires extensive controlling or finance-business-partnering experience and fluent German, French and English.",complete,Switzerland,Wallisellen,Wallisellen,https://www.jobs.ch/en/vacancies/detail/2e7cc293-133e-4ae6-8f69-a67fb589f44c/,https://www.jobs.ch/en/vacancies/detail/2e7cc293-133e-4ae6-8f69-a67fb589f44c/?pid=1&utm_source=automail-job-push&utm_medium=email&utm_campaign=wb%3Ajobs%7Ctg%3Ab2c%7Ccn%3Aww%7Clg%3Aen%7Cmg%3Ajob-views%7Cpd%3An%7Ccd%3Ajob-alert&utm_content=job-link-promo&uid=016a127d-3d18-4443-b1bc-fb3e3ff8589e&mid=a66bbb1e-ca4c-4d76-8766-1012345f2e61,jobs-ch,2026-08-12,2026-09-04T10:25:26Z,2026-09-04T10:25:26Z,1,business controlling|finance business partnering|budgeting|forecasting|financial risk|CFO,verified email alert — jobs.ch — live jobs.ch individual page; Gmail message ID 1a06ab19948a6d3c; resolved URL https://www.jobs.ch/en/vacancies/detail/2e7cc293-133e-4ae6-8f69-a67fb589f44c/,Open,,0,,
jobs-ch_05e92a3c-2fb3-43d6-975d-7983d57cc270,,Coperion K-Tron (Schweiz) GmbH,Finance Manager,"Broad finance-management role covering group reporting, monthly close, forecasts and financial planning, liquidity forecasts, project controlling, margin and variance analysis, SOX controls, audits and intercompany reconciliations across Swiss and international entities. The role partners with the Head of Finance and requires several years of international finance and accounting experience, strong Excel, and German and English.","Broad finance-management role covering group reporting, monthly close, forecasts and financial planning, liquidity forecasts, project controlling, margin and variance analysis, SOX controls, audits and intercompany reconciliations across Swiss and international entities. The role partners with the Head of Finance and requires several years of international finance and accounting experience, strong Excel, and German and English.",complete,Switzerland,Niederlenz,Niederlenz,https://www.jobs.ch/en/vacancies/detail/05e92a3c-2fb3-43d6-975d-7983d57cc270/,https://www.jobs.ch/en/vacancies/detail/05e92a3c-2fb3-43d6-975d-7983d57cc270/?hash=82d60f7fb5f1712b7484efd2807964b9&profile-id=7d46c47c-26cd-4154-acdb-ea70164dbcdf&reference-date=2026-09-03&pid=1&utm_source=automail-job-push&utm_medium=email&utm_campaign=wb%3Ajobs%7Ctg%3Ab2c%7Ccn%3Aww%7Clg%3Aen%7Cmg%3Ajob-views%7Cpd%3An%7Ccd%3Ajob-alert&utm_content=job-link&uid=016a127d-3d18-4443-b1bc-fb3e3ff8589e&mid=a66bbb1e-ca4c-4d76-8766-1012345f2e61,jobs-ch,2026-09-03,2026-09-04T10:25:26Z,2026-09-04T10:25:26Z,1,finance management|forecasting|liquidity planning|project controlling|variance analysis|SOX,verified email alert — jobs.ch — live jobs.ch individual page; Gmail message ID 1a06ab19948a6d3c; resolved URL https://www.jobs.ch/en/vacancies/detail/05e92a3c-2fb3-43d6-975d-7983d57cc270/,Open,,0,,
efinancialcareers_24738611,,Erste Group Bank AG,Market and Liquidity Risk Model Validation (all genders),"Independent model-validation role covering market-risk, liquidity-risk and valuation models across the banking and trading books. Responsibilities include challenging risk-measurement methodologies, reviewing scenario-analysis and back-testing frameworks, assessing vendor and internally developed risk software, documenting findings and communicating recommendations to model owners and senior stakeholders.","Independent model-validation role covering market-risk, liquidity-risk and valuation models across the banking and trading books. Responsibilities include challenging risk-measurement methodologies, reviewing scenario-analysis and back-testing frameworks, assessing vendor and internally developed risk software, documenting findings and communicating recommendations to model owners and senior stakeholders.",complete,Austria,Vienna,Vienna,https://www.erstegroup.com/en/career/positions-offered/job-detail/market-and-liquidity-risk-model-validation-all-genders/34125,https://www.efinancialcareers.com/jobs-Austria-Vienna-Market_and_Liquidity_Risk_Model_Validation_all_genders.id24738611?stlt=VTJGc2RHVmtYMS9LVDJqSnhaS1J0aGlZUExNQ09GVTY4NmVaR3BXaTl0eEU0MWZrdDd3akIyL0d6SDRnT0R2OQ==&utm_campaign=JS_JOB_ALERT&utm_medium=EM_PSA&utm_source=AMS_US_ENG,efinancialcareers,2026-08-31,2026-09-04T11:18:15Z,2026-09-04T11:18:15Z,1,market risk|liquidity risk|model validation|valuation models|scenario analysis|back-testing,verified email alert — eFinancialCareers — official employer individual vacancy page; Gmail message ID 1a06bf8b371feb50; resolved URL https://www.erstegroup.com/en/career/positions-offered/job-detail/market-and-liquidity-risk-model-validation-all-genders/34125,Open,,0,,
efinancialcareers_24740258,,EY,Consultant / Senior Consultant - Risk Consulting - Finanzielle Gesamtbanksteuerung,"Financial-services consulting role supporting Swiss banks with integrated finance, risk and treasury steering. Work includes profitability, liquidity, capital and risk-management concepts; Treasury and ALM analysis; financial- and treasury-risk regulation; target operating models, governance and reporting; management analysis for CFOs, CROs and treasurers; and harmonisation of steering logic and data foundations. The role seeks 2–4 years in banking or consulting and explicitly values CFA or FRM qualifications.","Financial-services consulting role supporting Swiss banks with integrated finance, risk and treasury steering. Work includes profitability, liquidity, capital and risk-management concepts; Treasury and ALM analysis; financial- and treasury-risk regulation; target operating models, governance and reporting; management analysis for CFOs, CROs and treasurers; and harmonisation of steering logic and data foundations. The role seeks 2–4 years in banking or consulting and explicitly values CFA or FRM qualifications.",complete,Switzerland,Zurich,Zurich,https://careers.ey.com/ey/job/Zurich-Consultant-Senior-Consultant-Risk-Consulting-Finanzielle-Gesamtbanksteuerung-8005/1432995533/,https://www.efinancialcareers.com/jobs-Switzerland-Zurich-Consultant__Senior_Consultant_-_Risk_Consulting_-_Finanzielle_Gesamtbanksteuerung.id24740258?stlt=VTJGc2RHVmtYMThkTk1NSnFZZndhUmNQVk9Pa3RMWHhnc0NSLzhTVGI1L3BSNmZ1alNqVlNNS3MvWU91cGtYMA==&utm_campaign=JS_JOB_ALERT&utm_medium=EM_PSA&utm_source=AMS_US_ENG,efinancialcareers,2026-09-02,2026-09-04T11:18:15Z,2026-09-04T11:18:15Z,1,treasury|ALM|liquidity|capital management|financial risk|bank steering|CFA|FRM,verified email alert — eFinancialCareers — official employer individual vacancy page; Gmail message ID 1a06bf89af58e1c6; resolved URL https://careers.ey.com/ey/job/Zurich-Consultant-Senior-Consultant-Risk-Consulting-Finanzielle-Gesamtbanksteuerung-8005/1432995533/,Open,,0,,
efinancialcareers_24731515,,PartSpace GmbH,Senior Finance Manager (m/w/d),"Senior Finance / FP&A role building management and investor reporting, SaaS KPI controlling, budgets, business plans, rolling forecasts and liquidity planning. The position analyses customer and margin structures, develops scenarios for strategic decisions, builds scalable finance processes and systems, supports HGB closes, works with investors and auditors, and helps prepare financing rounds and other strategic projects.","Senior Finance / FP&A role building management and investor reporting, SaaS KPI controlling, budgets, business plans, rolling forecasts and liquidity planning. The position analyses customer and margin structures, develops scenarios for strategic decisions, builds scalable finance processes and systems, supports HGB closes, works with investors and auditors, and helps prepare financing rounds and other strategic projects.",complete,Germany,Munich or Deggendorf,Munich,https://join.com/companies/partspace/16644580-senior-finance-manager-m-w-d,https://www.efinancialcareers.com/jobs-Germany-Deggendorf-Senior_Finance_Manager_mwd.id24731515?stlt=VTJGc2RHVmtYMStwQ2JRcXg0aXdNZXQ1Ylk0UXk0ZWx1MlRINGpSZGZyWEpJa1BVTXF5WkpMa2JKQkZlS1B1bw==&utm_campaign=JS_JOB_ALERT&utm_medium=EM_PSA&utm_source=AMS_US_ENG,efinancialcareers,,2026-09-04T11:18:15Z,2026-09-07T10:30:46Z,1,FP&A|controlling|budgeting|forecasting|liquidity planning|business planning|financing,verified email alert — eFinancialCareers — official ATS individual vacancy page; Gmail message ID 1a06bf8983d60200; resolved URL https://join.com/companies/partspace/16644580-senior-finance-manager-m-w-d; duplicate eFinancialCareers alert ID 24712874 in Gmail message 1a07b6bcecbcb423,Open,,1,,
efinancialcareers_24738433,,Avaloq,Strategy & Corporate Development Associate,"Corporate strategy and development role helping shape Avaloq's strategic direction through rigorous analysis, structured problem-solving and collaboration with senior stakeholders. The associate supports strategy development, transformation and corporate-development initiatives, evaluates growth opportunities, develops financial models and business cases, and turns strategic priorities into actionable plans across sales, delivery, operations, technology and finance.","Corporate strategy and development role helping shape Avaloq's strategic direction through rigorous analysis, structured problem-solving and collaboration with senior stakeholders. The associate supports strategy development, transformation and corporate-development initiatives, evaluates growth opportunities, develops financial models and business cases, and turns strategic priorities into actionable plans across sales, delivery, operations, technology and finance.",complete,Switzerland,Zurich,Zurich,https://www.efinancialcareers.com/jobs-Switzerland-Zurich-Strategy__Corporate_Development_Associate.id24738433,https://www.efinancialcareers.com/jobs-Switzerland-Zurich-Strategy__Corporate_Development_Associate.id24738433?stlt=VTJGc2RHVmtYMThLUVQvcW5wNjlVNzlyS3RPdDFqUDN0S1lYM0I0ZE9DYUNOR2RqeW12cEFlMlRjbm9FNlExaQ==&utm_campaign=JS_JOB_ALERT&utm_medium=EM_PSA&utm_source=AMS_US_ENG,efinancialcareers,2026-09-02,2026-09-04T11:18:15Z,2026-09-04T11:18:15Z,1,corporate development|corporate strategy|financial modelling|business cases|growth opportunities|transformation,verified email alert — eFinancialCareers — exact-title web search and live individual board listing corroborated by employer ATS mirrors; Gmail message ID 1a06bf8937609866; resolved URL https://www.efinancialcareers.com/jobs-Switzerland-Zurich-Strategy__Corporate_Development_Associate.id24738433,Open,,0,,
softgarden_66953055,,Thüga Aktiengesellschaft,Referent Controlling - Finanzmodellierung (m/w/d),"The role develops long-term financial models and company simulations for Thüga's energy-utility holdings; analyses business models and energy-transition investment projects; evaluates long-term P&L, balance-sheet and cash-flow development; supports financing of the energy transition; advises portfolio companies on controlling; and contributes to finance-process automation and AI use cases. The employer welcomes candidates with initial consulting or energy-sector experience.","The role develops long-term financial models and company simulations for Thüga's energy-utility holdings; analyses business models and energy-transition investment projects; evaluates long-term P&L, balance-sheet and cash-flow development; supports financing of the energy transition; advises portfolio companies on controlling; and contributes to finance-process automation and AI use cases. The employer welcomes candidates with initial consulting or energy-sector experience.",complete,Germany,München,München,https://thuegaaktiengesellschaft.career.softgarden.de/jobs/66953055/Referent-Controlling---Finanzmodellierung-m-w-d-/,https://click.stepstone.de/f/a/jnBtuS5-RlVLeDtBCI9jBw~~/AAAmIhA~/kUJut2X-ThP7zp0rB46lhEOosvCfDCTfoM6Q6SE3lehdf1s2C_wRkHLxlKM-IMEHv1JG0K39Rj06Y-kAAAbkulPLSW-lhRiNDs-n3AWASqzTMTVTe0d-jsAKVJzXZ-IWp5tL8yykfAMO6I7TyILQm_JXKM2xKf15ruVgjM7uSX45_1Q5HtprWUXnRi3Zvo3Yc9UtW8xBcWDpI299EJXDUWUGGUtCQ2AgRMhQPet-JT40gOtnHaQoTO84qDg_2OVfthGbZeinud-43erIZnjhwlypLvwnW3jPv7iqM7VbBPXNk3fa9A_1_IkNLkbek3vQWpjNOdq3IFjY9vr6q1wirwSyFWje7KX4h9fSMignWeR3Xuj-AjSQtZ15PONnR9Qy4Y1DURe4owecE6ILJOrWJUy6aW5mt7l2F-bwDA6W5MPw0ACtimv8wyivR4T-PFzWc472bMbaRNRmVkJ6wfRJoUHRkEC7zWQee2NwNMGvJN_Y1mCzzNEQlBFqPukNI4rmat-RngKbVJzbGpxNPXMQCC524iF0ci-ZL46bIJK0wYlwATXSrvRkvML-gE0q39MhDZXlhv7IazgQhGjovjxMi2weWj7iMc2RM-UtLtUhAs3faGfRYs12ykeOlal_z_0bFuZQbwUFcDDaa0nXanC9H21QWAjKjw-u0qPnKo4V5IP3AkkUD7tOOOtuKSMmlC8XvZuTD4nW6KkHz1IVBfLNAD9RZE_8jFGLVqPxB_0K4Rv40ddJRyaZ4fq86WRoC50lIyQZnSaLQh6-UJf8BN__4vCZ0leqpsDH_2buD1AKbGdBS2lfiCD1P-K1Wnp2jRnJ6ScOTtfmZ44qNYozNjbnCv4ZPfLC2bwCW_neQTEXCq8ReE6-UehC6CIeD9ZOuZHh6tLdAZ-9c5RphmroxoEK62ngXpdS8oILKcNiB8g3t1BwYey9qn6rNzTUMIAC95EnlNG2c4tlgRjkDTFm0Xka019gwKyz7bOGPTLuWAJCSAdI9dne9ysFmbwwnS3c935xPIVKeMeRSIJWmR0sXetjiMiVWxgpF-VT0qapwkkyhXayZ6CtNTx95UnjI8S8UTPIh_B5VOoONaV5xzeB2Y_dW9vDTFzSJHaS5Jj088n8SpqXlKdrHImGB6zDgC7_Q7h66Ln7AiI3WmfRrpfQQKUQstpAcSAEJp_q8Ur_OVlPy_Um2LMMD6h1qWOcWCtwGHpu8xA37oz81F6acRVVIcqs6FofTQwhPten_WTsmM_TByIHaB1dB5v4qQDErC7Qiwnf_Bb1Cdb7K5KhT0NA75xb5Ni_BrJSeEaSrF0hSi_Z1IwRbOfbgFYlfLS-Bhl8rrXR3GOTuu_4ywSZQm1E9huuMwMnMh3RU2pQQ-vEdqJEm3oNw6JCcVmsuLPi0ILgmFMrZ-TbMkPfWKhiNjW3sNJCN3cxipfZ8i5D3bj4J-t8RzocaxzTTtI49zQDE0UflTejlWsnsnW9O_AcSoqHWbNxgM1dQGiYheaKgtIC-ZhF_4oa18r2cV1JJPdlkmV9gwcjKU30uMJRqyc4st7IVA8bplKTZlS-cJQ7oSs7O-y-I3E_JeN5ezJIAMTVryGhubsOUVFbCGgDNaP-CulIqk-P82KILC4p_BigiDZHe_rw8nKx7_JC0YafiqLuTHxMyF8tq1A5WOtdVn7GrOrUv5C-qVkddWL0zWRLAtv-wAh2SKGSq-e466mFUCUn0_TzwSp9,stepstone-de,2026-08-25,2026-09-04T14:17:30Z,2026-09-10T08:47:00Z,1,financial modeling|controlling|investment projects|financing|corporate finance,verified email alert — StepStone DE — official employer Softgarden ATS feed and live individual page; Gmail message ID 1a06caf4fdbf1893; resolved URL https://thuegaaktiengesellschaft.career.softgarden.de/jobs/66953055/Referent-Controlling---Finanzmodellierung-m-w-d-/,Open,,1,,
airbusbank_247,,Airbus Bank GmbH,"Spezialist Back Office Treasury (Refinanzierung, Wertpapiere, Cash Management) m/w/d in Vollzeit","Back-office treasury role handling settlement of refinancing and securities transactions, derivatives, securities lending and repos; controlling treasury deals for market conformity; executing domestic and international payments and account administration; implementing regulatory changes; improving and automating back-office workflows; and preparing information for management, auditors and supervisors.","Back-office treasury role handling settlement of refinancing and securities transactions, derivatives, securities lending and repos; controlling treasury deals for market conformity; executing domestic and international payments and account administration; implementing regulatory changes; improving and automating back-office workflows; and preparing information for management, auditors and supervisors.",complete,Germany,München,München,https://karriereportal.airbusbank.com/Spezialist-Back-Office-Treasury-Refinanzierung-Wertpapiere-de-j247.html,https://click.stepstone.de/f/a/2vjI1WadQwPuuKWFJgxMCA~~/AAAmIhA~/C1MDDYo01fUx4qaU6wG5iNtfpnxKAGqKyPK6RQKLoZ2B_0nnT-Fdldert2QbOp6NhJ4mZPVEDse-kZ0dnOMmlFmzibmT3l9dWLEShCnM_j_nAR9TE6sAO-9ylqP6kWfeBDGfYHuU7Zc3oMCN6VINt61vGWbCh8TO_O02eYhMT_ibpy0kgXqRzXefoA-eDSTFzG7ukCOMR7WOjAjceDm9ml_68gX3qFsQ_laT6FkOga3h8ZdnY-QNlUZOY183cnEdQzL8ZgG6TD1pBv36pQojSAxpnnvE59WKMgyN0_1_tqWWUnyJ0_XtY2e8hr1850gMpsQxj1XA2_DBMOZgflyUhzUQ0bkL3YZZXQFpw66_6kYK0pSNj7PgCrmot_wN8Y3Qvjj9QF4yaVCY52LF7PFwisH6EDMu5j2Tqsy-B1JITYsvcJPFtI6kp6APNln0zXnMTvzuBafLbKPvfzLa-syA7NZuqztLJdhJQCPUa9MYIM5MtA1lIV6Bq3OjIjX4E1hT5_4ZYqpC0OvDNUyiMw2LcMiU7ZGGUAoX9Xxx26H9Q1_7asmsqktQR9J98UseVVhxIB_9sw5JJrx77XDH2Wp7c9S0Hx-4iKjRp8X9BwN-O8O5aoAYUaYWPRNahGzew5igdkVgcHFPPoJmkvCdp9EC4qgu6C2b8JlMW2jxLurmZduetzASV9D-DJiuAxCgvUovB9rZl2CnavOZ6xycuDX1bVqK-7jCZ-yQF4uRXo06FF_vB840pmQvgB3P7iFBxGlOEeGyneUW1ojzPQt4uHm1acfIjEcp4_cOZ_lI8HllMzEh0-DJGKEYiz4lTfSJcbKKarQxXjCLmHyCeIFNI3DrCrRgqFkke0snP4Tv6lIxsOKvvWpKz9B9AvD6cIJOssbvmEjQPlFX8p_2gNltqIZn4of6ZrgKRwaEbaEt3YuvlFhJlC4PARrs8qCZCtYbQz0ePwCuj0SFBRvw3nVwW6fLWVYX1_iGv7ucwbZOdF_Wr_nqIGYAOVNK_WJMQmtfly61BWJcshrplfFcBxfU61jsJzp53qIeaoHVlkwy7Sp-Cf5uLpAXR-3lhOPml6EYbyUhip3fK05MCkBmLl1N-IiBqJO7IX8zf2xOSXv79--OtqBFJ6leV0rxEXtXvU-aeJU4Cli_ldL4AhjLZM9NI0GoH6hAIy3YfZqyGHU2M_LleCK-M7QfIi2sd8ExxHAqwdxZpp2Vc30z0phg_zjX5yDPL6pmcNd6Dt-FldyRzfWrC7G8upIkI0yidNOGcyBYth3cg36eRXJXCqCR_dSQr15BYi7lSexrA3fPRX71PYqP4ygiqIIE4eq3cTLc7WYNFwKeGg1awgRGP-omzrwyFekzlBPnm3RdhohLJYASk6bIY8PK02Fnz_NJ0YlzWAMgqiMFlfoK2B-JCIoXbS76TXWVIXqWhHBuZ5SsiI6H6OVyvKdoVMKAqc7q5uJ1tSdVGErEavg68Vb0fJ3Vwb2_Y5dQClOMi3jbI8bmoGaiqwpnyN9A9Ci0CipVDvf7s6YYQD09zLCO_qR-25oPZPZ7w0piVza9ytlvDGR666NJh1io_lLo-wAKQAKOVWhxKeW1cbAO_hgMW3KPvv6Ymwz3UnZgpJzzNLPqqgbpMhAucC6wL-fsg5w1gOz_lVAGSRvcCk8TNuNOqlfCicgoeKtwieu6tvLiUkwN7WF2fzVn2LWmnF4~,stepstone-de,,2026-09-04T14:17:30Z,2026-09-04T14:17:30Z,1,treasury|derivatives|refinancing|securities|repo|cash management,verified email alert — StepStone DE — exact alert href retried; official employer career portal individual page; Gmail message ID 1a06caf4fdbf1893; resolved URL https://karriereportal.airbusbank.com/Spezialist-Back-Office-Treasury-Refinanzierung-Wertpapiere-de-j247.html,Open,,0,,
stiftungen_16493,,Max-Planck-Förderstiftung,Specialist Finance & Controlling (m/w/d),"Finance and controlling role at a EUR 700m endowment foundation. Responsibilities include recording transactions in reporting software, quarterly and year-end reports, performance analysis and monitoring, preparing Investment Committee materials, payments and bookkeeping preparation, processing fund subscriptions/redemptions and securities orders, KYC requests, and liaison with tax advisers, auditors, banks and fund administrators.","Finance and controlling role at a EUR 700m endowment foundation. Responsibilities include recording transactions in reporting software, quarterly and year-end reports, performance analysis and monitoring, preparing Investment Committee materials, payments and bookkeeping preparation, processing fund subscriptions/redemptions and securities orders, KYC requests, and liaison with tax advisers, auditors, banks and fund administrators.",complete,Germany,München,München,https://www.stiftungen.org/jobs/stellenanzeige/specialist-finance-controlling-m-w-d-16493.html,https://click.stepstone.de/f/a/__-2acexANvYrUqVrBMVbw~~/AAAmIhA~/C1MDDYo01fUx4qaU6wG5iNtfpnxKAGqKyPK6RQKLoZ2B_0nnT-Fdldert2QbOp6NhJ4mZPVEDse-kZ0dnOMmlFmzibmT3l9dWLEShCnM_j_nAR9TE6sAO-9ylqP6kWfeBDGfYHuU7Zc3oMCN6VINt61vGWbCh8TO_O02eYhMT_ibpy0kgXqRzXefoA-eDSTFzG7ukCOMR7WOjAjceDm9ml_68gX3qFsQ_laT6FkOga3h8ZdnY-QNlUZOY183cnEdQzL8ZgG6TD1pBv36pQojSAxpnnvE59WKMgyN0_1_tqWWUnyJ0_XtY2e8hr1850gMpsQxj1XA2_DBMOZgflyUhzUQ0bkL3YZZXQFpw66_6kYK0pSNj7PgCrmot_wN8Y3Qvjj9QF4yaVCY52LF7PFwisH6EDMu5j2Tqsy-B1JITYsvcJPFtI6kp6APNln0zXnMTvzuBafLbKPvfzLa-syA7NZuqztLJdhJQCPUa9MYIM5MtA1lIV6Bq3OjIjX4E1hT5_4ZYqpC0OvDNUyiMw2LcMiU7ZGGUAoX9Xxx26H9Q1_7asmsqktQR9J98UseVVhxIB_9sw5JJrx77XDH2Wp7c9S0Hx-4iKjRp8X9BwN-O8O5aoAYUaYWPRNahGzew5igdkVgcHFPPoJmkvCdp9EC4qgu6C2b8JlMW2jxLurmZduetzASV9D-DJiuAxCgvUovB9rZl2CnavOZ6xycuDX1bVqK-7jCZ-yQF4uRXo06FF_vB840pmQvgB3P7iFBxGlOEeGyneUW1ojzPQt4uHm1acfIjEcp4_cOZ_lI8HllMzEh0-DJGKEYiz4lTfSJcbKKarQxXjCLmHyCeIFNI3DrCrRgqFkke0snP4Tv6lIxsOKvvWpKz9B9AvD6cIJOssbvmEjQPlFX8p_2gNltqIZn4of6ZrgKRwaEbaEt3YuvlFhJlC4PARrs8qCZCtYbQz0ePwCuj0SFBRvw3nVwW6fLWVYX1_iGv7ucwbZOdF_Wr_nqIGYAOVNK_WJMQmtfly61BWJcshrplfFcBxfU61jsJzp53qIeaoHVlkwy7Sp-Cf5uLpAXR-3lhOPml6EYbyUhip3fK05MCkBmLl1N-IiBqJO7IX8zf2xOSXv79--OtqBFJ6leV0rxEXtXvU-aeJU4Cli_ldL4AhjLZM9NI0GoH6hAIy3YfZqyGHU2M_LleCK-M7QfIi2sd8ExxHAqwdxZpp2Vc30z0phg_zjX5yDPL6pmcNd6Dt-FldyRzfWrC7G8upIkI0yidNOGcyBYth3cg36eRXJXCqCR_dSQr15BYi7lSexrA3fPRX71PYqP4ygiqIIE4eq3cTLc7WYNFwKeGg1awgRGP-omzrwyFekzlBPnm3RdhohLJYASk6bIY8PK02Fnz_NJ0YlzWAMgqiMFJkJFqjwsyjgWFUCtXLoh7pjSfmNuR_BPIhSscwXljhl9G3yNH9uAlqHNT_nGJS8R12PnlxY4jGA2anmxVq2gO1LDfz2k5pKnCaVi08uf15J_YC2-oaVGiLP_HZPC0erxJn_bNgAg0LCQXbp1qilDSCsxFR0d0HSXdoQyvKH-oAUaYFoAozTFVi5Dpyke1No1cEXjcpFJ4NlahUL7jt3yrZNkUmU2SSfnS7miplInFPC5Wmg2L_VPRt5YICOyH24RQWGwGhMmDQZiX7yL529W_8FxnQ4_aTcpMeUDYQsIQB8~,stepstone-de,2026-08-28,2026-09-04T14:17:30Z,2026-09-04T14:17:30Z,1,controlling|performance monitoring|investment committee|fund transactions|securities|finance,verified email alert — StepStone DE — exact alert href retried; exact-title web search to live individual foundation job-board page; Gmail message ID 1a06caf4fdbf1893; resolved URL https://www.stiftungen.org/jobs/stellenanzeige/specialist-finance-controlling-m-w-d-16493.html,Open,,0,,
airbusbank_262,,Airbus Bank GmbH,Kreditanalyst Commercial Real Estate im Bankenwesen (m/w/d) in Vollzeit,"Credit-risk role independently evaluating complex project and financing plans and structuring scenario-based financing solutions; providing second-vote risk analysis on real-estate credit decisions; owning assigned credit exposures; performing portfolio monitoring, financial-statement analysis and ratings; assessing collateral; and contributing to negotiation and preparation of credit and security agreements.","Credit-risk role independently evaluating complex project and financing plans and structuring scenario-based financing solutions; providing second-vote risk analysis on real-estate credit decisions; owning assigned credit exposures; performing portfolio monitoring, financial-statement analysis and ratings; assessing collateral; and contributing to negotiation and preparation of credit and security agreements.",complete,Germany,München,München,https://karriereportal.airbusbank.com/Kreditanalyst-Commercial-Real-Estate-im-Bankenwesen-mwd-in-de-j262.html,https://click.stepstone.de/f/a/NT8d2lWNmuwC4phQMvR0dw~~/AAAmIhA~/C1MDDYo01fUx4qaU6wG5iNtfpnxKAGqKyPK6RQKLoZ2B_0nnT-Fdldert2QbOp6NhJ4mZPVEDse-kZ0dnOMmlFmzibmT3l9dWLEShCnM_j_nAR9TE6sAO-9ylqP6kWfeBDGfYHuU7Zc3oMCN6VINt61vGWbCh8TO_O02eYhMT_ibpy0kgXqRzXefoA-eDSTFzG7ukCOMR7WOjAjceDm9ml_68gX3qFsQ_laT6FkOga3h8ZdnY-QNlUZOY183cnEdQzL8ZgG6TD1pBv36pQojSAxpnnvE59WKMgyN0_1_tqWWUnyJ0_XtY2e8hr1850gMpsQxj1XA2_DBMOZgflyUhzUQ0bkL3YZZXQFpw66_6kYK0pSNj7PgCrmot_wN8Y3Qvjj9QF4yaVCY52LF7PFwisH6EDMu5j2Tqsy-B1JITYsvcJPFtI6kp6APNln0zXnMTvzuBafLbKPvfzLa-syA7NZuqztLJdhJQCPUa9MYIM5MtA1lIV6Bq3OjIjX4E1hT5_4ZYqpC0OvDNUyiMw2LcMiU7ZGGUAoX9Xxx26H9Q1_7asmsqktQR9J98UseVVhxIB_9sw5JJrx77XDH2Wp7c9S0Hx-4iKjRp8X9BwN-O8O5aoAYUaYWPRNahGzew5igdkVgcHFPPoJmkvCdp9EC4qgu6C2b8JlMW2jxLurmZduetzASV9D-DJiuAxCgvUovB9rZl2CnavOZ6xycuDX1bVqK-7jCZ-yQF4uRXo06FF_vB840pmQvgB3P7iFBxGlOEeGyneUW1ojzPQt4uHm1acfIjEcp4_cOZ_lI8HllMzEh0-DJGKEYiz4lTfSJcbKKarQxXjCLmHyCeIFNI3DrCrRgqFkke0snP4Tv6lIxsOKvvWpKz9B9AvD6cIJOssbvmEjQPlFX8p_2gNltqIZn4of6ZrgKRwaEbaEt3YuvlFhJlC4PARrs8qCZCtYbQz0ePwCuj0SFBRvw3nVwW6fLWVYX1_iGv7ucwbZOdF_Wr_nqIGYAOVNK_WJMQmtfly61BWJcshrplfFcBxfU61jsJzp53qIeaoHVlkwy7Sp-Cf5uLpAXR-3lhOPml6EYbyUhip3fK05MCkBmLl1N-IiBqJO7IX8zf2xOSXv79--OtqBFJ6leV0rxEXtXvU-aeJU4Cli_ldL4AhjLZM9NI0GoH6hAIy3YfZqyGHU2M_LleCK-M7QfIi2sd8ExxHAqwdxZpp2Vc30z0phg_zjX5yDPL6pmcNd6Dt-FldyRzfWrC7G8upIkI0yidNOGcyBYth3cg36eRXJXCqCR_dSQr15BYi7lSexrA3fPRX71PYqP4ygiqIIE4eq3cTLc7WYNFwKeGg1awgRGP-omzrwyFekzlBPnm3RdhohLJYASk6bIY8PK02Fnz_NJ0YlzWAMgqiMFCNXp0KmXDUoQDLfMgKSilcLHtvozuU3hWxJ9GUQof8f0uK8tDZCOywHJcZhsEZwXls-Wd0BE3KgeDKj4lgwyAx7rc2silLvZfEn5MKKjMXOU6E-ni6_fRzO6BgtC_X7vb-2SyDSnh7_VjEMv68rQc3QPKvFoBDPSv7UuViOYjQIfXYMS-5pvCRPcOcmLC9qqZzDk8EHuY5ZSqokORXzFhXcPo1tfM8PBJQD417-rO1BQDCBiwbwpTRm9P7bAooVqvwA6T1W9DvMsR-wAHDj4GuA4m0Fu-CwsI1O7PCgC_uo~,stepstone-de,,2026-09-04T14:17:30Z,2026-09-04T14:17:30Z,1,credit risk|structured finance|financial analysis|rating|scenario analysis|real estate,verified email alert — StepStone DE — exact alert href retried; official employer career portal individual page; Gmail message ID 1a06caf4fdbf1893; resolved URL https://karriereportal.airbusbank.com/Kreditanalyst-Commercial-Real-Estate-im-Bankenwesen-mwd-in-de-j262.html,Open,,0,,
stepstone-de_14312857,airbus-bank,Airbus Bank GmbH,Senior Spezialist Asset Based Financing - Aviation (m/w/d) in Vollzeit,"Verantwortung für kommerzielle Aviation-Finanzierungstransaktionen für Flugzeuge, Triebwerke und Helikopter: Due Diligence, Asset-Bewertung, Financial Modelling, Strukturierung, Kreditvorlagen und Präsentation im Kreditkomitee sowie Begleitung von Vertragsänderungen und Kunden- und Bankenbeziehungen.","Own commercial aviation financing transactions for aircraft, engines and helicopters, including due diligence, asset valuation, financial modelling, structuring, credit papers and committee presentation, plus amendments and client and bank relationships.",complete,Germany,München,München,https://karriereportal.airbusbank.com/Senior-Spezialist-Asset-Based-Financing-Aviation-mwd-in-Vo-de-j256.html,https://karriereportal.airbusbank.com/Senior-Spezialist-Asset-Based-Financing-Aviation-mwd-in-Vo-de-j256.html,stepstone-de,2026-08-21,2026-09-05T09:12:55Z,2026-09-05T16:00:00Z,1,asset based finance|aviation finance|financial modelling|valuation|structuring|transactions,verified email alert — StepStone DE — live Airbus Bank individual vacancy j256; Gmail message ID 1a070d7a761fd81b,Open,,0,,
efinancialcareers_24436784,mp-corporate-finance,MP Corporate Finance GmbH,M&A - Associate (f/m/x),"Lead analytical workstreams on buy-side and sell-side M&A processes, own DCF, trading-comparable, transaction-multiple and LBO valuation modules, support process management and due diligence, prepare negotiation analysis and client materials, and conduct sector research.","Lead analytical workstreams on buy-side and sell-side M&A processes, own DCF, trading-comparable, transaction-multiple and LBO valuation modules, support process management and due diligence, prepare negotiation analysis and client materials, and conduct sector research.",not_required,Austria,Vienna,Vienna,https://www.mp-corporatefinance.com/vacancies/associate/,https://www.efinancialcareers.com/jobs-Austria-Vienna-MA_-_Associate_fmx.id24436784,efinancialcareers,2026-09-05,2026-09-05T10:30:46Z,2026-09-05T16:00:00Z,1,M&A|DCF|LBO|valuation|due diligence|transaction execution,"verified email alert — eFinancialCareers — live MP Corporate Finance individual vacancy and matching eFinancialCareers ID 24436784; Gmail message IDs 1a0711f191a18f2c, 1a0711ee89b33d2d",Open,https://www.efinancialcareers.com/jobs-Austria-Vienna-MA_-_Associate_fmx.id24436784,1,,
indeed-fi_d463280abdf30a59,wartsila,Wärtsilä,"Controller, FX Hedging","Provide expert guidance on foreign-exchange risk management, hedging principles, hedge accounting and related financial matters; partner with Energy business and Group Treasury, manage FX hedge transactions, and support commercial and project teams throughout the project lifecycle.","Provide expert guidance on foreign-exchange risk management, hedging principles, hedge accounting and related financial matters; partner with Energy business and Group Treasury, manage FX hedge transactions, and support commercial and project teams throughout the project lifecycle.",not_required,Finland,Helsinki,Helsinki,https://careers.wartsila.com/job/Helsinki-Controller%2C-FX-Hedging/1432811533/,https://fi.indeed.com/viewjob?jk=d463280abdf30a59,indeed-fi,2026-09-02,2026-09-04T17:28:35Z,2026-09-05T16:00:00Z,1,FX risk|hedging|hedge accounting|treasury|derivatives,verified email alert — Indeed Finland — live Wärtsilä individual vacancy 1432811533; Gmail message ID 1a06d77161b8a553,Open,https://fi.indeed.com/viewjob?jk=d463280abdf30a59,0,,
stepstone-at_hypovbg-7,hypo-vorarlberg,Hypo Vorarlberg Bank AG,Berater:in Corporate Finance - Strukturierte Finanzierungen (m/w/x),"Beratung von Private-Equity-Kunden bei spezialisierten Akquisitionsfinanzierungen, Erstellung von Analysen und Entscheidungsvorlagen für Kreditkomitees sowie Betreuung und Weiterentwicklung des Konsortialkreditportfolios und Platzierung von Kreditrisiken.","Advise private-equity clients on specialised acquisition financings, prepare analyses and decision papers for credit committees, manage and develop the syndicated-loan portfolio, and place credit risk.",complete,Austria,Bregenz / Wien / Graz / Wels / Salzburg,Wien,https://www.hypovbg.at/karriere/offene-stellen/stellenbeschreibung/beraterin-corporate-finance-strukturierte-finanzierungen-m-w-x-7,https://www.hypovbg.at/karriere/offene-stellen/stellenbeschreibung/beraterin-corporate-finance-strukturierte-finanzierungen-m-w-x-7,stepstone-at,2026-09-05,2026-09-04T22:37:04Z,2026-09-09T22:36:43Z,1,corporate finance|acquisition finance|structured finance|syndicated loans|private equity,verified email alert — StepStone Austria — live Hypo Vorarlberg individual vacancy ID 7; Gmail message ID 1a0715b9c0153740; repeated Gmail message ID 1a080cc68ba148ce,Open,,2,,
kpmg-de_208,kpmg-de,KPMG AG Wirtschaftsprüfungsgesellschaft,(Junior) Consultant Transaktionsberatung (w/m/d),"Unterstützung bei Unternehmensverkäufen und -käufen sowie Carve-outs, Durchführung von Financial-Due-Diligence-Analysen zur Identifikation und Bewertung von Chancen und Risiken einer Transaktion und Mitarbeit an finanzwirtschaftlichen Entscheidungsgrundlagen.","Support company sales, acquisitions and carve-outs, perform financial due diligence to identify and assess transaction opportunities and risks, and contribute to financial decision materials.",complete,Germany,München,München,https://jobs.kpmg.de/job/(Junior)-Consultant-Transaktionsberatung-(wmd)/208-de_DE/,https://jobs.kpmg.de/job/(Junior)-Consultant-Transaktionsberatung-(wmd)/208-de_DE/,stepstone-de,2026-09-05,2026-09-04T23:27:00Z,2026-09-05T16:00:00Z,1,transaction advisory|financial due diligence|M&A|carve-out,verified email alert — StepStone DE — live KPMG individual vacancy 208-de_DE; Gmail message ID 1a07188cda4833a0,Open,,0,,
stepstone-de_14374641,juno-family-office,Juno Family Office,Investment Manager / Portfolio Analyst (m/w/d),"Analyse von Aktien, Anleihen, ETFs, Fonds und alternativen Anlagen mit Ableitung von Anlagevorschlägen; Ad-hoc-Markt- und Portfoliorisikoanalysen, Performance- und Risikoreporting, Beobachtung von Kapitalmärkten und Makroökonomie sowie Austausch mit Banken, Research-Häusern und Fondsmanagern.","Analyse equities, bonds, ETFs, funds and alternatives and derive investment proposals; perform ad-hoc market and portfolio-risk analyses, performance and risk reporting, monitor markets and macroeconomics, and liaise with banks, research providers and fund managers.",complete,Germany,Großraum Aalen,,https://stellenmarkt.sueddeutsche.de/job/detail/investment-manager-portfolio-analyst-m-w-d.2045921545.html,https://www.stepstone.de/stellenangebote--Investment-Manager-Portfolio-Analyst-m-w-d-Abtsgmuend-Toptica-Beteiligungs-GmbH--14374641-inline.html,stepstone-de,2026-09-05,2026-09-05T01:56:36Z,2026-09-08T02:01:50Z,1,portfolio analysis|investment proposals|equities|bonds|risk analysis|asset allocation,verified email alert — StepStone DE — original StepStone listing 14374641 moved; live equivalent individual vacancy confirmed on Süddeutsche Stellenmarkt; Gmail message ID 1a06f482fd870673; repeated Gmail message ID 1a07ec01122d553f,Open,https://www.stepstone.de/stellenangebote--Investment-Manager-Portfolio-Analyst-m-w-d-Abtsgmuend-Toptica-Beteiligungs-GmbH--14374641-inline.html,0,,
indeed-cz_b1ea9fa264470062,rockaway-alpha,Rockaway Alpha,Investment Analyst,"Participate across the private-equity investment process from sourcing and due diligence through transaction execution and portfolio work; build financial models, valuations and investment analyses, prepare Investment Committee materials, assess risks and value creation, and gradually own transaction workstreams.","Participate across the private-equity investment process from sourcing and due diligence through transaction execution and portfolio work; build financial models, valuations and investment analyses, prepare Investment Committee materials, assess risks and value creation, and gradually own transaction workstreams.",not_required,Czechia,Prague,Prague,https://www.rockawaycapital.com/en/opportunity/investment-analyst,https://cz.indeed.com/viewjob?jk=b1ea9fa264470062,indeed-cz,2026-09-04,2026-09-04T19:39:19Z,2026-09-10T06:48:00Z,1,private equity|investment analysis|financial modelling|valuation|due diligence|transactions,verified email alert — Indeed Czechia — live Rockaway Alpha individual vacancy; Gmail message ID 1a06deec4d57a7d0,Open,https://cz.indeed.com/viewjob?jk=b1ea9fa264470062,1,,
indeed-dk_63ec83da47e6fdcf,european-energy,European Energy A/S,"Portfolio Management Professional, Project Finance","Take ownership of non-recourse financing obligations after financial close: track asset-finance transactions through construction and operation, quality-assure disbursements, reporting, waivers and amendments, coordinate portfolio exposures with Treasury, manage lender counterparties, and support restructurings.","Take ownership of non-recourse financing obligations after financial close: track asset-finance transactions through construction and operation, quality-assure disbursements, reporting, waivers and amendments, coordinate portfolio exposures with Treasury, manage lender counterparties, and support restructurings.",not_required,Denmark,Søborg,Copenhagen,https://dk.indeed.com/viewjob?jk=63ec83da47e6fdcf,https://dk.indeed.com/viewjob?jk=63ec83da47e6fdcf,indeed-dk,2026-09-04,2026-09-04T19:32:12Z,2026-09-05T16:00:00Z,1,project finance|non-recourse finance|portfolio management|treasury|restructuring,verified email alert — Indeed Denmark — live individual vacancy jk 63ec83da47e6fdcf with full employer description; Gmail message ID 1a06de845aa35dd9,Open,,0,,
indeed-se_6630fe42b64a0c8f,danske-bank,Danske Bank,Investment Banking Analyst – Corporate Loans,"Support origination and execution of refinancing, acquisition financing, syndicated loans, recapitalisations, fund and NAV finance; build debt-capacity and capital-structure models, analyse companies and opportunities, review due diligence, prepare financing proposals and credit applications, and support live transactions through closing.","Support origination and execution of refinancing, acquisition financing, syndicated loans, recapitalisations, fund and NAV finance; build debt-capacity and capital-structure models, analyse companies and opportunities, review due diligence, prepare financing proposals and credit applications, and support live transactions through closing.",not_required,Sweden,Stockholm,Stockholm,https://se.indeed.com/viewjob?jk=6630fe42b64a0c8f,https://se.indeed.com/viewjob?jk=6630fe42b64a0c8f,indeed-se,2026-09-02,2026-09-04T18:15:49Z,2026-09-05T16:00:00Z,1,acquisition finance|syndicated loans|capital structure|financial modelling|transaction execution,verified email alert — Indeed Sweden — live individual vacancy jk 6630fe42b64a0c8f with full employer description; Gmail message ID 1a06da253afb7884,Open,,0,,
indeed-fi_5b136c27327ba372,deloitte-finland,Deloitte,"Associate / Senior Associate, Corporate Finance","Work on M&A, strategic advisory, valuation and analysis engagements, including day-to-day project management, decision-support and sale materials, target identification, demanding Excel analysis and client dialogue across buy-side, sell-side and carve-out mandates.","Work on M&A, strategic advisory, valuation and analysis engagements, including day-to-day project management, decision-support and sale materials, target identification, demanding Excel analysis and client dialogue across buy-side, sell-side and carve-out mandates.",not_required,Finland,Helsinki,Helsinki,https://jobs.smartrecruiters.com/DeloitteNordic/744000147429419-associate-senior-associate-corporate-finance,https://fi.indeed.com/viewjob?jk=5b136c27327ba372,indeed-fi,2026-09-04,2026-09-04T17:28:35Z,2026-09-05T16:00:00Z,1,M&A|corporate finance|valuation|buy-side|sell-side|carve-out,verified email alert — Indeed Finland — live Deloitte SmartRecruiters individual vacancy 744000147429419; Gmail message ID 1a06d77161b8a553,Open,https://fi.indeed.com/viewjob?jk=5b136c27327ba372,0,,
indeed-fi_b1b7d4035bb286ea,atnorth,atNorth,Business Partner – Capex & Investment Analysis,"Analyse major infrastructure investment cases and capital-allocation opportunities, develop financial plans and scenario models, assess new sites and capacity expansions, advise senior leadership on risks and trade-offs, support financing analysis, establish investment governance, and monitor performance against approved business cases.","Analyse major infrastructure investment cases and capital-allocation opportunities, develop financial plans and scenario models, assess new sites and capacity expansions, advise senior leadership on risks and trade-offs, support financing analysis, establish investment governance, and monitor performance against approved business cases.",not_required,Finland,Espoo / multiple Nordic locations,Espoo,https://careers.atnorth.com/jobs/8320916-business-partner-capex-investment-analysis,https://fi.indeed.com/viewjob?jk=b1b7d4035bb286ea,indeed-fi,2026-09-04,2026-09-04T17:28:35Z,2026-09-05T16:00:00Z,1,CAPEX|investment analysis|capital allocation|scenario modelling|business cases|portfolio governance,verified email alert — Indeed Finland — live atNorth individual vacancy 8320916; Gmail message ID 1a06d77161b8a553,Open,https://fi.indeed.com/viewjob?jk=b1b7d4035bb286ea,0,,
stepstone-de_13520581,,Golding Capital Partners GmbH,Associate Infrastructure Investments (m/w/d),"Infrastructure-equity investment role covering due diligence of co-investments, secondaries and fund investments; global market coverage and opportunity screening; preparation and presentation of investment recommendations; portfolio monitoring; and support for strategic initiatives, fundraising and investor relations.",,complete,Germany,München,,https://www.stepstone.de/stellenangebote--Associate-Infrastructure-Investments-m-w-d-Muenchen-Golding-Capital-Partners-GmbH--13520581-inline.html,https://www.stepstone.de/stellenangebote--Associate-Infrastructure-Investments-m-w-d-Muenchen-Golding-Capital-Partners-GmbH--13520581-inline.html,stepstone-de,2026-09-01,2026-09-07T13:23:29Z,2026-09-07T13:23:29Z,1,infrastructure investments|due diligence|co-investments|secondaries|portfolio monitoring,verified email alert — StepStone DE — live StepStone individual page with full responsibilities; Gmail message ID 1a07c09c3370a2de,Open,,0,,
stepstone-de_14282473,,GET Fund Management GmbH,Junior Finance & Data Analyst in Venture Capital (m/w/d),"Finance-and-data role at a CleanTech venture-capital fund covering monthly and quarterly reporting, budgets and liquidity overviews, forecast and KPI data, fund and portfolio analysis, investor dashboards, data quality, workflow digitisation and report automation.",,complete,Germany,München,,https://www.stepstone.de/stellenangebote--Junior-Finance-Data-Analyst-in-Venture-Capital-m-w-d-Muenchen-GET-Fund-Management-GmbH--14282473-inline.html,https://www.stepstone.de/stellenangebote--Junior-Finance-Data-Analyst-in-Venture-Capital-m-w-d-Muenchen-GET-Fund-Management-GmbH--14282473-inline.html,stepstone-de,2026-09-01,2026-09-07T09:52:11Z,2026-09-07T09:52:11Z,1,venture capital|portfolio data|forecasting|liquidity|KPI|reporting automation,verified email alert — StepStone DE — live StepStone individual page with full responsibilities; Gmail message ID 1a07b484eb3e9857,Open,,0,,
stepstone-de_14461325,,KRAFTFAHRER-SCHUTZ e.V.,Referent (m/w/d) für Kapitalanlagen (Backoffice),"Investment back-office and controlling role maintaining the investment ledger, supporting HGB and Solvency II valuations and closes, producing investment reporting, running ALM scenarios and stress tests, contributing to liquidity steering and improving investment processes and systems.",,complete,Germany,München,,https://www.stepstone.de/stellenangebote--Referent-m-w-d-fuer-Kapitalanlagen-Backoffice-Muenchen-KRAFTFAHRER-SCHUTZ-e-V--14461325-inline.html,https://www.stepstone.de/stellenangebote--Referent-m-w-d-fuer-Kapitalanlagen-Backoffice-Muenchen-KRAFTFAHRER-SCHUTZ-e-V--14461325-inline.html,stepstone-de,2026-09-03,2026-09-07T07:54:40Z,2026-09-07T07:54:40Z,1,investments|ALM|stress testing|liquidity|Solvency II|controlling,verified email alert — StepStone DE — live StepStone individual page and full alert description; Gmail message ID 1a07adcba4d0b001,Open,,0,,
stepstone-de_14372758,,Baden-Badener Pensionskasse VVaG,Junior Portfoliomanager (m/w/d),"Institutional-investment role across direct, liquid and illiquid assets, including analysis and monitoring of bonds, market and issuer analysis, trade preparation, portfolio performance and risk analytics, liquidity planning, ALM, scenario analysis, investment-committee materials and process automation.",,complete,Germany,Baden-Baden,,https://www.stepstone.de/stellenangebote--Junior-Portfoliomanager-m-w-d-Baden-Baden-Baden-Badener-Pensionskasse-VVaG--14372758-inline.html,https://www.stepstone.de/stellenangebote--Junior-Portfoliomanager-m-w-d-Baden-Baden-Baden-Badener-Pensionskasse-VVaG--14372758-inline.html,stepstone-de,2026-09-06,2026-09-06T23:27:27Z,2026-09-06T23:27:27Z,1,portfolio management|fixed income|credit analysis|ALM|liquidity|risk analytics,verified email alert — StepStone DE — live StepStone individual page and official pension-fund career page; Gmail message ID 1a07bd677a425aad,Open,,0,,
efinancialcareers_24750200,,Fitch Ratings,Credit Analyst (Associate Director) - International Public Finance - Frankfurt,"Credit-analysis role covering public entities and government-related issuers in EMEA: analysing financial statements and budget execution, monitoring ratings, presenting recommendations at rating committees, drafting research and assessing macroeconomic, regulatory and market developments.",,complete,Germany,Frankfurt / London,,https://careers.fitch.group/job/Frankfurt-Credit-Analyst-%28Associate-Director%29-International-Public-Finance-Frankfurt/1412484033/,https://www.efinancialcareers.com/jobs-Germany-Frankfurt_am_Main-Credit_Analyst_Associate_Director_-_International_Public_Finance_-_Frankfurt.id24750200,efinancialcareers,2026-09-03,2026-09-07T10:30:44Z,2026-09-07T10:30:44Z,1,credit analysis|ratings|financial statements|risk|capital markets|research,verified email alert — eFinancialCareers — live official Fitch individual vacancy 50280 with full responsibilities; Gmail message ID 1a07b6ba3cc8b46d,Open,,0,,
efinancialcareers_24750584,,tegosgroup,Senior Consultant Finance – Microsoft Dynamics 365 Business Central (m/w/d),"Finance-transformation consulting role analysing finance and accounting processes, designing solutions, implementing and enhancing Microsoft Dynamics 365 Business Central, leading client workshops and tests, and providing technical leadership and knowledge transfer within the consulting team.",,complete,Germany,Dortmund (hybrid),,https://tegos-group.com/jobs/senior-consultant-finance-microsoft-dynamics-365-business-central-m-w-d/,https://www.efinancialcareers.com/jobs-Germany-Dortmund-Senior_Consultant_Finance_-_Microsoft_Dynamics_365_Business_Central_mwd.id24750584,efinancialcareers,2026-08-20,2026-09-07T10:30:46Z,2026-09-07T10:30:46Z,1,finance transformation|finance processes|ERP|controlling|client consulting,verified email alert — eFinancialCareers — live official tegosgroup individual vacancy with full responsibilities; Gmail message ID 1a07b6bcecbcb423,Open,,0,,
efinancialcareers_24729235,,Contegration GmbH,Senior Consultant Finance - SAP / BI / Controlling (m/w/d),"Finance and controlling transformation role spanning process optimisation, operating models, SAP and non-SAP environments, business intelligence and reporting. The role requires advanced Excel and PowerPoint, additional ERP knowledge and substantial project-based client travel.",,complete,Germany,Weinheim,,https://www.stepstone.de/stellenangebote--Senior-Consultant-Finance-SAP-BI-Controlling-m-w-d-Weinheim-Contegration-GmbH--14103022-inline.html,https://www.efinancialcareers.com/jobs-Germany-Weinheim-Senior_Consultant_Finance_-_SAP__BI__Controlling_mwd.id24729235,efinancialcareers,2026-08-30,2026-09-07T10:30:46Z,2026-09-07T10:30:46Z,1,finance transformation|SAP|BI|controlling|reporting|process optimisation,verified email alert — eFinancialCareers — live StepStone individual page for the exact company/title with substantive description; Gmail message ID 1a07b6bcecbcb423,Open,,0,,
efinancialcareers_24709948,,Struktur Management Partner GmbH,Unternehmensberater Finance - Restrukturierung / Controlling (m/w/d),"Turnaround and transformation consulting role performing holistic financial analysis of mid-sized companies and implementing solutions. Work includes liquidity planning, integrated financial planning, KPI analysis, financial reporting and close collaboration with top management on restructuring projects.",,complete,Germany,Düsseldorf / nationwide,,https://www.stellenanzeigen.de/job/unternehmensberater-finance-restrukturierung-controlling-m-w-d-duesseldorf-jim-326337/,https://www.efinancialcareers.com/jobs-Germany-D%C3%BCsseldorf-Unternehmensberater_Finance_-_Restrukturierung__Controlling_mwd.id24709948,efinancialcareers,2026-08-27,2026-09-07T10:30:46Z,2026-09-07T10:30:46Z,1,restructuring|liquidity planning|integrated financial planning|controlling|corporate finance,verified email alert — eFinancialCareers — live individual stellenanzeigen.de vacancy with full responsibilities; Gmail message ID 1a07b6bcecbcb423,Open,,0,,
efinancialcareers_24750581,,Nesto Software GmbH,Head of Strategic Finance / Head of Finance (m/w/d),"Strategic-finance leadership role owning the financial model, forecasts and scenarios, KPI and investor reporting, SaaS metrics, cash and liquidity planning, investor relations, finance-process scaling and eventual team build-out in a growing software company.",,complete,Germany,Karlsruhe,,https://jobs.instaffo.com/de/job/head-of-strategic-finance-head-of-finance-m-w-d-de-ba40c177fccc,https://www.efinancialcareers.com/jobs-Germany-Karlsruhe-Head_of_Strategic_Finance__Head_of_Finance_mwd.id24750581,efinancialcareers,2026-08-14,2026-09-07T10:30:44Z,2026-09-07T10:30:44Z,1,strategic finance|FP&A|financial modelling|cash management|investor relations|SaaS KPIs,verified email alert — eFinancialCareers — live individual Instaffo vacancy with full responsibilities; Gmail message ID 1a07b6ba3cc8b46d,Open,,0,,
stepstone-de_14434688,meag,MEAG MUNICH ERGO AssetManagement GmbH,Risikocontroller Risk Controlling u. Limit Management (m|w|d),"Calculate fund market-risk potential using RiskMetrics, backtesting and stress tests; measure and steer liquidity risk for Munich Re assets and funds; monitor market, credit, economic and accounting risks across equities, bonds, real estate, alternatives and derivatives; and support cross-functional risk projects.","Calculate fund market-risk potential using RiskMetrics, backtesting and stress tests; measure and steer liquidity risk for Munich Re assets and funds; monitor market, credit, economic and accounting risks across equities, bonds, real estate, alternatives and derivatives; and support cross-functional risk projects.",complete,Germany,München,München,https://www.stepstone.de/stellenangebote--Risikocontroller-Risk-Controlling-u-Limit-Management-mwd-Muenchen-MEAG-MUNICH-ERGO-AssetManagement-GmbH--14434688-inline.html,https://www.stepstone.de/stellenangebote--Risikocontroller-Risk-Controlling-u-Limit-Management-mwd-Muenchen-MEAG-MUNICH-ERGO-AssetManagement-GmbH--14434688-inline.html,stepstone-de,2026-08-28,2026-09-08T14:23:45Z,2026-09-08T14:23:45Z,1,market risk|liquidity risk|RiskMetrics|stress testing|derivatives|asset management,verified email alert — StepStone DE — live StepStone individual vacancy 14434688 with full responsibilities; Gmail message ID 1a081674eabdbb79,Open,,0,,
stepstone-de_14397913,lloyds-bank,Lloyds Bank – Bank of Scotland,Risk Manager (IRM) (m/f/d),"Support ICAAP, risk-bearing-capacity assessments and recovery planning; maintain the risk inventory and emerging-risk assessment; perform stress and scenario analysis; develop risk appetite, policies and methodologies; produce risk and capital reporting; and support ECB readiness and regulatory engagements.",,complete,Germany,Berlin,Berlin,https://www.stepstone.de/stellenangebote--Risk-Manager-IRM-m-f-d-Berlin-Lloyds-Bank-Bank-of-Scotland--14397913-inline.html,https://www.stepstone.de/stellenangebote--Risk-Manager-IRM-m-f-d-Berlin-Lloyds-Bank-Bank-of-Scotland--14397913-inline.html,stepstone-de,,2026-09-07T23:14:51Z,2026-09-07T23:14:51Z,1,ICAAP|risk appetite|stress testing|capital|enterprise risk|regulation,verified email alert — StepStone DE — live StepStone individual vacancy 14397913 with full responsibilities; Gmail message ID 1a080f0ae8941f2b,Open,,0,,
stepstone-de_14426481,allianz-investment-management,Allianz Investment Management SE,Global Specialist Alternative Assets (m/f/d),"Structure private-debt and private-equity investments with Allianz asset managers; provide IFRS accounting analysis for LBO loans, traded assets and derivatives; support valuations, workouts and refinancings; improve EU-taxonomy analysis; and present investment-accounting and valuation topics to senior management.",,complete,Germany,München,München,https://www.stepstone.de/stellenangebote--Global-Specialist-Alternative-Assets-m-f-d-Muenchen-Allianz-Investment-Management-SE--14426481-inline.html,https://www.stepstone.de/stellenangebote--Global-Specialist-Alternative-Assets-m-f-d-Muenchen-Allianz-Investment-Management-SE--14426481-inline.html,stepstone-de,,2026-09-08T05:13:30Z,2026-09-08T05:13:30Z,1,alternative assets|private debt|private equity|valuation|derivatives|refinancing,verified email alert — StepStone DE — live StepStone individual vacancy 14426481 with full responsibilities; Gmail message ID 1a07f6f864a97db5,Open,,0,,
stepstone-de_14424866,eureos-corporate-finance,eureos corporate finance gmbh,Analyst / Consultant Corporate Finance Beratung (m/w/d) als Berufseinstieg,"Entry-level corporate-finance consulting in interdisciplinary assignments covering M&A, business valuation, restructuring and commercial process analysis, with responsibility after onboarding for analytical client-project work and implementation support.",,complete,Germany,Dresden / Erfurt,Dresden,https://www.stepstone.de/stellenangebote--Analyst-Consultant-Corporate-Finance-Beratung-m-w-d-als-Berufseinstieg-Dresden-Erfurt-eureos-corporate-finance-gmbh--14424866-inline.html,https://www.stepstone.de/stellenangebote--Analyst-Consultant-Corporate-Finance-Beratung-m-w-d-als-Berufseinstieg-Dresden-Erfurt-eureos-corporate-finance-gmbh--14424866-inline.html,stepstone-de,2026-09-01,2026-09-08T02:01:52Z,2026-09-10T07:54:40Z,1,corporate finance|M&A|valuation|restructuring|financial analysis,verified email alert — StepStone DE — live StepStone individual vacancy 14424866 with substantive role description; Gmail message ID 1a07ec015a97f41f,Open,,1,,
rmc_analyst-asset-management-investment-consulting-frankfurt,rmc-risk-management-consulting,RMC Risk-Management-Consulting GmbH,Analyst im Asset Management- / Investment-Consulting (m/w/d),"Perform project-based investment analyses, produce recurring client reporting, improve analysis and reporting standards including AI-supported workflows, contribute to specialist groups in strategic asset allocation, ESG, private markets and manager selection, and present results to institutional-investor clients.",,complete,Germany,Frankfurt am Main,Frankfurt am Main,https://www.rmc-consult.de/stellenangebote-details/analyst-im-asset-management-consulting-in-frankfurt-a-m-m-w-d,https://www.rmc-consult.de/stellenangebote-details/analyst-im-asset-management-consulting-in-frankfurt-a-m-m-w-d,stepstone-de,,2026-09-08T02:01:50Z,2026-09-10T07:54:40Z,1,asset management|investment consulting|strategic asset allocation|private markets|manager selection,verified email alert — StepStone DE — live official RMC individual vacancy with full responsibilities; Gmail message ID 1a07ec01122d553f,Open,,1,,
stepstone-de_14447854,laiqon,LAIQON AG / MFI Asset Management GmbH,(Junior) Portfolio Manager Fixed Income (m/w/d),"Analyse sovereign and corporate bonds, rates, inflation, credit and macro developments; support portfolio construction, investment decisions, portfolio adjustments and trade implementation; analyse duration, credit, performance, risk and attribution; monitor restrictions; and help develop institutional fixed-income and hedging strategies.",,complete,Germany,München,München,https://www.stepstone.de/stellenangebote--Junior-Portfolio-Manager-Fixed-Income-m-w-d-Muenchen-LAIQON-AG--14447854-inline.html,https://www.stepstone.de/stellenangebote--Junior-Portfolio-Manager-Fixed-Income-m-w-d-Muenchen-LAIQON-AG--14447854-inline.html,stepstone-de,2026-09-01,2026-09-08T02:01:50Z,2026-09-09T23:29:45Z,1,fixed income|portfolio management|credit risk|duration|investment decisions|derivatives,verified email alert — StepStone DE — live StepStone individual vacancy 14447854 with full responsibilities; Gmail message ID 1a07ec01122d553f,Open,,1,,
indeed-se_8e5afefea9011272,cowi,COWI,M&A Manager Nordics,"Drive the Nordic acquisition pipeline, identify and engage targets, lead transactions from screening and valuation through due diligence, negotiation, signing and closing, build business cases and investment recommendations, and coordinate country leadership, business units and external advisers.",,not_required,Sweden,Göteborg,Göteborg,https://www.cowi.com/your-career/open-vacancies/vacancy/?id=61407,https://se.indeed.com/viewjob?jk=8e5afefea9011272,indeed-se,2026-09-04,2026-09-07T19:25:07Z,2026-09-07T19:25:07Z,1,M&A|corporate development|valuation|due diligence|deal execution|investment recommendations,verified email alert — Indeed Sweden — live official COWI individual vacancy 61407 with full responsibilities; Gmail message ID 1a07d54dc1075503,Open,https://se.indeed.com/viewjob?jk=8e5afefea9011272,0,,
indeed-dk_9475081a6ac42e1d,european-energy,European Energy A/S,"Senior Associate, Project Finance","Own complex financial models for live renewable-energy financings, run scenarios and sensitivities, maintain transaction data rooms, coordinate lender and adviser Q&A and RfPs, prepare transaction materials, support due diligence, term sheets and financing documentation, and assist the deal from mandate through financial close.",,not_required,Denmark,Søborg,Copenhagen,https://dk.indeed.com/viewjob?jk=9475081a6ac42e1d,https://dk.indeed.com/viewjob?jk=9475081a6ac42e1d,indeed-dk,2026-09-04,2026-09-07T18:16:45Z,2026-09-07T18:16:45Z,1,project finance|financial modelling|lender Q&A|due diligence|term sheets|financial close,verified email alert — Indeed Denmark — live individual vacancy jk 9475081a6ac42e1d with full employer description; Gmail message ID 1a07d1643e7d3228,Open,,0,,
indeed-dk_36413d6d60bda88a,tryg,Tryg Forsikring A/S,"Manager, Strategic Finance","Advise the CFO and executive management on financial performance, capital position and strategic priorities; lead strategic-finance projects across actuarial, risk, capital management, investments and investor relations; develop quantitative analyses, models and frameworks; and drive complex cross-functional workstreams.",,not_required,Denmark,Ballerup,Copenhagen,https://careers.tryg.com/Tryg/job/-/28675-da_DK,https://dk.indeed.com/viewjob?jk=36413d6d60bda88a,indeed-dk,2026-09-04,2026-09-07T18:16:45Z,2026-09-07T18:16:45Z,1,strategic finance|capital management|financial modelling|executive decision support|risk|investments,verified email alert — Indeed Denmark — live official Tryg individual vacancy 28675 with full responsibilities; Gmail message ID 1a07d1643e7d3228,Open,https://dk.indeed.com/viewjob?jk=36413d6d60bda88a,0,,
efinancialcareers_24650008,kpmg-switzerland,KPMG,Senior Consultant - Treasury Transformation Advisory,"Support corporate-treasury transformation projects with analyses, models and presentations; map and improve cash-management, payments and FX processes; help design treasury operating models, controls and technology solutions; and contribute to project delivery and client development.",,not_required,Switzerland,Zürich,Zürich,https://www.efinancialcareers.com/jobs-Switzerland-Zurich-Senior_Consultant_-_Treasury_Transformation_Advisory.id24650008,https://www.efinancialcareers.com/jobs-Switzerland-Zurich-Senior_Consultant_-_Treasury_Transformation_Advisory.id24650008,efinancialcareers,,2026-09-08T07:42:42Z,2026-09-08T07:42:42Z,1,treasury transformation|cash management|payments|FX|operating model|treasury technology,verified email alert — JobScout24 — live individual eFinancialCareers vacancy 24650008 with substantive description corroborated by current board mirrors; Gmail message ID 1a07ff820c074a11,Open,,0,,
stepstone-de_14275749,brunata-metrona,BRUNATA-METRONA GmbH & Co. KG,Sales Controller (m/w/d),"Develop sales reporting and management decision support, contribute to annual planning and sales-cost targets, advise sales teams, administer sales compensation, analyse and improve processes, oversee framework contracts and invoice checks, and lead sales-controlling subprojects.",,complete,Germany,München,München,https://www.stepstone.de/stellenangebote--Sales-Controller-m-w-d-Muenchen-BRUNATA-METRONA-GmbH-Co-KG--14275749-inline.html,https://www.stepstone.de/stellenangebote--Sales-Controller-m-w-d-Muenchen-BRUNATA-METRONA-GmbH-Co-KG--14275749-inline.html,stepstone-de,,2026-09-08T11:26:15Z,2026-09-08T11:26:15Z,1,sales controlling|reporting|annual planning|cost targets|process improvement,verified email alert — StepStone DE — live StepStone individual vacancy 14275749 with full responsibilities; Gmail message ID 1a080c4cabadc65b,Open,,0,,
stepstone-de_14364583,volvo-penta,Volvo Penta Central Europe GmbH,Business Controller (m/w/d) Industrie,"Analyse and steer profit, cost and performance KPIs; build forecasts, budgets and medium-term plans; prepare management reporting, variance and profitability analysis; support business cases and investment decisions; assess credit risk, working capital and cash flow; and improve controlling processes.",,complete,Germany,Ismaning,München,https://www.stepstone.de/stellenangebote--Business-Controller-m-w-d-Industrie-Ismaning-Volvo-Penta-Central-Europe-GmbH--14364583-inline.html,https://www.stepstone.de/stellenangebote--Business-Controller-m-w-d-Industrie-Ismaning-Volvo-Penta-Central-Europe-GmbH--14364583-inline.html,stepstone-de,2026-09-04,2026-09-08T09:39:27Z,2026-09-08T09:39:27Z,1,controlling|forecasting|business cases|investment decisions|working capital|cash flow,verified email alert — StepStone DE — live StepStone individual vacancy 14364583 with full responsibilities; Gmail message ID 1a0806302da3a3ba,Open,,0,,
stepstone-de_14385305,rail-power-systems,Rail Power Systems GmbH,Beteiligungscontroller (m/w/d),"Build and develop group investment controlling, commercially steer subsidiaries, analyse management accounts, harmonise KPIs across accounting and ERP systems, create Power BI reports and dashboards, improve SAP CO integration, and work with management, accounting and operating companies.",,complete,Germany,München,München,https://www.stepstone.de/stellenangebote--Beteiligungscontroller-m-w-d-Muenchen-Rail-Power-Systems-GmbH--14385305-inline.html,https://www.stepstone.de/stellenangebote--Beteiligungscontroller-m-w-d-Muenchen-Rail-Power-Systems-GmbH--14385305-inline.html,stepstone-de,2026-09-01,2026-09-08T07:14:08Z,2026-09-08T07:14:08Z,1,investment controlling|subsidiary steering|KPI|Power BI|SAP CO|reporting,verified email alert — StepStone DE — live StepStone individual vacancy 14385305 with full responsibilities; Gmail message ID 1a07fddf9047c091,Open,,0,,
stepstone-de_14447466,bayerninvest,BayernInvest Kapitalverwaltungsgesellschaft mbH,Investment Compliance Analyst (m|w|d),"Check fund-management trades against legal, regulatory and client investment limits; configure ex-post and ex-ante restriction checks in Xentis and Bloomberg AIM; coordinate limits with portfolio managers and custodians; maintain ESG criteria; produce exception reporting; and test system releases.",,complete,Germany,München,München,https://www.stepstone.de/stellenangebote--Investment-Compliance-Analyst-mwd-Muenchen-BayernInvest-Kapitalverwaltungsgesellschaft-mbH--14447466-inline.html,https://www.stepstone.de/stellenangebote--Investment-Compliance-Analyst-mwd-Muenchen-BayernInvest-Kapitalverwaltungsgesellschaft-mbH--14447466-inline.html,stepstone-de,2026-09-01,2026-09-07T23:14:51Z,2026-09-07T23:14:51Z,1,investment compliance|fund controlling|investment limits|Bloomberg AIM|derivatives|reporting,verified email alert — StepStone DE — live StepStone individual vacancy 14447466 with full responsibilities; Gmail message ID 1a080f0ae8941f2b,Open,,0,,
stepstone-de_14428618,,Airbus Bank GmbH,(ICT) Risk Manager (m/w/d) - Fokus 3rd Party Risk Management & Business Continuity Managements (BCM),"Airbus Bank seeks an ICT risk manager in Munich to develop third-party risk management and business continuity across IKT and non-IKT providers, perform 2LoD controls, handle DORA, EBA and MaRisk requirements, and report to management.",,pending,Germany,München,München,https://www.stepstone.de/stellenangebote--ICT-Risk-Manager-m-w-d-Fokus-3rd-Party-Risk-Management-Business-Continuity-Managements-BCM-Muenchen-Airbus-Bank-GmbH--14428618-inline.html,https://www.stepstone.de/stellenangebote--ICT-Risk-Manager-m-w-d-Fokus-3rd-Party-Risk-Management-Business-Continuity-Managements-BCM-Muenchen-Airbus-Bank-GmbH--14428618-inline.html,stepstone-de,,2026-09-09T16:08:12Z,2026-09-09T16:08:12Z,1,finance|risk|treasury|controlling|corporate finance|M&A|valuation|investment,verified email alert — stepstone-de — live individual vacancy resolved from Gmail message 1a085e05651780dd; canonical URL https://www.stepstone.de/stellenangebote--ICT-Risk-Manager-m-w-d-Fokus-3rd-Party-Risk-Management-Business-Continuity-Managements-BCM-Muenchen-Airbus-Bank-GmbH--14428618-inline.html,Open,,0,,
stepstone-de_14426753,,Allianz Investment Management SE,Associate in Planning & Controlling (m/f/d),"Within Allianz Investment Management's Strategic Corporate Planning team, the role supports budget planning and forecasting, owns budget and cost controlling, analyses business developments, and prepares recurring management reports for the investment manager.",,pending,Germany,München,München,https://www.stepstone.de/stellenangebote--Associate-in-Planning-Controlling-m-f-d-Muenchen-Allianz-Investment-Management-SE--14426753-inline.html,https://www.stepstone.de/stellenangebote--Associate-in-Planning-Controlling-m-f-d-Muenchen-Allianz-Investment-Management-SE--14426753-inline.html,stepstone-de,,2026-09-09T16:08:12Z,2026-09-09T16:08:12Z,1,finance|risk|treasury|controlling|corporate finance|M&A|valuation|investment,verified email alert — stepstone-de — live individual vacancy resolved from Gmail message 1a085938afb68055; canonical URL https://www.stepstone.de/stellenangebote--Associate-in-Planning-Controlling-m-f-d-Muenchen-Allianz-Investment-Management-SE--14426753-inline.html,Open,,0,,
stepstone-de_14193715,,N26 GmbH,"Risk Controlling Manager, Liquidity Risk (ILAAP)","N26's Risk Controlling Manager role covers liquidity-risk oversight in Berlin, including ILAAP, Pillar 1 and normative risk perspectives, stress testing, regulatory requirements, risk reporting and capital-planning methods.",,pending,Germany,Berlin,Berlin,https://www.stepstone.de/stellenangebote--Risk-Controlling-Manager-Berlin-N26-GmbH--14193715-inline.html,https://www.stepstone.de/stellenangebote--Risk-Controlling-Manager-Berlin-N26-GmbH--14193715-inline.html,stepstone-de,,2026-09-09T16:08:12Z,2026-09-09T16:08:12Z,1,finance|risk|treasury|controlling|corporate finance|M&A|valuation|investment,verified email alert — stepstone-de — live individual vacancy resolved from Gmail message 1a0862584ecdcc6a; canonical URL https://www.stepstone.de/stellenangebote--Risk-Controlling-Manager-Berlin-N26-GmbH--14193715-inline.html,Open,,0,,
indeed-cz_f63420b85e8761aa,,"Accolade Holding, a.s.",Specialist - ESG & Sustainability (Green Finance & Reporting),"Accolade's Prague sustainability role covers green-finance and sustainability reporting in a real-estate investment group, requiring structured Excel-based analysis and coordination of ESG information for management and reporting outputs.",,pending,Czech Republic,Praha,Praha,https://cz.indeed.com/viewjob?jk=f63420b85e8761aa,https://cz.indeed.com/viewjob?jk=f63420b85e8761aa,indeed-cz,,2026-09-09T16:08:12Z,2026-09-10T06:48:00Z,1,finance|risk|treasury|controlling|corporate finance|M&A|valuation|investment,verified email alert — indeed-cz — live individual vacancy resolved from Gmail message 1a084be7c7e77215; canonical URL https://cz.indeed.com/viewjob?jk=f63420b85e8761aa,Open,,1,,
efinancialcareers_24697432,,KPMG,(Junior) Consultant Accounting & Finance Beratung (w/m/d),"KPMG's Frankfurt accounting and finance consulting vacancy is a permanent hybrid advisory role working with finance and accounting topics for clients, translating financial requirements into structured consulting deliverables and analyses.",,pending,Germany,Frankfurt am Main,Frankfurt am Main,https://www.efinancialcareers.com/jobs-Germany-Frankfurt_am_Main-Junior_Consultant_Accounting__Finance_Beratung_wmd.id24697432,https://www.efinancialcareers.com/jobs-Germany-Frankfurt_am_Main-Junior_Consultant_Accounting__Finance_Beratung_wmd.id24697432,efinancialcareers,,2026-09-09T16:08:12Z,2026-09-09T16:08:12Z,1,finance|risk|treasury|controlling|corporate finance|M&A|valuation|investment,verified email alert — efinancialcareers — live individual vacancy resolved from Gmail message 1a085b8a2cb583f8; canonical URL https://www.efinancialcareers.com/jobs-Germany-Frankfurt_am_Main-Junior_Consultant_Accounting__Finance_Beratung_wmd.id24697432,Open,,0,,
efinancialcareers_24756613,,Hays,Anwendungsbetreuer Finance & Controlling (m/w/d),"Hays lists a Stuttgart finance-and-controlling application-support role on a temporary basis, centred on supporting finance systems and users around controlling processes rather than owning a pure accounting or treasury book.",,pending,Germany,Stuttgart,Stuttgart,https://www.efinancialcareers.com/jobs-Germany-Stuttgart-Anwendungsbetreuer_Finance__Controlling_mwd.id24756613,https://www.efinancialcareers.com/jobs-Germany-Stuttgart-Anwendungsbetreuer_Finance__Controlling_mwd.id24756613,efinancialcareers,,2026-09-09T16:08:12Z,2026-09-09T16:08:12Z,1,finance|risk|treasury|controlling|corporate finance|M&A|valuation|investment,verified email alert — efinancialcareers — live individual vacancy resolved from Gmail message 1a085b8a2cb583f8; canonical URL https://www.efinancialcareers.com/jobs-Germany-Stuttgart-Anwendungsbetreuer_Finance__Controlling_mwd.id24756613,Open,,0,,
efinancialcareers_24721962,,längsseits AG,Unternehmensberater - Finance / Controlling / Strategie (m/w/d),"The permanent consulting role in Villingen-Schwenningen combines finance, controlling and strategy work for clients, with structured analysis and advisory problem-solving across corporate-finance and management-control questions.",,pending,Germany,Villingen-Schwenningen,Villingen-Schwenningen,https://www.efinancialcareers.com/jobs-Germany-Villingen-Schwenningen-Unternehmensberater_-_Finance__Controlling__Strategie_mwd.id24721962,https://www.efinancialcareers.com/jobs-Germany-Villingen-Schwenningen-Unternehmensberater_-_Finance__Controlling__Strategie_mwd.id24721962,efinancialcareers,,2026-09-09T16:08:12Z,2026-09-09T16:08:12Z,1,finance|risk|treasury|controlling|corporate finance|M&A|valuation|investment,verified email alert — efinancialcareers — live individual vacancy resolved from Gmail message 1a085b8a2cb583f8; canonical URL https://www.efinancialcareers.com/jobs-Germany-Villingen-Schwenningen-Unternehmensberater_-_Finance__Controlling__Strategie_mwd.id24721962,Open,,0,,
efinancialcareers_23996953,,Hannover Re,"Team Manager Finance Global Services, Operations and Reporting","Hannover Re's permanent Hannover role leads Finance Global Services, Operations and Reporting, owning group-wide financial solutions and acting as the interface between Finance, IT and international stakeholders.",,pending,Germany,Hannover,Hannover,https://www.efinancialcareers.com/jobs-Germany-Hanover-Team_Manager_Finance_Global_Services_Operations_and_Reporting.id23996953,https://www.efinancialcareers.com/jobs-Germany-Hanover-Team_Manager_Finance_Global_Services_Operations_and_Reporting.id23996953,efinancialcareers,,2026-09-09T16:08:12Z,2026-09-09T16:08:12Z,1,finance|risk|treasury|controlling|corporate finance|M&A|valuation|investment,verified email alert — efinancialcareers — live individual vacancy resolved from Gmail message 1a085b8a2cb583f8; canonical URL https://www.efinancialcareers.com/jobs-Germany-Hanover-Team_Manager_Finance_Global_Services_Operations_and_Reporting.id23996953,Open,,0,,
efinancialcareers_24756624,,Hays,Finance Manager (m/w/d),Hays lists a permanent Finance Manager role in Zell with overall responsibility for site finance and controlling and close cooperation with local management on financial steering and reporting.,,pending,Germany,Zell,Zell,https://www.efinancialcareers.com/jobs-Germany-Zell-Finance_Manager_mwd.id24756624,https://www.efinancialcareers.com/jobs-Germany-Zell-Finance_Manager_mwd.id24756624,efinancialcareers,,2026-09-09T16:08:12Z,2026-09-09T16:08:12Z,1,finance|risk|treasury|controlling|corporate finance|M&A|valuation|investment,verified email alert — efinancialcareers — live individual vacancy resolved from Gmail message 1a085b8a2cb583f8; canonical URL https://www.efinancialcareers.com/jobs-Germany-Zell-Finance_Manager_mwd.id24756624,Open,,0,,
efinancialcareers_24737108,,FinMatch,Consultant Corporate Finance (m/w/d),"FinMatch's Stuttgart consultant role works on corporate-finance and financing projects, analysing companies and financing needs and supporting the structuring and execution of financing solutions for clients.",,pending,Germany,Stuttgart,Stuttgart,https://www.efinancialcareers.com/jobs-Germany-Stuttgart-Consultant_Corporate_Finance_mwd.id24737108,https://www.efinancialcareers.com/jobs-Germany-Stuttgart-Consultant_Corporate_Finance_mwd.id24737108,efinancialcareers,,2026-09-09T16:08:12Z,2026-09-09T16:08:12Z,1,finance|risk|treasury|controlling|corporate finance|M&A|valuation|investment,verified email alert — efinancialcareers — live individual vacancy resolved from Gmail message 1a085b8a2cb583f8; canonical URL https://www.efinancialcareers.com/jobs-Germany-Stuttgart-Consultant_Corporate_Finance_mwd.id24737108,Open,,0,,
efinancialcareers_24755946,,DI Deutschland.Immobilien AG,"Senior Finance Business Partner mit Treasury-, Steuerungsfokus und Konzernschnittstelle","DI Deutschland.Immobilien's Hannover role is a senior finance-business-partner position with explicit treasury and financial-steering focus, connecting group management, reporting and operational finance decisions.",,pending,Germany,Hannover,Hannover,https://www.efinancialcareers.com/jobs-Germany-Hanover-Senior_Finance_Business_Partner_mit_Treasury-_Steuerungsfokus_und_Konzernschnittstelle.id24755946,https://www.efinancialcareers.com/jobs-Germany-Hanover-Senior_Finance_Business_Partner_mit_Treasury-_Steuerungsfokus_und_Konzernschnittstelle.id24755946,efinancialcareers,,2026-09-09T16:08:12Z,2026-09-09T16:08:12Z,1,finance|risk|treasury|controlling|corporate finance|M&A|valuation|investment,verified email alert — efinancialcareers — live individual vacancy resolved from Gmail message 1a085b8a2cb583f8; canonical URL https://www.efinancialcareers.com/jobs-Germany-Hanover-Senior_Finance_Business_Partner_mit_Treasury-_Steuerungsfokus_und_Konzernschnittstelle.id24755946,Open,,0,,
efinancialcareers_24756130,,PER Private Equity Recruitment / Leading Impact VC,"Analyst or Associate, Leading Impact VC",The Stockholm Analyst or Associate vacancy is with a leading impact venture-capital investor and involves investment analysis and evaluation of opportunities within an institutional investment platform.,,pending,Sweden,Stockholm,Stockholm,https://www.efinancialcareers.com/jobs-Sweden-%C3%96stermalm-Analyst_or_Associate_Leading_Impact_VC_Stockholm_Sweden.id24756130,https://www.efinancialcareers.com/jobs-Sweden-%C3%96stermalm-Analyst_or_Associate_Leading_Impact_VC_Stockholm_Sweden.id24756130,efinancialcareers,,2026-09-09T16:08:12Z,2026-09-09T16:08:12Z,1,finance|risk|treasury|controlling|corporate finance|M&A|valuation|investment,verified email alert — efinancialcareers — live individual vacancy resolved from Gmail message 1a085b89abcfa96a; canonical URL https://www.efinancialcareers.com/jobs-Sweden-%C3%96stermalm-Analyst_or_Associate_Leading_Impact_VC_Stockholm_Sweden.id24756130,Open,,0,,
efinancialcareers_24560785,,LSEG,"Sales Specialist, Commodities","LSEG's Oslo sales-specialist role covers commodities-market products and client coverage, requiring understanding of financial-market instruments and commercial engagement with market participants.",,pending,Norway,Oslo,Oslo,https://www.efinancialcareers.com/jobs-Norway-Oslo-Sales_Specialist_Commodities.id24560785,https://www.efinancialcareers.com/jobs-Norway-Oslo-Sales_Specialist_Commodities.id24560785,efinancialcareers,,2026-09-09T16:08:12Z,2026-09-09T16:08:12Z,1,finance|risk|treasury|controlling|corporate finance|M&A|valuation|investment,verified email alert — efinancialcareers — live individual vacancy resolved from Gmail message 1a085b88fccfa9b9; canonical URL https://www.efinancialcareers.com/jobs-Norway-Oslo-Sales_Specialist_Commodities.id24560785,Open,,0,,
efinancialcareers_24386376,,LSEG,Sales Specialist - Investment Banking Proposition (Nordics),"LSEG's Copenhagen role sells and supports an investment-banking proposition across the Nordics, requiring familiarity with financial-market clients, products and commercial solution development.",,pending,Denmark,Copenhagen,Copenhagen,https://www.efinancialcareers.com/jobs-Denmark-Copenhagen-Sales_Specialist_-_Investment_Banking_Proposition_Nordics.id24386376,https://www.efinancialcareers.com/jobs-Denmark-Copenhagen-Sales_Specialist_-_Investment_Banking_Proposition_Nordics.id24386376,efinancialcareers,,2026-09-09T16:08:12Z,2026-09-09T16:08:12Z,1,finance|risk|treasury|controlling|corporate finance|M&A|valuation|investment,verified email alert — efinancialcareers — live individual vacancy resolved from Gmail message 1a085b8ab752932a; canonical URL https://www.efinancialcareers.com/jobs-Denmark-Copenhagen-Sales_Specialist_-_Investment_Banking_Proposition_Nordics.id24386376,Open,,0,,
efinancialcareers_24697596,,EY,Senior Consultant - Finance Optimization (FAAS),"EY's Zurich Finance Optimization role supports digital finance transformation, ERP/EPM initiatives, automation, finance data and analytics, and improvement of end-to-end processes including FP&A.",,pending,Switzerland,Zurich,Zurich,https://www.efinancialcareers.com/jobs-Switzerland-Zurich-Senior_Consultant_Finance_Optimization_FAAS.id24697596,https://www.efinancialcareers.com/jobs-Switzerland-Zurich-Senior_Consultant_Finance_Optimization_FAAS.id24697596,efinancialcareers,,2026-09-09T16:08:12Z,2026-09-09T16:08:12Z,1,finance|risk|treasury|controlling|corporate finance|M&A|valuation|investment,verified email alert — efinancialcareers — live individual vacancy resolved from Gmail message 1a085b88a6d16e8a; canonical URL https://www.efinancialcareers.com/jobs-Switzerland-Zurich-Senior_Consultant_Finance_Optimization_FAAS.id24697596,Open,,0,,
efinancialcareers_24697633,,EY,(Senior) Consultant Business Consulting Finance,"EY's Zurich Business Consulting Finance vacancy advises financial-services clients on finance operating-model, performance and transformation questions through structured analysis, stakeholder work and implementation support.",,pending,Switzerland,Zurich,Zurich,https://www.efinancialcareers.com/jobs-Switzerland-Zurich-_Senior__Consultant_Business_Consulting_Finance.id24697633,https://www.efinancialcareers.com/jobs-Switzerland-Zurich-_Senior__Consultant_Business_Consulting_Finance.id24697633,efinancialcareers,,2026-09-09T16:08:12Z,2026-09-09T16:08:12Z,1,finance|risk|treasury|controlling|corporate finance|M&A|valuation|investment,verified email alert — efinancialcareers — live individual vacancy resolved from Gmail message 1a085b88a6d16e8a; canonical URL https://www.efinancialcareers.com/jobs-Switzerland-Zurich-_Senior__Consultant_Business_Consulting_Finance.id24697633,Open,,0,,
efinancialcareers_24697597,,EY,Manager Finance Optimization (FAAS),"EY's Zurich manager role leads finance-optimization engagements covering finance transformation, ERP/EPM programmes, automation, finance data and analytics, and end-to-end FP&A and reporting processes.",,pending,Switzerland,Zurich,Zurich,https://www.efinancialcareers.com/jobs-Switzerland-Zurich-Manager_Finance_Optimization_FAAS.id24697597,https://www.efinancialcareers.com/jobs-Switzerland-Zurich-Manager_Finance_Optimization_FAAS.id24697597,efinancialcareers,,2026-09-09T16:08:12Z,2026-09-09T16:08:12Z,1,finance|risk|treasury|controlling|corporate finance|M&A|valuation|investment,verified email alert — efinancialcareers — live individual vacancy resolved from Gmail message 1a085b88a6d16e8a; canonical URL https://www.efinancialcareers.com/jobs-Switzerland-Zurich-Manager_Finance_Optimization_FAAS.id24697597,Open,,0,,
efinancialcareers_24697598,,EY,Consultant Climate Change and Sustainability Services Financial Services,"EY's Zurich financial-services sustainability consultant role works with banks and financial institutions on climate-change, sustainability and related reporting or advisory questions.",,pending,Switzerland,Zurich,Zurich,https://www.efinancialcareers.com/jobs-Switzerland-Zurich-Consultant_Climate_Change_and_Sustainability_Services_Financial_Services.id24697598,https://www.efinancialcareers.com/jobs-Switzerland-Zurich-Consultant_Climate_Change_and_Sustainability_Services_Financial_Services.id24697598,efinancialcareers,,2026-09-09T16:08:12Z,2026-09-09T16:08:12Z,1,finance|risk|treasury|controlling|corporate finance|M&A|valuation|investment,verified email alert — efinancialcareers — live individual vacancy resolved from Gmail message 1a085b88a6d16e8a; canonical URL https://www.efinancialcareers.com/jobs-Switzerland-Zurich-Consultant_Climate_Change_and_Sustainability_Services_Financial_Services.id24697598,Open,,0,,
efinancialcareers_24697658,,EY Parthenon,(Senior) Consultant EY Parthenon Financial Services M&A Advisory,"EY Parthenon's Zurich Financial Services M&A Advisory role works on transaction and strategic advisory questions for banks, insurers and other financial-services businesses.",,pending,Switzerland,Zurich,Zurich,https://www.efinancialcareers.com/jobs-Switzerland-Zurich-_Senior__Consultant_EY_Parthenon_Financial_Services_MA_Advisory.id24697658,https://www.efinancialcareers.com/jobs-Switzerland-Zurich-_Senior__Consultant_EY_Parthenon_Financial_Services_MA_Advisory.id24697658,efinancialcareers,,2026-09-09T16:08:12Z,2026-09-09T16:08:12Z,1,finance|risk|treasury|controlling|corporate finance|M&A|valuation|investment,verified email alert — efinancialcareers — live individual vacancy resolved from Gmail message 1a085b88a6d16e8a; canonical URL https://www.efinancialcareers.com/jobs-Switzerland-Zurich-_Senior__Consultant_EY_Parthenon_Financial_Services_MA_Advisory.id24697658,Open,,0,,
efinancialcareers_24697629,,EY,(Senior) Consultant Business Consulting Financial Services Regulatory Focus,"EY's Zurich regulatory-financial-services consulting role advises banks and other institutions on regulatory operating models, controls, reporting and implementation of financial-services requirements.",,pending,Switzerland,Zurich,Zurich,https://www.efinancialcareers.com/jobs-Switzerland-Zurich-_Senior__Consultant_Business_Consulting_Financial_Services_Regulatory_Focus.id24697629,https://www.efinancialcareers.com/jobs-Switzerland-Zurich-_Senior__Consultant_Business_Consulting_Financial_Services_Regulatory_Focus.id24697629,efinancialcareers,,2026-09-09T16:08:12Z,2026-09-09T16:08:12Z,1,finance|risk|treasury|controlling|corporate finance|M&A|valuation|investment,verified email alert — efinancialcareers — live individual vacancy resolved from Gmail message 1a085b88a6d16e8a; canonical URL https://www.efinancialcareers.com/jobs-Switzerland-Zurich-_Senior__Consultant_Business_Consulting_Financial_Services_Regulatory_Focus.id24697629,Open,,0,,
efinancialcareers_24753479,,KPMG,Consultant - Deal Advisory - Valuation & Financial Modelling,"KPMG's Zurich Deal Advisory vacancy focuses on valuation and financial modelling for transactions, requiring finance or accounting training and first professional experience in analytical deal work.",,pending,Switzerland,Zurich,Zurich,https://www.efinancialcareers.com/jobs-Switzerland-Zurich-Consultant_-_Deal_Advisory_-_Valuation__Financial_Modelling.id24753479,https://www.efinancialcareers.com/jobs-Switzerland-Zurich-Consultant_-_Deal_Advisory_-_Valuation__Financial_Modelling.id24753479,efinancialcareers,,2026-09-09T16:08:12Z,2026-09-09T16:08:12Z,1,finance|risk|treasury|controlling|corporate finance|M&A|valuation|investment,verified email alert — efinancialcareers — live individual vacancy resolved from Gmail message 1a085b88a6d16e8a; canonical URL https://www.efinancialcareers.com/jobs-Switzerland-Zurich-Consultant_-_Deal_Advisory_-_Valuation__Financial_Modelling.id24753479,Open,,0,,
efinancialcareers_24697595,,EY,Manager Financial Accounting Advisory Services US-focused markets group,"EY's Zurich FAAS manager vacancy supports finance and accounting advisory for US-focused markets, including client finance processes, reporting, controls and transformation-related deliverables.",,pending,Switzerland,Zurich,Zurich,https://www.efinancialcareers.com/jobs-Switzerland-Zurich-Manager_Financial_Accounting_Advisory_Services_US-focused_markets_group.id24697595,https://www.efinancialcareers.com/jobs-Switzerland-Zurich-Manager_Financial_Accounting_Advisory_Services_US-focused_markets_group.id24697595,efinancialcareers,,2026-09-09T16:08:12Z,2026-09-09T16:08:12Z,1,finance|risk|treasury|controlling|corporate finance|M&A|valuation|investment,verified email alert — efinancialcareers — live individual vacancy resolved from Gmail message 1a085b88a6d16e8a; canonical URL https://www.efinancialcareers.com/jobs-Switzerland-Zurich-Manager_Financial_Accounting_Advisory_Services_US-focused_markets_group.id24697595,Open,,0,,
efinancialcareers_24697656,,EY Parthenon,(Senior) Consultant Financial Services EY Parthenon Strategy & Execution,"EY Parthenon's Zurich Financial Services Strategy & Execution role supports banks and other financial institutions with strategic analysis, operating-model decisions and execution of transformation initiatives.",,pending,Switzerland,Zurich,Zurich,https://www.efinancialcareers.com/jobs-Switzerland-Zurich-_Senior__Consultant_Financial_Services_EY_Parthenon_Strategy__Execution.id24697656,https://www.efinancialcareers.com/jobs-Switzerland-Zurich-_Senior__Consultant_Financial_Services_EY_Parthenon_Strategy__Execution.id24697656,efinancialcareers,,2026-09-09T16:08:12Z,2026-09-09T16:08:12Z,1,finance|risk|treasury|controlling|corporate finance|M&A|valuation|investment,verified email alert — efinancialcareers — live individual vacancy resolved from Gmail message 1a085b88a6d16e8a; canonical URL https://www.efinancialcareers.com/jobs-Switzerland-Zurich-_Senior__Consultant_Financial_Services_EY_Parthenon_Strategy__Execution.id24697656,Open,,0,,
efinancialcareers_24753323,,Erste Group Bank AG,Liquidity and Market Risk Specialist (all genders),"Erste Group's Vienna specialist role covers daily liquidity and market-risk processes, validation of risk metrics and data quality, and internal risk steering in an international banking environment.",,pending,Austria,Vienna,Vienna,https://www.erstegroup.com/en/career/positions-offered/job-detail/liquidity-and-market-risk-specialist-all-genders/34205,https://www.erstegroup.com/en/career/positions-offered/job-detail/liquidity-and-market-risk-specialist-all-genders/34205,efinancialcareers,,2026-09-09T16:08:12Z,2026-09-09T16:08:12Z,1,finance|risk|treasury|controlling|corporate finance|M&A|valuation|investment,verified email alert — efinancialcareers — live individual vacancy resolved from Gmail message 1a085b8773b2fd0a; canonical URL https://www.erstegroup.com/en/career/positions-offered/job-detail/liquidity-and-market-risk-specialist-all-genders/34205,Open,,0,,
2bd72af480628601,,MEAG MUNICH ERGO AssetManagement GmbH,Cash & Liquidity Manager (m|w|d),"Die MEAG ist Teil der Munich Re Group und gehört gleichzeitig zu den bedeutendsten Asset Management Gesellschaften der Welt. Werden Sie Teil unseres Teams und bringen Sie Ihre Expertise im Cash Management in ein internationales und anspruchsvolles Umfeld ein. Gestalten Sie Zukunft mit uns: Sie steuern die Liquidität unserer Mandate in Euro und Fremdwährungen und sorgen durch ein effizientes Cash Pooling für eine optimale Mittelallokation Sie verantworten die reibungslose Abwicklung des nationalen und internationalen Zahlungsverkehrs sowie von Devisen- und Geldmarktgeschäften Als kompetenter Ansprechpartner arbeiten Sie eng mit Mandanten, Kontrahenten und Banken zusammen und pflegen ein belastbares internationales Netzwerk Sie identifizieren Optimierungspotenziale und treiben Projekte zur Weiterentwicklung von Prozessen, Systemen und digitalen Lösungen aktiv voran Sie gestalten die Zukunft des Cash Managements mit und bringen innovative Ideen zur Steigerung von Effizienz, Automatisierung und Servicequalität ein Sie übernehmen Verantwortung in einem dynamischen Marktumfeld und stellen jederzeit eine sichere und professionelle Liquiditätssteuerung sicher Das bringen Sie ein: Sie verfügen über ein erfolgreich abgeschlossenes Studium oder eine vergleichbare Qualifikation im Finanz- oder Bankenumfeld Sie bringen idealerweise Erfahrung im Zahlungsverkehr, Treasury oder Cash Management mit Neue Technologien begeistern Sie und Sie erkennen die Potenziale von Digitalisierung und künstlicher Intelligenz für effizientere Arbeitsabläufe Sie kommunizieren sicher auf Deutsch und Englisch Zahlen, Zusammenhänge und komplexe Sachverhalte analysieren Sie schnell und präzise Sie arbeiten eigenverantwortlich, lösungsorientiert und behalten auch in dynamischen Situationen den Überblick Sie bringen Eigeninitiative mit und haben Freude daran, Prozesse aktiv mitzugestalten und weiterzuentwickeln Diese Benefits warten auf Sie: \\Flexibilität:\\ Mobiles Arbeiten (Möglichkeit einige Tage p. Wo",,pending,Germany,München,München,https://www.stepstone.de/stellenangebote--Cash-Liquidity-Manager-m-w-d-Muenchen-MEAG-MUNICH-ERGO-AssetManagement-GmbH--14428915-inline.html,https://www.stepstone.de/stellenangebote--Cash-Liquidity-Manager-m-w-d-Muenchen-MEAG-MUNICH-ERGO-AssetManagement-GmbH--14428915-inline.html,stepstone-de,,2026-09-10T14:23:14Z,2026-09-10T14:23:14Z,1,finance|risk|treasury|controlling|corporate finance|M&A|valuation|investment,verified email alert — stepstone-de — live individual vacancy resolved from Gmail message 1a08bb38b3f37fba; canonical URL https://www.stepstone.de/stellenangebote--Cash-Liquidity-Manager-m-w-d-Muenchen-MEAG-MUNICH-ERGO-AssetManagement-GmbH--14428915-inline.html,Open,,0,,
bd8682afdcff57b6,,Nordrheinische Ärzteversorgung,Junior Portfoliomanager / Portfoliomanagerin (m/w/d),"Nordrheinische Ärzteversorgung Einrichtung der Ärztekammer nordrhein Körperschaft des öffentlichen Rechts Die Nordrheinische Ärzteversorgung - kurz NÄV - ist eines der größten berufsständischen Versorgungswerke Deutschlands und seit mehr als 60 Jahren für die Altersversorgung von über 66.000 Ärztinnen und Ärzten und über 24.000 Leistungsempfangenden verantwortlich. Zur Erfüllung dieser Aufgaben ist die NÄV auch im Bereich der Kapitalanlage tätig und verwaltet Vermögenswerte von über 18 Milliarden €. Die Wertpapierabteilung der Nordrheinischen Ärzteversorgung verwaltet einen Großteil der Vermögenswerte der NÄV. Ein bedeutender Anteil entfällt auf die alternativen Investmentportfolios (Infrastruktur, Private Debt und Private Equity). Unser Fokus liegt auf einem diversifizierten, internationalen Portfolio – immer mit einem Auge auf Nachhaltigkeit. Zur Verstärkung unseres Teams suchen wir Sie zum nächstmöglichen Zeitpunkt als Junior Portfoliomanager/ Portfoliomanagerin (m/w/d) Diese Aufgaben warten auf Sie: Unterstützung bei der Betreuung internationaler alternativer Investmentportfolios mit Schwerpunkt auf den Segmenten Private Debt und Infrastruktur im kleinen Team Mitwirkung bei der Analyse und Kontrolle von Risiko- und Ertragsbeiträgen zur Erkennung von Entwicklungstrends und Verbesserungspotenzialen Beteiligung bei der Erstellung fundierter Markt- und Bestandsanalysen sowie strategischer Anlagenprofile zur Unterstützung von Investitionsentscheidungen Mitarbeit an der Weiterentwicklung des Portfolios unter Berücksichtigung von Rendite, Risiko und regulatorischen Anforderungen Einbindung in die Abstimmung mit Asset-/Fondsmanager und -managerinnen sowie mit internen Interessengruppen Das bieten wir Ihnen: Vergütung Work-Life-Balance Mobiles Arbeiten Personalentwicklung Betriebliche Gesundheitsförderung Mobilität Parken Kantine Betriebsausflüge/-feste und Weihnachtsfeiern Individuelle Fitness JobRad Kinderferienbetreuung Das bringen Sie mit: Qualifikationen: Abgeschlos",,pending,Germany,Düsseldorf,Düsseldorf,https://www.stellenanzeigen.de/job/junior-portfoliomanager-portfoliomanagerin-m-w-d-duesseldorf-sde-117012/,https://www.stellenanzeigen.de/job/junior-portfoliomanager-portfoliomanagerin-m-w-d-duesseldorf-sde-117012/,stepstone-de,,2026-09-09T23:29:45Z,2026-09-09T23:29:45Z,1,finance|risk|treasury|controlling|corporate finance|M&A|valuation|investment,verified email alert — stepstone-de — live individual vacancy resolved from Gmail message 1a08b4ba23d75491; canonical URL https://www.stellenanzeigen.de/job/junior-portfoliomanager-portfoliomanagerin-m-w-d-duesseldorf-sde-117012/,Open,,0,,
f6350635b31178a9,,Deloitte,Senior Consultant (all genders) Valuation Services,"Senior Consultant (all genders) Valuation Services Wien, Austria Vollzeit Jetzt bewerben Unternehmensbeschreibung Deloitte Österreich ist der führende Anbieter von Professional Services. Das gelingt uns mit unseren rund 1.900 engagierten Mitarbeiterinnen und Mitarbeitern an 17 Standorten, die Unternehmen und Institutionen in verschiedenen Bereichen betreuen. Wir schätzen die Vielfalt unserer Mitarbeitenden und sehen sie als essenziellen Schlüssel für Innovation und Erfolg. Deshalb setzen wir uns dafür ein, dass bei uns jede:r die gleichen Chancen erhält. Stellenbeschreibung Im Bereich Valuation Services betreut Deloitte namhafte Klient:innen bei der (gutachterlichen) Bewertung von Unternehmen, Erstellung von Fairness Opinions/Second Opinions sowie bei der Bewertung von immateriellen Vermögenswerten und Erstellung von PPAs. Was dich erwartet: Eigenständige Bewertung von Unternehmen und Unternehmensteilen mittels unterschiedlicher Bewertungsmethoden (DCF-Verfahren, Multiplikatoren, Börsenkursanalysen, etc.) Erstellung von Kaufpreisallokationen im Rahmen von Mergers & Acquisitions und Durchführung von Werthaltigkeitsprüfungen gemäß IFRS (International Financial Reporting Standards) Analyse und Plausibilisierung von Jahresabschlüssen, Business-Plänen und Kennzahlen sowie Erstellung von integrierten Planungsrechnungen Bewertung immaterieller Vermögenswerte (z.B. Marken und Patente) Erläuterung, Zusammenführung und Review der Analysetätigkeiten in Form eines Fachgutachtens zur Unternehmensbewertung (KFS/BW1) Qualifikationen Mehrjährige Berufserfahrung in den Bereichen Unternehmensbewertung, Valuation oder Wirtschaftsprüfung Abgeschlossenes Studium in Wirtschaftswissenschaften mit den Schwerpunkten Unternehmensbewertung, Finance und / oder Accounting Zusätzliche Ausbildungen wie z.B. Steuerberater, CFA, CPA, CVA von Vorteil MS Office Anwenderkenntnisse (insbesondere MS Excel) Einsatzbereitschaft, Teamfähigkeit und ausgezeichnete Kommunikationsfähigkeiten in Deutsch und Eng",,pending,Austria,Wien,Wien,https://www.karriere.at/jobs/7873741,https://www.karriere.at/jobs/7873741,stepstone-at,,2026-09-09T22:36:43Z,2026-09-09T22:36:43Z,1,finance|risk|treasury|controlling|corporate finance|M&A|valuation|investment,verified email alert — stepstone-at — live individual vacancy resolved from Gmail message 1a08b18d3b48eae8; canonical URL https://www.karriere.at/jobs/7873741,Open,,0,,
3625a9c28cb8a390,,KPMG,Consultant - Deal Advisory Financial Services,"Provide essential support to our clients in strategic acquisitions or disposals, delivering insightful due diligence services. Obtain, compile and analyze financial, commercial and operational data of target companies for key deal metrics such as sustainable revenues and earnings, adjusted net assets and future cash flows utilizing MS Excel and cutting-edge KPMG data analytics tools. Contribute to the preparation of high-quality due diligence reports and client presentations Actively engage in targeting and business development activities and prepare marketing decks and company profiles. Perform industry research and market analysis, contributing to KPMG publications. Quickly assume responsibility in a demanding environment and interact with a variety of internal and external stakeholders. Attend training and benefit from various internal and external training opportunities provided by KPMG Successfully completed a Bachelor's or Master's Degree in Business Administration, Banking and Finance, or Economics (ideally with specialization in accounting or corporate finance) Initial practical experience in transaction services, M&A or audit Analytical style of work, advanced problem-solving skills and affinity for explaining complex topics in a simple and understandable way Willingness to do high-quality work, desire to take on responsibility and work in interdisciplinary teams Motivated, reliable, and team-oriented with fluency in German and an excellent command of English A good command of French is a plus Good knowledge in MS Office You surprise us with exceptional achievement in business, private endeavors and/or academics We intend to hire intelligent, diligent and resilient team player. Join our Deal Advisory team and support leading financial services clients in executing national and international M&A transactions. Language requirements: German, English",,pending,Switzerland,Zurich,Zurich,https://www.efinancialcareers.com/jobs-Switzerland-Zurich-Consultant_-_Deal_Advisory_Financial_Services.id24757789,https://www.efinancialcareers.com/jobs-Switzerland-Zurich-Consultant_-_Deal_Advisory_Financial_Services.id24757789,efinancialcareers,,2026-09-10T10:30:44Z,2026-09-10T10:30:44Z,1,finance|risk|treasury|controlling|corporate finance|M&A|valuation|investment,verified email alert — efinancialcareers — live individual vacancy resolved from Gmail message 1a08adefe10c5f85; canonical URL https://www.efinancialcareers.com/jobs-Switzerland-Zurich-Consultant_-_Deal_Advisory_Financial_Services.id24757789,Open,,0,,
75e611523f8454da,,KPMG,Consultant - Deal Advisory - Valuation & Financial Modelling,"Conduct valuations (e.g., companies, intangible assets) and financial analyses, market research, capital market and cost of capital analyses Develop complex, integrated financial models Participate in engagements such as fairness opinions, pricing analysis for M&A transactions, valuations for accounting and tax planning purposes, or arbitrations Value complex financial instruments (e.g., options, derivatives, complex debt instruments, structured products) Work together with large international corporations as well as mid-market firms, often in an international environment Actively interact with clients and cooperate closely with other KPMG experts, like our due diligence or restructuring team or with our accounting, tax and legal experts Assist in proposal work and marketing initiatives Master's degree with a major in finance or accounting First professional experience in corporate finance within an international environment is a plus Proficiency with MS Excel and MS PowerPoint is a prerequisite Strong numerical, analytical and modelling skills, sound knowledge of financial analysis and traditional valuation methods (e.g., DCF, multiples) and attention to details Knowledge of valuation methods for securities (e.g., options, derivatives), as well as modelling techniques such as Monte-Carlo simulations or lattice models, is a plus Entrepreneurial mindset and ability to set priorities in a complex and demanding environment Excellent written and verbal communication skills in French, English and German; knowledge of any other language is a plus Start your career in a challenging environment and actively bring in your expertise in corporate finance in order to advise our clients! Language requirements: French, German, English",,pending,Switzerland,Geneva,Geneva,https://www.efinancialcareers.com/jobs-Switzerland-Geneva-Consultant_-_Deal_Advisory_-_Valuation__Financial_Modelling.id24757582,https://www.efinancialcareers.com/jobs-Switzerland-Geneva-Consultant_-_Deal_Advisory_-_Valuation__Financial_Modelling.id24757582,efinancialcareers,,2026-09-10T10:30:44Z,2026-09-10T10:30:44Z,1,finance|risk|treasury|controlling|corporate finance|M&A|valuation|investment,verified email alert — efinancialcareers — live individual vacancy resolved from Gmail message 1a08adefe10c5f85; canonical URL https://www.efinancialcareers.com/jobs-Switzerland-Geneva-Consultant_-_Deal_Advisory_-_Valuation__Financial_Modelling.id24757582,Open,,0,,
0ed3ed69a86f4712,,"oprandi & partner ag, zürich",Group Treasury & Liquidity Investment Manager (m/f/d),"Leverage your large treasury competence for the benefit of an international bank group headquartered in Zurich Introduction Our principal is the flagship of a Zurich based international bank group offering sophisticated services across different business lines such as Private Banking, Corporate Banking & Trade Finance. A professional treasury & liquidity management provides the necessary oxygen to successfully run the Bank’s global business. In this connection, we are seeking on behalf of our customer a younger, ambitious Group Treasury & Liquidity Investment Manager (m/f/d) Your responsibilities In this diverse role, you are responsible for delivering a professional and efficient treasury service for the Group, supporting all business lines and entities. This role encompasses liquidity management, securities and FX trading, interest rate management, treasury reporting, risk management, and strategic initiatives. You are monitoring liquidity requirements and ensure optimal funding across the entire organisation. You analyse and execute appropriate hedging strategies, including FX, Swaps, Repos and Interest Rate instruments. You are trading securities and manage the Bank’s nostro investment portfolio. You work closely with business units to identify, assess and mitigate related financial risks. You prepare regular treasury & management information reports, provide statistical data analysis as a sound decision base for senior management. Your identity We address treasury professionals with five to eight years of practical exposure to a Treasury Front Office role within a global banking environment. You have a robust academic background (Degree in Finance, Economics, Business Administration), enlarged by a CFA designation or specific Swiss professional treasury certification (SCT). You have a proven experience in treasury operations, funding liquidity and cash & investment portfolio management. Your technical expertise covers thorough understanding of financial markets",,pending,Switzerland,Zürich,Zürich,https://www.jobwinner.ch/job/14708468,https://www.jobwinner.ch/job/14708468,jobs-ch,,2026-09-10T04:33:55Z,2026-09-10T04:33:55Z,1,finance|risk|treasury|controlling|corporate finance|M&A|valuation|investment,verified email alert — jobs-ch — live individual vacancy resolved from Gmail message 1a089980585097ad; canonical URL https://www.jobwinner.ch/job/14708468,Open,,0,,
46f1966262e859ae,,Axtradia AG,Senior- Mandatsleiter M&A (80–100%) (m/w/d),"Senior-Mandatsleiter M&A (80–100%) (m/w/d) Einführung Die Axtradia AG begleitet Unternehmer beim Verkauf ihres Lebenswerks, bei Nachfolgelösungen und bei strategischen Unternehmenszukäufen. Unser Fokus liegt auf anspruchsvollen M&A-Transaktionen mit Unternehmenswerten zwischen CHF 2 und 100 Mio. im Schweizer Mittelstand. Wir verbinden unternehmerisches Denken mit einem strukturierten M&A-Prozess, einem breiten Käufernetzwerk und dem Anspruch, für unsere Kunden die bestmögliche Lösung zu erzielen. Dabei begleiten wir Unternehmer oft durch eine der wichtigsten Entscheidungen ihres Lebens. Über den Job Zur Verstärkung unseres Teams suchen wir am Standort Rothrist ab sofort oder nach Vereinbarung eine erfahrene Persönlichkeit als Senior-Mandatsleiter M&A / Senior M&A Advisor . Unternehmer überzeugen. Mandate entwickeln. Transaktionen führen. Viele können M&A-Prozesse begleiten. Nur wenige gewinnen das Vertrauen von Unternehmern. Genau diese Persönlichkeiten suchen wir. Wir suchen keine reinen Prozessabwickler und keine klassischen Verkäufer. Wir suchen Persönlichkeiten, die Unternehmer überzeugen, Beziehungen aufbauen und daraus eigenständig hochwertige Mandate entwickeln können. Deine Aufgabe Du begleitest Unternehmer durch eine der wichtigsten Entscheidungen ihres Lebens – vom ersten Gespräch über die Mandatsentwicklung bis zum erfolgreichen Closing. Dabei bewegst du dich auf Augenhöhe mit Unternehmern, Verwaltungsräten, Investoren, Family Offices und strategischen Käufern. Zu deinen Aufgaben gehören insbesondere: Aufbau und Pflege von Unternehmerbeziehungen Entwicklung und Gewinnung neuer Mandate Führung von Unternehmensverkäufen und Nachfolgeprozessen Bewertung und Positionierung von Unternehmen Ansprache und Verhandlung mit Kaufinteressenten Begleitung von Due Diligence, Signing und Closing Je nach Erfahrung und Interesse übernimmst du zusätzlich Verantwortung beim Aufbau von Teams, Standorten oder strategischen Initiativen. Wen wir suchen Wir interessieren uns wen",,pending,Switzerland,Rothrist,Rothrist,https://www.jobs.ch/en/vacancies/detail/ff3948aa-cc27-4a22-9f29-c3061cc0364a/,https://www.jobs.ch/en/vacancies/detail/ff3948aa-cc27-4a22-9f29-c3061cc0364a/,jobs-ch,,2026-09-10T04:33:55Z,2026-09-10T04:33:55Z,1,finance|risk|treasury|controlling|corporate finance|M&A|valuation|investment,verified email alert — jobs-ch — live individual vacancy resolved from Gmail message 1a089980585097ad; canonical URL https://www.jobs.ch/en/vacancies/detail/ff3948aa-cc27-4a22-9f29-c3061cc0364a/,Open,,0,,
