job_id,canonical_company_id,company,title,description,description_en,translation_status,market,location,priority_locations,job_url,source_url,source_id,date_posted,discovered_at,last_seen_at,relevance_score,matched_terms,verification,status
527d82b47865b1e8,ey,EY,EY-Parthenon Consultant Transactions & Corporate Finance - Strategy and Transactions (w/m/d),"Are you ready to shape your future with confidence? Du willst mehr als reine Strategieberatung? Du willst tiefer einsteigen als im klassischen M&A? Dann komm dorthin, wo beides zusammenläuft: Bei EY-Parthenon begleitest du CEOs, Vorstände und Private-Equity-Gesellschaften bei transaktionsbasierten Transformationen vom ersten strategischen Gedanken bis zur erfolgreichen Umsetzung. Hier arbeitest du an wegweisenden Projekten in vielfältigen Branchen: von der Neuausrichtung und Optimierung von Strategien bis hin zu transformativen Deals und Restrukturierungen. Mit datenbasierten Insights und dem gezielten Einsatz von KI-Technologien eröffnest du neue Märkte, treibst Wachstum voran und entwickelst Unternehmens- und Kapitalstrategien, die den entscheidenden Unterschied machen. Deine Aufgaben Als Mitglied unseres Transactions & Corporate Finance-Teams an den Standorten Hamburg, Frankfurt/Main, Stuttgart, München, Berlin und Düsseldorf stellst du dich anspruchsvollen Aufgaben im Herzen der Transaktionswelt. Du erhältst breite Einblicke in unterschiedliche Branchen und Projekttypen, wodurch du dich zu einem vielseitigen Professional entwickelst und fachliche Exzellenz mit umfassendem Branchenwissen verbindest. Indem du deine analytischen und methodischen Fähigkeiten stärkst, gestaltest du deine Spezialisierung aktiv – sei es durch eine frühe Fokussierung oder durch projektbezogene Erfahrungen in den folgenden Bereichen, wobei dich in dieser Rolle vielfältige Aufgaben erwarten: Financial Due Diligence: Du wirkst bei der Durchführung umfassender Financial Due Diligences mit und analy","Are you ready to shape your future with confidence? Do you want more than just strategy advice? Do you want to go deeper than traditional M&A? Then come to where both come together: At EY-Parthenon you will support CEOs, board members and private equity companies in transaction-based transformations from the first strategic idea to successful implementation. Here you will work on groundbreaking projects in a variety of industries: from realigning and optimizing strategies to transformative deals and restructurings. With data-based insights and the targeted use of AI technologies, you open new markets, drive growth and develop corporate and capital strategies that make the difference. Your tasks As a member of our Transactions & Corporate Finance team in Hamburg, Frankfurt/Main, Stuttgart, Munich, Berlin and Düsseldorf, you will take on challenging tasks in the heart of the transaction world. You will gain broad insights into different industries and project types, which will help you develop into a versatile professional and combine technical excellence with comprehensive industry knowledge. By strengthening your analytical and methodological skills, you actively shape your specialization - be it through an early focus or through project-related experience in the following areas, with a wide range of tasks awaiting you in this role: Financial Due Diligence: You will participate in and analyze comprehensive financial due diligences",translated-de,Germany,Eschborn / Frankfurt (Main) · HE · DE · 65760 · München · BY · 80636 · Berlin · BE · 10117 · Hamburg · HH · 20148 · Stuttgart · BW · 70629,Munich; Berlin; Frankfurt; Hamburg,https://careers.ey.com/ey/job/D%C3%BCsseldorf-EY-Parthenon-Consultant-Transactions-&-Corporate-Finance-Strategy-and-Transactions-%28wmd%29-40219/1218482301/,https://careers.ey.com/ey/search/?q=finance&locationsearch=Germany,ey-de,Sat Jul 18 02:00:00 UTC 2026,2026-08-11T19:36:00.373487+00:00,2026-08-11T20:23:42.809583+00:00,68,corporate finance; transaction; strategy,schema.org/JobPosting microdata,Open
e0b9ee391f202423,ey,EY,EY-Parthenon Manager Transactions & Corporate Finance - Strategy and Transactions (w/m/d),"Are you ready to shape your future with confidence? Du willst mehr als reine Strategieberatung? Du willst tiefer einsteigen als im klassischen M&A? Dann komm dorthin, wo beides zusammenläuft: Bei EY-Parthenon begleitest du CEOs, Vorstände und Private-Equity-Gesellschaften bei transaktionsbasierten Transformationen vom ersten strategischen Gedanken bis zur erfolgreichen Umsetzung. Hier arbeitest du an wegweisenden Projekten in vielfältigen Branchen: von der Neuausrichtung und Optimierung von Strategien bis hin zu transformativen Deals und Restrukturierungen. Mit datenbasierten Insights und dem gezielten Einsatz von KI-Technologien eröffnest du neue Märkte, treibst Wachstum voran und entwickelst Unternehmens- und Kapitalstrategien, die den entscheidenden Unterschied machen. Deine Aufgaben Als Teil unseres Transactions & Corporate Finance-Teams an den Standorten Hamburg, Frankfurt/Main, Stuttgart, München, Berlin und Düsseldorf erwarten dich anspruchsvolle Herausforderungen im Zentrum der Transaktionswelt. Interessierst du dich für die größten Deals der Wirtschaft? Dann bist du bei uns genau richtig! In dieser Rolle übernimmst du vielfältige Aufgaben: Du leitest nationale und internationale M&A-Projekte, indem du strategische Portfolioanalysen durchführst, Carve-outs und Verkäufe planst sowie Akquisitionen und Reorganisationen orchestrierst, um den Erfolg unserer Kund:innen sicherzustellen. Du erstellst umfassende Financial Due Diligences und Unternehmensbewertungen, indem du tiefgehende Analysen von Finanzdaten vornimmst und Chancen sowie Risiken identifizierst, um fundierte","Are you ready to shape your future with confidence? Do you want more than just strategy advice? Do you want to go deeper than traditional M&A? Then come to where both come together: At EY-Parthenon you will support CEOs, board members and private equity companies in transaction-based transformations from the first strategic idea to successful implementation. Here you will work on groundbreaking projects in a variety of industries: from realigning and optimizing strategies to transformative deals and restructurings. With data-based insights and the targeted use of AI technologies, you open new markets, drive growth and develop corporate and capital strategies that make the difference. Your tasks As part of our Transactions & Corporate Finance team in Hamburg, Frankfurt/Main, Stuttgart, Munich, Berlin and Düsseldorf, demanding challenges await you at the center of the transaction world. Are you interested in the biggest deals in business? Then you've come to the right place! In this role, you will take on a variety of tasks: You will lead national and international M&A projects by conducting strategic portfolio analyses, planning carve-outs and sales, and orchestrating acquisitions and reorganizations to ensure the success of our clients. You create comprehensive financial due diligences and company valuations by carrying out in-depth analyzes of financial data and identifying opportunities and risks in order to make informed decisions",translated-de,Germany,Eschborn / Frankfurt (Main) · HE · DE · 65760 · Hamburg · HH · 20148 · Stuttgart · BW · 70629 · München · BY · 80636 · Berlin · BE · 10117,Munich; Berlin; Frankfurt; Hamburg,https://careers.ey.com/ey/job/Berlin-EY-Parthenon-Manager-Transactions-&-Corporate-Finance-Strategy-and-Transactions-%28wmd%29-BE-10117/1196029501/,https://careers.ey.com/ey/search/?q=finance&locationsearch=Germany,ey-de,Fri Jul 17 02:00:00 UTC 2026,2026-08-11T19:36:00.373487+00:00,2026-08-11T20:23:42.809583+00:00,68,corporate finance; transaction; strategy,schema.org/JobPosting microdata,Open
b5b66258ebb101d2,ey,EY,EY-Parthenon Senior Consultant Transactions & Corporate Finance - Strategy and Transactions (w/m/d),"Are you ready to shape your future with confidence? Du willst mehr als reine Strategieberatung? Du willst tiefer einsteigen als im klassischen M&A? Dann komm dorthin, wo beides zusammenläuft: Bei EY-Parthenon begleitest du CEOs, Vorstände und Private-Equity-Gesellschaften bei transaktionsbasierten Transformationen vom ersten strategischen Gedanken bis zur erfolgreichen Umsetzung. Hier arbeitest du an wegweisenden Projekten in vielfältigen Branchen: von der Neuausrichtung und Optimierung von Strategien bis hin zu transformativen Deals und Restrukturierungen. Mit datenbasierten Insights und dem gezielten Einsatz von KI-Technologien eröffnest du neue Märkte, treibst Wachstum voran und entwickelst Unternehmens- und Kapitalstrategien, die den entscheidenden Unterschied machen. Deine Aufgaben Als Teil unseres Transactions & Corporate Finance-Teams an den Standorten Hamburg, Frankfurt/Main, Stuttgart, München, Berlin und Düsseldorf erwarten dich anspruchsvolle Herausforderungen im Zentrum der Transaktionswelt. Interessierst du dich für die größten Deals der Wirtschaft? Dann bist du bei uns genau richtig! In dieser Rolle übernimmst du vielfältige Aufgaben: Financial Due Diligence: Du wirkst bei der Durchführung umfassender Financial Due Diligences mit und analysierst die finanzielle Lage potenzieller Zielunternehmen. Dabei identifizierst du Chancen und Risiken anhand von Geschäftsmodellen, Cashflows und Working Capital. Financial Restructuring: Du unterstützt Unternehmen gezielt in herausfordernden Situationen und orientierst dich dabei an anerkannten Standards wie dem IDW S6. Mit","Are you ready to shape your future with confidence? Do you want more than just strategy advice? Do you want to go deeper than traditional M&A? Then come to where both come together: At EY-Parthenon you will support CEOs, board members and private equity companies in transaction-based transformations from the first strategic idea to successful implementation. Here you will work on groundbreaking projects in a variety of industries: from realigning and optimizing strategies to transformative deals and restructurings. With data-based insights and the targeted use of AI technologies, you open new markets, drive growth and develop corporate and capital strategies that make the difference. Your tasks As part of our Transactions & Corporate Finance team in Hamburg, Frankfurt/Main, Stuttgart, Munich, Berlin and Düsseldorf, demanding challenges await you at the center of the transaction world. Are you interested in the biggest deals in business? Then you've come to the right place! In this role, you will take on a variety of tasks: Financial Due Diligence: You will help carry out comprehensive financial due diligence and analyze the financial situation of potential target companies. You identify opportunities and risks based on business models, cash flows and working capital. Financial Restructuring: You provide targeted support to companies in challenging situations and are guided by recognized standards such as IDW S6. With",translated-de,Germany,München · BY · DE · 80636 · Hamburg · HH · 20148 · Eschborn / Frankfurt (Main) · HE · 65760 · Stuttgart · BW · 70629 · Berlin · BE · 10117,Munich; Berlin; Frankfurt; Hamburg,https://careers.ey.com/ey/job/Berlin-EY-Parthenon-Senior-Consultant-Transactions-&-Corporate-Finance-Strategy-and-Transactions-%28wmd%29-BE-10117/1218540601/,https://careers.ey.com/ey/search/?q=finance&locationsearch=Germany,ey-de,Sat Jul 18 02:00:00 UTC 2026,2026-08-11T19:36:00.373487+00:00,2026-08-11T20:23:42.809583+00:00,68,corporate finance; transaction; strategy,schema.org/JobPosting microdata,Open
22a19be6f968f5f7,ey,EY,Intern - Risk Consulting - Quant & Analytics,"At EY, we’re all in to shape your future with confidence. We’ll help you succeed in a globally connected powerhouse of diverse teams and take your career wherever you want it to go. Join EY and help to build a better working world. The opportunity: your next adventure awaits EY is looking for an intern to join our Quantitative Advisory Services (QAS) team in Geneva. QAS works with clients in Financial Services with regulatory/risk modelling challenges in areas such as market, credit, liquidity and counterparty risks. We are working closely with other financial services risk practitioners bringing together the range of quantitative modelling and technical skillsets needed to support clients’ often highly specific and complex requirements. Your key responsibilities You will participate in engagement execution and delivery; take part to EY educational program to continuously develop skills; as well as develop and maintain productive relationships with clients. In particular: Consulting engagements where you will support our clients (financial institutions and commodity trading companies ranging from leading global market players to more regional focused institutions) in financial risk management related challenges ranging from the review or development of firm wide risk quantitative models to the valuation of complex derivatives, including applying advanced analytics from banks or commodity traders; Assist audit mandates where you will support our audit teams in the areas of the valuation of financial products and contracts / physical assets and validation of all kind of risk","At EY, we’re all in to shape your future with confidence. We’ll help you succeed in a globally connected powerhouse of diverse teams and take your career wherever you want it to go. Join EY and help to build a better working world. The opportunity: your next adventure awaits EY is looking for an intern to join our Quantitative Advisory Services (QAS) team in Geneva. QAS works with clients in Financial Services with regulatory/risk modelling challenges in areas such as market, credit, liquidity and counterparty risks. We are working closely with other financial services risk practitioners bringing together the range of quantitative modelling and technical skillsets needed to support clients’ often highly specific and complex requirements. Your key responsibilities You will participate in engagement execution and delivery; take part to EY educational program to continuously develop skills; as well as develop and maintain productive relationships with clients. In particular: Consulting engagements where you will support our clients (financial institutions and commodity trading companies ranging from leading global market players to more regional focused institutions) in financial risk management related challenges ranging from the review or development of firm wide risk quantitative models to the valuation of complex derivatives, including applying advanced analytics from banks or commodity traders; Assist audit mandates where you will support our audit teams in the areas of the valuation of financial products and contracts / physical assets and validation of all kind of risk",original-en,Switzerland,,Zurich,https://careers.ey.com/ey/job/Grand-Lancy-Geneva-Intern-Risk-Consulting-Quant-&-Analytics-1212/1424400633/,https://careers.ey.com/ey/search/?q=finance&locationsearch=Switzerland,ey-ch,Fri Aug 07 00:00:00 UTC 2026,2026-08-11T19:38:11.846812+00:00,2026-08-11T20:25:32.124848+00:00,52,quant; analytics,schema.org/JobPosting microdata,Open
9c37fc2a8f2c8906,ey,EY,Risk Senior Consultant in Geneva - Non-financial risk management,"Are you interested in working in an exciting, fast-paced environment? Do you want to continue your career by being exposed to interesting and multifaceted projects while learning from industry leaders? At EY, you will have the chance to further develop and enhance your career on a global scale that is as unique as you are! We will provide you with support, an inclusive culture, and the relevant technology to enable you to become the best version of yourself. Our Financial Services Organisation is unique among the Big 4 firms, being the only one with a functional specialisation in the Financial Services sector that is transnationally integrated across the Europe West region. As a leader in risk in Switzerland and the Europe West region, we strive to help organisations navigate the ever-changing regulatory landscape. With an increasing push for internationally aligned regulations for financial institutions, our team is uniquely positioned to drive the development of our business and talent. The opportunity: your next adventure awaits Within Financial Services Consulting, the Risk team covers a broad range of functions dedicated to providing high-value, trusted regulatory focused audit and advisory services to clients. As part of the Risk team, the Prudential Risk team works with diverse financial services companies that range from major global banks to insurance companies and specialized private and regional banks. We support our clients with regulatory and risk management topics, including tailored solutions in the identification, measurement, steering and monitoring of risk","Are you interested in working in an exciting, fast-paced environment? Do you want to continue your career by being exposed to interesting and multifaceted projects while learning from industry leaders? At EY, you will have the chance to further develop and enhance your career on a global scale that is as unique as you are! We will provide you with support, an inclusive culture, and the relevant technology to enable you to become the best version of yourself. Our Financial Services Organisation is unique among the Big 4 firms, being the only one with a functional specialisation in the Financial Services sector that is transnationally integrated across the Europe West region. As a leader in risk in Switzerland and the Europe West region, we strive to help organisations navigate the ever-changing regulatory landscape. With an increasing push for internationally aligned regulations for financial institutions, our team is uniquely positioned to drive the development of our business and talent. The opportunity: your next adventure awaits Within Financial Services Consulting, the Risk team covers a broad range of functions dedicated to providing high-value, trusted regulatory focused audit and advisory services to clients. As part of the Risk team, the Prudential Risk team works with diverse financial services companies that range from major global banks to insurance companies and specialized private and regional banks. We support our clients with regulatory and risk management topics, including tailored solutions in the identification, measurement, steering and monitoring of risk",original-en,Switzerland,,Zurich,https://careers.ey.com/ey/job/Grand-Lancy-Geneva-Risk-Senior-Consultant-in-Geneva-Non-financial-risk-management-1212/1407367233/,https://careers.ey.com/ey/search/?q=finance&locationsearch=Switzerland,ey-ch,Wed Jul 22 02:00:00 UTC 2026,2026-08-11T19:38:11.846812+00:00,2026-08-11T20:25:32.124848+00:00,52,financial risk; risk management,schema.org/JobPosting microdata,Open
2da049ac42563ced,ey,EY,"Manager:in Valuation, Modelling & M&A","Wien oder Linz | Vollzeit | ab Herbst 2026 | EY-Parthenon Dein Team & Umfeld Unser rund 30-köpfiges Valuation & Modelling-Team unter der Leitung von Christina Khinast-Sittenthaler begleitet Unternehmen und Investor:innen bei Transaktionen und finanzwirtschaftlichen Fragestellungen. Im Fokus stehen Unternehmensbewertungen, Fairness Opinions und Financial Modelling für fundierte Entscheidungsgrundlagen. An all unseren Standorten erwartet dich ein modernes Umfeld mit flexiblen Arbeitsbereichen – mit Fokus auf Produktivität, Teamspirit und Austausch im Alltag. Deine Aufgaben & Verantwortlichkeiten Verantwortung für Valuation- und Financial Modelling-Projekte im Transaktionsumfeld Durchführung von Unternehmensbewertungen und Fairness Opinions für nationale und internationale Transaktionen Erstellung und Review von Finanzmodellen für M&A-Transaktionen, PPP-Projekte und Restrukturierungen Weiterentwicklung von Teammitgliedern sowie Unterstützung bei der Steuerung von Projekten Identifikation von Marktpotenzialen zur Mitgestaltung von Business Development Aktivitäten Fähigkeiten für deinen Erfolg Must-haves: Abgeschlossenes wirtschaftliches Studium 5-7 Jahre Berufserfahrung in M&A, Unternehmensbewertung oder Finanzmodellierung Kenntnisse internationaler Bewertungsstandards Ausgeprägte analytische Fähigkeiten sowie die Fähigkeit, komplexe Fragestellungen in konkrete Maßnahmen zu übersetzen Sicheres Auftreten und ausgeprägte Kommunikationsstärke Deutschkenntnisse auf C1-Niveau sowie Englischkenntnisse auf B2-Niveau Nice-to-haves: Erste Erfahrung in der Führung von Projekten oder Team","Vienna or Linz | Full time | from autumn 2026 | EY-Parthenon Your team & environment Our valuation & modeling team of around 30 people, led by Christina Khinast-Sittenthaler, supports companies and investors in transactions and financial issues. The focus is on company valuations, fairness opinions and financial modeling to provide a well-founded basis for decision-making. A modern environment with flexible work areas awaits you at all of our locations - with a focus on productivity, team spirit and exchange in everyday life. Your tasks & responsibilities Responsibility for valuation and financial modeling projects in the transaction environment Carrying out company valuations and fairness opinions for national and international transactions Creation and review of financial models for M&A transactions, PPP projects and restructurings Further development of team members and support in the management of projects Identification of market potential to help shape business development activities Skills for your success Must-haves: Completed economic studies 5-7 years of professional experience in M&A, company valuation or Financial modeling Knowledge of international valuation standards Strong analytical skills and the ability to translate complex questions into concrete measures Confident demeanor and strong communication skills Knowledge of German at C1 level and knowledge of English at B2 level Nice-to-haves: First experience in leading projects or teams",translated-de,Austria,,Vienna,https://careers.ey.com/ey/job/Vienna-Managerin-Valuation%2C-Modelling-&-M&A-1220/1414346333/,https://careers.ey.com/ey/search/?q=finance&locationsearch=Austria,ey-at,Tue Aug 11 02:00:00 UTC 2026,2026-08-11T19:37:06.158891+00:00,2026-08-11T20:24:37.345662+00:00,52,valuation; m&a,schema.org/JobPosting microdata,Open
6a3bb439ae527fed,deloitte,Deloitte,(Senior) Manager Finance Analytics (m/w/d),"Du willst im Bereich Consulting – Finance Transformation CFOs und das Top-Management in der Finanzfunktion beraten? Globale Trends wie Digitalisierung, Nachhaltigkeit, Effizienzdruck sowie M&A treiben unser Geschäft – unser Team entwickelt hierfür individuelle Konzepte. Sichere unseren gemeinsamen Erfolg und mach mit uns den Unterschied: als (Senior) Manager Finance Analytics (m/w/d) . Standorte: Berlin , Düsseldorf , Frankfurt (Main) , Hamburg , Hannover , Köln , München und Stuttgart . Dein Impact: Als (Senior) Manager Finance Analytics (m/w/d) unterstützt du unsere Kunden dabei, datengetriebene Finanzfunktionen aufzubauen und maßgeblich zur digitalen Transformation im Finance-Bereich beizutragen. Dein Fokus liegt auf der Konzeption und Umsetzung moderner Datenplattformen und Advanced-Analytics-Lösungen, um fundierte Entscheidungen zu ermöglichen und die Finanzfunktion nachhaltig zu transformieren. Finance Analytics Strategy : Du entwickelst integrierte Zielbilder und Roadmaps für datengetriebene Finanzorganisationen, definierst wertorientierte Use Cases und gestaltest skalierbare Data- und Analytics-Architekturen inklusive technologieunabhängiger Toolauswahl. Interface Human–Machine : Du prägst die Zukunft der Controlling-Funktion, indem du die Zusammenarbeit zwischen Controllern, datengetriebenen Systemen und (AI-)Agenten gestaltest und so effizientere, automatisierte und entscheidungsorientierte Prozesse ermöglichst. Data Modelling & Semantic Layer : Du designst integrierte Finanzdatenmodelle und Semantic Layers, standardisierst Kennzahlen und schaffst eine konsistente","Do you want to advise CFOs and top management in the finance function in the area of ​​consulting – finance transformation? Global trends such as digitalization, sustainability, pressure for efficiency and M&A drive our business - our team develops individual concepts for this. Secure our mutual success and make the difference with us: as (Senior) Manager Finance Analytics (m/f/d). Locations: Berlin, Düsseldorf, Frankfurt (Main), Hamburg, Hanover, Cologne, Munich and Stuttgart. Your impact: As a (Senior) Manager Finance Analytics (m/f/d), you will support our customers in building data-driven financial functions and making a significant contribution to the digital transformation in the finance sector. Your focus is on the design and implementation of modern data platforms and advanced analytics solutions to enable informed decisions and sustainably transform the finance function. Finance Analytics Strategy: You develop integrated target images and roadmaps for data-driven financial organizations, define value-oriented use cases and design scalable data and analytics architectures including technology-independent tool selection. Human-Machine Interface: You will shape the future of the controlling function by shaping the collaboration between controllers, data-driven systems and (AI) agents, thereby enabling more efficient, automated and decision-oriented processes. Data Modeling & Semantic Layer: You design integrated financial data models and semantic layers, standardize key figures and create a consistent one",translated-de,Germany,"mehrere Standorte, DE",Munich; Berlin; Frankfurt; Hamburg,https://jobs.deloitte.de/job/mehrere-Standorte-%28Senior%29-Manager-Finance-Analytics-%28mwd%29/1399349233/,https://jobs.deloitte.de/search/?q=finance&locationsearch=Germany,deloitte-de,,2026-08-11T19:45:59.662696+00:00,2026-08-11T20:31:02.900872+00:00,36,analytics,official ATS vacancy detail,Open
929cb39a4c4fa85a,deloitte,Deloitte,Consultant Finance Transformation - Finance Process and Accounting Excellence (m/w/d),"Du willst im Bereich Consulting – Finance Transformation CFOs und das Top-Management in der Finanzfunktion beraten? Globale Trends wie Digitalisierung, ESG-Reporting, regulatorische Anforderungen sowie Effizienzsteigerung treiben unser Geschäft – unser Team entwickelt hierfür maßgeschneiderte Lösungen. Sichere unseren gemeinsamen Erfolg und mach mit uns den Unterschied als Consultant Finance Transformation - Finance Process and Accounting Excellence (m/w/d). Standorte: Berlin , Düsseldorf , Frankfurt (Main) , Hamburg , Hannover , Köln , München und Stuttgart . Dein Impact: Als Consultant Finance Transformation – Finance Process and Accounting Excellence (m/w/d) bist du Impulsgeber:in für die Weiterentwicklung der Finanzfunktion. Gemeinsam mit unseren Kunden gestaltest du moderne, digitale und zukunftsfähige Finanzprozesse, die echten Mehrwert schaffen und Unternehmen nachhaltig stärken. Aufgabenvielfalt: Du unterstützt Kunden strategisch und operativ in Bereichen wie Rechnungswesen (Accounting), Global Business Services oder M&A Finance – mit Fokus auf Digitalisierung. Transformation: Du analysierst Finanzprozesse, identifizierst Optimierungspotenziale und entwickelst innovative Zielbilder für die Finanzfunktion unserer Kunden. Digitalisierung: Du integrierst moderne Technologien wie Cloud, Automatisierung und KI in die Finanz- und Accountingprozesse unserer Kunden und begleitest deren Umsetzung. Wertbeitrag: Deine Lösungen steigern Effizienz, Transparenz und Steuerungsfähigkeit im Finanzbereich – von Order-to-Cash, über Purchase-to-Pay, hin zu Record-to-Report. Teamwork: D","Do you want to advise CFOs and top management in the finance function in the area of ​​consulting – finance transformation? Global trends such as digitalization, ESG reporting, regulatory requirements and increased efficiency drive our business - our team develops tailor-made solutions for this. Secure our mutual success and make the difference with us as a Consultant Finance Transformation - Finance Process and Accounting Excellence (m/f/d). Locations: Berlin, Düsseldorf, Frankfurt (Main), Hamburg, Hanover, Cologne, Munich and Stuttgart. Your impact: As a Consultant Finance Transformation – Finance Process and Accounting Excellence (m/f/d), you are a driving force for the further development of the finance function. Together with our customers, you will design modern, digital and future-proof financial processes that create real added value and sustainably strengthen companies. Variety of tasks: You support customers strategically and operationally in areas such as accounting, global business services or M&A finance - with a focus on digitalization. Transformation: You analyze financial processes, identify optimization potential and develop innovative target images for our customers' finance functions. Digitalization: You integrate modern technologies such as cloud, automation and AI into our customers' financial and accounting processes and support their implementation. Value contribution: Your solutions increase efficiency, transparency and control ability in the financial sector - from order-to-cash, to purchase-to-pay, to record-to-report. Teamwork: D",translated-de,Germany,"mehrere Standorte, DE",Munich; Berlin; Frankfurt; Hamburg,https://jobs.deloitte.de/job/mehrere-Standorte-Consultant-Finance-Transformation-Finance-Process-and-Accounting-Excellence-%28mwd%29/1281491401/,https://jobs.deloitte.de/search/?q=finance&locationsearch=Germany,deloitte-de,,2026-08-11T19:45:59.662696+00:00,2026-08-11T20:31:02.900872+00:00,36,finance transformation,official ATS vacancy detail,Open
75d9b6a4f0633714,deloitte,Deloitte,Consultant Investment Management - Financial Services (m/w/d),"Du willst im Bereich Audit Financial Services Industries die finanzielle Integrität führender Finanzdienstleistungsunternehmen sicherstellen? Unser Team bietet ganzheitliche Lösungen rund um Accounting, Compliance & Risk Management. Nutze deine Expertise, um durch die Analyse komplexer Geschäftsstrukturen Risiken zu identifizieren und innovative Ansätze im Prüfungskontext zu entwickeln. Sichere unseren gemeinsamen Erfolg und mach mit uns den Unterschied: als Consultant Investment Management (m/w/d). Standorte: Frankfurt (Main) und München . Dein Impact: Als Consultant Investment Management (m/w/d) setzt du dein Know-how für die prüfungsnahe Beratung unserer Mandanten ein und kümmerst dich sowohl um die Analyse von Geschäftsmodellen und -prozessen als auch um die Identifikation von Geschäftsrisiken und Schwachstellen. Abhängig von deinem Themenschwerpunkt bewegst du dich im Asset Management für Wertpapiere, Real Estate, Private Equity oder Erneuerbare Energien. Verantwortung: Eigenständig prüfst du internationale Dienstleistungsunternehmen und Fonds, betreust aufsichtsrechtliche (Sonder-)Prüfungen und berätst Asset Management-Gesellschaften und Verwahrstellen. Aufgabenvielfalt: Du prüfst Jahres- u. Konzernabschlüsse und Reporting Packages bei kapitalmarktorientierten Unternehmen und Investmentgesellschaften nach HGB und IFRS und kannst jederzeit auf die Unterstützung deiner Kolleg:innen zählen. Analyse: Zudem analysierst du Unternehmensstrukturen, Geschäftsmodelle sowie Prozesse und identifizierst Geschäftsrisiken und Schwachstellen bei unseren Kunden. Projektmanagement: Auc","Do you want to ensure the financial integrity of leading financial services companies in the area of ​​Audit Financial Services Industries? Our team offers holistic solutions for accounting, compliance & risk management. Use your expertise to identify risks by analyzing complex business structures and to develop innovative approaches in the audit context. Secure our mutual success and make the difference with us: as a Consultant Investment Management (m/f/d). Locations: Frankfurt (Main) and Munich. Your impact: As a Consultant Investment Management (m/f/d), you use your know-how to provide our clients with audit-related advice and take care of both the analysis of business models and processes as well as the identification of business risks and weak points. Depending on your focus, you will work in asset management for securities, real estate, private equity or renewable energies. Responsibility: You independently audit international service companies and funds, supervise (special) regulatory audits and advise asset management companies and custodians. Variety of tasks: You audit annual and consolidated financial statements and reporting packages for capital market-oriented companies and investment companies in accordance with HGB and IFRS and can count on the support of your colleagues at any time. Analysis: You will also analyze company structures, business models and processes and identify business risks and weak points among our customers. Project management: Auc",translated-de,Germany,"mehrere Standorte, DE",Munich; Berlin; Frankfurt; Hamburg,https://jobs.deloitte.de/job/mehrere-Standorte-Consultant-Investment-Management-Financial-Services-%28mwd%29/1207706001/,https://jobs.deloitte.de/search/?q=finance&locationsearch=Germany,deloitte-de,,2026-08-11T19:45:59.662696+00:00,2026-08-11T20:31:02.900872+00:00,36,investment,official ATS vacancy detail,Open
8c0cccf80da8cc0d,ey,EY,EY-Parthenon Engagement Manager | Carve-out | Strategy & Execution,"At EY, we’re all in to shape your future with confidence. We’ll help you succeed in a globally connected powerhouse of diverse teams and take your career wherever you want it to go. Join EY and help to build a better working world. The opportunity At EY-Parthenon, our unique combination of transformative strategy, transactions, tax and corporate finance delivers real-world value – solutions that work in practice, not just on paper. Benefiting from EY’s full spectrum of services, we’ve reimagined strategic consulting to work in a world of increasing complexity. With deep functional and sector expertise, paired with innovative AI-powered technology and an investor mindset, we partner with CEOs, boards, private equity and governments every step of the way. EY-Parthenon is looking for an Engagement Manager with significant experience from operational related M&A projects, specifically within carve-outs. The role is part of our Nordic practice and can be based in Stockholm, Gothenburg, Oslo, Copenhagen, or Helsinki, working closely with colleagues and clients across the region. Your key responsibilities As an Engagement Manager in EY-Parthenon’s dedicated carve-out practice, you will play a pivotal role in helping clients navigate complex carve-out transactions and separation programs. Working across the full deal lifecycle, from pre-sign strategy and diligence through post-sign execution, you will support both buy-side and sell-side engagements. In this role, you will help organizations make critical decisions that shape business performance, operational readiness, and long-ter","At EY, we’re all in to shape your future with confidence. We’ll help you succeed in a globally connected powerhouse of diverse teams and take your career wherever you want it to go. Join EY and help to build a better working world. The opportunity At EY-Parthenon, our unique combination of transformative strategy, transactions, tax and corporate finance delivers real-world value – solutions that work in practice, not just on paper. Benefiting from EY’s full spectrum of services, we’ve reimagined strategic consulting to work in a world of increasing complexity. With deep functional and sector expertise, paired with innovative AI-powered technology and an investor mindset, we partner with CEOs, boards, private equity and governments every step of the way. EY-Parthenon is looking for an Engagement Manager with significant experience from operational related M&A projects, specifically within carve-outs. The role is part of our Nordic practice and can be based in Stockholm, Gothenburg, Oslo, Copenhagen, or Helsinki, working closely with colleagues and clients across the region. Your key responsibilities As an Engagement Manager in EY-Parthenon’s dedicated carve-out practice, you will play a pivotal role in helping clients navigate complex carve-out transactions and separation programs. Working across the full deal lifecycle, from pre-sign strategy and diligence through post-sign execution, you will support both buy-side and sell-side engagements. In this role, you will help organizations make critical decisions that shape business performance, operational readiness, and long-ter",original-en,Nordics,,Stockholm,https://careers.ey.com/ey/job/Stockholm-EY-Parthenon-Engagement-Manager-Carve-out-Strategy-&-Execution-111-47/1413225933/,https://careers.ey.com/ey/search/?q=finance&locationsearch=Sweden,ey-se,Fri Aug 07 02:00:00 UTC 2026,2026-08-11T19:40:24.801292+00:00,2026-08-11T20:27:20.660041+00:00,36,strategy,schema.org/JobPosting microdata,Open
a238bb3e5c2a81d7,ey,EY,EY-Parthenon Manager - Energy and Infrastructure | Stockholm,"At EY, we’re all in to shape your future with confidence. We’ll help you succeed in a globally connected powerhouse of diverse teams and take your career wherever you want it to go. Join EY and help to build a better working world. Do you want to help shape the energy transition and support clients as they navigate complex change? At EY-Parthenon, you’ll join a collaborative team working with strategy and transformation across energy and infrastructure. You’ll gain exposure to meaningful projects while developing your consulting toolkit, sector knowledge and client-facing skills. The opportunity At EY-Parthenon, our unique combination of transformative strategy, transactions, tax and corporate finance delivers real-world value – solutions that work in practice, not just on paper. Benefiting from EY’s full spectrum of services, we’ve reimagined strategic consulting to work in a world of increasing complexity. With deep functional and sector expertise, paired with innovative AI-powered technology and an investor mindset, we partner with CEOs, boards, private equity and governments every step of the way. You’ll drive real impact by helping global leaders navigate complex energy transformations, working on high-stakes challenges that shape the future energy system. As part of a pan-European team, you’ll collaborate across borders in an entrepreneurial, fast-evolving environment that values innovation, diversity, and strong team culture. With a strong focus on collaboration and continuous development, you’ll be empowered to grow while contributing to meaningful, large-scale chan","At EY, we’re all in to shape your future with confidence. We’ll help you succeed in a globally connected powerhouse of diverse teams and take your career wherever you want it to go. Join EY and help to build a better working world. Do you want to help shape the energy transition and support clients as they navigate complex change? At EY-Parthenon, you’ll join a collaborative team working with strategy and transformation across energy and infrastructure. You’ll gain exposure to meaningful projects while developing your consulting toolkit, sector knowledge and client-facing skills. The opportunity At EY-Parthenon, our unique combination of transformative strategy, transactions, tax and corporate finance delivers real-world value – solutions that work in practice, not just on paper. Benefiting from EY’s full spectrum of services, we’ve reimagined strategic consulting to work in a world of increasing complexity. With deep functional and sector expertise, paired with innovative AI-powered technology and an investor mindset, we partner with CEOs, boards, private equity and governments every step of the way. You’ll drive real impact by helping global leaders navigate complex energy transformations, working on high-stakes challenges that shape the future energy system. As part of a pan-European team, you’ll collaborate across borders in an entrepreneurial, fast-evolving environment that values innovation, diversity, and strong team culture. With a strong focus on collaboration and continuous development, you’ll be empowered to grow while contributing to meaningful, large-scale chan",original-en,Nordics,,Stockholm,https://careers.ey.com/ey/job/Stockholm-EY-Parthenon-Manager-Energy-and-Infrastructure-Stockholm-111-47/1412410833/,https://careers.ey.com/ey/search/?q=finance&locationsearch=Sweden,ey-se,Wed Aug 05 02:00:00 UTC 2026,2026-08-11T19:40:24.801292+00:00,2026-08-11T20:27:20.660041+00:00,36,energy,schema.org/JobPosting microdata,Open
47d9f2c5d098094e,ey,EY,EY-Parthenon | Senior Consultant/Manager | Strategy & Execution - Deal Technology,"At EY, we’re all in to shape your future with confidence. We’ll help you succeed in a globally connected powerhouse of diverse teams and take your career wherever you want it to go. Join EY and help to build a better working world. The opportunity At EY-Parthenon, our unique combination of transformative strategy, transactions, tax and corporate finance delivers real-world value – solutions that work in practice, not just on paper. Benefiting from EY’s full spectrum of services, we’ve reimagined strategic consulting to work in a world of increasing complexity. With deep functional and sector expertise, paired with innovative AI-powered technology and an investor mindset, we partner with CEOs, boards, private equity and governments every step of the way. EY-Parthenon is looking for Senior Consultants and Engagement Managers to join our Strategy & Execution team in the Nordics with focus on Technology and IT in deals and transactions (“Deal Technology”). We are building a dedicated capability at the intersection of technology, private equity, and corporate transactions - supporting clients across IT due diligence, carve-outs, integrations, and technology-driven value creation. We are looking for individuals with genuine interest in project delivery, problem-solving capabilities, and a hands-on and driven mindset in management and strategy consulting. Your key responsibilities In this role, you will work on high-impact deal situations where technology is a key value driver or risk, combining strategic insight with hands-on execution in complex, time-critical environments. You","At EY, we’re all in to shape your future with confidence. We’ll help you succeed in a globally connected powerhouse of diverse teams and take your career wherever you want it to go. Join EY and help to build a better working world. The opportunity At EY-Parthenon, our unique combination of transformative strategy, transactions, tax and corporate finance delivers real-world value – solutions that work in practice, not just on paper. Benefiting from EY’s full spectrum of services, we’ve reimagined strategic consulting to work in a world of increasing complexity. With deep functional and sector expertise, paired with innovative AI-powered technology and an investor mindset, we partner with CEOs, boards, private equity and governments every step of the way. EY-Parthenon is looking for Senior Consultants and Engagement Managers to join our Strategy & Execution team in the Nordics with focus on Technology and IT in deals and transactions (“Deal Technology”). We are building a dedicated capability at the intersection of technology, private equity, and corporate transactions - supporting clients across IT due diligence, carve-outs, integrations, and technology-driven value creation. We are looking for individuals with genuine interest in project delivery, problem-solving capabilities, and a hands-on and driven mindset in management and strategy consulting. Your key responsibilities In this role, you will work on high-impact deal situations where technology is a key value driver or risk, combining strategic insight with hands-on execution in complex, time-critical environments. You",original-en,Nordics,,Stockholm,https://careers.ey.com/ey/job/Stockholm-EY-Parthenon-Senior-ConsultantManager-Strategy-&-Execution-Deal-Technology-111-47/1409992133/,https://careers.ey.com/ey/search/?q=finance&locationsearch=Sweden,ey-se,Wed Jul 29 02:00:00 UTC 2026,2026-08-11T19:40:24.801292+00:00,2026-08-11T20:27:20.660041+00:00,36,strategy,schema.org/JobPosting microdata,Open
a0fc07c180a4cc2d,ey,EY,Assistant Director - Operational Due Diligence - Strategy and Execution - EY-Parthenon - London,"Assistant Director (Senior Manager), Operational Due Diligence, Strategy & Execution, EY-Parthenon At EY, we’re all in to shape your future with confidence. We’ll help you succeed in a globally connected powerhouse of diverse teams and take your career wherever you want it to go.​ Join EY and help to build a better working world. The opportunity At EY-Parthenon, our unique combination of transformative strategy, transactions, tax and corporate finance delivers real-world value – solutions that work in practice, not just on paper. Benefiting from EY’s full spectrum of services, we’ve reimagined strategic consulting to work in a world of increasing complexity. With deep functional and sector expertise, paired with innovative AI-powered technology and an investor mindset, we partner with CEOs, boards, private equity and governments every step of the way. Your key responsibilities As an Assistant Director within our ODD team, you’d assist in aspects of business origination, including pitches and presentations to potential clients to help sell work, and leading project delivery working with senior client stakeholders within tight timeframes for some of EY’s most demanding clients. As a consultant you’ll advise clients across all sectors, supporting key decision makers in developing and executing strategies for value creation. You would also be expected to contribute to our practice development initiatives, supporting the continued focus on our team as a great place to work. Skills and attributes for success Industry and functional experience: engineering, supply chain or graduat","Assistant Director (Senior Manager), Operational Due Diligence, Strategy & Execution, EY-Parthenon At EY, we’re all in to shape your future with confidence. We’ll help you succeed in a globally connected powerhouse of diverse teams and take your career wherever you want it to go.​ Join EY and help to build a better working world. The opportunity At EY-Parthenon, our unique combination of transformative strategy, transactions, tax and corporate finance delivers real-world value – solutions that work in practice, not just on paper. Benefiting from EY’s full spectrum of services, we’ve reimagined strategic consulting to work in a world of increasing complexity. With deep functional and sector expertise, paired with innovative AI-powered technology and an investor mindset, we partner with CEOs, boards, private equity and governments every step of the way. Your key responsibilities As an Assistant Director within our ODD team, you’d assist in aspects of business origination, including pitches and presentations to potential clients to help sell work, and leading project delivery working with senior client stakeholders within tight timeframes for some of EY’s most demanding clients. As a consultant you’ll advise clients across all sectors, supporting key decision makers in developing and executing strategies for value creation. You would also be expected to contribute to our practice development initiatives, supporting the continued focus on our team as a great place to work. Skills and attributes for success Industry and functional experience: engineering, supply chain or graduat",original-en,United Kingdom,,London,https://careers.ey.com/ey/job/London-Assistant-Director-Operational-Due-Diligence-Strategy-and-Execution-EY-Parthenon-London-SE1-2AF/1367443033/,https://careers.ey.com/ey/search/?q=finance&locationsearch=United%20Kingdom,ey-uk,Mon Jul 20 02:00:00 UTC 2026,2026-08-11T19:39:17.894880+00:00,2026-08-11T20:26:26.062356+00:00,36,strategy,schema.org/JobPosting microdata,Open
2589678e6efa7184,ey,EY,Data Acquisition Assistant Lead,"At EY, we’re all in to shape your future with confidence. We’ll help you succeed in a globally connected powerhouse of diverse teams and take your career wherever you want it to go. Join EY and help to build a better working world. EY aspires to become the world’s most trusted AI-powered professional services firm, delivering transformative value to clients and employees. Leveraging its extensive data across finance, legal, HR, and core business operations, EY is uniquely positioned to accelerate its data strategy and unlock new opportunities for growth and protection of its business. To achieve this vision, all Service Lines and global regions must collaborate on strategic priorities aligned with EY’s “All In” goal: safeguarding the current US$50B revenue base while generating the next US$50B. Central to this effort is advancing data management across its lifecycle to enhance existing services and create innovative offerings. EY’s AI Ready Data Strategy, led by Applied Innovation and the Global Data Office, is the foundation for this transformation. The Data Office drives applied innovation by redefining how data is discovered, managed, utilized, and scaled. A key enabler is the development of an enterprise data platform supported by robust governance, unlocking the full potential of EY’s data assets to fuel innovation and deliver next-level client service. The Data Acquisition team plays a critical role within this function, enabling EY to source, manage, and optimize strategic data needed to support global service lines, regions, and client engagements. About the Deliver","At EY, we’re all in to shape your future with confidence. We’ll help you succeed in a globally connected powerhouse of diverse teams and take your career wherever you want it to go. Join EY and help to build a better working world. EY aspires to become the world’s most trusted AI-powered professional services firm, delivering transformative value to clients and employees. Leveraging its extensive data across finance, legal, HR, and core business operations, EY is uniquely positioned to accelerate its data strategy and unlock new opportunities for growth and protection of its business. To achieve this vision, all Service Lines and global regions must collaborate on strategic priorities aligned with EY’s “All In” goal: safeguarding the current US$50B revenue base while generating the next US$50B. Central to this effort is advancing data management across its lifecycle to enhance existing services and create innovative offerings. EY’s AI Ready Data Strategy, led by Applied Innovation and the Global Data Office, is the foundation for this transformation. The Data Office drives applied innovation by redefining how data is discovered, managed, utilized, and scaled. A key enabler is the development of an enterprise data platform supported by robust governance, unlocking the full potential of EY’s data assets to fuel innovation and deliver next-level client service. The Data Acquisition team plays a critical role within this function, enabling EY to source, manage, and optimize strategic data needed to support global service lines, regions, and client engagements. About the Deliver",original-en,United Kingdom,,London,https://careers.ey.com/ey/job/London-Data-Acquisition-Assistant-Lead-SE1-2AF/1371606833/,https://careers.ey.com/ey/search/?q=finance&locationsearch=United%20Kingdom,ey-uk,Sat Aug 01 02:00:00 UTC 2026,2026-08-11T19:39:17.894880+00:00,2026-08-11T20:26:26.062356+00:00,36,acquisition,schema.org/JobPosting microdata,Open
393077364061efa7,ey,EY,"Manager, International Tax and Transactions, Real Estate, London","UKI Tax - Manager - International Tax and Transaction Services - Real Estate, Hospitality & Construction We’ve got an exciting opportunity to join our international tax services team, who are recognised as being leaders in international tax advisory and cross border M&A. You will be working with some of the largest corporation in the world advising them on their international tax planning and M&A deals. Working within our International Transaction Tax Service (ITTS) Practice focusing on the RHC offering. You will be working with some of the sector leading Partners who are well known and respected in the market. You’ll also be working with a high performing team who have advised on many high profile and market leading transactions over the past few years. It is a great time to join the ITTS team who have expanded exponentially in recent years and are continuing to grow. With a number of disrupting factors in the market at the moment you’ll be at the forefront of helping our clients to navigate the market challenges on an international scale. The opportunity The combination of experience and innovation in our team makes it not only one of the most exciting places to work in tax, but also a place where you can learn and develop into a skilled and renowned international tax adviser, working with leading UK / overseas MNCs, lawyers and banks on complex and exciting projects. Our international tax professionals will work on a variety of projects which are focused on helping clients to develop and execute their international tax strategy, including: Expansion into new markets Pre-","UKI Tax - Manager - International Tax and Transaction Services - Real Estate, Hospitality & Construction We’ve got an exciting opportunity to join our international tax services team, who are recognised as being leaders in international tax advisory and cross border M&A. You will be working with some of the largest corporation in the world advising them on their international tax planning and M&A deals. Working within our International Transaction Tax Service (ITTS) Practice focusing on the RHC offering. You will be working with some of the sector leading Partners who are well known and respected in the market. You’ll also be working with a high performing team who have advised on many high profile and market leading transactions over the past few years. It is a great time to join the ITTS team who have expanded exponentially in recent years and are continuing to grow. With a number of disrupting factors in the market at the moment you’ll be at the forefront of helping our clients to navigate the market challenges on an international scale. The opportunity The combination of experience and innovation in our team makes it not only one of the most exciting places to work in tax, but also a place where you can learn and develop into a skilled and renowned international tax adviser, working with leading UK / overseas MNCs, lawyers and banks on complex and exciting projects. Our international tax professionals will work on a variety of projects which are focused on helping clients to develop and execute their international tax strategy, including: Expansion into new markets Pre-",original-en,United Kingdom,,London,https://careers.ey.com/ey/job/London-Manager%2C-International-Tax-and-Transactions%2C-Real-Estate%2C-London-SE1-2AF/1208472601/,https://careers.ey.com/ey/search/?q=finance&locationsearch=United%20Kingdom,ey-uk,Fri Jul 17 02:00:00 UTC 2026,2026-08-11T19:39:17.894880+00:00,2026-08-11T20:26:26.062356+00:00,36,transaction,schema.org/JobPosting microdata,Open
996f717c55bd25a9,ey,EY,"(Senior) Consultant - EY Parthenon, Financial Services - M&A Advisory","At EY, we’re all in to shape your future with confidence. We’ll help you succeed in a globally connected powerhouse of diverse teams and take your career wherever you want it to go. Join EY and help to build a better working world. The opportunity: your next adventure awaits EY’s Transactions Corporate Finance (TCF) department sits at the intersection of corporate finance and the M&A transactions landscape, with a focus on M&A Advisory, Transaction Diligence and Valuation, Modeling & Economics. By joining us, you will step into an ambitious, high-performing and collaborative environment, united by our purpose of building a better working world. Our team is made up of dynamic and diverse individuals who thrive on collaboration, innovation and entrepreneurial spirit — with a strong “YES, can do” mentality. As a member of one of the leading mid-market M&A teams in Switzerland, Europe and globally, you will work on high-profile sell-side and buy-side M&A transactions in the financial services sector. You will gain hands-on experience across the full deal lifecycle, with a steep learning curve and direct exposure to clients and transaction stakeholders. To reinforce our growing TCF team in Zurich, with a particular focus on M&A, we are currently looking for an M&A (Senior) Consultant. Your key responsibilities Prepare and review key transaction deliverables, including information memoranda, teasers, process materials, management presentations and other client-facing materials. Perform and review company financial models and valuations using market multiples, precedent transactio","At EY, we’re all in to shape your future with confidence. We’ll help you succeed in a globally connected powerhouse of diverse teams and take your career wherever you want it to go. Join EY and help to build a better working world. The opportunity: your next adventure awaits EY’s Transactions Corporate Finance (TCF) department sits at the intersection of corporate finance and the M&A transactions landscape, with a focus on M&A Advisory, Transaction Diligence and Valuation, Modeling & Economics. By joining us, you will step into an ambitious, high-performing and collaborative environment, united by our purpose of building a better working world. Our team is made up of dynamic and diverse individuals who thrive on collaboration, innovation and entrepreneurial spirit — with a strong “YES, can do” mentality. As a member of one of the leading mid-market M&A teams in Switzerland, Europe and globally, you will work on high-profile sell-side and buy-side M&A transactions in the financial services sector. You will gain hands-on experience across the full deal lifecycle, with a steep learning curve and direct exposure to clients and transaction stakeholders. To reinforce our growing TCF team in Zurich, with a particular focus on M&A, we are currently looking for an M&A (Senior) Consultant. Your key responsibilities Prepare and review key transaction deliverables, including information memoranda, teasers, process materials, management presentations and other client-facing materials. Perform and review company financial models and valuations using market multiples, precedent transactio",original-en,Switzerland,,Zurich,https://careers.ey.com/ey/job/Zurich-%28Senior%29-Consultant-EY-Parthenon%2C-Financial-Services-M&A-Advisory-8005/1415629233/,https://careers.ey.com/ey/search/?q=finance&locationsearch=Switzerland,ey-ch,Thu Jul 16 00:00:00 UTC 2026,2026-08-11T19:38:11.846812+00:00,2026-08-11T20:25:32.124848+00:00,36,m&a,schema.org/JobPosting microdata,Open
51cbff0d665cc01d,ey,EY,"Consultant / Senior Consultant, International Development - Strategy & Transformation","At EY, you’ll have the chance to build a career as unique as you are, with the global scale, support, inclusive culture and technology to become the best version of you. And we’re counting on your unique voice and perspective to help EY become even better, too. Join us and build an exceptional experience for yourself, and a better working world for all. The Opportunity: your next adventure awaits The Consultant / Senior Consultant will support EY’s International Development Hub in delivering strategy, transformation, and operating model engagements for the UN system and related international organizations. The role combines international development expertise with the core consulting skill set expected in leading strategy firms: structured problem solving, rigorous analysis, strong client service, executive-level communication, and project delivery discipline. The successful candidate will contribute to high-impact client work across topics such as institutional transformation, organizational effectiveness, digital and AI-enabled change, shared services, workforce and capability building, financial and operational performance, and reform implementation. The role will involve working closely with senior EY teams, multidisciplinary experts, and client stakeholders to diagnose complex challenges, develop actionable recommendations, and support implementation in politically sensitive, mission-driven environments. Your key responsibilities Strategy and transformation delivery: Support the design and delivery of strategy and transformation projects for UN entities, international","At EY, you’ll have the chance to build a career as unique as you are, with the global scale, support, inclusive culture and technology to become the best version of you. And we’re counting on your unique voice and perspective to help EY become even better, too. Join us and build an exceptional experience for yourself, and a better working world for all. The Opportunity: your next adventure awaits The Consultant / Senior Consultant will support EY’s International Development Hub in delivering strategy, transformation, and operating model engagements for the UN system and related international organizations. The role combines international development expertise with the core consulting skill set expected in leading strategy firms: structured problem solving, rigorous analysis, strong client service, executive-level communication, and project delivery discipline. The successful candidate will contribute to high-impact client work across topics such as institutional transformation, organizational effectiveness, digital and AI-enabled change, shared services, workforce and capability building, financial and operational performance, and reform implementation. The role will involve working closely with senior EY teams, multidisciplinary experts, and client stakeholders to diagnose complex challenges, develop actionable recommendations, and support implementation in politically sensitive, mission-driven environments. Your key responsibilities Strategy and transformation delivery: Support the design and delivery of strategy and transformation projects for UN entities, international",original-en,Switzerland,,Zurich,https://careers.ey.com/ey/job/Grand-Lancy-Geneva-Consultant-Senior-Consultant%2C-International-Development-Strategy-&-Transformation-1212/1420857333/,https://careers.ey.com/ey/search/?q=finance&locationsearch=Switzerland,ey-ch,Thu Jul 30 00:00:00 UTC 2026,2026-08-11T19:38:11.846812+00:00,2026-08-11T20:25:32.124848+00:00,36,strategy,schema.org/JobPosting microdata,Open
285943c681880a7f,ey,EY,Manager (IT) - EY Parthenon - Strategy & Execution,"At EY, we’re all in to shape your future with confidence. We’ll help you succeed in a globally connected powerhouse of diverse teams and take your career wherever you want it to go. Join EY and help to build a better working world. The opportunity: your next adventure awaits In our EY Parthenon (EYP) practice, we help clients look beyond and achieve their growth ambitions through corporate strategy, capital allocation, and M&A transactions. You will join our Strategy & Execution team, working across the full transaction lifecycle - from IT due diligence to integration, separation, and transformation programs - helping clients navigate complexity, reshape portfolios, and create sustainable value. In a fast-paced, international environment, you will collaborate with cross-functional and multicultural teams to solve complex business and technology challenges, linking IT strategy with business outcomes and driving tangible impact for leading organizations. Your key responsibilities Work on projects spanning the entire transaction lifecycle (IT due diligence, carve-outs, integration planning, day-1 readiness, exit readiness) Lead IT strategy engagements linked to performance improvement and value creation initiatives Translate business strategy into actionable technology recommendations and implementation plans Manage projects end-to-end, including budgeting, risk management, and client delivery Build and maintain strong client relationships and ensure high satisfaction with deliverables Contribute to business development (pitch preparation, client meetings, proposal development","At EY, we’re all in to shape your future with confidence. We’ll help you succeed in a globally connected powerhouse of diverse teams and take your career wherever you want it to go. Join EY and help to build a better working world. The opportunity: your next adventure awaits In our EY Parthenon (EYP) practice, we help clients look beyond and achieve their growth ambitions through corporate strategy, capital allocation, and M&A transactions. You will join our Strategy & Execution team, working across the full transaction lifecycle - from IT due diligence to integration, separation, and transformation programs - helping clients navigate complexity, reshape portfolios, and create sustainable value. In a fast-paced, international environment, you will collaborate with cross-functional and multicultural teams to solve complex business and technology challenges, linking IT strategy with business outcomes and driving tangible impact for leading organizations. Your key responsibilities Work on projects spanning the entire transaction lifecycle (IT due diligence, carve-outs, integration planning, day-1 readiness, exit readiness) Lead IT strategy engagements linked to performance improvement and value creation initiatives Translate business strategy into actionable technology recommendations and implementation plans Manage projects end-to-end, including budgeting, risk management, and client delivery Build and maintain strong client relationships and ensure high satisfaction with deliverables Contribute to business development (pitch preparation, client meetings, proposal development",original-en,Switzerland,,Zurich,https://careers.ey.com/ey/job/Zurich-Manager-%28IT%29-EY-Parthenon-Strategy-&-Execution-8005/1394086833/,https://careers.ey.com/ey/search/?q=finance&locationsearch=Switzerland,ey-ch,Mon Aug 10 02:00:00 UTC 2026,2026-08-11T19:38:11.846812+00:00,2026-08-11T20:25:32.124848+00:00,36,strategy,schema.org/JobPosting microdata,Open
4c7b19959d47194a,ey,EY,Senior Manager - Technology Consulting - Tech Transformation & Strategy (80-100%),"At EY, we’re all in to shape your future with confidence. We’ll help you succeed in a globally connected powerhouse of diverse teams and take your career wherever you want it to go. Join EY and help to build a better working world. The opportunity Join FSO - Technology Consulting, where purposeful growth and cross-functional teamwork are the cornerstones of our success. We partner with clients to navigate complex technological landscapes, providing strategic insights and practical solutions that drive business and technology transformations. We offer a dynamic and inclusive work environment that values the best experience for all, with a commitment to career development that ensures that our team members have the opportunities to thrive and excel. Our diverse competencies, including AI & Data, Cyber Security, Technology Strategy and Transformation, and Finance Platforms, collaborate to deliver cutting-edge solutions and drive technological advancements that empower our clients to achieve their goals. Your key responsibilities Lead technology strategy and transformation engagements for wealth and asset management clients, from vision and planning through execution. Design target architectures, operating models and technology roadmaps that align business and IT priorities. Advise clients on banking technology platforms and ecosystems, including digital acquisition and onboarding, CRM/CLM, portfolio management systems (PMS), core banking, e-banking and client servicing solutions. Identify opportunities to leverage Data & AI, automation and emerging technologies to drive busine","At EY, we’re all in to shape your future with confidence. We’ll help you succeed in a globally connected powerhouse of diverse teams and take your career wherever you want it to go. Join EY and help to build a better working world. The opportunity Join FSO - Technology Consulting, where purposeful growth and cross-functional teamwork are the cornerstones of our success. We partner with clients to navigate complex technological landscapes, providing strategic insights and practical solutions that drive business and technology transformations. We offer a dynamic and inclusive work environment that values the best experience for all, with a commitment to career development that ensures that our team members have the opportunities to thrive and excel. Our diverse competencies, including AI & Data, Cyber Security, Technology Strategy and Transformation, and Finance Platforms, collaborate to deliver cutting-edge solutions and drive technological advancements that empower our clients to achieve their goals. Your key responsibilities Lead technology strategy and transformation engagements for wealth and asset management clients, from vision and planning through execution. Design target architectures, operating models and technology roadmaps that align business and IT priorities. Advise clients on banking technology platforms and ecosystems, including digital acquisition and onboarding, CRM/CLM, portfolio management systems (PMS), core banking, e-banking and client servicing solutions. Identify opportunities to leverage Data & AI, automation and emerging technologies to drive busine",original-en,Switzerland,,Zurich,https://careers.ey.com/ey/job/Grand-Lancy-Geneva-Senior-Manager-Technology-Consulting-Tech-Transformation-&-Strategy-%2880-100%29-1212/1411136733/,https://careers.ey.com/ey/search/?q=finance&locationsearch=Switzerland,ey-ch,Sat Aug 01 02:00:00 UTC 2026,2026-08-11T19:38:11.846812+00:00,2026-08-11T20:25:32.124848+00:00,36,strategy,schema.org/JobPosting microdata,Open
f13d28ce8b279ad0,ey,EY,Banking & Capital Markets Consultant (w/m/d),"Wien | Vollzeit | ab sofort | Consulting Dein Team & Umfeld Unser rund 90-köpfiges Business Consulting Team unterstützt Unternehmen bei Transformationsvorhaben und Prozessoptimierungen. Das Banking & Capital Markets-Team rund um Philipp Schöckler berät Banken, Asset Manager und FinTechs zu Themen wie Digitalisierung, Prozessoptimierung, Finance- und Risikothemen, regulatorischen Anforderungen sowie Zukunftsthemen wie Künstlicher Intelligenz und Digital Assets. Unser modernes Office im IZD-Tower mit Blick auf die Donau bietet Raum für Produktivität, kreative Pausen in der EY-Lounge und echten Teamspirit. Deine Aufgaben & Verantwortlichkeiten Analyse fachlicher Anforderungen und Übersetzung in technische Lösungen Strukturierung und Priorisierung von Requirements (z. B. User Stories, Use Cases, BPMN) Mitgestalten an Transformationsprojekten im Banking & Capital Markets Umfeld Unterstützung bei Projektplanung, Umsetzung und Stakeholder-Management Erstellung von Präsentationen und Aufbereitung von Ergebnissen Beobachtung von Trends (z. B. ESG, Digitalisierung) und Unterstützung bei Studien und Vertriebsaktivitäten Fähigkeiten für deinen Erfolg Must-haves: Abgeschlossenes Studium mit wirtschaftlichem oder finanziellem Schwerpunkt (z. B. Wirtschaft, Finance, Wirtschaftsinformatik o. Ä.) Erste Berufserfahrung im Banking- , Finance- oder Beratungsumfeld Souveränes Auftreten gegenüber Kund:innen und relevanten Stakeholdern Interesse an Finanzmärkten und digitalen Innovationen Sehr gute Deutsch- und Englischkenntnisse (C1-Niveau) Nice-to-haves: Kenntnisse in Requirements Engineering (","Vienna | Full time | from now on | Consulting Your team & environment Our business consulting team of around 90 people supports companies in transformation projects and process optimization. The Banking & Capital Markets team led by Philipp Schöckler advises banks, asset managers and FinTechs on topics such as digitalization, process optimization, finance and risk topics, regulatory requirements and future topics such as artificial intelligence and digital assets. Our modern office in the IZD Tower with a view of the Danube offers space for productivity, creative breaks in the EY lounge and real team spirit. Your tasks & responsibilities Analyzing technical requirements and translating them into technical solutions Structuring and prioritizing requirements (e.g. user stories, use cases, BPMN) Participating in transformation projects in the banking & capital markets environment Supporting project planning, implementation and stakeholder management Creating presentations and preparing results Observing trends (e.g. ESG, digitalization) and supporting studies and sales activities Skills for your success Must-haves: Completed studies with a business or financial focus (e.g. business, finance, business informatics, etc.) Initial professional experience in the banking, finance or consulting environment Confident demeanor towards customers and relevant stakeholders Interest in financial markets and digital innovations Very good knowledge of German and English (C1 level) Nice-to-haves: knowledge of requirements engineering (",translated-de,Austria,,Vienna,https://careers.ey.com/ey/job/Vienna-Banking-&-Capital-Markets-Consultant-%28wmd%29-1220/1389215333/,https://careers.ey.com/ey/search/?q=finance&locationsearch=Austria,ey-at,Sun Jul 26 02:00:00 UTC 2026,2026-08-11T19:37:06.158891+00:00,2026-08-11T20:24:37.345662+00:00,36,capital markets,schema.org/JobPosting microdata,Open
a72a51305eb61599,ey,EY,Tax Advisor | Internationales Steuerrecht und M&A (w/m/d),"Wien oder Linz | Vollzeit | ab sofort | Steuerberatung Dein Team & Umfeld Unser 25-köpfiges Transaction Tax-Team unter der Leitung von Andreas Sauer begleitet nationale und internationale Kund:innen bei Unternehmenstransaktionen – von der Analyse bis zur Umsetzung. Das Team unterstützt bei komplexen steuerlichen Fragestellungen und entwickelt Lösungen an der Schnittstelle von Steuern, Recht und Finance. An all unseren Standorten erwartet dich ein modernes Umfeld mit flexiblen Arbeitsbereichen – mit Fokus auf Produktivität, Teamspirit und Austausch im Alltag. Deine Aufgaben & Verantwortlichkeiten Steuerliche Begleitung nationaler und internationaler Transaktionen von der Analyse potenzieller Risiken über die Strukturierung bis hin zur Umsetzung maßgeschneiderter Lösungsansätze Durchführung von Tax Due Diligence Prüfungen sowie Entwicklung steuerlich effizienter Akquisitions-, Finanzierungs- und Konzernstrukturen Beratung bei Umgründungen, Reorganisationen und strategischen Unternehmenssteuerplanungen Erarbeitung ganzheitlicher Lösungen an der Schnittstelle von Steuern, Recht und Finance in enger Zusammenarbeit mit interdisziplinären Teams und dem internationalen EY-Netzwerk Fachliche und organisatorische Führung eines Teams sowie Förderung der Weiterentwicklung von Mitarbeiter:innen nach erfolgreicher Steuerberaterprüfung Fähigkeiten für deinen Erfolg Must-haves: Erfolgreich abgelegte Steuerberaterprüfung oder Abschluss in unmittelbarer Vorbereitung Erfahrung in der steuerlichen Beratung von nationalen oder internationalen Unternehmen Kenntnisse im Bereich Konzernsteuerrecht","Vienna or Linz | Full time | from now on | Tax advice Your team & environment Our 25-person transaction tax team, led by Andreas Sauer, supports national and international customers in corporate transactions - from analysis to implementation. The team supports complex tax issues and develops solutions at the interface of taxes, law and finance. A modern environment with flexible work areas awaits you at all of our locations - with a focus on productivity, team spirit and exchange in everyday life. Your tasks & responsibilities Tax support for national and international transactions from the analysis of potential risks through structuring to the implementation of tailor-made solution approaches Carrying out tax due diligence checks and developing tax-efficient acquisition, financing and group structures Advising on restructuring, reorganization and strategic corporate tax planning Developing holistic solutions at the interface of taxes, law and finance in close cooperation with interdisciplinary teams and the international EY network Professional and organizational leadership of a team as well as promoting the further development of employees after successful tax advisor examination Skills for your success Must-haves: Successfully passed tax advisor examination or completion in immediate preparation Experience in tax advice for national or international companies Knowledge in the area of corporate tax law",translated-de,Austria,,Vienna,https://careers.ey.com/ey/job/Linz-Tax-Advisor-Internationales-Steuerrecht-und-M&A-%28wmd%29-4020/1418585333/,https://careers.ey.com/ey/search/?q=finance&locationsearch=Austria,ey-at,Fri Jul 24 00:00:00 UTC 2026,2026-08-11T19:37:06.158891+00:00,2026-08-11T20:24:37.345662+00:00,36,m&a,schema.org/JobPosting microdata,Open
7e2f91864561bcff,ey,EY,EY-Parthenon (Senior) Manager Transaction Diligence - Versicherungen (Financial Services) (w/m/d),"Are you ready to shape your future with confidence? Du willst mehr als reine Strategieberatung? Du willst tiefer einsteigen als im klassischen M&A? Dann komm dorthin, wo beides zusammenläuft: Bei EY-Parthenon begleitest du CEOs, Vorstände und Private-Equity-Gesellschaften bei transaktionsbasierten Transformationen vom ersten strategischen Gedanken bis zur erfolgreichen Umsetzung. Hier arbeitest du an wegweisenden Projekten in vielfältigen Branchen: von der Neuausrichtung und Optimierung von Strategien bis hin zu transformativen Deals und Restrukturierungen. Mit datenbasierten Insights und dem gezielten Einsatz von KI-Technologien eröffnest du neue Märkte, treibst Wachstum voran und entwickelst Unternehmens- und Kapitalstrategien, die den entscheidenden Unterschied machen. Unser Bereich Financial Services fokussiert sich auf Finanzdienstleistungen und unterstützt Banken, Versicherungen und Asset Manager dabei, in einer sich stets verändernden und schnelllebigen Welt erfolgreich zu sein. Deine Aufgaben Als Teil der Transaction Diligence in Köln, München oder Frankfurt/Main begleiten wir sowohl FinTechs, InsurTechs, Start-ups, Makler:innen als auch Kund:innen im Private Equity- und Bankenbereich im Rahmen von Strategie- und M&A-Projekten sowie bei der Umsetzung unterschiedlicher käufer- und verkäuferseitigen Beratungsleistungen. In unserem Team wirst du vielfältige Aufgaben übernehmen, darunter: Führungsverantwortung für Teams und Mitwirkung bei Projektakquisitionen sowie operative Projektleitung von Strategie, M&A- und Transaktionsprojekten im Versicherungsbereich Analyse des","Are you ready to shape your future with confidence? Do you want more than just strategy advice? Do you want to go deeper than traditional M&A? Then come to where both come together: At EY-Parthenon you will support CEOs, board members and private equity companies in transaction-based transformations from the first strategic idea to successful implementation. Here you will work on groundbreaking projects in a variety of industries: from realigning and optimizing strategies to transformative deals and restructurings. With data-based insights and the targeted use of AI technologies, you open new markets, drive growth and develop corporate and capital strategies that make the difference. Our Financial Services division focuses on financial services and supports banks, insurance companies and asset managers in being successful in an ever-changing and fast-moving world. Your tasks As part of the transaction diligence in Cologne, Munich or Frankfurt/Main, we support FinTechs, InsurTechs, start-ups, brokers as well as customers in the private equity and banking sectors within the framework of strategy and M&A projects as well as in the implementation of various buyer- and seller-side consulting services. In our team you will take on a variety of tasks, including: leadership responsibility for teams and participation in project acquisitions as well as operational project management of strategy, M&A and transaction projects in the insurance sector",translated-de,Germany,Eschborn / Frankfurt (Main) · HE · DE · 65760 · Köln · NW · 50667 · München · BY · 80636,Munich; Berlin; Frankfurt; Hamburg,https://careers.ey.com/ey/job/M%C3%BCnchen-EY-Parthenon-%28Senior%29-Manager-Transaction-Diligence-Versicherungen-%28Financial-Services%29-%28wmd%29-BY-80636/1208409001/,https://careers.ey.com/ey/search/?q=finance&locationsearch=Germany,ey-de,Fri Jul 17 02:00:00 UTC 2026,2026-08-11T19:36:00.373487+00:00,2026-08-11T20:23:42.809583+00:00,36,transaction,schema.org/JobPosting microdata,Open
a916b4567772678d,ey,EY,EY-Parthenon Senior Consultant Transaction Diligence (Financial Services) (w/m/d),"Are you ready to shape your future with confidence? Du willst mehr als reine Strategieberatung? Du willst tiefer einsteigen als im klassischen M&A? Dann komm dorthin, wo beides zusammenläuft: Bei EY-Parthenon begleitest du CEOs, Vorstände und Private-Equity-Gesellschaften bei transaktionsbasierten Transformationen vom ersten strategischen Gedanken bis zur erfolgreichen Umsetzung. Hier arbeitest du an wegweisenden Projekten in vielfältigen Branchen: von der Neuausrichtung und Optimierung von Strategien bis hin zu transformativen Deals und Restrukturierungen. Mit datenbasierten Insights und dem gezielten Einsatz von KI-Technologien eröffnest du neue Märkte, treibst Wachstum voran und entwickelst Unternehmens- und Kapitalstrategien, die den entscheidenden Unterschied machen. Unser Bereich Financial Services fokussiert sich auf Finanzdienstleistungen und unterstützt Banken, Versicherungen und Asset Manager dabei, in einer sich stets verändernden und schnelllebigen Welt erfolgreich zu sein. Deine Aufgaben Als Teil der Transaction Diligence in Köln, München oder Frankfurt/Main begleiten wir sowohl FinTechs, InsurTechs, Start-ups, Makler:innen als auch Kund:innen im Private Equity- und Bankenbereich im Rahmen von Strategie- und M&A-Projekten sowie bei der Umsetzung unterschiedlicher käufer- und verkäuferseitigen Beratungsleistungen. Dabei übernimmst du vielfältige Aufgaben: Käufer- und verkäuferseitige M&A-Beratungsleistungen inklusive Markt-/Unternehmensanalysen im Rahmen von Strategie- und Managementberatungsprojekten für Finanzdienstleistungsunternehmen sowie FinTechs/InsurTech","Are you ready to shape your future with confidence? Do you want more than just strategy advice? Do you want to go deeper than traditional M&A? Then come to where both come together: At EY-Parthenon you will support CEOs, board members and private equity companies in transaction-based transformations from the first strategic idea to successful implementation. Here you will work on groundbreaking projects in a variety of industries: from realigning and optimizing strategies to transformative deals and restructurings. With data-based insights and the targeted use of AI technologies, you open new markets, drive growth and develop corporate and capital strategies that make the difference. Our Financial Services division focuses on financial services and supports banks, insurance companies and asset managers in being successful in an ever-changing and fast-moving world. Your tasks As part of the transaction diligence in Cologne, Munich or Frankfurt/Main, we support FinTechs, InsurTechs, start-ups, brokers as well as customers in the private equity and banking sectors within the framework of strategy and M&A projects as well as in the implementation of various buyer- and seller-side consulting services. You will take on a variety of tasks: Buyer and seller-side M&A consulting services including market/company analyzes as part of strategy and management consulting projects for financial services companies as well as FinTechs/InsurTech",translated-de,Germany,Eschborn / Frankfurt (Main) · HE · DE · 65760 · Köln · NW · 50667 · München · BY · 80636,Munich; Berlin; Frankfurt; Hamburg,https://careers.ey.com/ey/job/M%C3%BCnchen-EY-Parthenon-Senior-Consultant-Transaction-Diligence-%28Financial-Services%29-%28wmd%29-BY-80636/1208401801/,https://careers.ey.com/ey/search/?q=finance&locationsearch=Germany,ey-de,Fri Jul 17 02:00:00 UTC 2026,2026-08-11T19:36:00.373487+00:00,2026-08-11T20:23:42.809583+00:00,36,transaction,schema.org/JobPosting microdata,Open
3530f82d932ed104,ey,EY,Internship - Finanční Due Diligence (M&A),"To nejdůležitější v pár větách V případě velkých transakcí můžeme stát jak na straně kupujícího, tak i na straně prodávajícího. Pokud se tedy některý z našich klientů chystá na velkou transakci, stojíme po jeho boku a zjišťujeme, zda například ve společnosti, kterou se chystá koupit, nejsou skryté problémy či rizika do budoucnosti. Při takových obchodech musí klient znát sebemenší detail a pochopit příběh firmy. Klientovi připravíme předinvestiční prověrku, zanalyzujeme finanční a obchodní informace a upozorníme ho na případná rizika spojená s transakcí. Finanční analýzy a výkazy, předinvestiční prověrky a práce v Excelu je gró naší práce. Tvoje role v týmu „V našem týmu budeš od začátku pracovat na reálných zakázkách, při kterých se dostaneš k opravdu zajímavým transakcím, za kterými stojí velcí investoři. Projektů máme za sebou spoustu a díky tomu ti můžeme předat naše zkušenosti a know-how. Přidej se k nám a staň se jedním z odborníků, kteří stojí za transakcemi a investicemi, které hýbou nejen českou ekonomikou. Získáš u nás rozhled. Budeš se učit od zkušenějších kolegů, dostaneš k ruce counselora a porosteš i osobnostně. Internship je jen začátek. Máme propracovaný systém, postupně budeš přebírat čím dál víc zodpovědnosti a po ukončení studia ti dáme rádi příležitost stát se Junior konzultantem. Začátky můžou být náročné, ale bude to stát za to!“ - Josef Dobřichovský, Partner, tým Due Diligence Co je pro nás důležité Víme, že jsi teprve na začátku kariéry. Ale tady je několik věcí, které jsou pro tuhle práci podstatné. Studuješ navazující magisterské studium (ideálně s","The most important things in a few sentences In the case of large transactions, we can stand on both the buyer's and the seller's side. Therefore, if one of our clients is preparing for a large transaction, we stand by their side and find out whether, for example, there are no hidden problems or future risks in the company they are about to buy. In such deals, the client must know the smallest detail and understand the company's story. We will prepare a pre-investment due diligence for the client, analyze financial and business information and warn him of potential risks associated with the transaction. Financial analyzes and reports, pre-investment reviews and work in Excel is the core of our work. Your role in the team ""In our team, you will work from the beginning on real contracts, during which you will come to really interesting transactions that are behind large investors. We have a lot of projects behind us, and thanks to this we can pass on our experience and know-how to you. Join us and become one of the experts behind transactions and investments that not only drive the Czech economy. You will gain a perspective with us. You will learn from more experienced colleagues, you will get a counselor and you will grow personally. We have an elaborate system, you will gradually take on more and more responsibilities and we will gladly give you the opportunity to become a Junior consultant. The beginnings can be difficult, but it will be worth it!"" - Josef Dobřichovský, Partner, Due Diligence team What is important to us We know that you are only at the beginning of your career. But here are a few things that are essential to this job. You are studying a subsequent master's degree (ideally with",translated-cs,Czechia,,Prague,https://careers.ey.com/ey/job/Prague-1-Nove-Mesto-Internship-Finan%C4%8Dn%C3%AD-Due-Diligence-%28M&A%29-110-00/1226773501/,https://careers.ey.com/ey/search/?q=finance&locationsearch=Czech%20Republic,ey-cz,Tue Jul 21 02:00:00 UTC 2026,2026-08-11T19:34:50.772839+00:00,2026-08-11T20:22:47.124692+00:00,36,m&a,schema.org/JobPosting microdata,Open
91964ba89c0d561b,ey,EY,Junior konzultant - Finanční Due Diligence (M&A),"To nejdůležitější v pár větách Pokud se náš klient chystá uskutečnit transakci, stojíme po jeho boku a zjišťujeme, zda ve společnosti, kterou se chystá koupit, nejsou skryté finanční a obchodní problémy či rizika do budoucnosti. Při takových obchodech musí klient znát sebemenší detail a pochopit výkonnost firmy, kterou mu, jako nezávislý poradce, pomáháme popsat. Klientovi připravíme předinvestiční prověrku, zanalyzujeme finanční a obchodní informace a upozorníme ho na rizika spojená s transakcí . V případě velkých transakcí můžeme stát jak na straně kupujícího, tak i na straně prodávajícího. Analýza finančních informací, výkazů a dat převážně v Excelu a jejich následná syntéze do příběhu společnosti v sepsaném reportu je gró naší práce. Tvoje role v týmu „V našem týmu budeš od začátku pracovat na reálných zakázkách, při kterých se dostaneš k opravdu zajímavým transakcím, za kterými stojí velcí investoři. Projektů máme za sebou spoustu a díky tomu ti můžeme předat naše zkušenosti a know-how. Přidej se k nám a staň se jedním z odborníků, kteří stojí za transakcemi a investicemi, které hýbou nejen českou ekonomikou. Získáš u nás rozhled. Budeš se učit od zkušenějších kolegů, dostaneš k ruce counselora a porosteš i osobnostně.“ - Josef Dobřichovský, Partner, tým Due Diligence Co je pro nás důležité Víme, že jsi teprve na začátku kariéry. Ale tady je několik věcí, které jsou pro tuhle práci podstatné: Právě dokončuješ nebo máš čerstvě ukončené navazující magisterské studium (ideálně se zaměřením na finance). Pokud kromě angličtiny a češtiny/slovenštiny ovládáš i němčinu, velmi","The most important thing in a few sentences If our client is about to carry out a transaction, we stand by his side and find out whether there are no hidden financial and business problems or future risks in the company he is about to buy. In such transactions, the client must know the smallest detail and understand the performance of the company, which we, as an independent consultant, help to describe. We will prepare a pre-investment review for the client, analyze financial and business information and warn him about the risks associated with the transaction. In the case of large transactions, we can be on both the buyer's and the seller's side. The analysis of financial information, statements and data mainly in Excel and their subsequent synthesis into the story of the company in a written report is the core of our work. Your role in the team ""In our team, you will work from the beginning on real contracts, during which you will come to really interesting transactions that are behind large investors. We have a lot of projects behind us, and thanks to this we can pass on our experience and know-how to you. Join us and become one of the experts behind transactions and investments that not only drive the Czech economy. You will gain a perspective with us. You will learn from more experienced colleagues, you will get a counselor at hand and you will also grow personally."" - Josef Dobřichovský, Partner, Due Diligence team What is important to us We know that you are only at the beginning of your career. But here are a few things that are essential for this job: You are currently completing or have recently completed a follow-up master's degree (ideally in finance). If you speak German in addition to English and Czech/Slovak, great",translated-cs,Czechia,,Prague,https://careers.ey.com/ey/job/Prague-1-Nove-Mesto-Junior-konzultant-Finan%C4%8Dn%C3%AD-Due-Diligence-%28M&A%29-110-00/1226776801/,https://careers.ey.com/ey/search/?q=finance&locationsearch=Czech%20Republic,ey-cz,Tue Jul 21 02:00:00 UTC 2026,2026-08-11T19:34:50.772839+00:00,2026-08-11T20:22:47.124692+00:00,36,m&a,schema.org/JobPosting microdata,Open
f6eff502fb34fd48,ey,EY,Senior Consultant - Strategy & Execution,"The most important things in a few sentences We develop strategies that move our clients' businesses forward. In our work, we combine rigorous analysis with ideas that have a real impact on how the companies you see around you operate. We will give you the chance to get to know a diverse range of industries and be a part of projects that change companies for the better. Your role in the team „At Strategy & Execution, we're at the forefront of a rapidly expanding global strategy landscape. Our role involves guiding corporate and private equity clients through critical strategic and commercial considerations that significantly impact their pivotal investment decisions. We navigate various strategic realms, crafting corporate strategies, assessing market entry opportunities, innovating product strategies, and analyzing divestment options. Our focus spans purpose-driven long-term value, business model reinvention, digital innovation, and strategic cost evaluation. You'll collaborate within a high-performing, cohesive team that caters to a diverse array of global and local corporate clients, as well as private equity clients. This dynamic environment promises a wide range of challenging experiences, providing continuous learning, development opportunities, and a profound sense of accomplishment.“ - Tomas Skucek, Director, Strategy & Execution What is important to us Responsibilities: Contributing to Strategic Projects: Actively participate in strategic initiatives aimed at market entry, growth, and expansion plans. Develop and present client-focused solutions for both projects a","The most important things in a few sentences We develop strategies that move our clients' businesses forward. In our work, we combine rigorous analysis with ideas that have a real impact on how the companies you see around you operate. We will give you the chance to get to know a diverse range of industries and be a part of projects that change companies for the better. Your role in the team „At Strategy & Execution, we're at the forefront of a rapidly expanding global strategy landscape. Our role involves guiding corporate and private equity clients through critical strategic and commercial considerations that significantly impact their pivotal investment decisions. We navigate various strategic realms, crafting corporate strategies, assessing market entry opportunities, innovating product strategies, and analyzing divestment options. Our focus spans purpose-driven long-term value, business model reinvention, digital innovation, and strategic cost evaluation. You'll collaborate within a high-performing, cohesive team that caters to a diverse array of global and local corporate clients, as well as private equity clients. This dynamic environment promises a wide range of challenging experiences, providing continuous learning, development opportunities, and a profound sense of accomplishment.“ - Tomas Skucek, Director, Strategy & Execution What is important to us Responsibilities: Contributing to Strategic Projects: Actively participate in strategic initiatives aimed at market entry, growth, and expansion plans. Develop and present client-focused solutions for both projects a",original-en,Czechia,,Prague,https://careers.ey.com/ey/job/Prague-1-Nove-Mesto-Senior-Consultant-Strategy-&-Execution-110-00/1233846501/,https://careers.ey.com/ey/search/?q=finance&locationsearch=Czech%20Republic,ey-cz,Tue Jul 21 02:00:00 UTC 2026,2026-08-11T19:34:50.772839+00:00,2026-08-11T20:22:47.124692+00:00,36,strategy,schema.org/JobPosting microdata,Open
2db29a52b340fbdc,deloitte,Deloitte,"Consultant Finance & Accounting, Controlling (m/w/d)","Du willst im Bereich Business Process Solutions Mandanten in Finance / Accounting, Controlling, HR Payroll und Tax unterstützen? Unser Team berät vor Ort und remote: fachlich, digital, prozessual und operational. Sichere unseren gemeinsamen Erfolg und mach mit uns den Unterschied: als Consultant Finance & Accounting, Controlling (m/w/d) und starte zum nächstmöglichen Zeitpunkt. Standorte: Berlin, Düsseldorf, Frankfurt (Main), Hamburg, Hannover, Köln, Leipzig, Mannheim, München, Nürnberg und Stuttgart. Dein Impact: Als Senior Consultant Finance & Accounting, Controlling (m/w/d) unterstützt und berätst du unsere Mandanten im abwechslungsreichen Aufgabenbereich des CFO und trägst so zu reibungslosen Abläufen im Finance-Bereich unserer Kunden bei. Teamwork: Gemeinsam mit unseren Expert:innen unterstützt du internationale Mandanten im Aufgabengebiet des CFOs in der operativen Umsetzung und der Optimierung von Prozessen. Aufgabenvielfalt: Dafür wirkst du aktiv bei der Umsetzung von Projekten in den Bereichen Accounting, Finance, Tax, Controlling, Financial Reporting und ERP-Systemen mit. Kommunikation: In deinen Projekten arbeitest du unmittelbar in den Teams unserer Mandanten, findest pragmatische Lösungen auf Grundlage deines soliden Fachwissens und kommunizierst auf Augenhöhe direkt mit dem Kunden. Digitalisierung: Du unterstützt Mandanten in allen Fragen der Digitalisierung, hilfst bei der Be­wältigung von Herausforderungen des digitalen Zeitalters und gestaltest so innovative Prozesse. Internationalität: In deiner Funktion arbeitest du länderübergreifend in internationalen T","Do you want to support clients in finance/accounting, controlling, HR payroll and tax in the area of ​​business process solutions? Our team advises on site and remotely: technically, digitally, procedurally and operationally. Secure our mutual success and make the difference with us: as a Consultant Finance & Accounting, Controlling (m/f/d) and start as soon as possible. Locations: Berlin, Düsseldorf, Frankfurt (Main), Hamburg, Hanover, Cologne, Leipzig, Mannheim, Munich, Nuremberg and Stuttgart. Your impact: As a Senior Consultant Finance & Accounting, Controlling (m/f/d), you support and advise our clients in the varied area of ​​responsibility of the CFO and thus contribute to smooth processes in our customers' finance area. Teamwork: Together with our experts, you will support international clients in the CFO's area of ​​responsibility in the operational implementation and optimization of processes. Variety of tasks: You will be actively involved in the implementation of projects in the areas of accounting, finance, tax, controlling, financial reporting and ERP systems. Communication: In your projects, you work directly in our clients' teams, find pragmatic solutions based on your solid specialist knowledge and communicate directly with the customer on an equal level. Digitalization: You support clients in all digitalization issues, help them overcome the challenges of the digital age and thus design innovative processes. Internationality: In your role you work across borders in international T",translated-de,Germany,"mehrere Standorte, DE",Munich; Berlin; Frankfurt; Hamburg,https://jobs.deloitte.de/job/mehrere-Standorte-Consultant-Finance-&-Accounting%2C-Controlling-%28mwd%29/1189305901/,https://jobs.deloitte.de/search/?q=finance&locationsearch=Germany,deloitte-de,,2026-08-11T19:45:59.662696+00:00,2026-08-11T20:31:02.900872+00:00,10,,official ATS vacancy detail,Open
5e2e7c865c65ccd3,deloitte,Deloitte,"Praktikant / Werkstudent Finance & Accounting, Controlling (m/w/d)","Du willst im Bereich Business Process Solutions Mandanten in Finance / Accounting, Controlling, HR / Payroll und Tax unterstützen? Unser Team berät vor Ort und remote: fachlich, digital, prozessual und operational. Sichere unseren gemeinsamen Erfolg und mach mit uns den Unterschied: als Praktikant / Werkstudent Finance & Accounting, Controlling (m/w/d). Standorte: Berlin , Düsseldorf , Frankfurt (Main) , Hamburg , Hannover , Leipzig , Mannheim , München , Nürnberg und Stuttgart . Dein Impact: Als Praktikant / Werkstudent Finance & Accounting, Controlling (m/w/d) stehst du unserem Team in abwechslungsreichen Projekten rund um den CFO-Bereich zur Seite – und erhältst tiefe Einblicke in die interessantesten Herausforderungen (inter-)nationaler Unternehmen. Teamwork: Tatkräftig unterstützt du unsere Expert:innen bei internationalen Mandaten im Aufgabengebiet des CFO in der operativen Umsetzung und in der Optimierung von Prozessen. Aufgabenvielfalt: Dafür tauchst du in die Vielfalt der Bereiche Accounting, Finance, Financial Reporting, Tax, Controlling und ERP-Systeme ein. Kommunikation: Schnell wirst du zum festen Teil eines starken Teams und trägst mit deinem soliden Fachwissen zur pragmatischen Lösungsfindung bei. Dein Skillset: Du bist immatrikuliert und studierst Wirtschafts- oder Rechtswissenschaften, idealerweise mit Schwerpunkt Finance, Accounting, Controlling oder Tax Idealerweise erste Praxiserfahrung in den Bereichen Finance, Accounting, Controlling oder Tax durch Praktika oder eine kaufmännische Ausbildung Zahlenaffinität , sicherer Umgang mit MS Office sowie Lust au",Error 500 (Server Error)!!1500.That’s an error.There was an error. Please try again later.That’s all we know.,translated-de,Germany,"mehrere Standorte, DE",Munich; Berlin; Frankfurt; Hamburg,https://jobs.deloitte.de/job/mehrere-Standorte-Praktikant-Werkstudent-Finance-&-Accounting%2C-Controlling-%28mwd%29/949156701/,https://jobs.deloitte.de/search/?q=finance&locationsearch=Germany,deloitte-de,,2026-08-11T19:45:59.662696+00:00,2026-08-11T20:31:02.900872+00:00,10,,official ATS vacancy detail,Open
dca4bb0ee41c07c3,deloitte,Deloitte,Sachbearbeiter Finance & Accounting Bilanzierung Jahresabschluss (m/w/d),"Du willst dich im Bereich Corporate Functions – Finance & Accounting konstruktiv einbringen? Unser Team verantwortet alle relevanten Prozesse des Rechnungswesens und nutzt modernste digitale Lösungen zur Erfassung, Konsolidierung und Berichterstattung. Sichere unseren gemeinsamen Erfolg und mach mit uns den Unterschied: als Sachbearbeiter Finance & Accounting Bilanzierung Jahresabschluss (m/w/d). Standort: Düsseldorf. Dein Impact: Als Sachbearbeiter in Finance & Accounting (m/w/d) ergänzt du mit deinen Erfahrungen unser Check Point Team bei der Überwachung und Durchführung unserer Jahresabschlussarbeiten. So trägst du erfolgreich zur Erstellung unserer Jahresabschlüsse bei. Hands-on: Du bist verantwortlich für die Abstimmung von HGB Buchungsvorgängen. Dein Tagesgeschäft umfasst zudem die Durchführung von Analysen und Plausibilitätsprüfungen, sowie die fristgerechte Durchführung von Monatsbuchungen. Schnittstelle: Als kompetenter Ansprechpartner für unser Finance & Accounting Team betreust du Buchungs- und Bilanzierungsfragen und bist maßgeblich an der Aktualisierung und Optimierung fachlicher Prozesse und Arbeitsanweisungen beteiligt. Aufgabenvielfalt: Im Team arbeitest du aktiv an Projekten mit, erstellst und pflegst interne Dokumentationen und sorgst für die Überprüfung und Korrektheit der zugelieferten Abstimmungen. Qualitätssicherung: Du gewährleistest die Vollständigkeit unserer Jahresabschlussdokumentation, die zu den zentralen Aufgaben unseres Teams gehört und unterstützt die Umsetzung neuer gesetzlicher Anforderungen. Kommunikation: Du bist Anlaufstelle für die Bean","Do you want to contribute constructively to the area of ​​Corporate Functions – Finance & Accounting? Our team is responsible for all relevant accounting processes and uses state-of-the-art digital solutions for recording, consolidation and reporting. Secure our mutual success and make the difference with us: as a Finance & Accounting Clerk for Annual Financial Statements (m/f/d). Location: Düsseldorf. Your impact: As a clerk in Finance & Accounting (m/f/d), you will use your experience to complement our Check Point team in monitoring and carrying out our annual financial statements. In this way, you will successfully contribute to the preparation of our annual financial statements. Hands-on: You are responsible for coordinating HGB booking processes. Your day-to-day business also includes carrying out analyzes and plausibility checks, as well as making monthly bookings on time. Interface: As a competent contact person for our Finance & Accounting team, you will be responsible for booking and accounting issues and will be significantly involved in updating and optimizing technical processes and work instructions. Variety of tasks: As part of a team, you will actively work on projects, create and maintain internal documentation and ensure that the coordination provided is checked and correct. Quality assurance: You ensure the completeness of our annual financial statement documentation, which is one of the central tasks of our team, and support the implementation of new legal requirements. Communication: You are the contact point for the Bean",translated-de,Germany,"Düsseldorf, DE",Munich; Berlin; Frankfurt; Hamburg,https://jobs.deloitte.de/job/D%C3%BCsseldorf-Sachbearbeiter-Finance-&-Accounting-Bilanzierung-Jahresabschluss-%28mwd%29/993463101/,https://jobs.deloitte.de/search/?q=finance&locationsearch=Germany,deloitte-de,,2026-08-11T19:45:59.662696+00:00,2026-08-11T20:31:02.900872+00:00,10,,official ATS vacancy detail,Open
8bf53af8ef2a6768,deloitte,Deloitte,Senior Consultant / Manager - Trade Finance Consulting (m/w/d),"Du willst im Bereich Consulting – Banking & Capital Markets Finanzdienstleister bei vielfältigen Trade-Finance-Projekten begleiten? Unser Team entwickelt Konzepte für (IT-)Transformationen, optimiert Geschäftsprozesse und gestaltet die Zukunft des internationalen Handelsfinanzierungssektors durch neue Technologien und Strategien. Sichere unseren gemeinsamen Erfolg und mach mit uns den Unterschied: als Senior Consultant / Manager – Trade Finance Consulting (m/w/d) . Standorte: Berlin , Düsseldorf , Frankfurt (Main) , Hamburg , Hannover , Köln , München und Stuttgart . Dein Impact: Als Senior Consultant Trade Finance (m/w/d) berätst du unsere Mandanten bei der strategischen und operativen Weiterentwicklung ihrer Trade-Finance-Aktivitäten – und trägst so zur Umsetzung innovativer Lösungen und einer zukunftsorientierten Ausrichtung bei. Konzeption: Du entwickelst technische und fachliche Lösungen für komplexe Herausforderungen im Bereich Trade Finance, z. B. im Dokumentengeschäft, bei Garantien oder bei der Strukturierung von Supply Chain Finance. Anforderungsanalyse: Du erfasst die Anforderungen aller Stakeholder entlang der Wertschöpfungskette und dokumentierst diese umfassend. Aufgabenvielfalt: Du bringst dich in Strategieprojekte, Prozessoptimierungen und die Konzeption branchenspezifischer Lösungen ein – etwa im Kontext regulatorischer Anforderungen (z. B. BAIT, ESG, Basel IV). Innovation: Du implementierst neue digitale Prozesse und Plattformen, z. B. für die Automatisierung von Trade-Finance-Workflows oder die Integration von Distributed Ledger Technologien. Impulsgeber:","Do you want to support financial service providers in a variety of trade finance projects in the area of ​​Consulting – Banking & Capital Markets? Our team develops concepts for (IT) transformations, optimizes business processes and shapes the future of the international trade finance sector through new technologies and strategies. Secure our mutual success and make the difference with us: as Senior Consultant / Manager – Trade Finance Consulting (m/f/d). Locations: Berlin, Düsseldorf, Frankfurt (Main), Hamburg, Hanover, Cologne, Munich and Stuttgart. Your impact: As a Senior Consultant Trade Finance (m/f/d), you advise our clients on the strategic and operational development of their trade finance activities - and thus contribute to the implementation of innovative solutions and a future-oriented orientation. Conception: You develop technical and professional solutions for complex challenges in the area of ​​trade finance, e.g. B. in document business, with guarantees or in the structuring of supply chain finance. Requirements analysis: You record the requirements of all stakeholders along the value chain and document them comprehensively. Variety of tasks: You will be involved in strategy projects, process optimization and the conception of industry-specific solutions - for example in the context of regulatory requirements (e.g. BAIT, ESG, Basel IV). Innovation: You implement new digital processes and platforms, e.g. B. for the automation of trade finance workflows or the integration of distributed ledger technologies. Impulse generator:",translated-de,Germany,"mehrere Standorte, DE",Munich; Berlin; Frankfurt; Hamburg,https://jobs.deloitte.de/job/mehrere-Standorte-Senior-Consultant-Manager-Trade-Finance-Consulting-%28mwd%29/1239512301/,https://jobs.deloitte.de/search/?q=finance&locationsearch=Germany,deloitte-de,,2026-08-11T19:45:59.662696+00:00,2026-08-11T20:31:02.900872+00:00,10,,official ATS vacancy detail,Open
2f61c5f0553a809a,deloitte,Deloitte,Senior Consultant / Manager - Trade Finance Consulting - Fokus Digitalisierung (m/w/d),"Du willst im Bereich Consulting – Banking & Capital Markets Finanzdienstleister bei der digitalen Transformation ihrer Trade-Finance-Prozesse begleiten? Unser Team gestaltet die Zukunft des internationalen Handelsfinanzierungssektors durch innovative Technologien, Prozessautomatisierung und strategische Beratung. Wir treiben die Digitalisierung der Dokumentenprüfung, Plattformintegration und regulatorischen Compliance voran. Mach mit uns den Unterschied: als Senior Consultant / Manager – Trade Finance Consulting (m/w/d) . Standorte: Berlin , Düsseldorf , Frankfurt (Main) , Hamburg , Hannover , Köln , München und Stuttgart . Dein Impact: Als Senior Consultant Trade Finance (m/w/d) berätst du unsere Mandanten bei der digitalen Neuausrichtung ihrer Trade-Finance-Aktivitäten – mit besonderem Fokus auf die Automatisierung und Digitalisierung der Dokumentenprüfung und angrenzender Prozesse. Digitale Konzeption: Du entwickelst End-to-End-Lösungen zur Digitalisierung von Dokumentenprozessen – z. B. OCR-gestützte Prüfung von Akkreditiv-Dokumenten, KI-basierte Compliance-Checks oder Blockchain-basierte Dokumentenverifikation. Prozessanalyse: Du identifizierst Optimierungspotenziale in bestehenden Workflows und entwickelst digitale Zielbilder für Dokumentenprüfung, Abwicklung und Reporting. Technologieeinsatz: Du implementierst moderne Plattformen und Tools (z. B. Surecomp DOKA, Finastra Fusion Trade Innovation, Traydstream, essDOCS) und begleitest die Integration in bestehende Systemlandschaften. Innovationstreiber: Du bringst neue Technologien wie Machine Learning, Smart Contracts o","Do you want to support financial service providers in the digital transformation of their trade finance processes in the area of ​​Consulting – Banking & Capital Markets? Our team is shaping the future of the international trade finance sector through innovative technologies, process automation and strategic advice. We are driving the digitalization of document review, platform integration and regulatory compliance. Make the difference with us: as a Senior Consultant / Manager – Trade Finance Consulting (m/f/d). Locations: Berlin, Düsseldorf, Frankfurt (Main), Hamburg, Hanover, Cologne, Munich and Stuttgart. Your impact: As a Senior Consultant Trade Finance (m/f/d), you will advise our clients on the digital realignment of their trade finance activities - with a particular focus on the automation and digitalization of document checking and related processes. Digital conception: You develop end-to-end solutions for the digitization of document processes - e.g. E.g. OCR-supported checking of letter of credit documents, AI-based compliance checks or blockchain-based document verification. Process analysis: You identify optimization potential in existing workflows and develop digital target images for document checking, processing and reporting. Use of technology: You implement modern platforms and tools (e.g. Surecomp DOKA, Finastra Fusion Trade Innovation, Traydstream, essDOCS) and support the integration into existing system landscapes. Innovation driver: You bring new technologies such as machine learning, smart contracts, etc",translated-de,Germany,"mehrere Standorte, DE",Munich; Berlin; Frankfurt; Hamburg,https://jobs.deloitte.de/job/mehrere-Standorte-Senior-Consultant-Manager-Trade-Finance-Consulting-Fokus-Digitalisierung-%28mwd%29/1240167401/,https://jobs.deloitte.de/search/?q=finance&locationsearch=Germany,deloitte-de,,2026-08-11T19:45:59.662696+00:00,2026-08-11T20:31:02.900872+00:00,10,,official ATS vacancy detail,Open
2e6213c4207f9db7,deloitte,Deloitte,"Senior Consultant Finance & Accounting, Controlling (m/w/d)","Du willst im Bereich Business Process Solutions Mandanten in Finance / Accounting, Controlling, HR Payroll und Tax unterstützen? Unser Team berät vor Ort und remote: fachlich, digital, prozessual und operational. Sichere unseren gemeinsamen Erfolg und mach mit uns den Unterschied: als Senior Consultant Finance & Accounting, Controlling (m/w/d). Standorte: Berlin, Düsseldorf, Frankfurt (Main), Hamburg, Hannover, Köln, Leipzig, Mannheim, München, Nürnberg und Stuttgart. Dein Impact: Als Senior Consultant Finance & Accounting, Controlling (m/w/d) unterstützt und berätst du unsere Mandanten im abwechslungsreichen Aufgabenbereich des CFO und trägst so zu reibungslosen Abläufen im Finance-Bereich unserer Kunden bei. Teamwork: Gemeinsam mit unseren Expert:innen unterstützt du internationale Mandanten im Aufgabengebiet des CFOs in der operativen Umsetzung und der Optimierung von Prozessen. Aufgabenvielfalt: Dafür wirkst du aktiv bei der Umsetzung von Projekten in den Bereichen Accounting, Finance, Tax, Controlling, Financial Reporting und ERP-Systemen mit. Kommunikation: In deinen Projekten arbeitest du unmittelbar in den Teams unserer Mandanten, findest pragmatische Lösungen auf Grundlage deines soliden Fachwissens und kommunizierst auf Augenhöhe direkt mit dem Kunden. Digitalisierung: Du unterstützt Mandanten in allen Fragen der Digitalisierung, hilfst bei der Be­wältigung von Herausforderungen des digitalen Zeitalters und gestaltest so innovative Prozesse. Internationalität: In deiner Funktion arbeitest du länderübergreifend in internationalen Teams, sowohl beim Mandanten als au","Do you want to support clients in finance/accounting, controlling, HR payroll and tax in the area of ​​business process solutions? Our team advises on site and remotely: technically, digitally, procedurally and operationally. Secure our mutual success and make the difference with us: as a Senior Consultant Finance & Accounting, Controlling (m/f/d). Locations: Berlin, Düsseldorf, Frankfurt (Main), Hamburg, Hanover, Cologne, Leipzig, Mannheim, Munich, Nuremberg and Stuttgart. Your impact: As a Senior Consultant Finance & Accounting, Controlling (m/f/d), you support and advise our clients in the varied area of ​​responsibility of the CFO and thus contribute to smooth processes in our customers' finance area. Teamwork: Together with our experts, you will support international clients in the CFO's area of ​​responsibility in the operational implementation and optimization of processes. Variety of tasks: You will be actively involved in the implementation of projects in the areas of accounting, finance, tax, controlling, financial reporting and ERP systems. Communication: In your projects, you work directly in our clients' teams, find pragmatic solutions based on your solid specialist knowledge and communicate directly with the customer on an equal level. Digitalization: You support clients in all digitalization issues, help them overcome the challenges of the digital age and thus design innovative processes. Internationality: In your role, you work across borders in international teams, both at the client and abroad",translated-de,Germany,"mehrere Standorte, DE",Munich; Berlin; Frankfurt; Hamburg,https://jobs.deloitte.de/job/mehrere-Standorte-Senior-Consultant-Finance-&-Accounting%2C-Controlling-%28mwd%29/939413901/,https://jobs.deloitte.de/search/?q=finance&locationsearch=Germany,deloitte-de,,2026-08-11T19:45:59.662696+00:00,2026-08-11T20:31:02.900872+00:00,10,,official ATS vacancy detail,Open
094141c243c31839,deloitte,Deloitte,Senior Solution Engineer - SAP Finance & Controlling (FI/CO) (m/w/d),"Du willst im Bereich Delivery Consulting – SAP Kunden dabei unterstützen, ihre Strategie mit innovativen Technologien umzusetzen? Unser Team konzipiert, steuert und setzt digitale Transformationsprogramme um, die Unternehmen dauerhaft agiler machen. Sichere unseren gemeinsamen Erfolg und mach mit uns den Unterschied: als Senior Solution Engineer - SAP Finance & Controlling (FI/CO) (m/w/d) . Standorte: Leipzig und Görlitz . Dein Impact: Als Senior Solution Engineer - SAP Finance & Controlling (FI/CO) (m/w/d) entwickelst und betreust du maßgeschneiderte Lösungen in den Bereichen Accounting und Controlling mit SAP ECC, S/4HANA und S/4HANA Cloud für unsere Kunden aus Industrie oder Public Sector. Verantwortung: Du übernimmst die technische Leitung SAP-Finance- und Controlling-Anwendungen von der Implementierung bis zur Betreuung und Weiterentwicklung. Teamsteuerung: Du leitest fachlich ein Team im Projekt and verantwortest die Erreichung der Meilensteine und Inhalte. Customizing & Beratung: Du führst anspruchsvolles Customizing durch und berätst Kunden zu Integrationsbeziehungen und Prozessoptimierungen. Innovation: Du entwickelst neue Lösungen mit S/4HANA, Cloud und KI-Anwendungen und gestaltest unsere Angebote aktiv mit. Know-how-Ausbau : Du baust deine Expertise in SAP FI/CO und S/4 Finance Solutions kontinuierlich aus und übernimmst Verantwortung für internationale Projekte. Dein Skillset: Abgeschlossenes Studium in BWL, Wirtschaftsinformatik oder vergleichbar Mindestens 5 Jahre Erfahrung in SAP-Finance oder -Controlling inkl. Customizing, Public Sector Erfahrung ist ein pl","Do you want to support SAP customers in the area of ​​Delivery Consulting in implementing their strategy with innovative technologies? Our team designs, manages and implements digital transformation programs that make companies more agile in the long term. Secure our mutual success and make the difference with us: as a Senior Solution Engineer - SAP Finance & Controlling (FI/CO) (m/f/d). Locations: Leipzig and Görlitz. Your impact: As a Senior Solution Engineer - SAP Finance & Controlling (FI/CO) (m/f/d), you develop and support tailor-made solutions in the areas of accounting and controlling with SAP ECC, S/4HANA and S/4HANA Cloud for our customers from industry or the public sector. Responsibility: You take over the technical management of SAP finance and controlling applications from implementation to support and further development. Team management: You lead a team in the project and are responsible for achieving milestones and content. Customizing & Consulting: You carry out sophisticated customizing and advise customers on integration relationships and process optimization. Innovation: You develop new solutions with S/4HANA, cloud and AI applications and actively shape our offerings. Expansion of know-how: You will continuously expand your expertise in SAP FI/CO and S/4 Finance Solutions and take responsibility for international projects. Your skillset: Completed degree in business administration, business informatics or comparable At least 5 years of experience in SAP finance or controlling including customizing, public sector experience is a pl",translated-de,Germany,"Leipzig, DE",Munich; Berlin; Frankfurt; Hamburg,https://jobs.deloitte.de/job/Leipzig-Senior-Solution-Engineer-SAP-Finance-&-Controlling-%28FICO%29-%28mwd%29/1412414433/,https://jobs.deloitte.de/search/?q=finance&locationsearch=Germany,deloitte-de,,2026-08-11T19:45:59.662696+00:00,2026-08-11T20:31:02.900872+00:00,10,,official ATS vacancy detail,Open
c2ca9c8e2a653a9a,deloitte,Deloitte,Werkstudent Finance & Accounting - Jahresabschlüsse & Reporting (m/w/d),"Du willst dich im Bereich Corporate Functions – Finance & Accounting konstruktiv einbringen? Unser Team verantwortet alle relevanten Prozesse des Rechnungswesens und nutzt modernste digitale Lösungen zur Erfassung, Konsolidierung und Berichterstattung. Sichere unseren gemeinsamen Erfolg und mach mit uns den Unterschied: als Werkstudent Finance & Accounting – Jahresabschlüsse & Reporting (m/w/d). Standort: Düsseldorf . Dein Impact: Als Werkstudent Finance & Accounting – Jahresabschlüsse & Reporting (m/w/d) unterstützt du bei den Aufgaben rund um die Erstellung aller Jahresabschlussberichte und trägst damit wesentlich zu einem reibungslosen Ablauf und einer fristgerechten Bearbeitung bei. Verantwortung: Für die notwendigen Analysen und Aufbereitungen zur Erstellung unserer Jahresabschlussberichte werden deine Kenntnisse im Bereich des Handels- und Steuerrechts gefordert. Koordination: Die Veröffentlichung der Jahresabschlüsse wird von dir fristgerecht vorbereitet, umgesetzt und geprüft. 4-Augen-Prinzip: Im Team werden Qualität und fehlerfreie Ergebnisse großgeschrieben. Mit deiner Gründlichkeit kannst du die Berichterstellung aktiv unterstützen. Administration: Du entlastest bei organisatorischen und administrativen Belangen des Tagesgeschäfts von Finance & Accounting sowie bei der Aufbereitung von Beschlüssen und Dokumentationen. Dein Skillset: Studium der Wirtschaftswissenschaften oder eines MINT-Fachs mit Vertiefung in Finance & Accounting oder Wirtschaftsprüfung Idealerweise erste Erfahrungen im Bereich Accounting oder Audit Hohe Motivation zur fachlichen Weiterentwicklun","Do you want to contribute constructively to the area of ​​Corporate Functions – Finance & Accounting? Our team is responsible for all relevant accounting processes and uses state-of-the-art digital solutions for recording, consolidation and reporting. Secure our mutual success and make the difference with us: as a working student in Finance & Accounting – Annual Financial Statements & Reporting (m/f/d). Location: Düsseldorf. Your impact: As a working student in Finance & Accounting - Annual Financial Statements & Reporting (m/f/d), you will support the tasks surrounding the creation of all annual financial statements and thus make a significant contribution to a smooth process and timely processing. Responsibility: Your knowledge of commercial and tax law is required for the necessary analyzes and preparations to prepare our annual reports. Coordination: You will prepare, implement and check the publication of the annual financial statements on time. Four-eye principle: Quality and error-free results are very important to the team. With your thoroughness you can actively support the reporting. Administration: You will help with organizational and administrative matters in the day-to-day business of Finance & Accounting as well as with the preparation of resolutions and documentation. Your skillset: Study of economics or a MINT subject with a focus on finance & accounting or auditing. Ideally, initial experience in the area of ​​accounting or auditing. High motivation for further professional development",translated-de,Germany,"Düsseldorf, DE",Munich; Berlin; Frankfurt; Hamburg,https://jobs.deloitte.de/job/D%C3%BCsseldorf-Werkstudent-Finance-&-Accounting-Jahresabschl%C3%BCsse-&-Reporting-%28mwd%29/1420249233/,https://jobs.deloitte.de/search/?q=finance&locationsearch=Germany,deloitte-de,,2026-08-11T19:45:59.662696+00:00,2026-08-11T20:31:02.900872+00:00,10,,official ATS vacancy detail,Open
69f0eedce8b96c14,deloitte,Deloitte,(Senior) Manager SAP S/4HANA Public Cloud (m/w/d),"Du willst im Bereich Consulting – SAP internationale Kunden bei der Planung und Umsetzung komplexer SAP-Transformationen begleiten? Unser multidisziplinäres Team unterstützt Unternehmen in anspruchsvollen Projekten, von der Konzeption bis zum Betrieb. Sichere unseren gemeinsamen Erfolg und mach mit uns den Unterschied: als (Senior) Manager SAP S/4HANA Public Cloud (m/w/d) . Standorte: Berlin , Düsseldorf , Frankfurt (Main) , Hamburg , Hannover , Köln , Leipzig , München , Stuttgart und Walldorf . Dein Impact: Du übernimmst als (Senior) Manager SAP S/4HANA Public Cloud (m/w/d) die Verantwortung für S/4HANA Public Cloud Projekte – von der Angebotsphase bis zum Go-Live – und gestaltest die digitale Transformation unserer Mandanten aktiv mit. Projektverantwortung: Du leitest S/4HANA Public Cloud Projekte entlang der SAP Activate-Methodik – als Manager teilprojektverantwortlich, als Senior Manager mit Gesamtprojektverantwortung. Beratung auf Augenhöhe: Du berätst Mandanten bei der Prozessharmonisierung im Fit-to-Standard-Ansatz und begleitest Entscheidungen zur Systemarchitektur. KI im Public Cloud Kontext: Du konzipierst gemeinsam mit Mandanten den Einsatz KI-gestützter Funktionen (SAP Business AI, Joule, Embedded Analytics) und bringst sie in Roadmap und Business Case ein. Presales & Kundenverantwortung: Du wirkst an Angeboten mit; als Senior Manager verantwortest du zudem eigenständig Kundenbeziehungen und den Ausbau unseres Portfolios. Teamentwicklung: Du führst und coachst Consultants und Senior Consultants fachlich sowie persönlich. Dein Skillset: Abschluss in Wirtschaftsw","Do you want to support international customers in the area of ​​consulting – SAP in the planning and implementation of complex SAP transformations? Our multidisciplinary team supports companies in demanding projects, from conception to operation. Secure our shared success and make the difference with us: as (Senior) Manager SAP S/4HANA Public Cloud (m/f/d). Locations: Berlin, Düsseldorf, Frankfurt (Main), Hamburg, Hanover, Cologne, Leipzig, Munich, Stuttgart and Walldorf. Your impact: As a (Senior) Manager SAP S/4HANA Public Cloud (m/f/d), you will take responsibility for S/4HANA Public Cloud projects - from the offer phase to go-live - and actively shape the digital transformation of our clients. Project responsibility: You manage S/4HANA public cloud projects according to the SAP Activate methodology - as a manager responsible for sub-projects, as a senior manager with overall project responsibility. Advice at eye level: You advise clients on process harmonization using a fit-to-standard approach and support decisions on system architecture. AI in the public cloud context: Together with clients, you design the use of AI-supported functions (SAP Business AI, Joule, Embedded Analytics) and incorporate them into the roadmap and business case. Presales & customer responsibility: You participate in offers; As a senior manager, you will also be independently responsible for customer relationships and the expansion of our portfolio. Team development: You lead and coach consultants and senior consultants both professionally and personally. Your skillset: Degree in economics",translated-de,Germany,"mehrere Standorte, DE",Munich; Berlin; Frankfurt; Hamburg,https://jobs.deloitte.de/job/mehrere-Standorte-%28Senior%29-Manager-SAP-S4HANA-Public-Cloud-%28mwd%29/1208166201/,https://jobs.deloitte.de/search/?q=finance&locationsearch=Germany,deloitte-de,,2026-08-11T19:45:59.662696+00:00,2026-08-11T20:31:02.900872+00:00,10,,official ATS vacancy detail,Open
1b40a7f72ba6c887,ey,EY,Consultant and Senior Consultant within EY Finance Consulting,"At EY, we’re all in to shape your future with confidence. We’ll help you succeed in a globally connected powerhouse of diverse teams and take your career wherever you want it to go. Join EY and help to build a better working world. At EY Finance Consulting, we help international organizations transform finance into a strategic, data-driven business partner. We combine process transformation, AI, and modern finance technologies to improve decision-making, efficiency, and performance across the end-to-end finance landscape. If you are passionate about finance transformation, process development, and helping CFO organizations shape the future of finance, this is an opportunity to join a high-performing team at the forefront of change. Apply by 30th August 2026. The opportunity We are looking for Consultant(s) and/or Senior Consultant(s) to join our growing Finance Consulting team in Helsinki. You will collaborate with CFO organizations, finance leaders, and key stakeholders in international project environments as part of EY’s global consulting network. Together with experienced colleagues, you will use leading methodologies and transformation frameworks to deliver measurable client impact. The position is permanent and full-time, with a flexible start date and expected onboarding in autumn 2026. Within the CFO agenda, you would work on topics such as: Finance vision, strategy, and transformation: contributing to finance vision, strategy, operating models, and processes that support corporate strategy. Finance technology and data: defining architectures, data models, and autom","At EY, we’re all in to shape your future with confidence. We’ll help you succeed in a globally connected powerhouse of diverse teams and take your career wherever you want it to go. Join EY and help to build a better working world. At EY Finance Consulting, we help international organizations transform finance into a strategic, data-driven business partner. We combine process transformation, AI, and modern finance technologies to improve decision-making, efficiency, and performance across the end-to-end finance landscape. If you are passionate about finance transformation, process development, and helping CFO organizations shape the future of finance, this is an opportunity to join a high-performing team at the forefront of change. Apply by 30th August 2026. The opportunity We are looking for Consultant(s) and/or Senior Consultant(s) to join our growing Finance Consulting team in Helsinki. You will collaborate with CFO organizations, finance leaders, and key stakeholders in international project environments as part of EY’s global consulting network. Together with experienced colleagues, you will use leading methodologies and transformation frameworks to deliver measurable client impact. The position is permanent and full-time, with a flexible start date and expected onboarding in autumn 2026. Within the CFO agenda, you would work on topics such as: Finance vision, strategy, and transformation: contributing to finance vision, strategy, operating models, and processes that support corporate strategy. Finance technology and data: defining architectures, data models, and autom",original-en,Nordics,,Helsinki,https://careers.ey.com/ey/job/Helsinki-Consultant-and-Senior-Consultant-within-EY-Finance-Consulting-00130/1424174733/,https://careers.ey.com/ey/search/?q=finance&locationsearch=Finland,ey-fi,Fri Aug 07 00:00:00 UTC 2026,2026-08-11T19:43:41.728826+00:00,2026-08-11T20:30:01.637383+00:00,10,,schema.org/JobPosting microdata,Open
c04da36cdb35c18d,ey,EY,Interest in EY?,"At EY, we’re all in to shape your future with confidence. We’ll help you succeed in a globally connected powerhouse of diverse teams and take your career wherever you want it to go. Join EY and help to build a better working world. At EY, you’ll have the chance to build a career as unique as you are, with the global scale, support, inclusive culture and technology to become the best version of you. And we’re counting on your unique voice and perspective to help EY become even better, too. Join us and build an exceptional experience for yourself, and a better working world for all. Are you up for new challenges at EY? Show your interest by uploading an unsolicited application, your resume, grades and other relevant documents. In your application, you are welcome to indicate which Service Line you see yourself as part of. In EY we have five different Service Lines: Assurance, Consulting, Core Business Services, EY-Parthenon, and Tax & Law. You can read more about them below Our Service Lines Consulting: Transform businesses through the power of people, technology and innovation. Assurance: Be an innovator and a problem solver, helping a complex world to work better by maintaining the confidence and trust that capital markets need. Tax and EY Law: Working across EY Tax, Law, and People Advisory Services, you’ll collaborate with clients to make better decisions through insights into government policy, regulatory obligations and operations. EY-Parthenon / Strategy and Transactions: Play a pivotal role in helping clients reimagine their eco-systems, reshape their portfolios and r","At EY, we’re all in to shape your future with confidence. We’ll help you succeed in a globally connected powerhouse of diverse teams and take your career wherever you want it to go. Join EY and help to build a better working world. At EY, you’ll have the chance to build a career as unique as you are, with the global scale, support, inclusive culture and technology to become the best version of you. And we’re counting on your unique voice and perspective to help EY become even better, too. Join us and build an exceptional experience for yourself, and a better working world for all. Are you up for new challenges at EY? Show your interest by uploading an unsolicited application, your resume, grades and other relevant documents. In your application, you are welcome to indicate which Service Line you see yourself as part of. In EY we have five different Service Lines: Assurance, Consulting, Core Business Services, EY-Parthenon, and Tax & Law. You can read more about them below Our Service Lines Consulting: Transform businesses through the power of people, technology and innovation. Assurance: Be an innovator and a problem solver, helping a complex world to work better by maintaining the confidence and trust that capital markets need. Tax and EY Law: Working across EY Tax, Law, and People Advisory Services, you’ll collaborate with clients to make better decisions through insights into government policy, regulatory obligations and operations. EY-Parthenon / Strategy and Transactions: Play a pivotal role in helping clients reimagine their eco-systems, reshape their portfolios and r",original-en,Nordics,,Helsinki,https://careers.ey.com/ey/job/Helsinki-Interest-in-EY-00130/1410233433/,https://careers.ey.com/ey/search/?q=finance&locationsearch=Finland,ey-fi,Thu Jul 30 02:00:00 UTC 2026,2026-08-11T19:43:41.728826+00:00,2026-08-11T20:30:01.637383+00:00,10,,schema.org/JobPosting microdata,Open
983e7becfc2ca0c1,ey,EY,Nordics FP&A Lead,"At EY, we’re all in to shape your future with confidence. We’ll help you succeed in a globally connected powerhouse of diverse teams and take your career wherever you want it to go. Join EY and help to build a better working world. The opportunity We are looking for a forward-looking Nordics FP&A Lead to join EY. This is an opportunity to lead planning, forecasting and performance analysis across the Nordics, while acting as a trusted partner to leadership on financial insight and decision-making. You will step into a visible role with real impact, helping shape how financial information is translated into action across countries, service lines and business leadership. Based in Finland, you will lead a geographically distributed team and work in a multicultural environment where curiosity, collaboration and strong judgement matter every day. Your role responsibilities In this role, you will lead and coordinate planning and forecasting activities, turning multiple inputs into a clear and reliable financial view of the business. You will analyze performance across countries and service lines, identify risks and opportunities, and provide concise commentary that helps leadership make informed decisions. You will also develop scenario models, support business cases and bring forward-looking insights on performance, investments and key business drivers. Alongside the strategic view, you will stay close to the details, working hands-on with data and Excel as part of the day-to-day rhythm of the role. You will also lead and support team members located across the Nordics as well a","At EY, we’re all in to shape your future with confidence. We’ll help you succeed in a globally connected powerhouse of diverse teams and take your career wherever you want it to go. Join EY and help to build a better working world. The opportunity We are looking for a forward-looking Nordics FP&A Lead to join EY. This is an opportunity to lead planning, forecasting and performance analysis across the Nordics, while acting as a trusted partner to leadership on financial insight and decision-making. You will step into a visible role with real impact, helping shape how financial information is translated into action across countries, service lines and business leadership. Based in Finland, you will lead a geographically distributed team and work in a multicultural environment where curiosity, collaboration and strong judgement matter every day. Your role responsibilities In this role, you will lead and coordinate planning and forecasting activities, turning multiple inputs into a clear and reliable financial view of the business. You will analyze performance across countries and service lines, identify risks and opportunities, and provide concise commentary that helps leadership make informed decisions. You will also develop scenario models, support business cases and bring forward-looking insights on performance, investments and key business drivers. Alongside the strategic view, you will stay close to the details, working hands-on with data and Excel as part of the day-to-day rhythm of the role. You will also lead and support team members located across the Nordics as well a",original-en,Nordics,,Helsinki,https://careers.ey.com/ey/job/Helsinki-Nordics-FP&A-Lead-00130/1399462733/,https://careers.ey.com/ey/search/?q=finance&locationsearch=Finland,ey-fi,Wed Jul 29 02:00:00 UTC 2026,2026-08-11T19:43:41.728826+00:00,2026-08-11T20:30:01.637383+00:00,10,,schema.org/JobPosting microdata,Open
519c5e698bd13f3c,ey,EY,SAP Finance/Controlling Consultant,"At EY, we’re all in to shape your future with confidence. We’ll help you succeed in a globally connected powerhouse of diverse teams and take your career wherever you want it to go. Join EY and help to build a better working world. The opportunity EY is growing its Nordic SAP practice as organizations transition from legacy ERP landscapes to SAP S/4HANA. This is an exciting opportunity to join large‑scale, high‑impact transformation programs where finance processes, technology and ways of working come together. You will work alongside high‑performing teams, leverage EY’s global capabilities and play a hands‑on role in helping clients improve financial performance using modern SAP Finance and Controlling solutions. At EY, you won’t just deliver projects – you’ll help shape future‑ready finance functions using the latest SAP innovations, AI‑enabled automation and intelligent technologies. At EY, we work in a flexible hybrid model, combining remote work, client engagements and time in the office. To support collaboration and team connection, this role involves regular presence at our Helsinki office. Your role responsibilities In this role, you will support end‑to‑end delivery in SAP S/4HANA implementation projects with a focus on Finance and Controlling. You will work closely with clients to understand business needs, translate them into system solutions and ensure high‑quality delivery throughout the project lifecycle. Your responsibilities will include executing SAP FI and/or CO design, configuration and testing tasks, contributing to solution design decisions, and supporti","At EY, we’re all in to shape your future with confidence. We’ll help you succeed in a globally connected powerhouse of diverse teams and take your career wherever you want it to go. Join EY and help to build a better working world. The opportunity EY is growing its Nordic SAP practice as organizations transition from legacy ERP landscapes to SAP S/4HANA. This is an exciting opportunity to join large‑scale, high‑impact transformation programs where finance processes, technology and ways of working come together. You will work alongside high‑performing teams, leverage EY’s global capabilities and play a hands‑on role in helping clients improve financial performance using modern SAP Finance and Controlling solutions. At EY, you won’t just deliver projects – you’ll help shape future‑ready finance functions using the latest SAP innovations, AI‑enabled automation and intelligent technologies. At EY, we work in a flexible hybrid model, combining remote work, client engagements and time in the office. To support collaboration and team connection, this role involves regular presence at our Helsinki office. Your role responsibilities In this role, you will support end‑to‑end delivery in SAP S/4HANA implementation projects with a focus on Finance and Controlling. You will work closely with clients to understand business needs, translate them into system solutions and ensure high‑quality delivery throughout the project lifecycle. Your responsibilities will include executing SAP FI and/or CO design, configuration and testing tasks, contributing to solution design decisions, and supporti",original-en,Nordics,,Helsinki,https://careers.ey.com/ey/job/Helsinki-SAP-FinanceControlling-Consultant-00130/1395832833/,https://careers.ey.com/ey/search/?q=finance&locationsearch=Finland,ey-fi,Thu Jul 30 02:00:00 UTC 2026,2026-08-11T19:43:41.728826+00:00,2026-08-11T20:30:01.637383+00:00,10,,schema.org/JobPosting microdata,Open
8c7adc3e334f5783,ey,EY,Interest in EY?,"Interest in EY? At EY, you’ll have the chance to build a career as unique as you are, with the global scale, support, inclusive culture and technology to become the best version of you. And we’re counting on your unique voice and perspective to help EY become even better, too. Join us and build an exceptional experience for yourself, and a better working world for all. Do you have the right competencies to assist EY’s clients? Show your interest by uploading an unsolicited application, your resume, grades and other relevant documents. In your application, you are welcome to indicate which Service Line you see yourself as part of. In EY we have five different Service Lines: Assurance, Consulting, Core Business Services, Strategy and Transactions, and Tax & Law. You can read more about them below. Our Service Lines Consulting: Transform businesses through the power of people, technology and innovation. Read more here . Assurance: Be an innovator and a problem solver, helping a complex world to work better by maintaining the confidence and trust that capital markets need. Read more here . Tax and EY Law: Working across EY Tax, Law, and People Advisory Services, you’ll collaborate with clients to make better decisions through insights into government policy, regulatory obligations and operations. Read more here . Strategy and Transactions : Play a pivotal role in helping clients reimagine their eco-systems, reshape their portfolios and reinvent themselves for a better future. Read more here . Core Business Services : Bring your knowledge and enterprise to the heart of our organ","Interest in EY? At EY, you’ll have the chance to build a career as unique as you are, with the global scale, support, inclusive culture and technology to become the best version of you. And we’re counting on your unique voice and perspective to help EY become even better, too. Join us and build an exceptional experience for yourself, and a better working world for all. Do you have the right competencies to assist EY’s clients? Show your interest by uploading an unsolicited application, your resume, grades and other relevant documents. In your application, you are welcome to indicate which Service Line you see yourself as part of. In EY we have five different Service Lines: Assurance, Consulting, Core Business Services, Strategy and Transactions, and Tax & Law. You can read more about them below. Our Service Lines Consulting: Transform businesses through the power of people, technology and innovation. Read more here . Assurance: Be an innovator and a problem solver, helping a complex world to work better by maintaining the confidence and trust that capital markets need. Read more here . Tax and EY Law: Working across EY Tax, Law, and People Advisory Services, you’ll collaborate with clients to make better decisions through insights into government policy, regulatory obligations and operations. Read more here . Strategy and Transactions : Play a pivotal role in helping clients reimagine their eco-systems, reshape their portfolios and reinvent themselves for a better future. Read more here . Core Business Services : Bring your knowledge and enterprise to the heart of our organ",original-en,Nordics,,Copenhagen,https://careers.ey.com/ey/job/Frederiksberg-Interest-in-EY-2000/1163957201/,https://careers.ey.com/ey/search/?q=finance&locationsearch=Denmark,ey-dk,Sat Aug 01 02:00:00 UTC 2026,2026-08-11T19:41:30.071182+00:00,2026-08-11T20:28:14.221002+00:00,10,,schema.org/JobPosting microdata,Open
c7239f1ae1d05260,ey,EY,Dynamics 365 Finance & SCM Consultant | Technology Consulting | Stockholm och Göteborg,"At EY, we’re all in to shape your future with confidence. We’ll help you succeed in a globally connected powerhouse of diverse teams and take your career wherever you want it to go. Join EY and help to build a better working world. Möjligheten Som Dynamics 365 Finance & SCM-konsult på EY blir du en nyckelperson i transformationsprojekt där affär, teknik och strategi möts. Här arbetar du inte bara med implementation – du är med och definierar hur våra kunder ska arbeta i framtiden. Rollen innebär att du agerar som en central länk mellan verksamhet och IT, där du bidrar med insikter kring hur teknik kan skapa affärsvärde och förbättra arbetssätt. Ansvarsområden Du arbetar i projekt med fokus på Microsoft Dynamics 365 och bidrar i flera delar av leveransen, till exempel: Leda workshops som formar framtida affärsprocesser och beslutsunderlag Analysera behov och ta fram förbättringsförslag Designa och konfigurera lösningar som skapar ökad effektivitet och affärsvärde Definiera krav på integrationer och anpassningar i komplexa systemlandskap Samarbeta med kollegor inom exempelvis förändringsledning, IT och verksamhetsutveckling Ta en aktiv roll i att utveckla vårt erbjudande inom Dynamics 365 Delta i presales och bidra till att bygga vidare på vårt starka erbjudande Färdigheter och egenskaper för framgång Kvalifikationer: Minst 2 års erfarenhet av Microsoft Dynamics 365 (Finance och/eller SCM) Erfarenhet av affärsprocesser och verksamhetsförståelse Erfarenhet av att arbeta i projekt God kommunikativ förmåga i svenska och engelska Meriterande: Erfarenhet av end-to-end implementati","At EY, we're all in to shape your future with confidence. We'll help you succeed in a globally connected powerhouse of diverse teams and take your career wherever you want it to go. Join EY and help build a better working world. The opportunity As a Dynamics 365 Finance & SCM consultant at EY, you will be a key person in transformation projects where business, technology and strategy meet. Here you don't just work with implementation – you help define how our customers will work in the future. The role means that you act as a central link between operations and IT, where you contribute with insights into how technology can create business value and improve working methods. Responsibilities You work in projects with a focus on Microsoft Dynamics 365 and contribute in several parts of the delivery, for example: Lead workshops that shape future business processes and decision bases Analyze needs and develop improvement proposals Design and configure solutions that create increased efficiency and business value Define requirements for integrations and adaptations in complex system landscapes Collaborate with colleagues in, for example, change management, IT and business development Take an active role in developing our offer within Dynamics 365 Participate in presales and contribute to building on our strong offer Skills and characteristics for success Qualifications: At least 2 years of experience with Microsoft Dynamics 365 (Finance and/or SCM) Experience of business processes and operational understanding Experience of working in projects Good communication skills in Swedish and English Merit: Experience of end-to-end implementation",translated-sv,Nordics,,Stockholm,https://careers.ey.com/ey/job/Stockholm-Dynamics-365-Finance-&-SCM-Consultant-Technology-Consulting-Stockholm-och-G%C3%B6teborg-111-47/1406120133/,https://careers.ey.com/ey/search/?q=finance&locationsearch=Sweden,ey-se,Fri Jul 17 02:00:00 UTC 2026,2026-08-11T19:40:24.801292+00:00,2026-08-11T20:27:20.660041+00:00,10,,schema.org/JobPosting microdata,Open
302a901d05edaa48,ey,EY,Nordic Reward Leader,"At EY, we’re all in to shape your future with confidence. We’ll help you succeed in a globally connected powerhouse of diverse teams and take your career wherever you want it to go. Join EY and help to build a better working world. At EY, you’ll have the chance to build a career as unique as you are, with the scale, support and technology to help you become the best version of you. We’re looking for a Nordic Reward Leader to join our Nordic Talent Team, a role that combines strategic influence with hands-on execution across a complex, multi-country environment. The opportunity As our new Nordic Reward Leader, you will play a key role in shaping and delivering our reward agenda across the Nordics. You will work closely with senior stakeholders in the Talent Team to ensure our reward frameworks support business performance, enable talent attraction and retention, and align with our purpose-driven culture. This role offers a unique blend of strategy and operations from driving reward strategy initiatives to ensuring smooth annual cycles and compliance across countries. Your key responsibilities Lead and evolve Nordic reward programs, mainly compensation structures. Act as a trusted advisor to the Nordic Talent Team on reward-related matters in a complex organizational setting. Drive annual reward processes (e.g., salary reviews, bonus cycles) ensuring accuracy, fairness, and transparency. Analyze market trends and internal data to provide actionable insights and recommend improvements. Collaborate across HR Directors, HR Business Partners, Talent Acquisition, Finance and Globa","At EY, we’re all in to shape your future with confidence. We’ll help you succeed in a globally connected powerhouse of diverse teams and take your career wherever you want it to go. Join EY and help to build a better working world. At EY, you’ll have the chance to build a career as unique as you are, with the scale, support and technology to help you become the best version of you. We’re looking for a Nordic Reward Leader to join our Nordic Talent Team, a role that combines strategic influence with hands-on execution across a complex, multi-country environment. The opportunity As our new Nordic Reward Leader, you will play a key role in shaping and delivering our reward agenda across the Nordics. You will work closely with senior stakeholders in the Talent Team to ensure our reward frameworks support business performance, enable talent attraction and retention, and align with our purpose-driven culture. This role offers a unique blend of strategy and operations from driving reward strategy initiatives to ensuring smooth annual cycles and compliance across countries. Your key responsibilities Lead and evolve Nordic reward programs, mainly compensation structures. Act as a trusted advisor to the Nordic Talent Team on reward-related matters in a complex organizational setting. Drive annual reward processes (e.g., salary reviews, bonus cycles) ensuring accuracy, fairness, and transparency. Analyze market trends and internal data to provide actionable insights and recommend improvements. Collaborate across HR Directors, HR Business Partners, Talent Acquisition, Finance and Globa",original-en,Nordics,,Stockholm,https://careers.ey.com/ey/job/Stockholm-Nordic-Reward-Leader-111-47/1413894733/,https://careers.ey.com/ey/search/?q=finance&locationsearch=Sweden,ey-se,Sat Aug 08 02:00:00 UTC 2026,2026-08-11T19:40:24.801292+00:00,2026-08-11T20:27:20.660041+00:00,10,,schema.org/JobPosting microdata,Open
8f70e59c3b0b9662,ey,EY,Assistant Director - Financial Diligence (TMT) - EY-Parthenon London,"At EY, we’re all in to shape your future with confidence. We’ll help you succeed in a globally connected powerhouse of diverse teams and take your career wherever you want it to go. Join EY and help to build a better working world. EY-Parthenon Assistant Director – Financial Diligence, TMT The TMT team at EY-Parthenon has exciting opportunities. You'll work with a high-performing, integrated team which focuses on a variety of high-profile transactions with leading Corporate and Private Equity clients undertaking Financial Diligence. You'll have a diverse range of stretching experiences which will give you continuous learning and development opportunities as well as a great sense of achievement. The opportunity At EY-Parthenon, our unique combination of transformative strategy, transactions, tax and corporate finance deliver real-world value – solutions that work in practice, not just on paper. Benefiting from EY’s full spectrum of services, we’ve reimagined strategic consulting to work in a world of increasing complexity. With deep functional and sector expertise, paired with innovative AI-powered technology and an investor mindset, we partner with CEOs, boards private equity and governments every step of the way. Continuing change and growth within all components of the TMT sector, combined with market leading credentials, means we have successfully achieved continued double-digit growth with lots of further greenfield opportunities. We are looking to expand our team with individuals looking for a role that offers the opportunity of working on exciting and challenging tran","At EY, we’re all in to shape your future with confidence. We’ll help you succeed in a globally connected powerhouse of diverse teams and take your career wherever you want it to go. Join EY and help to build a better working world. EY-Parthenon Assistant Director – Financial Diligence, TMT The TMT team at EY-Parthenon has exciting opportunities. You'll work with a high-performing, integrated team which focuses on a variety of high-profile transactions with leading Corporate and Private Equity clients undertaking Financial Diligence. You'll have a diverse range of stretching experiences which will give you continuous learning and development opportunities as well as a great sense of achievement. The opportunity At EY-Parthenon, our unique combination of transformative strategy, transactions, tax and corporate finance deliver real-world value – solutions that work in practice, not just on paper. Benefiting from EY’s full spectrum of services, we’ve reimagined strategic consulting to work in a world of increasing complexity. With deep functional and sector expertise, paired with innovative AI-powered technology and an investor mindset, we partner with CEOs, boards private equity and governments every step of the way. Continuing change and growth within all components of the TMT sector, combined with market leading credentials, means we have successfully achieved continued double-digit growth with lots of further greenfield opportunities. We are looking to expand our team with individuals looking for a role that offers the opportunity of working on exciting and challenging tran",original-en,United Kingdom,,London,https://careers.ey.com/ey/job/London-Assistant-Director-Financial-Diligence-%28TMT%29-EY-Parthenon-London-SE1-2AF/1406877333/,https://careers.ey.com/ey/search/?q=finance&locationsearch=United%20Kingdom,ey-uk,Tue Jul 21 02:00:00 UTC 2026,2026-08-11T19:39:17.894880+00:00,2026-08-11T20:26:26.062356+00:00,10,,schema.org/JobPosting microdata,Open
4f39e49255cf5290,ey,EY,"Assistant Director - Financial Diligence - EY-Parthenon Birmingham, Bristol","At EY, we’re all in to shape your future with confidence. We’ll help you succeed in a globally connected powerhouse of diverse teams and take your career wherever you want it to go. Join EY and help to build a better working world. EY-Parthenon Assistant Director – Financial Diligence The Financial Diligence team at EY-Parthenon has exciting opportunities. You'll work with a high-performing, integrated team which focuses on a variety of high-profile IPOs and transactions. You'll have a diverse range of stretching experiences which will give you continuous learning and development opportunities as well as a great sense of achievement. The opportunity At EY-Parthenon, our unique combination of transformative strategy, transactions, tax and corporate finance delivers real-world value – solutions that work in practice, not just on paper. Benefiting from EY’s full spectrum of services, we’ve reimagined strategic consulting to work in a world of increasing complexity. With deep functional and sector expertise, paired with innovative AI-powered technology and an investor mindset, we partner with CEOs, boards, private equity and governments every step of the way. Our core work is due diligence, assessing a target company’s finances and business projections, identifying opportunities, risks, sensitivities and potential mitigations, and reporting on these to our clients, their banks, investors and other parties. You will be working alongside experienced due diligence professionals, where you will continue to develop your skills to perform due diligence in a range of situations and se","At EY, we’re all in to shape your future with confidence. We’ll help you succeed in a globally connected powerhouse of diverse teams and take your career wherever you want it to go. Join EY and help to build a better working world. EY-Parthenon Assistant Director – Financial Diligence The Financial Diligence team at EY-Parthenon has exciting opportunities. You'll work with a high-performing, integrated team which focuses on a variety of high-profile IPOs and transactions. You'll have a diverse range of stretching experiences which will give you continuous learning and development opportunities as well as a great sense of achievement. The opportunity At EY-Parthenon, our unique combination of transformative strategy, transactions, tax and corporate finance delivers real-world value – solutions that work in practice, not just on paper. Benefiting from EY’s full spectrum of services, we’ve reimagined strategic consulting to work in a world of increasing complexity. With deep functional and sector expertise, paired with innovative AI-powered technology and an investor mindset, we partner with CEOs, boards, private equity and governments every step of the way. Our core work is due diligence, assessing a target company’s finances and business projections, identifying opportunities, risks, sensitivities and potential mitigations, and reporting on these to our clients, their banks, investors and other parties. You will be working alongside experienced due diligence professionals, where you will continue to develop your skills to perform due diligence in a range of situations and se",original-en,United Kingdom,,London,https://careers.ey.com/ey/job/Bristol-Assistant-Director-Financial-Diligence-EY-Parthenon-Birmingham%2C-Bristol-BS1-6BX/1394458833/,https://careers.ey.com/ey/search/?q=finance&locationsearch=United%20Kingdom,ey-uk,Thu Jul 30 02:00:00 UTC 2026,2026-08-11T19:39:17.894880+00:00,2026-08-11T20:26:26.062356+00:00,10,,schema.org/JobPosting microdata,Open
c095c32e4dad5229,ey,EY,Assistant Director - Financial Diligence - EY-Parthenon London,"At EY, we’re all in to shape your future with confidence. We’ll help you succeed in a globally connected powerhouse of diverse teams and take your career wherever you want it to go. Join EY and help to build a better working world. EY-Parthenon Assistant Director – Financial Diligence The Financial Diligence team at EY-Parthenon has exciting opportunities. You'll work with a high-performing, integrated team which focuses on a variety of high-profile IPOs and transactions. You'll have a diverse range of stretching experiences which will give you continuous learning and development opportunities as well as a great sense of achievement. The opportunity At EY-Parthenon, our unique combination of transformative strategy, transactions, tax and corporate finance delivers real-world value – solutions that work in practice, not just on paper. Benefiting from EY’s full spectrum of services, we’ve reimagined strategic consulting to work in a world of increasing complexity. With deep functional and sector expertise, paired with innovative AI-powered technology and an investor mindset, we partner with CEOs, boards, private equity and governments every step of the way. Our core work is due diligence, assessing a target company’s finances and business projections, identifying opportunities, risks, sensitivities and potential mitigations, and reporting on these to our clients, their banks, investors and other parties. You will be working alongside experienced due diligence professionals, where you will continue to develop your skills to perform due diligence in a range of situations and se","At EY, we’re all in to shape your future with confidence. We’ll help you succeed in a globally connected powerhouse of diverse teams and take your career wherever you want it to go. Join EY and help to build a better working world. EY-Parthenon Assistant Director – Financial Diligence The Financial Diligence team at EY-Parthenon has exciting opportunities. You'll work with a high-performing, integrated team which focuses on a variety of high-profile IPOs and transactions. You'll have a diverse range of stretching experiences which will give you continuous learning and development opportunities as well as a great sense of achievement. The opportunity At EY-Parthenon, our unique combination of transformative strategy, transactions, tax and corporate finance delivers real-world value – solutions that work in practice, not just on paper. Benefiting from EY’s full spectrum of services, we’ve reimagined strategic consulting to work in a world of increasing complexity. With deep functional and sector expertise, paired with innovative AI-powered technology and an investor mindset, we partner with CEOs, boards, private equity and governments every step of the way. Our core work is due diligence, assessing a target company’s finances and business projections, identifying opportunities, risks, sensitivities and potential mitigations, and reporting on these to our clients, their banks, investors and other parties. You will be working alongside experienced due diligence professionals, where you will continue to develop your skills to perform due diligence in a range of situations and se",cached,United Kingdom,,London,https://careers.ey.com/ey/job/London-Assistant-Director-Financial-Diligence-EY-Parthenon-London-SE1-2AF/1408296533/,https://careers.ey.com/ey/search/?q=finance&locationsearch=United%20Kingdom,ey-uk,Fri Jul 24 02:00:00 UTC 2026,2026-08-11T19:39:17.894880+00:00,2026-08-11T20:26:26.062356+00:00,10,,schema.org/JobPosting microdata,Open
6ac9e3019faba7d5,ey,EY,"Assurance - FAAS - Finance Optimisation - Senior Manager - London, Reading or Manchester","At EY, we’re all in to shape your future with confidence. We’ll help you succeed in a globally connected powerhouse of diverse teams and take your career wherever you want it to go. Join EY and help to build a better working world. UKI Assurance - FAAS – Finance Optimisation – Senior Manager - London The opportunity Are you an Accountant or Finance professional that enjoys solving complex problems using innovative and new solutions? The world around us is changing, through Generative AI transforming our daily work, and a changing macroeconomic climate. Our clients are going through significant change as a result of new compliance requirements, transformation and business needs. Our Finance Optimisation team within our Financial Accounting Advisory Services (FAAS) practice supports CFO and finance functions in navigating through and solving complex Accounting, Finance & Reporting challenges through better use of policies, processes, data and technology- enabling Finance functions to deliver value to the business. Your responsibilities We are recruiting for a Senior Manager within the team who leads on client relationships, leads diverse teams and is confident in navigating unstructured, changing dynamics and relishes the use of innovative new solutions and technologies in solving problems. Specific responsibilities include but are not limited to: Lead end-to-end delivery of projects (physical and virtual), assessing engagement risks and opportunities, driving the right outcomes for our clients Lead and manage client relationships and interactions, enabling and influencing st","At EY, we’re all in to shape your future with confidence. We’ll help you succeed in a globally connected powerhouse of diverse teams and take your career wherever you want it to go. Join EY and help to build a better working world. UKI Assurance - FAAS – Finance Optimisation – Senior Manager - London The opportunity Are you an Accountant or Finance professional that enjoys solving complex problems using innovative and new solutions? The world around us is changing, through Generative AI transforming our daily work, and a changing macroeconomic climate. Our clients are going through significant change as a result of new compliance requirements, transformation and business needs. Our Finance Optimisation team within our Financial Accounting Advisory Services (FAAS) practice supports CFO and finance functions in navigating through and solving complex Accounting, Finance & Reporting challenges through better use of policies, processes, data and technology- enabling Finance functions to deliver value to the business. Your responsibilities We are recruiting for a Senior Manager within the team who leads on client relationships, leads diverse teams and is confident in navigating unstructured, changing dynamics and relishes the use of innovative new solutions and technologies in solving problems. Specific responsibilities include but are not limited to: Lead end-to-end delivery of projects (physical and virtual), assessing engagement risks and opportunities, driving the right outcomes for our clients Lead and manage client relationships and interactions, enabling and influencing st",original-en,United Kingdom,,London,https://careers.ey.com/ey/job/London-Assurance-FAAS-Finance-Optimisation-Senior-Manager-London%2C-Reading-or-Manchester-SE1-2AF/1424675133/,https://careers.ey.com/ey/search/?q=finance&locationsearch=United%20Kingdom,ey-uk,Mon Aug 10 00:00:00 UTC 2026,2026-08-11T19:39:17.894880+00:00,2026-08-11T20:26:26.062356+00:00,10,,schema.org/JobPosting microdata,Open
9a279dc9a21f94e5,ey,EY,"Assurance - FAAS - Finance Optimisation - Senior Manager - London, Reading or Manchester 1","At EY, we’re all in to shape your future with confidence. We’ll help you succeed in a globally connected powerhouse of diverse teams and take your career wherever you want it to go. Join EY and help to build a better working world. UKI Assurance - FAAS – Finance Optimisation – Assistant Manager - London The opportunity Are you an Accountant or Finance professional that enjoys solving complex problems using innovative and new solutions? The world around us is changing, through Generative AI transforming our daily work, and a changing macroeconomic climate. Our clients are going through significant change as a result of new compliance requirements, transformation and business needs. Our Finance Optimisation team within our Financial Accounting Advisory Services (FAAS) practice supports CFO and finance functions in navigating through and solving complex Accounting, Finance & Reporting challenges through better use of policies, processes, data and technology- enabling Finance functions to deliver value to the business. Your key responsibilities: We are recruiting for an Assistant Manager within the team who is confident in navigating unstructured, changing dynamics and relishes the use of innovative new solutions and technologies in solving problems. As an Assistant Manager, you will be offering valuable insight and advice to clients in supporting them in making strategic and operational decisions about their businesses. Specific responsibilities include but are not limited to: Manage end-to-end delivery of projects (physical and virtual), assessing engagement risks and opportu","At EY, we’re all in to shape your future with confidence. We’ll help you succeed in a globally connected powerhouse of diverse teams and take your career wherever you want it to go. Join EY and help to build a better working world. UKI Assurance - FAAS – Finance Optimisation – Assistant Manager - London The opportunity Are you an Accountant or Finance professional that enjoys solving complex problems using innovative and new solutions? The world around us is changing, through Generative AI transforming our daily work, and a changing macroeconomic climate. Our clients are going through significant change as a result of new compliance requirements, transformation and business needs. Our Finance Optimisation team within our Financial Accounting Advisory Services (FAAS) practice supports CFO and finance functions in navigating through and solving complex Accounting, Finance & Reporting challenges through better use of policies, processes, data and technology- enabling Finance functions to deliver value to the business. Your key responsibilities: We are recruiting for an Assistant Manager within the team who is confident in navigating unstructured, changing dynamics and relishes the use of innovative new solutions and technologies in solving problems. As an Assistant Manager, you will be offering valuable insight and advice to clients in supporting them in making strategic and operational decisions about their businesses. Specific responsibilities include but are not limited to: Manage end-to-end delivery of projects (physical and virtual), assessing engagement risks and opportu",original-en,United Kingdom,,London,https://careers.ey.com/ey/job/London-Assurance-FAAS-Finance-Optimisation-Senior-Manager-London%2C-Reading-or-Manchester-1-SE1-2AF/1425071533/,https://careers.ey.com/ey/search/?q=finance&locationsearch=United%20Kingdom,ey-uk,Tue Aug 11 00:00:00 UTC 2026,2026-08-11T19:39:17.894880+00:00,2026-08-11T20:26:26.062356+00:00,10,,schema.org/JobPosting microdata,Open
cc0bff4e07921dbd,ey,EY,Director - Tax Compliance and Reporting,"At EY, we’re all in to shape your future with confidence. We’ll help you succeed in a globally connected powerhouse of diverse teams and take your career wherever you want it to go. Join EY and help to build a better working world. Join our fast-growing Global Compliance and Reporting (GCR) team as a Director in the Direct Tax and Tax Accounting team in our Global CoE. This is a unique opportunity to help shape the future of Direct Tax and Tax Accounting within EY's Global Tax CoE. You will work with some of the world's largest multinational organisations, helping them respond to increasing regulatory complexity, evolving tax operating models and the growing demand for technology-enabled tax functions. As a Director, you will build and lead strategic client relationships, drive growth across a portfolio of global accounts and act as a trusted advisor to senior tax and finance stakeholders. You will bring together EY's capabilities across tax, technology and transformation to help clients reimagine how tax functions operate, leveraging data, AI and emerging technologies to drive efficiency, insight and value. Your portfolio will span Direct Tax Compliance and Tax Accounting engagements. You will lead complex multi-country programmes, develop new market opportunities and help define the strategic direction of the team. The Global Tax CoE exists to enable the execution of EY's ""All In"" strategy and accelerate the Tax ""Paradigm Shift"". It is where we incubate emerging solutions, operate our most complex deals and innovate through our market-leading luminaries. Through the Globa","At EY, we’re all in to shape your future with confidence. We’ll help you succeed in a globally connected powerhouse of diverse teams and take your career wherever you want it to go. Join EY and help to build a better working world. Join our fast-growing Global Compliance and Reporting (GCR) team as a Director in the Direct Tax and Tax Accounting team in our Global CoE. This is a unique opportunity to help shape the future of Direct Tax and Tax Accounting within EY's Global Tax CoE. You will work with some of the world's largest multinational organisations, helping them respond to increasing regulatory complexity, evolving tax operating models and the growing demand for technology-enabled tax functions. As a Director, you will build and lead strategic client relationships, drive growth across a portfolio of global accounts and act as a trusted advisor to senior tax and finance stakeholders. You will bring together EY's capabilities across tax, technology and transformation to help clients reimagine how tax functions operate, leveraging data, AI and emerging technologies to drive efficiency, insight and value. Your portfolio will span Direct Tax Compliance and Tax Accounting engagements. You will lead complex multi-country programmes, develop new market opportunities and help define the strategic direction of the team. The Global Tax CoE exists to enable the execution of EY's ""All In"" strategy and accelerate the Tax ""Paradigm Shift"". It is where we incubate emerging solutions, operate our most complex deals and innovate through our market-leading luminaries. Through the Globa",original-en,United Kingdom,,London,https://careers.ey.com/ey/job/Edinburgh-Director-Tax-Compliance-and-Reporting-EH3-8EX/1420076733/,https://careers.ey.com/ey/search/?q=finance&locationsearch=United%20Kingdom,ey-uk,Wed Jul 29 00:00:00 UTC 2026,2026-08-11T19:39:17.894880+00:00,2026-08-11T20:26:26.062356+00:00,10,,schema.org/JobPosting microdata,Open
bf2018a2da38f8d3,ey,EY,Financial Services - Technology Risk - Sustainable Finance Technology - Manager,"At EY, we’re all in to shape your future with confidence. We’ll help you succeed in a globally connected powerhouse of diverse teams and take your career wherever you want it to go. Join EY and help to build a better working world. Manager, Sustainable Finance Technology, EY Financial Services When the financial services industry works well, it creates growth and prosperity for hundreds of millions of people. At EY Financial Services, we share a single focus — to build a better financial services industry, not just for now, but for the future. We are proud to be advocates of change to make businesses across the world more sustainable because we believe in long-term value. Delivering sustainable long-term value in Financial Services means new strategies, a new approach to managing risk, new products and services and new ways of engaging stakeholders. The Sustainable Finance Technology team is EY’s delivery team for sustainability projects in financial services. The team sits alongside other sustainability financial services teams, specifically the Sustainability Risk team (quantitative solutions, processes and frameworks for financial risk management), Sustainable Finance Transformation, Sustainable Finance Conduct and Non-Financial Risk as well as our dedicated assurance team (Climate Change & Sustainability Services). We see this as a real opportunity to directly help financial institutions be agents of change in the transition to a greener, more sustainable world. The Opportunity The Sustainable Finance Technology team is looking for candidates who are dedicated and capab","At EY, we’re all in to shape your future with confidence. We’ll help you succeed in a globally connected powerhouse of diverse teams and take your career wherever you want it to go. Join EY and help to build a better working world. Manager, Sustainable Finance Technology, EY Financial Services When the financial services industry works well, it creates growth and prosperity for hundreds of millions of people. At EY Financial Services, we share a single focus — to build a better financial services industry, not just for now, but for the future. We are proud to be advocates of change to make businesses across the world more sustainable because we believe in long-term value. Delivering sustainable long-term value in Financial Services means new strategies, a new approach to managing risk, new products and services and new ways of engaging stakeholders. The Sustainable Finance Technology team is EY’s delivery team for sustainability projects in financial services. The team sits alongside other sustainability financial services teams, specifically the Sustainability Risk team (quantitative solutions, processes and frameworks for financial risk management), Sustainable Finance Transformation, Sustainable Finance Conduct and Non-Financial Risk as well as our dedicated assurance team (Climate Change & Sustainability Services). We see this as a real opportunity to directly help financial institutions be agents of change in the transition to a greener, more sustainable world. The Opportunity The Sustainable Finance Technology team is looking for candidates who are dedicated and capab",original-en,United Kingdom,,London,https://careers.ey.com/ey/job/London-Financial-Services-Technology-Risk-Sustainable-Finance-Technology-Manager-SE1-2AF/1414912333/,https://careers.ey.com/ey/search/?q=finance&locationsearch=United%20Kingdom,ey-uk,Tue Jul 14 00:00:00 UTC 2026,2026-08-11T19:39:17.894880+00:00,2026-08-11T20:26:26.062356+00:00,10,,schema.org/JobPosting microdata,Open
a4498c83195a6891,ey,EY,Financial Services - Technology Risk - Sustainable Finance Technology - Senior,"At EY, we’re all in to shape your future with confidence. We’ll help you succeed in a globally connected powerhouse of diverse teams and take your career wherever you want it to go. Join EY and help to build a better working world. Senior Consultant, Sustainable Finance Technology, EY Financial Services When the financial services industry works well, it creates growth and prosperity for hundreds of millions of people. At EY Financial Services, we share a single focus — to build a better financial services industry, not just for now, but for the future. We are proud to be advocates of change to make businesses across the world more sustainable because we believe in long-term value. Delivering sustainable long-term value in Financial Services means new strategies, a new approach to managing risk, new products and services and new ways of engaging stakeholders. The Sustainable Finance Technology team is EY’s delivery team for sustainability projects in financial services. The team sits alongside other sustainability financial services teams, specifically the Sustainability Risk team (quantitative solutions, processes and frameworks for financial risk management), Sustainable Finance Transformation, Sustainable Finance Conduct and Non-Financial Risk, as well as our dedicated assurance team (Climate Change & Sustainability Services). We see this as a real opportunity to directly help financial institutions be agents of change in the transition to a greener, more sustainable world. The Opportunity The Sustainable Finance Technology team is looking for candidates who are dedicate","At EY, we’re all in to shape your future with confidence. We’ll help you succeed in a globally connected powerhouse of diverse teams and take your career wherever you want it to go. Join EY and help to build a better working world. Senior Consultant, Sustainable Finance Technology, EY Financial Services When the financial services industry works well, it creates growth and prosperity for hundreds of millions of people. At EY Financial Services, we share a single focus — to build a better financial services industry, not just for now, but for the future. We are proud to be advocates of change to make businesses across the world more sustainable because we believe in long-term value. Delivering sustainable long-term value in Financial Services means new strategies, a new approach to managing risk, new products and services and new ways of engaging stakeholders. The Sustainable Finance Technology team is EY’s delivery team for sustainability projects in financial services. The team sits alongside other sustainability financial services teams, specifically the Sustainability Risk team (quantitative solutions, processes and frameworks for financial risk management), Sustainable Finance Transformation, Sustainable Finance Conduct and Non-Financial Risk, as well as our dedicated assurance team (Climate Change & Sustainability Services). We see this as a real opportunity to directly help financial institutions be agents of change in the transition to a greener, more sustainable world. The Opportunity The Sustainable Finance Technology team is looking for candidates who are dedicate",original-en,United Kingdom,,London,https://careers.ey.com/ey/job/London-Financial-Services-Technology-Risk-Sustainable-Finance-Technology-Senior-SE1-2AF/1419674633/,https://careers.ey.com/ey/search/?q=finance&locationsearch=United%20Kingdom,ey-uk,Tue Jul 28 00:00:00 UTC 2026,2026-08-11T19:39:17.894880+00:00,2026-08-11T20:26:26.062356+00:00,10,,schema.org/JobPosting microdata,Open
49fa580dfc20af5c,ey,EY,Manager - Financial Diligence - EY-Parthenon Birmingham,"At EY, we’re all in to shape your future with confidence. We’ll help you succeed in a globally connected powerhouse of diverse teams and take your career wherever you want it to go. Join EY and help to build a better working world. EY-Parthenon Manager – Financial Diligence The Financial Diligence team at EY Parthenon currently has exciting opportunities. You'll work with a high-performing, integrated team which focuses on a variety of high-profile IPOs and transactions. You'll have a diverse range of stretching experiences which will give you continuous learning and development opportunities as well as a great sense of achievement. The opportunity At EY-Parthenon, our unique combination of transformative strategy, transactions, tax and corporate finance delivers real-world value – solutions that work in practice, not just on paper. Benefiting from EY’s full spectrum of services, we’ve reimagined strategic consulting to work in a world of increasing complexity. With deep functional and sector expertise, paired with innovative AI-powered technology and an investor mindset, we partner with CEOs, boards, private equity and governments every step of the way. Our core work is due diligence, assessing a target company’s finances and business projections, identifying opportunities, risks, sensitivities and potential mitigations, and reporting on these to our clients, their banks, investors and other parties. You will be working alongside experienced due diligence professionals, where you will continue to develop your skills to perform due diligence in a range of situations and sec","At EY, we’re all in to shape your future with confidence. We’ll help you succeed in a globally connected powerhouse of diverse teams and take your career wherever you want it to go. Join EY and help to build a better working world. EY-Parthenon Manager – Financial Diligence The Financial Diligence team at EY Parthenon currently has exciting opportunities. You'll work with a high-performing, integrated team which focuses on a variety of high-profile IPOs and transactions. You'll have a diverse range of stretching experiences which will give you continuous learning and development opportunities as well as a great sense of achievement. The opportunity At EY-Parthenon, our unique combination of transformative strategy, transactions, tax and corporate finance delivers real-world value – solutions that work in practice, not just on paper. Benefiting from EY’s full spectrum of services, we’ve reimagined strategic consulting to work in a world of increasing complexity. With deep functional and sector expertise, paired with innovative AI-powered technology and an investor mindset, we partner with CEOs, boards, private equity and governments every step of the way. Our core work is due diligence, assessing a target company’s finances and business projections, identifying opportunities, risks, sensitivities and potential mitigations, and reporting on these to our clients, their banks, investors and other parties. You will be working alongside experienced due diligence professionals, where you will continue to develop your skills to perform due diligence in a range of situations and sec",original-en,United Kingdom,,London,https://careers.ey.com/ey/job/Birmingham-Manager-Financial-Diligence-EY-Parthenon-Birmingham-B4-6HQ/1291941401/,https://careers.ey.com/ey/search/?q=finance&locationsearch=United%20Kingdom,ey-uk,Tue Jul 28 02:00:00 UTC 2026,2026-08-11T19:39:17.894880+00:00,2026-08-11T20:26:26.062356+00:00,10,,schema.org/JobPosting microdata,Open
fd5e2e30d71ddf9e,ey,EY,Manager - Financial Diligence - EY-Parthenon Bristol,"At EY, we’re all in to shape your future with confidence. We’ll help you succeed in a globally connected powerhouse of diverse teams and take your career wherever you want it to go. Join EY and help to build a better working world. EY-Parthenon Manager – Financial Diligence The Financial Diligence team at EY Parthenon currently has exciting opportunities. You'll work with a high-performing, integrated team which focuses on a variety of high-profile IPOs and transactions. You'll have a diverse range of stretching experiences which will give you continuous learning and development opportunities as well as a great sense of achievement. The opportunity At EY-Parthenon, our unique combination of transformative strategy, transactions, tax and corporate finance delivers real-world value – solutions that work in practice, not just on paper. Benefiting from EY’s full spectrum of services, we’ve reimagined strategic consulting to work in a world of increasing complexity. With deep functional and sector expertise, paired with innovative AI-powered technology and an investor mindset, we partner with CEOs, boards, private equity and governments every step of the way. Our core work is due diligence, assessing a target company’s finances and business projections, identifying opportunities, risks, sensitivities and potential mitigations, and reporting on these to our clients, their banks, investors and other parties. You will be working alongside experienced due diligence professionals, where you will continue to develop your skills to perform due diligence in a range of situations and sec","At EY, we’re all in to shape your future with confidence. We’ll help you succeed in a globally connected powerhouse of diverse teams and take your career wherever you want it to go. Join EY and help to build a better working world. EY-Parthenon Manager – Financial Diligence The Financial Diligence team at EY Parthenon currently has exciting opportunities. You'll work with a high-performing, integrated team which focuses on a variety of high-profile IPOs and transactions. You'll have a diverse range of stretching experiences which will give you continuous learning and development opportunities as well as a great sense of achievement. The opportunity At EY-Parthenon, our unique combination of transformative strategy, transactions, tax and corporate finance delivers real-world value – solutions that work in practice, not just on paper. Benefiting from EY’s full spectrum of services, we’ve reimagined strategic consulting to work in a world of increasing complexity. With deep functional and sector expertise, paired with innovative AI-powered technology and an investor mindset, we partner with CEOs, boards, private equity and governments every step of the way. Our core work is due diligence, assessing a target company’s finances and business projections, identifying opportunities, risks, sensitivities and potential mitigations, and reporting on these to our clients, their banks, investors and other parties. You will be working alongside experienced due diligence professionals, where you will continue to develop your skills to perform due diligence in a range of situations and sec",cached,United Kingdom,,London,https://careers.ey.com/ey/job/Bristol-Manager-Financial-Diligence-EY-Parthenon-Bristol-BS1-6BX/1394446233/,https://careers.ey.com/ey/search/?q=finance&locationsearch=United%20Kingdom,ey-uk,Tue Jul 28 02:00:00 UTC 2026,2026-08-11T19:39:17.894880+00:00,2026-08-11T20:26:26.062356+00:00,10,,schema.org/JobPosting microdata,Open
c053a08a179d25f1,ey,EY,Manager - Financial Diligence - EY-Parthenon London,"At EY, we’re all in to shape your future with confidence. We’ll help you succeed in a globally connected powerhouse of diverse teams and take your career wherever you want it to go. Join EY and help to build a better working world. EY-Parthenon Manager – Financial Diligence The Financial Diligence team at EY Parthenon currently has exciting opportunities. You'll work with a high-performing, integrated team which focuses on a variety of high-profile IPOs and transactions. You'll have a diverse range of stretching experiences which will give you continuous learning and development opportunities as well as a great sense of achievement. The opportunity At EY-Parthenon, our unique combination of transformative strategy, transactions, tax and corporate finance delivers real-world value – solutions that work in practice, not just on paper. Benefiting from EY’s full spectrum of services, we’ve reimagined strategic consulting to work in a world of increasing complexity. With deep functional and sector expertise, paired with innovative AI-powered technology and an investor mindset, we partner with CEOs, boards, private equity and governments every step of the way. Our core work is due diligence, assessing a target company’s finances and business projections, identifying opportunities, risks, sensitivities and potential mitigations, and reporting on these to our clients, their banks, investors and other parties. You will be working alongside experienced due diligence professionals, where you will continue to develop your skills to perform due diligence in a range of situations and sec","At EY, we’re all in to shape your future with confidence. We’ll help you succeed in a globally connected powerhouse of diverse teams and take your career wherever you want it to go. Join EY and help to build a better working world. EY-Parthenon Manager – Financial Diligence The Financial Diligence team at EY Parthenon currently has exciting opportunities. You'll work with a high-performing, integrated team which focuses on a variety of high-profile IPOs and transactions. You'll have a diverse range of stretching experiences which will give you continuous learning and development opportunities as well as a great sense of achievement. The opportunity At EY-Parthenon, our unique combination of transformative strategy, transactions, tax and corporate finance delivers real-world value – solutions that work in practice, not just on paper. Benefiting from EY’s full spectrum of services, we’ve reimagined strategic consulting to work in a world of increasing complexity. With deep functional and sector expertise, paired with innovative AI-powered technology and an investor mindset, we partner with CEOs, boards, private equity and governments every step of the way. Our core work is due diligence, assessing a target company’s finances and business projections, identifying opportunities, risks, sensitivities and potential mitigations, and reporting on these to our clients, their banks, investors and other parties. You will be working alongside experienced due diligence professionals, where you will continue to develop your skills to perform due diligence in a range of situations and sec",cached,United Kingdom,,London,https://careers.ey.com/ey/job/London-Manager-Financial-Diligence-EY-Parthenon-London-SE1-2AF/1408297633/,https://careers.ey.com/ey/search/?q=finance&locationsearch=United%20Kingdom,ey-uk,Tue Jul 28 02:00:00 UTC 2026,2026-08-11T19:39:17.894880+00:00,2026-08-11T20:26:26.062356+00:00,10,,schema.org/JobPosting microdata,Open
258f82b358c03dfc,ey,EY,Manager - Microsoft Dynamic 365 Finance - TC - UKI,"At EY, we’re all in to shape your future with confidence. We’ll help you succeed in a globally connected powerhouse of diverse teams and take your career wherever you want it to go. Join EY and help to build a better working world. At EY, you’ll have the chance to build a career as unique as you are, with the global scale, support, inclusive culture, and technology to become the best version of you, we are counting on your unique voice and perspective to help EY become even better, too. Are you ready to grow with a team focussing on Microsoft stack that cuts across markets and industries. We’ll help you succeed in a globally connected powerhouse of diverse teams and take your career wherever you want it to go. As a manager in the Microsoft Dynamics team, you will play key role in leading Finance workstream across D365 projects in delivering complex enterprise solutions using Dynamics 365 and the Microsoft Power Platform, ensuring alignment with client goals and business outcomes. Key Responsibilities on Microsoft D365 stack Ability to drive discovery or requirement gathering workshops Can Serve as a primary point of contact with client stakeholders and internal leadership Translate business requirements into deployable D365 solutions Skilled at doing Fit Gap assessment Strong internal and external product demonstration skills Ability to draft D365 Process maps based on internal IPs or Microsoft Business Process catalogue Contribute towards Project plan and follow delivery as per defined plan Can estimate for the entire workstream Play the role of Finance SME in a D365 progr","At EY, we’re all in to shape your future with confidence. We’ll help you succeed in a globally connected powerhouse of diverse teams and take your career wherever you want it to go. Join EY and help to build a better working world. At EY, you’ll have the chance to build a career as unique as you are, with the global scale, support, inclusive culture, and technology to become the best version of you, we are counting on your unique voice and perspective to help EY become even better, too. Are you ready to grow with a team focussing on Microsoft stack that cuts across markets and industries. We’ll help you succeed in a globally connected powerhouse of diverse teams and take your career wherever you want it to go. As a manager in the Microsoft Dynamics team, you will play key role in leading Finance workstream across D365 projects in delivering complex enterprise solutions using Dynamics 365 and the Microsoft Power Platform, ensuring alignment with client goals and business outcomes. Key Responsibilities on Microsoft D365 stack Ability to drive discovery or requirement gathering workshops Can Serve as a primary point of contact with client stakeholders and internal leadership Translate business requirements into deployable D365 solutions Skilled at doing Fit Gap assessment Strong internal and external product demonstration skills Ability to draft D365 Process maps based on internal IPs or Microsoft Business Process catalogue Contribute towards Project plan and follow delivery as per defined plan Can estimate for the entire workstream Play the role of Finance SME in a D365 progr",original-en,United Kingdom,,London,https://careers.ey.com/ey/job/London-Manager-Microsoft-Dynamic-365-Finance-TC-UKI-SE1-2AF/1377984033/,https://careers.ey.com/ey/search/?q=finance&locationsearch=United%20Kingdom,ey-uk,Mon Jul 20 02:00:00 UTC 2026,2026-08-11T19:39:17.894880+00:00,2026-08-11T20:26:26.062356+00:00,10,,schema.org/JobPosting microdata,Open
cb48d429c4f26304,ey,EY,"Manager, Tax Technology and Transformation, London","At EY, we’re all in to shape your future with confidence. We’ll help you succeed in a globally connected powerhouse of diverse teams and take your career wherever you want it to go. Join EY and help to build a better working world. The opportunity EY Tax is a market leader, renowned for delivering sustainable growth and empowering our people to shape their own careers. Our diverse, collaborative team advises on high-profile transactions, combining technical expertise, innovation and a genuine focus on continuous development. Join us to work on challenging, multi-country projects in a supportive, dynamic environment where your impact truly matters. EY's Tax Technology & Transformation (TTT) practice helps clients reimagine and modernise their tax functions through the effective use of technology, data, process optimisation and operating model transformation. Working with some of the world's largest and most complex organisations, we help clients respond to an increasingly demanding tax and regulatory landscape while improving efficiency, control and insight across their tax processes. As a Manager, you will work as part of multidisciplinary teams comprising tax specialists, finance transformation professionals, data analysts, and technology consultants. You will support the delivery of tax transformation programmes that help clients improve the way tax data is sourced, managed, reported and governed across their organisation. This role is ideal for individuals with experience in corporate tax, tax reporting, finance transformation, ERP implementations, or tax technology who","At EY, we’re all in to shape your future with confidence. We’ll help you succeed in a globally connected powerhouse of diverse teams and take your career wherever you want it to go. Join EY and help to build a better working world. The opportunity EY Tax is a market leader, renowned for delivering sustainable growth and empowering our people to shape their own careers. Our diverse, collaborative team advises on high-profile transactions, combining technical expertise, innovation and a genuine focus on continuous development. Join us to work on challenging, multi-country projects in a supportive, dynamic environment where your impact truly matters. EY's Tax Technology & Transformation (TTT) practice helps clients reimagine and modernise their tax functions through the effective use of technology, data, process optimisation and operating model transformation. Working with some of the world's largest and most complex organisations, we help clients respond to an increasingly demanding tax and regulatory landscape while improving efficiency, control and insight across their tax processes. As a Manager, you will work as part of multidisciplinary teams comprising tax specialists, finance transformation professionals, data analysts, and technology consultants. You will support the delivery of tax transformation programmes that help clients improve the way tax data is sourced, managed, reported and governed across their organisation. This role is ideal for individuals with experience in corporate tax, tax reporting, finance transformation, ERP implementations, or tax technology who",original-en,United Kingdom,,London,https://careers.ey.com/ey/job/London-Manager%2C-Tax-Technology-and-Transformation%2C-London-E14-5EY/1422857733/,https://careers.ey.com/ey/search/?q=finance&locationsearch=United%20Kingdom,ey-uk,Tue Aug 04 00:00:00 UTC 2026,2026-08-11T19:39:17.894880+00:00,2026-08-11T20:26:26.062356+00:00,10,,schema.org/JobPosting microdata,Open
4767dad5b24f605c,ey,EY,Product Manager - Tax Technology & Transformation - Innovation Hive - London,"At EY, we’re all in to shape your future with confidence. We’ll help you succeed in a globally connected powerhouse of diverse teams and take your career wherever you want it to go. Join EY and help to build a better working world. The opportunity EY Tax is a market leader, renowned for delivering sustainable growth and empowering our people to shape their own careers. Our diverse, collaborative team advises on high-profile transactions, combining technical expertise, innovation and a genuine focus on continuous development. Join us to work on challenging, multi-country projects in a supportive, dynamic environment where your impact truly matters. It is our mission to transform the working lives of finance and tax professionals. We are responsible for the innovation and development of human‑centric products within EY. Our approach is to prototype ideas, get feedback from our customers, and scale the very best ideas. At the heart of our business is our people. Good people, supported by good internal practice, are the building blocks for making the impossible possible. Our Product Managers are the connecting piece between our other functions and have the opportunity to make a real impact. Your key responsibilities Own a significant product area end‑to‑end: define the problem and outcomes, and deliver iteratively. Lead discovery: run research, synthesise insights, and turn ambiguity into a clear direction, roadmap, and priorities. Collaborating with both internal and external stakeholders. Drive alignment: champion the “what” and “why”, influence senior stakeholders, and make","At EY, we’re all in to shape your future with confidence. We’ll help you succeed in a globally connected powerhouse of diverse teams and take your career wherever you want it to go. Join EY and help to build a better working world. The opportunity EY Tax is a market leader, renowned for delivering sustainable growth and empowering our people to shape their own careers. Our diverse, collaborative team advises on high-profile transactions, combining technical expertise, innovation and a genuine focus on continuous development. Join us to work on challenging, multi-country projects in a supportive, dynamic environment where your impact truly matters. It is our mission to transform the working lives of finance and tax professionals. We are responsible for the innovation and development of human‑centric products within EY. Our approach is to prototype ideas, get feedback from our customers, and scale the very best ideas. At the heart of our business is our people. Good people, supported by good internal practice, are the building blocks for making the impossible possible. Our Product Managers are the connecting piece between our other functions and have the opportunity to make a real impact. Your key responsibilities Own a significant product area end‑to‑end: define the problem and outcomes, and deliver iteratively. Lead discovery: run research, synthesise insights, and turn ambiguity into a clear direction, roadmap, and priorities. Collaborating with both internal and external stakeholders. Drive alignment: champion the “what” and “why”, influence senior stakeholders, and make",original-en,United Kingdom,,London,https://careers.ey.com/ey/job/London-Product-Manager-Tax-Technology-&-Transformation-Innovation-Hive-London-SE1-2AF/1379166333/,https://careers.ey.com/ey/search/?q=finance&locationsearch=United%20Kingdom,ey-uk,Fri Aug 07 02:00:00 UTC 2026,2026-08-11T19:39:17.894880+00:00,2026-08-11T20:26:26.062356+00:00,10,,schema.org/JobPosting microdata,Open
f918c2f0e0791d4e,ey,EY,Senior Consultant - Microsoft D365 Finance - TC - UKI,"At EY, we’re all in to shape your future with confidence. We’ll help you succeed in a globally connected powerhouse of diverse teams and take your career wherever you want it to go. Join EY and help to build a better working world. At EY, you’ll have the chance to build a career as unique as you are, with the global scale, support, inclusive culture, and technology to become the best version of you, we are counting on your unique voice and perspective to help EY become even better, too. Are you ready to grow with a team focussing on Microsoft stack that cuts across markets and industries. We’ll help you succeed in a globally connected powerhouse of diverse teams and take your career wherever you want it to go. As a Senior Consultant in the Microsoft Dynamics team, you will play key role in delivering the Finance workstream across D365 projects in delivering complex enterprise solutions using Dynamics 365 and the Microsoft Power Platform, ensuring alignment with client goals and business outcomes. Key Responsibilities on Microsoft D365 stack Participate is discovery or requirement gathering workshops Translate business requirements into deployable D365 solutions Complete Fit Gap assessments Complete internal and external product demonstration skills Ability to draft D365 process maps based on internal IPs or Microsoft Business Process catalogue Drafting functional design documents/functional specifications Deliver training (Train the Trainer/End User Training) as per the agreed scope of the program Knowledge of entire Finance modules in D365 including Fixed Assets, Cash & Ba","At EY, we’re all in to shape your future with confidence. We’ll help you succeed in a globally connected powerhouse of diverse teams and take your career wherever you want it to go. Join EY and help to build a better working world. At EY, you’ll have the chance to build a career as unique as you are, with the global scale, support, inclusive culture, and technology to become the best version of you, we are counting on your unique voice and perspective to help EY become even better, too. Are you ready to grow with a team focussing on Microsoft stack that cuts across markets and industries. We’ll help you succeed in a globally connected powerhouse of diverse teams and take your career wherever you want it to go. As a Senior Consultant in the Microsoft Dynamics team, you will play key role in delivering the Finance workstream across D365 projects in delivering complex enterprise solutions using Dynamics 365 and the Microsoft Power Platform, ensuring alignment with client goals and business outcomes. Key Responsibilities on Microsoft D365 stack Participate is discovery or requirement gathering workshops Translate business requirements into deployable D365 solutions Complete Fit Gap assessments Complete internal and external product demonstration skills Ability to draft D365 process maps based on internal IPs or Microsoft Business Process catalogue Drafting functional design documents/functional specifications Deliver training (Train the Trainer/End User Training) as per the agreed scope of the program Knowledge of entire Finance modules in D365 including Fixed Assets, Cash & Ba",original-en,United Kingdom,,London,https://careers.ey.com/ey/job/London-Senior-Consultant-Microsoft-D365-Finance-TC-UKI-SE1-2AF/1377983733/,https://careers.ey.com/ey/search/?q=finance&locationsearch=United%20Kingdom,ey-uk,Mon Jul 20 02:00:00 UTC 2026,2026-08-11T19:39:17.894880+00:00,2026-08-11T20:26:26.062356+00:00,10,,schema.org/JobPosting microdata,Open
103c5d4a0e6663aa,ey,EY,Senior Consultant - Tax Technology & Transformation - Financial Services - London,"At EY, we’re all in to shape your future with confidence. We’ll help you succeed in a globally connected powerhouse of diverse teams and take your career wherever you want it to go. Join EY and help to build a better working world. The opportunity EY Tax is a market leader, renowned for delivering sustainable growth and empowering our people to shape their own careers. Our diverse, collaborative team advises on high-profile transactions, combining technical expertise, innovation and a genuine focus on continuous development. Join us to work on challenging, multi-country projects in a supportive, dynamic environment where your impact truly matters. EY's Tax Technology & Transformation (TTT) practice helps clients reimagine and modernise their tax functions through the effective use of technology, data, process optimisation and operating model transformation. Working with some of the world's largest and most complex organisations, we help clients respond to an increasingly demanding tax and regulatory landscape while improving efficiency, control and insight across their tax processes. As a Senior Consultant, you will work as part of multidisciplinary teams comprising tax specialists, finance transformation professionals, data analysts, and technology consultants. You will support the delivery of tax transformation programmes that help clients improve the way tax data is sourced, managed, reported and governed across their organisation. This role is ideal for individuals with experience in corporate tax, tax reporting, finance transformation, ERP implementations, or tax techn","At EY, we’re all in to shape your future with confidence. We’ll help you succeed in a globally connected powerhouse of diverse teams and take your career wherever you want it to go. Join EY and help to build a better working world. The opportunity EY Tax is a market leader, renowned for delivering sustainable growth and empowering our people to shape their own careers. Our diverse, collaborative team advises on high-profile transactions, combining technical expertise, innovation and a genuine focus on continuous development. Join us to work on challenging, multi-country projects in a supportive, dynamic environment where your impact truly matters. EY's Tax Technology & Transformation (TTT) practice helps clients reimagine and modernise their tax functions through the effective use of technology, data, process optimisation and operating model transformation. Working with some of the world's largest and most complex organisations, we help clients respond to an increasingly demanding tax and regulatory landscape while improving efficiency, control and insight across their tax processes. As a Senior Consultant, you will work as part of multidisciplinary teams comprising tax specialists, finance transformation professionals, data analysts, and technology consultants. You will support the delivery of tax transformation programmes that help clients improve the way tax data is sourced, managed, reported and governed across their organisation. This role is ideal for individuals with experience in corporate tax, tax reporting, finance transformation, ERP implementations, or tax techn",original-en,United Kingdom,,London,https://careers.ey.com/ey/job/London-Senior-Consultant-Tax-Technology-&-Transformation-Financial-Services-London-E14-5EY/1412771933/,https://careers.ey.com/ey/search/?q=finance&locationsearch=United%20Kingdom,ey-uk,Thu Aug 06 02:00:00 UTC 2026,2026-08-11T19:39:17.894880+00:00,2026-08-11T20:26:26.062356+00:00,10,,schema.org/JobPosting microdata,Open
1cf31f755a77310f,ey,EY,Senior Consultant - Tax Technology & Transformation - Financial Services - London,"At EY, we’re all in to shape your future with confidence. We’ll help you succeed in a globally connected powerhouse of diverse teams and take your career wherever you want it to go. Join EY and help to build a better working world. The opportunity EY Tax is a market leader, renowned for delivering sustainable growth and empowering our people to shape their own careers. Our diverse, collaborative team advises on high-profile transactions, combining technical expertise, innovation and a genuine focus on continuous development. Join us to work on challenging, multi-country projects in a supportive, dynamic environment where your impact truly matters. EY's Tax Technology & Transformation (TTT) practice helps clients reimagine and modernise their tax functions through the effective use of technology, data, process optimisation and operating model transformation. Working with some of the world's largest and most complex organisations, we help clients respond to an increasingly demanding tax and regulatory landscape while improving efficiency, control and insight across their tax processes. As a Senior Consultant, you will work as part of multidisciplinary teams comprising tax specialists, finance transformation professionals, data analysts, and technology consultants. You will support the delivery of tax transformation programmes that help clients improve the way tax data is sourced, managed, reported and governed across their organisation. This role is ideal for individuals with experience in corporate tax, tax reporting, finance transformation, ERP implementations, or tax techn","At EY, we’re all in to shape your future with confidence. We’ll help you succeed in a globally connected powerhouse of diverse teams and take your career wherever you want it to go. Join EY and help to build a better working world. The opportunity EY Tax is a market leader, renowned for delivering sustainable growth and empowering our people to shape their own careers. Our diverse, collaborative team advises on high-profile transactions, combining technical expertise, innovation and a genuine focus on continuous development. Join us to work on challenging, multi-country projects in a supportive, dynamic environment where your impact truly matters. EY's Tax Technology & Transformation (TTT) practice helps clients reimagine and modernise their tax functions through the effective use of technology, data, process optimisation and operating model transformation. Working with some of the world's largest and most complex organisations, we help clients respond to an increasingly demanding tax and regulatory landscape while improving efficiency, control and insight across their tax processes. As a Senior Consultant, you will work as part of multidisciplinary teams comprising tax specialists, finance transformation professionals, data analysts, and technology consultants. You will support the delivery of tax transformation programmes that help clients improve the way tax data is sourced, managed, reported and governed across their organisation. This role is ideal for individuals with experience in corporate tax, tax reporting, finance transformation, ERP implementations, or tax techn",cached,United Kingdom,,London,https://careers.ey.com/ey/job/London-Senior-Consultant-Tax-Technology-&-Transformation-Financial-Services-London-E14-5EY/1413850633/,https://careers.ey.com/ey/search/?q=finance&locationsearch=United%20Kingdom,ey-uk,Sat Aug 08 02:00:00 UTC 2026,2026-08-11T19:39:17.894880+00:00,2026-08-11T20:26:26.062356+00:00,10,,schema.org/JobPosting microdata,Open
0b223f8338847c96,ey,EY,"Senior Manager - Financial Diligence - Financial Services, Edinburgh","At EY, we’re all in to shape your future with confidence. We’ll help you succeed in a globally connected powerhouse of diverse teams and take your career wherever you want it to go. Join EY and help to build a better working world. Senior Manager – Financial Diligence, Financial Services, Edinburgh The UK Financial Services Financial Diligence team at EY currently has exciting opportunities. You'll work with a high-performing, integrated team which focuses on a variety of high profile IPOs and transactions. You'll have a diverse range of stretching experiences which will give you continuous learning and development opportunities as well as a great sense of achievement. The opportunity We help corporate and financial clients to meet their strategic goals, whether they are acquiring, divesting or raising finance. We work with a range of clients, from UK entrepreneur led businesses to the largest global enterprises across financial services, often on complex assignments that involve working with colleagues across a variety of disciplines and jurisdictions. Our clients include leading global companies across the Insurance, Banking & Capital Markets and Asset Management industries as well as private equity, central banks and Government treasury departments. Our core work is due diligence, assessing a target company's finances and business projections, identifying opportunities, risks, sensitivities and potential mitigations, and reporting on these to our clients, their banks, investors and other parties. You will be working alongside experienced due diligence professionals, wher","At EY, we’re all in to shape your future with confidence. We’ll help you succeed in a globally connected powerhouse of diverse teams and take your career wherever you want it to go. Join EY and help to build a better working world. Senior Manager – Financial Diligence, Financial Services, Edinburgh The UK Financial Services Financial Diligence team at EY currently has exciting opportunities. You'll work with a high-performing, integrated team which focuses on a variety of high profile IPOs and transactions. You'll have a diverse range of stretching experiences which will give you continuous learning and development opportunities as well as a great sense of achievement. The opportunity We help corporate and financial clients to meet their strategic goals, whether they are acquiring, divesting or raising finance. We work with a range of clients, from UK entrepreneur led businesses to the largest global enterprises across financial services, often on complex assignments that involve working with colleagues across a variety of disciplines and jurisdictions. Our clients include leading global companies across the Insurance, Banking & Capital Markets and Asset Management industries as well as private equity, central banks and Government treasury departments. Our core work is due diligence, assessing a target company's finances and business projections, identifying opportunities, risks, sensitivities and potential mitigations, and reporting on these to our clients, their banks, investors and other parties. You will be working alongside experienced due diligence professionals, wher",original-en,United Kingdom,,London,https://careers.ey.com/ey/job/Edinburgh-Senior-Manager-Financial-Diligence-Financial-Services%2C-Edinburgh-EH3-8EX/1424822733/,https://careers.ey.com/ey/search/?q=finance&locationsearch=United%20Kingdom,ey-uk,Mon Aug 10 00:00:00 UTC 2026,2026-08-11T19:39:17.894880+00:00,2026-08-11T20:26:26.062356+00:00,10,,schema.org/JobPosting microdata,Open
98a6746c2c92416d,ey,EY,Senior Manager - Lead - Finance Consultant (D365 Finance & Operations) TC - UKI,"At EY, we’re all in to shape your future with confidence. We’ll help you succeed in a globally connected powerhouse of diverse teams and take your career wherever you want it to go. Join EY and help to build a better working world. At EY, you’ll have the chance to build a career as unique as you are, with the global scale, support, inclusive culture, and technology to become the best version of you, we are counting on your unique voice and perspective to help EY become even better, too. Are you ready to grow with a team focussing on Microsoft stack that cuts across markets and industries. Role Purpose Lead the Finance workstream across Microsoft Dynamics 365 Finance & Operations programmes, combining Finance SME expertise, solution ownership, and delivery leadership to drive high‑quality, standardised, and business‑aligned solutions. Acts as a trusted advisor to clients and a senior leader within the practice. Key Accountabilities 1. Finance Solution Leadership Own the end-to-end Finance solution across D365 F&O programmes Translate business requirements into scalable, standardised solutions aligned to Microsoft best practice Lead Finance design decisions and contribute to Design Authority / Architecture governance Champion adoption of out-of-the-box functionality over customisation 2. Programme Delivery Accountable for Finance workstream delivery across scope, quality, timeline, and budget Lead key activities: Fit-Gap, functional design, configuration, testing, data migration, and training Identify and manage delivery and functional risks, ensuring proactive mitigation and","At EY, we’re all in to shape your future with confidence. We’ll help you succeed in a globally connected powerhouse of diverse teams and take your career wherever you want it to go. Join EY and help to build a better working world. At EY, you’ll have the chance to build a career as unique as you are, with the global scale, support, inclusive culture, and technology to become the best version of you, we are counting on your unique voice and perspective to help EY become even better, too. Are you ready to grow with a team focussing on Microsoft stack that cuts across markets and industries. Role Purpose Lead the Finance workstream across Microsoft Dynamics 365 Finance & Operations programmes, combining Finance SME expertise, solution ownership, and delivery leadership to drive high‑quality, standardised, and business‑aligned solutions. Acts as a trusted advisor to clients and a senior leader within the practice. Key Accountabilities 1. Finance Solution Leadership Own the end-to-end Finance solution across D365 F&O programmes Translate business requirements into scalable, standardised solutions aligned to Microsoft best practice Lead Finance design decisions and contribute to Design Authority / Architecture governance Champion adoption of out-of-the-box functionality over customisation 2. Programme Delivery Accountable for Finance workstream delivery across scope, quality, timeline, and budget Lead key activities: Fit-Gap, functional design, configuration, testing, data migration, and training Identify and manage delivery and functional risks, ensuring proactive mitigation and",original-en,United Kingdom,,London,https://careers.ey.com/ey/job/London-Senior-Manager-Lead-Finance-Consultant-%28D365-Finance-&-Operations%29-TC-UKI-SE1-2AF/1397270833/,https://careers.ey.com/ey/search/?q=finance&locationsearch=United%20Kingdom,ey-uk,Thu Jul 23 02:00:00 UTC 2026,2026-08-11T19:39:17.894880+00:00,2026-08-11T20:26:26.062356+00:00,10,,schema.org/JobPosting microdata,Open
45693032e6193a14,ey,EY,Senior Manager - Microsoft Dynamic 365 Finance (Solution Architect) - TC - UKI,"At EY, we’re all in to shape your future with confidence. We’ll help you succeed in a globally connected powerhouse of diverse teams and take your career wherever you want it to go. Join EY and help to build a better working world. At EY, you’ll have the chance to build a career as unique as you are, with the global scale, support, inclusive culture, and technology to become the best version of you, we are counting on your unique voice and perspective to help EY become even better, too. Are you ready to grow with a team focussing on Microsoft stack that cuts across markets and industries. We’ll help you succeed in a globally connected powerhouse of diverse teams and take your career wherever you want it to go. We are seeking an experienced Senior Manager - Microsoft Dynamics 365 Finance & Operations Architect to join our team. The ideal candidate will lead the design, build, and deployment of a Microsoft Dynamics 365 Finance and Operation solution for organisations that operate globally. This role involves collaborating closely with clients to understand their enterprise operations and delivering tailored solutions that enhance efficiency and accuracy. Key Responsibilities on Microsoft D365 stack Lead the design and architecture of D365 Finance and SCM solutions to meet business requirements and enhance operational efficiency both for presales and delivery work. Collaborate with stakeholders to gather and analyse business requirements, translating them into technical specifications for presales and delivery work. Develop and maintain architectural documentation, including s","At EY, we’re all in to shape your future with confidence. We’ll help you succeed in a globally connected powerhouse of diverse teams and take your career wherever you want it to go. Join EY and help to build a better working world. At EY, you’ll have the chance to build a career as unique as you are, with the global scale, support, inclusive culture, and technology to become the best version of you, we are counting on your unique voice and perspective to help EY become even better, too. Are you ready to grow with a team focussing on Microsoft stack that cuts across markets and industries. We’ll help you succeed in a globally connected powerhouse of diverse teams and take your career wherever you want it to go. We are seeking an experienced Senior Manager - Microsoft Dynamics 365 Finance & Operations Architect to join our team. The ideal candidate will lead the design, build, and deployment of a Microsoft Dynamics 365 Finance and Operation solution for organisations that operate globally. This role involves collaborating closely with clients to understand their enterprise operations and delivering tailored solutions that enhance efficiency and accuracy. Key Responsibilities on Microsoft D365 stack Lead the design and architecture of D365 Finance and SCM solutions to meet business requirements and enhance operational efficiency both for presales and delivery work. Collaborate with stakeholders to gather and analyse business requirements, translating them into technical specifications for presales and delivery work. Develop and maintain architectural documentation, including s",original-en,United Kingdom,,London,https://careers.ey.com/ey/job/London-Senior-Manager-Microsoft-Dynamic-365-Finance-%28Solution-Architect%29-TC-UKI-SE1-2AF/1377984133/,https://careers.ey.com/ey/search/?q=finance&locationsearch=United%20Kingdom,ey-uk,Mon Jul 20 02:00:00 UTC 2026,2026-08-11T19:39:17.894880+00:00,2026-08-11T20:26:26.062356+00:00,10,,schema.org/JobPosting microdata,Open
6e854a2ca16fec92,ey,EY,Senior Manager - Oracle EPM Workstream Lead - Technology Consulting - Belfast - IOI,"At EY, we’re all in to shape your future with confidence. We’ll help you succeed in a globally connected powerhouse of diverse teams and take your career wherever you want it to go. Join EY and help to build a better working world. Senior Manager - Oracle EPM Workstream Lead - Technology Consulting - Belfast – IOI (1706575) The team and the opportunity We are looking for skilled Oracle EPM Consultants with a strong background in Finance modules to become central to our client EPM implementation projects. The ideal candidates will possess in-depth knowledge of Oracle EPM functionalities, a proven track record in finance-related projects, and the ability to work collaboratively with cross-functional teams. Your Key Responsibilities: As a Senior Manager specialising in implementing Oracle Fusion Applications, with specific expertise in Enterprise Performance Management (EPM), you will work closely with our clients to support them in making strategic and operational decisions about their businesses. You will be a trusted business advisor to our clients with a strong Oracle Fusion EPM implementation background with experience in either Planning & Budgeting OR Financial Consolidation Previous experience working on Oracle Fusion Financials will be essential Work as part of a client engagement teams with diverse skills and backgrounds. Foster an innovative and inclusive team-oriented work environment Deliver high-quality work products within expected timeframes and on budget. Foster relationships with client personnel at appropriate levels. Monitor progress, manage risk and ensure","At EY, we’re all in to shape your future with confidence. We’ll help you succeed in a globally connected powerhouse of diverse teams and take your career wherever you want it to go. Join EY and help to build a better working world. Senior Manager - Oracle EPM Workstream Lead - Technology Consulting - Belfast – IOI (1706575) The team and the opportunity We are looking for skilled Oracle EPM Consultants with a strong background in Finance modules to become central to our client EPM implementation projects. The ideal candidates will possess in-depth knowledge of Oracle EPM functionalities, a proven track record in finance-related projects, and the ability to work collaboratively with cross-functional teams. Your Key Responsibilities: As a Senior Manager specialising in implementing Oracle Fusion Applications, with specific expertise in Enterprise Performance Management (EPM), you will work closely with our clients to support them in making strategic and operational decisions about their businesses. You will be a trusted business advisor to our clients with a strong Oracle Fusion EPM implementation background with experience in either Planning & Budgeting OR Financial Consolidation Previous experience working on Oracle Fusion Financials will be essential Work as part of a client engagement teams with diverse skills and backgrounds. Foster an innovative and inclusive team-oriented work environment Deliver high-quality work products within expected timeframes and on budget. Foster relationships with client personnel at appropriate levels. Monitor progress, manage risk and ensure",original-en,United Kingdom,,London,https://careers.ey.com/ey/job/Belfast-Senior-Manager-Oracle-EPM-Workstream-Lead-Technology-Consulting-Belfast-IOI-BT2-7DT/1390972033/,https://careers.ey.com/ey/search/?q=finance&locationsearch=United%20Kingdom,ey-uk,Thu Jul 30 02:00:00 UTC 2026,2026-08-11T19:39:17.894880+00:00,2026-08-11T20:26:26.062356+00:00,10,,schema.org/JobPosting microdata,Open
6c3e350c7466a2e7,ey,EY,"Senior Manager, Real Estate Tax Advisory, London","Senior Manager - International Tax & Transaction Services - Real Estate, Hospitality & Construction We’ve got an exciting opportunity to join our international tax services team, who are recognised as being leaders in international tax advisory and cross border M&A. You will be working with some of the largest corporation in the world advising them on their international tax planning and M&A deals. Working within our International Transaction Tax Service (ITTS) Practice focusing on the RHC offering. You will be working with some of the sector leading Partners who are well known and respected in the market. You’ll also be working with a high performing team who have advised on many high profile and market leading transactions over the past few years. It is a great time to join the ITTS team who have expanded exponentially in recent years and are continuing to grow. With a number of disrupting factors in the market at the moment you’ll be at the forefront of helping our clients to navigate the market challenges on an international scale. The opportunity The combination of experience and innovation in our team makes it not only one of the most exciting places to work in tax, but also a place where you can learn and develop into a skilled and renowned international tax adviser, working with UK / overseas MNCs, lawyers and banks on complex and exciting projects. Our international tax professionals will work on a variety of projects which are focused on helping clients to develop and execute their international tax strategy, including: Expansion into new markets Pre-transaction r","Senior Manager - International Tax & Transaction Services - Real Estate, Hospitality & Construction We’ve got an exciting opportunity to join our international tax services team, who are recognised as being leaders in international tax advisory and cross border M&A. You will be working with some of the largest corporation in the world advising them on their international tax planning and M&A deals. Working within our International Transaction Tax Service (ITTS) Practice focusing on the RHC offering. You will be working with some of the sector leading Partners who are well known and respected in the market. You’ll also be working with a high performing team who have advised on many high profile and market leading transactions over the past few years. It is a great time to join the ITTS team who have expanded exponentially in recent years and are continuing to grow. With a number of disrupting factors in the market at the moment you’ll be at the forefront of helping our clients to navigate the market challenges on an international scale. The opportunity The combination of experience and innovation in our team makes it not only one of the most exciting places to work in tax, but also a place where you can learn and develop into a skilled and renowned international tax adviser, working with UK / overseas MNCs, lawyers and banks on complex and exciting projects. Our international tax professionals will work on a variety of projects which are focused on helping clients to develop and execute their international tax strategy, including: Expansion into new markets Pre-transaction r",original-en,United Kingdom,,London,https://careers.ey.com/ey/job/London-Senior-Manager%2C-Real-Estate-Tax-Advisory%2C-London-SE1-2AF/1208934701/,https://careers.ey.com/ey/search/?q=finance&locationsearch=United%20Kingdom,ey-uk,Sat Jul 18 02:00:00 UTC 2026,2026-08-11T19:39:17.894880+00:00,2026-08-11T20:26:26.062356+00:00,10,,schema.org/JobPosting microdata,Open
40ca34ed851d40b2,ey,EY,(Senior) Consultant - Business Consulting - Finance,"At EY, we’re all in to shape your future with confidence. We’ll help you succeed in a globally connected powerhouse of diverse teams and take your career wherever you want it to go. Join EY and help to build a better working world. In a world that’s changing faster than ever. Our global promise: ""Building a better working world"" guides our more than 300,000 employees around the globe and provides the basis for the work we do every day. With our innovative services in audit, tax, transaction and management consulting, we lead our clients into the future. In Consulting, you will be involved in management and business consulting. We provide seamless, consistent and high-quality services to our clients around the world. Our team works collaboratively with our clients to manage engagements and lead teams across all aspects of the CFO’s agenda. The needs of our clients are driven by global trends within a firm’s finance function as well as wider business transformations. What you can expect – enriching experiences that will last a lifetime Become part of Business Consulting Finance and work within a young and dynamic team in the areas of Corporate Transformation, Digital Finance and Global Business Services Support the execution of entity-wide transformation programs, from strategy development to operational implementation Be involved in designing finance operating models, finance processes and next generation digital finance capabilities Contribute to the success of projects with state-of-the-art project management methods Work in an international team on cross-functional engage","At EY, we’re all in to shape your future with confidence. We’ll help you succeed in a globally connected powerhouse of diverse teams and take your career wherever you want it to go. Join EY and help to build a better working world. In a world that’s changing faster than ever. Our global promise: ""Building a better working world"" guides our more than 300,000 employees around the globe and provides the basis for the work we do every day. With our innovative services in audit, tax, transaction and management consulting, we lead our clients into the future. In Consulting, you will be involved in management and business consulting. We provide seamless, consistent and high-quality services to our clients around the world. Our team works collaboratively with our clients to manage engagements and lead teams across all aspects of the CFO’s agenda. The needs of our clients are driven by global trends within a firm’s finance function as well as wider business transformations. What you can expect – enriching experiences that will last a lifetime Become part of Business Consulting Finance and work within a young and dynamic team in the areas of Corporate Transformation, Digital Finance and Global Business Services Support the execution of entity-wide transformation programs, from strategy development to operational implementation Be involved in designing finance operating models, finance processes and next generation digital finance capabilities Contribute to the success of projects with state-of-the-art project management methods Work in an international team on cross-functional engage",original-en,Switzerland,,Zurich,https://careers.ey.com/ey/job/Zurich-%28Senior%29-Consultant-Business-Consulting-Finance-8005/1112895701/,https://careers.ey.com/ey/search/?q=finance&locationsearch=Switzerland,ey-ch,Thu Jul 16 02:00:00 UTC 2026,2026-08-11T19:38:11.846812+00:00,2026-08-11T20:25:32.124848+00:00,10,,schema.org/JobPosting microdata,Open
82913b81382027f6,ey,EY,(Senior) Consultant - Tax Financial Services - Geneva,"At EY, we’re all in to shape your future with confidence. We’ll help you succeed in a globally connected powerhouse of diverse teams and take your career wherever you want it to go. Join EY and help to build a better working world. The opportunity: your next adventure awaits Join our Tax Services team and gain exposure to a broad range of complex tax matters across both domestic and international environments. We advise leading financial institutions, including banks, wealth managers, insurance companies, and asset managers on optimizing their business and legal structures. To further strengthen our Financial Services Tax practice in Geneva , we are currently seeking a (senior) consultant. In this role, you will collaborate with diverse, multidisciplinary teams and work on a wide variety of client engagements, offering you steep learning opportunities and meaningful client exposure. If you are looking to accelerate your development in a dynamic, flexible, and multicultural environment, we look forward to welcoming you to our team. Your key responsibilities Support clients with the interpretation, implementation and application of regulatory and operational tax concepts, with a particular focus on tax transparency topics such as FATCA, QI and Automatic Exchange of Information, as well as related reporting obligations Be involved in practical, hands-on tasks, including guiding clients through onboarding rules, reviewing client documentation, applying tax calculation rules, classifying securities, and supporting tax reporting to both regulators and clients, as well as the mana","At EY, we’re all in to shape your future with confidence. We’ll help you succeed in a globally connected powerhouse of diverse teams and take your career wherever you want it to go. Join EY and help to build a better working world. The opportunity: your next adventure awaits Join our Tax Services team and gain exposure to a broad range of complex tax matters across both domestic and international environments. We advise leading financial institutions, including banks, wealth managers, insurance companies, and asset managers on optimizing their business and legal structures. To further strengthen our Financial Services Tax practice in Geneva , we are currently seeking a (senior) consultant. In this role, you will collaborate with diverse, multidisciplinary teams and work on a wide variety of client engagements, offering you steep learning opportunities and meaningful client exposure. If you are looking to accelerate your development in a dynamic, flexible, and multicultural environment, we look forward to welcoming you to our team. Your key responsibilities Support clients with the interpretation, implementation and application of regulatory and operational tax concepts, with a particular focus on tax transparency topics such as FATCA, QI and Automatic Exchange of Information, as well as related reporting obligations Be involved in practical, hands-on tasks, including guiding clients through onboarding rules, reviewing client documentation, applying tax calculation rules, classifying securities, and supporting tax reporting to both regulators and clients, as well as the mana",original-en,Switzerland,,Zurich,https://careers.ey.com/ey/job/Grand-Lancy-Geneva-%28Senior%29-Consultant-Tax-Financial-Services-Geneva-1212/1407961633/,https://careers.ey.com/ey/search/?q=finance&locationsearch=Switzerland,ey-ch,Thu Jul 23 02:00:00 UTC 2026,2026-08-11T19:38:11.846812+00:00,2026-08-11T20:25:32.124848+00:00,10,,schema.org/JobPosting microdata,Open
fd9eb0626d33f098,ey,EY,Assistant(e) Audit Industries - dès Octobre 2026 - Genève (Graduate),"At EY, we’re all in to shape your future with confidence. We’ll help you succeed in a globally connected powerhouse of diverse teams and take your career wherever you want it to go. Join EY and help to build a better working world. L'opportunité : Votre prochaine aventure vous attend Au sein de nos services Assurance, nous consolidons la confiance du public envers les marchés de capitaux internationaux à travers une multitude de secteurs, contribuant de ce fait à une croissance économique durable. Épanouissez-vous au cœur de nos équipes interdisciplinaires et multiculturelles afin de contribuer à façonner l'avenir de l'audit ! Vos principales responsabilités Plongez dans l'audit financier et digital en examinant les comptes selon le CO, les normes IFRS et US GAAP, que ce soit sur site, au bureau ou en télétravail. Interagissez étroitement avec une clientèle variée et internationale, conduisant des audits intégrés et vérifiant la conformité réglementaire. Utilisez la technologie la plus avancée pour des audits basés sur les données, afin d'identifier les risques et détecter les anomalies. Développez vos compétences et visez le diplôme d’Expert-comptable suisse grâce à des formations continues en audit, comptabilité, finance et durabilité. Prenez des responsabilités et influencez l'avenir dans un cadre dynamique et inclusif, tout en bénéficiant du soutien de vos pairs et mentors. Ce que nous recherchons Vous avez un état d’esprit agile et tourné vers la croissance : vos connaissances comptent, mais votre état d’esprit est tout aussi déterminant pour réussir. Nous recherchons","At EY, we’re all in to shape your future with confidence. We’ll help you succeed in a globally connected powerhouse of diverse teams and take your career wherever you want it to go. Join EY and help to build a better working world. The Opportunity: Your next adventure awaits Within our Insurance services, we build public confidence in international capital markets across a multitude of sectors, thereby contributing to sustainable economic growth. Thrive within our interdisciplinary and multicultural teams to help shape the future of auditing! Your main responsibilities Dive into financial and digital auditing by reviewing accounts according to CO, IFRS and US GAAP, whether on site, in the office or working remotely. Interact closely with a diverse and international clientele, conducting integrated audits and verifying regulatory compliance. Use the most advanced technology for data-driven audits to identify risks and detect anomalies. Develop your skills and aim for the Swiss Chartered Accountant diploma through continuing training in auditing, accounting, finance and sustainability. Take responsibility and influence the future in a dynamic and inclusive setting, while benefiting from the support of your peers and mentors. What we're looking for You have an agile, growth-oriented mindset: your knowledge matters, but your mindset is just as critical to success. We are looking for",translated-fr,Switzerland,,Zurich,https://careers.ey.com/ey/job/Grand-Lancy-Geneva-Assistant%28e%29-Audit-Industries-d%C3%A8s-Octobre-2026-Gen%C3%A8ve-%28Graduate%29-1212/1247988901/,https://careers.ey.com/ey/search/?q=finance&locationsearch=Switzerland,ey-ch,Fri Jul 31 02:00:00 UTC 2026,2026-08-11T19:38:11.846812+00:00,2026-08-11T20:25:32.124848+00:00,10,,schema.org/JobPosting microdata,Open
3bdd1451d667d185,ey,EY,Consultant - Tax Transfer Pricing (Geneva),"At EY, we’re all in to shape your future with confidence. We’ll help you succeed in a globally connected powerhouse of diverse teams and take your career wherever you want it to go. Join EY and help to build a better working world. The opportunity: your next adventure awaits Our International Tax and Transaction Services (ITTS) practice helps private capital enterprises and multinational corporations navigate complex tax and business challenges across every stage of their growth journey. By combining deep technical knowledge with a globally connected network, we advise on international tax matters, business transformations, corporate restructurings, transactions, treasury operations, and tax strategies designed to support sustainable value creation. As our Transfer Pricing team continues to grow, we are looking for a Consultant to join our Geneva office. This is an opportunity to work on complex international projects, collaborate with leading professionals across jurisdictions, and contribute to the growth of a dynamic and market-leading practice. Your key responsibilities Support the delivery of transfer pricing engagements by applying transfer pricing concepts and economic, financial, and business analyses to client situations Prepare transfer pricing documentation and economic analyses, and support the development of transfer pricing policies and planning solutions Support the creation of transfer pricing financial models using multiple financial and statistical tools as well as relevant information services for the preparation of benchmarks Contribute to transfer prici","At EY, we’re all in to shape your future with confidence. We’ll help you succeed in a globally connected powerhouse of diverse teams and take your career wherever you want it to go. Join EY and help to build a better working world. The opportunity: your next adventure awaits Our International Tax and Transaction Services (ITTS) practice helps private capital enterprises and multinational corporations navigate complex tax and business challenges across every stage of their growth journey. By combining deep technical knowledge with a globally connected network, we advise on international tax matters, business transformations, corporate restructurings, transactions, treasury operations, and tax strategies designed to support sustainable value creation. As our Transfer Pricing team continues to grow, we are looking for a Consultant to join our Geneva office. This is an opportunity to work on complex international projects, collaborate with leading professionals across jurisdictions, and contribute to the growth of a dynamic and market-leading practice. Your key responsibilities Support the delivery of transfer pricing engagements by applying transfer pricing concepts and economic, financial, and business analyses to client situations Prepare transfer pricing documentation and economic analyses, and support the development of transfer pricing policies and planning solutions Support the creation of transfer pricing financial models using multiple financial and statistical tools as well as relevant information services for the preparation of benchmarks Contribute to transfer prici",original-en,Switzerland,,Zurich,https://careers.ey.com/ey/job/Grand-Lancy-Geneva-Consultant-Tax-Transfer-Pricing-%28Geneva%29-1212/1423969233/,https://careers.ey.com/ey/search/?q=finance&locationsearch=Switzerland,ey-ch,Thu Aug 06 00:00:00 UTC 2026,2026-08-11T19:38:11.846812+00:00,2026-08-11T20:25:32.124848+00:00,10,,schema.org/JobPosting microdata,Open
f44f8a2c0ab58f30,ey,EY,Consultant Reward Zürich (Graduate),"At EY, we’re all in to shape your future with confidence. We’ll help you succeed in a globally connected powerhouse of diverse teams and take your career wherever you want it to go. Join EY and help to build a better working world. The opportunity Kick-start a purposeful career and become part of our unique Reward Team to tackle exciting daily challenges! Our People Advisory Services business (PAS) is focused on people management and our vision is to help our clients get it right in all its facets. PAS has three key pillars: Transformation (Workforce Advisory), mobile talent and workforce enablement (Integrated Mobility) and transactions (Reward and HR M&A). In Reward, we help our clients to manage the complex challenges in executive/board rewards, fringe benefits, and equally broader based reward topics such as regulatory compliance, broad based equity programs, grading, performance management and the like. As a (Senior) Consultant in the Rewards team, you will be offered a diverse and fulfilling career; you will have the opportunity to work with a range of clients on large and small-scale projects across multiple sectors and industries. You will benefit by working with a variety of experienced teams across multiple geographies, in a fast-paced environment that can help you accelerate your career path, wherever that may take you. Your key responsibilities Support in the planning and implementation of consulting projects in the area of remuneration for companies from various industries under the guidance and support of the project managers in our team Support in all tasks w","At EY, we’re all in to shape your future with confidence. We’ll help you succeed in a globally connected powerhouse of diverse teams and take your career wherever you want it to go. Join EY and help to build a better working world. The opportunity Kick-start a purposeful career and become part of our unique Reward Team to tackle exciting daily challenges! Our People Advisory Services business (PAS) is focused on people management and our vision is to help our clients get it right in all its facets. PAS has three key pillars: Transformation (Workforce Advisory), mobile talent and workforce enablement (Integrated Mobility) and transactions (Reward and HR M&A). In Reward, we help our clients to manage the complex challenges in executive/board rewards, fringe benefits, and equally broader based reward topics such as regulatory compliance, broad based equity programs, grading, performance management and the like. As a (Senior) Consultant in the Rewards team, you will be offered a diverse and fulfilling career; you will have the opportunity to work with a range of clients on large and small-scale projects across multiple sectors and industries. You will benefit by working with a variety of experienced teams across multiple geographies, in a fast-paced environment that can help you accelerate your career path, wherever that may take you. Your key responsibilities Support in the planning and implementation of consulting projects in the area of remuneration for companies from various industries under the guidance and support of the project managers in our team Support in all tasks w",original-en,Switzerland,,Zurich,https://careers.ey.com/ey/job/Zurich-Consultant-Reward-Z%C3%BCrich-%28Graduate%29-8005/1254443201/,https://careers.ey.com/ey/search/?q=finance&locationsearch=Switzerland,ey-ch,Tue Aug 11 02:00:00 UTC 2026,2026-08-11T19:38:11.846812+00:00,2026-08-11T20:25:32.124848+00:00,10,,schema.org/JobPosting microdata,Open
79b5b5f8e1631097,ey,EY,"Consultant, Climate Change and Sustainability Services Financial Services - Geneva","At EY, we’re all in to shape your future with confidence. We’ll help you succeed in a globally connected powerhouse of diverse teams and take your career wherever you want it to go. Join EY and help to build a better working world. The opportunity: your next adventure awaits Are you passionate about sustainability and thrive in solving challenging tasks that directly contribute to a better environment and society? Do you enjoy working with financial sector in supporting their sustainability ambitions and challenges? Join our growing Climate Change and Sustainability Services Team as part of a wider Assurance Advisory team within EY! The world is facing one of the biggest challenges of humankind – constant changing of climate under today’s way we conduct economic activities. Climate change is no longer a distant sustainability concern but an immediate and systemic risk. Increasingly severe physical impacts (such as extreme weather events, resource scarcity, and infrastructure damage) combined with accelerating regulatory and market transitions are forcing governments and companies to fundamentally adapt their strategies, moving away from business-as-usual models. When the financial services industry works well, it creates growth, prosperity, and peace of mind for hundreds of millions of people. No other industry touches so many lives or shapes so many futures. At EY Financial Services, we share a single focus — to build a better financial services industry, not just for now, but for the future. Sustainability is at the heart of our EY brand. It is at the heart of our strateg","At EY, we’re all in to shape your future with confidence. We’ll help you succeed in a globally connected powerhouse of diverse teams and take your career wherever you want it to go. Join EY and help to build a better working world. The opportunity: your next adventure awaits Are you passionate about sustainability and thrive in solving challenging tasks that directly contribute to a better environment and society? Do you enjoy working with financial sector in supporting their sustainability ambitions and challenges? Join our growing Climate Change and Sustainability Services Team as part of a wider Assurance Advisory team within EY! The world is facing one of the biggest challenges of humankind – constant changing of climate under today’s way we conduct economic activities. Climate change is no longer a distant sustainability concern but an immediate and systemic risk. Increasingly severe physical impacts (such as extreme weather events, resource scarcity, and infrastructure damage) combined with accelerating regulatory and market transitions are forcing governments and companies to fundamentally adapt their strategies, moving away from business-as-usual models. When the financial services industry works well, it creates growth, prosperity, and peace of mind for hundreds of millions of people. No other industry touches so many lives or shapes so many futures. At EY Financial Services, we share a single focus — to build a better financial services industry, not just for now, but for the future. Sustainability is at the heart of our EY brand. It is at the heart of our strateg",original-en,Switzerland,,Zurich,https://careers.ey.com/ey/job/Grand-Lancy-Geneva-Consultant%2C-Climate-Change-and-Sustainability-Services-Financial-Services-Geneva-1212/1412150533/,https://careers.ey.com/ey/search/?q=finance&locationsearch=Switzerland,ey-ch,Wed Aug 05 02:00:00 UTC 2026,2026-08-11T19:38:11.846812+00:00,2026-08-11T20:25:32.124848+00:00,10,,schema.org/JobPosting microdata,Open
5b6fa6587061dcf6,ey,EY,"Consultant, Climate Change and Sustainability Services Financial Services, Zurich","At EY, we’re all in to shape your future with confidence. We’ll help you succeed in a globally connected powerhouse of diverse teams and take your career wherever you want it to go. Join EY and help to build a better working world. The opportunity: your next adventure awaits Are you passionate about sustainability and thrive in solving challenging tasks that directly contribute to a better environment and society? Do you enjoy working with financial sector in supporting their sustainability ambitions and challenges? Join our growing Climate Change and Sustainability Services Team as part of a wider Assurance Advisory team within EY! The world is facing one of the biggest challenges of humankind – constant changing of climate under today’s way we conduct economic activities. Climate change is no longer a distant sustainability concern but an immediate and systemic risk. Increasingly severe physical impacts (such as extreme weather events, resource scarcity, and infrastructure damage) combined with accelerating regulatory and market transitions are forcing governments and companies to fundamentally adapt their strategies, moving away from business-as-usual models. When the financial services industry works well, it creates growth, prosperity, and peace of mind for hundreds of millions of people. No other industry touches so many lives or shapes so many futures. At EY Financial Services, we share a single focus — to build a better financial services industry, not just for now, but for the future. Sustainability is at the heart of our EY brand. It is at the heart of our strateg","At EY, we’re all in to shape your future with confidence. We’ll help you succeed in a globally connected powerhouse of diverse teams and take your career wherever you want it to go. Join EY and help to build a better working world. The opportunity: your next adventure awaits Are you passionate about sustainability and thrive in solving challenging tasks that directly contribute to a better environment and society? Do you enjoy working with financial sector in supporting their sustainability ambitions and challenges? Join our growing Climate Change and Sustainability Services Team as part of a wider Assurance Advisory team within EY! The world is facing one of the biggest challenges of humankind – constant changing of climate under today’s way we conduct economic activities. Climate change is no longer a distant sustainability concern but an immediate and systemic risk. Increasingly severe physical impacts (such as extreme weather events, resource scarcity, and infrastructure damage) combined with accelerating regulatory and market transitions are forcing governments and companies to fundamentally adapt their strategies, moving away from business-as-usual models. When the financial services industry works well, it creates growth, prosperity, and peace of mind for hundreds of millions of people. No other industry touches so many lives or shapes so many futures. At EY Financial Services, we share a single focus — to build a better financial services industry, not just for now, but for the future. Sustainability is at the heart of our EY brand. It is at the heart of our strateg",cached,Switzerland,,Zurich,https://careers.ey.com/ey/job/Zurich-Consultant%2C-Climate-Change-and-Sustainability-Services-Financial-Services%2C-Zurich-8005/1414147833/,https://careers.ey.com/ey/search/?q=finance&locationsearch=Switzerland,ey-ch,Tue Aug 11 02:00:00 UTC 2026,2026-08-11T19:38:11.846812+00:00,2026-08-11T20:25:32.124848+00:00,10,,schema.org/JobPosting microdata,Open
1f9f9ffce2320b24,ey,EY,"FAAS Manager - Assistant Controller (IFMS) - Zurich, Basel, Geneva","At EY, we’re all in to shape your future with confidence. We’ll help you succeed in a globally connected powerhouse of diverse teams and take your career wherever you want it to go. Join EY and help to build a better working world. EY is expanding its Integrated Finance Managed Services (IFMS) offering in Switzerland, and we are seeking an Assistant Controller to support the Regional Controller in the delivery and oversight of finance operations across Swiss and European clients. This role plays a key part in a new and strategically important service line, contributing to the operational model, governance standards, and overall quality of IFMS delivery. It offers a unique blend of financial reporting support, operational excellence, multi‑framework accounting exposure, and cross‑functional collaboration within a managed services environment. Key Responsibilities Support monthly and quarterly close activities, including journal entries, reconciliations, and variance analysis Assist in preparing financial information under the appropriate reporting framework (IFRS, US GAAP, Swiss Code of Obligations, Swiss GAAP FER), depending on client requirements Collaborate with FAAS specialists on technical accounting matters (aligned with IFMS delivery model) Contribute to regulatory reporting, including SEC filings (as applicable), EU regulatory submissions, and SIX Swiss Exchange reporting Work with IFMS Delivery Executives and global delivery teams to monitor service delivery, identify issues early, and support timely remediation Support commercial management activities by monitoring","At EY, we’re all in to shape your future with confidence. We’ll help you succeed in a globally connected powerhouse of diverse teams and take your career wherever you want it to go. Join EY and help to build a better working world. EY is expanding its Integrated Finance Managed Services (IFMS) offering in Switzerland, and we are seeking an Assistant Controller to support the Regional Controller in the delivery and oversight of finance operations across Swiss and European clients. This role plays a key part in a new and strategically important service line, contributing to the operational model, governance standards, and overall quality of IFMS delivery. It offers a unique blend of financial reporting support, operational excellence, multi‑framework accounting exposure, and cross‑functional collaboration within a managed services environment. Key Responsibilities Support monthly and quarterly close activities, including journal entries, reconciliations, and variance analysis Assist in preparing financial information under the appropriate reporting framework (IFRS, US GAAP, Swiss Code of Obligations, Swiss GAAP FER), depending on client requirements Collaborate with FAAS specialists on technical accounting matters (aligned with IFMS delivery model) Contribute to regulatory reporting, including SEC filings (as applicable), EU regulatory submissions, and SIX Swiss Exchange reporting Work with IFMS Delivery Executives and global delivery teams to monitor service delivery, identify issues early, and support timely remediation Support commercial management activities by monitoring",original-en,Switzerland,,Zurich,https://careers.ey.com/ey/job/Zurich-FAAS-Manager-Assistant-Controller-%28IFMS%29-Zurich%2C-Basel%2C-Geneva-8005/1397601433/,https://careers.ey.com/ey/search/?q=finance&locationsearch=Switzerland,ey-ch,Fri Jul 24 02:00:00 UTC 2026,2026-08-11T19:38:11.846812+00:00,2026-08-11T20:25:32.124848+00:00,10,,schema.org/JobPosting microdata,Open
c3fd95d70d911c69,ey,EY,Forensic Consultant for economic crime investigations and compliance,"At EY, you’ll have the chance to build a career as unique as you are, with the global scale, support, inclusive culture and technology to become the best version of you. And we’re counting on your unique voice and perspective to help EY become even better, too. Join us and build an exceptional experience for yourself, and a better working world for all. The opportunity Join our growing Forensic & Integrity Services practice in Zurich and step into an exceptional career opportunity where you will be investigating fraud, bribery, corruption and money-laundering matters. We are a dynamic team of highly motivated specialists – forensic accountants, lawyers, data analysts, tech experts, dedicated to helping organizations build confidence by preventing and responding to integrity-related issues. From day one, you'll be trusted with substantive work on forensic cases for both public and private sector clients: helping their leadership and legal counsel investigate facts, resolve disputes and navigate complex regulatory environments, as well as building integrity-focused compliance programs that manage ethical, reputational and financial risks. We have been investing heavily in GenAI, analytics and forensic technology, meaning you will leverage innovative tools and the latest technical solutions, and help shape how we use them. We offer a career built to grow with you: early client responsibility, national and international mandates, and specialization options that let you take on new challenges and advance into more senior roles. Your key responsibilities Investigate various types","At EY, you’ll have the chance to build a career as unique as you are, with the global scale, support, inclusive culture and technology to become the best version of you. And we’re counting on your unique voice and perspective to help EY become even better, too. Join us and build an exceptional experience for yourself, and a better working world for all. The opportunity Join our growing Forensic & Integrity Services practice in Zurich and step into an exceptional career opportunity where you will be investigating fraud, bribery, corruption and money-laundering matters. We are a dynamic team of highly motivated specialists – forensic accountants, lawyers, data analysts, tech experts, dedicated to helping organizations build confidence by preventing and responding to integrity-related issues. From day one, you'll be trusted with substantive work on forensic cases for both public and private sector clients: helping their leadership and legal counsel investigate facts, resolve disputes and navigate complex regulatory environments, as well as building integrity-focused compliance programs that manage ethical, reputational and financial risks. We have been investing heavily in GenAI, analytics and forensic technology, meaning you will leverage innovative tools and the latest technical solutions, and help shape how we use them. We offer a career built to grow with you: early client responsibility, national and international mandates, and specialization options that let you take on new challenges and advance into more senior roles. Your key responsibilities Investigate various types",original-en,Switzerland,,Zurich,https://careers.ey.com/ey/job/Zurich-Forensic-Consultant-for-economic-crime-investigations-and-compliance-8005/1412166533/,https://careers.ey.com/ey/search/?q=finance&locationsearch=Switzerland,ey-ch,Wed Aug 05 02:00:00 UTC 2026,2026-08-11T19:38:11.846812+00:00,2026-08-11T20:25:32.124848+00:00,10,,schema.org/JobPosting microdata,Open
d5a06c8fbd2f2b31,ey,EY,Intern Tax Financial Services - Transfer Pricing Zürich (Graduate),"At EY, we’re all in to shape your future with confidence. We’ll help you succeed in a globally connected powerhouse of diverse teams and take your career wherever you want it to go. Join EY and help to build a better working world. The opportunity: your next adventure awaits Kick-start a purposeful career and become part of our unique Transfer Pricing Team to tackle exciting daily challenges! As the only one of the Big 4 with a specialist cross-border practice dedicated to the Financial Services Sector, we offer our clients seamless, consistent and high-quality services around the globe. As part of our Tax Services, we provide expertise and advice on all tax issues. This knowledge enables us to optimize the business and legal structures of national and international clients. This is an internship position starting in September 2026. Your key responsibilities Support in the preparation of transfer pricing documentation and memorandums Assist in conducting economic analysis and valuations Support the preparation of transfer pricing financial models and benchmarks using financial and statistical tools Assist in the preparation of proposals Support complex transfer pricing analyses and development of concepts Assist the team in long-term projects such as advanced pricing agreements (APAs), mutual agreement procedures (MAPs) and audits Contribute to improving quality and enhancing best practices Attend knowledge-sharing meetings and trainings What we look for Completed university degree (Bachelor’s or Master’s) in business, finance, economics, accounting, management, law, or sim","At EY, we’re all in to shape your future with confidence. We’ll help you succeed in a globally connected powerhouse of diverse teams and take your career wherever you want it to go. Join EY and help to build a better working world. The opportunity: your next adventure awaits Kick-start a purposeful career and become part of our unique Transfer Pricing Team to tackle exciting daily challenges! As the only one of the Big 4 with a specialist cross-border practice dedicated to the Financial Services Sector, we offer our clients seamless, consistent and high-quality services around the globe. As part of our Tax Services, we provide expertise and advice on all tax issues. This knowledge enables us to optimize the business and legal structures of national and international clients. This is an internship position starting in September 2026. Your key responsibilities Support in the preparation of transfer pricing documentation and memorandums Assist in conducting economic analysis and valuations Support the preparation of transfer pricing financial models and benchmarks using financial and statistical tools Assist in the preparation of proposals Support complex transfer pricing analyses and development of concepts Assist the team in long-term projects such as advanced pricing agreements (APAs), mutual agreement procedures (MAPs) and audits Contribute to improving quality and enhancing best practices Attend knowledge-sharing meetings and trainings What we look for Completed university degree (Bachelor’s or Master’s) in business, finance, economics, accounting, management, law, or sim",original-en,Switzerland,,Zurich,https://careers.ey.com/ey/job/Zurich-Intern-Tax-Financial-Services-Transfer-Pricing-Z%C3%BCrich-%28Graduate%29-8005/1394043233/,https://careers.ey.com/ey/search/?q=finance&locationsearch=Switzerland,ey-ch,Mon Aug 10 02:00:00 UTC 2026,2026-08-11T19:38:11.846812+00:00,2026-08-11T20:25:32.124848+00:00,10,,schema.org/JobPosting microdata,Open
b4319651764e1b94,ey,EY,Manager - Finance Optimization (FAAS),"At EY, we’re all in to shape your future with confidence. We’ll help you succeed in a globally connected powerhouse of diverse teams and take your career wherever you want it to go. Join EY and help to build a better working world. At EY, you will have the opportunity to build a career as unique as you are. With our global scale, inclusive culture and leading technology, we support you in developing your skills and creating impact—working with teams that help clients accelerate digitalisation and automation across the finance function. In a world changing faster than ever, EY’s purpose, Building a better working world, guides more than 300,000 people globally and provides meaning to the work we do every day. Through our innovative services in assurance, tax, transactions and consulting, we help clients navigate complexity and drive sustainable value. About FAAS / Finance Optimization Our Financial Accounting Advisory Services (FAAS) practice in Switzerland is growing strongly. To support this expansion, our Finance Optimization team is seeking a Manager to join us in Basel, Zurich or Geneva. Role Overview As a Manager, you will lead client engagements and multidisciplinary teams across digital finance transformation programmes. You will take ownership of workstreams, manage stakeholders and ensure the delivery of high‑quality outputs. Your Key Responsibilities Lead digital finance transformation engagements including ERP/EPM programmes, automation use cases, and finance data & analytics workstreams. Analyze and improve end-to-end finance processes (e.g., R2R, O2C, P2P, FPA","At EY, we’re all in to shape your future with confidence. We’ll help you succeed in a globally connected powerhouse of diverse teams and take your career wherever you want it to go. Join EY and help to build a better working world. At EY, you will have the opportunity to build a career as unique as you are. With our global scale, inclusive culture and leading technology, we support you in developing your skills and creating impact—working with teams that help clients accelerate digitalisation and automation across the finance function. In a world changing faster than ever, EY’s purpose, Building a better working world, guides more than 300,000 people globally and provides meaning to the work we do every day. Through our innovative services in assurance, tax, transactions and consulting, we help clients navigate complexity and drive sustainable value. About FAAS / Finance Optimization Our Financial Accounting Advisory Services (FAAS) practice in Switzerland is growing strongly. To support this expansion, our Finance Optimization team is seeking a Manager to join us in Basel, Zurich or Geneva. Role Overview As a Manager, you will lead client engagements and multidisciplinary teams across digital finance transformation programmes. You will take ownership of workstreams, manage stakeholders and ensure the delivery of high‑quality outputs. Your Key Responsibilities Lead digital finance transformation engagements including ERP/EPM programmes, automation use cases, and finance data & analytics workstreams. Analyze and improve end-to-end finance processes (e.g., R2R, O2C, P2P, FPA",original-en,Switzerland,,Zurich,https://careers.ey.com/ey/job/Zurich-Manager-Finance-Optimization-%28FAAS%29-8005/1365331833/,https://careers.ey.com/ey/search/?q=finance&locationsearch=Switzerland,ey-ch,Tue Aug 11 02:00:00 UTC 2026,2026-08-11T19:38:11.846812+00:00,2026-08-11T20:25:32.124848+00:00,10,,schema.org/JobPosting microdata,Open
fe7d53279af729e6,ey,EY,Manager - Financial Accounting Advisory Services - Geneva,"At EY, we’re all in to shape your future with confidence. We’ll help you succeed in a globally connected powerhouse of diverse teams and take your career wherever you want it to go. Join EY and help to build a better working world. Manager - Financial Accounting Advisory Services - Geneva In a world that’s changing faster than ever, our purpose acts as our ‘North Star’ guiding our more than 300,000 people – providing the context and meaning for the work we do every day. In doing so, we play a critical role in building a better working world for our people, clients and communities. Thanks to our innovative services in auditing, tax consulting as well as transaction and management consulting, we proudly drive our clients into the future. EY supports financial departments in meeting the major challenges of the finance function: measuring the efficiency and value creation of companies, supporting digital transformation, being a player in company strategy, participating in investment policy and financing but also to optimize processes and improve control of the finance function. Financial Accounting Advisory Services (FAAS) professionals provide advisory services to a wide range of clients across different industries covering a broad spectrum of services in finance function transformation, performance management, consolidated reporting, accounting excellence, treasury, optimization of financial processes and internal control, and accounting assistance for transactions (acquisition, carve out, IPO, refinancing, etc.). With our Assurance Services, we strengthen public confidence i","At EY, we’re all in to shape your future with confidence. We’ll help you succeed in a globally connected powerhouse of diverse teams and take your career wherever you want it to go. Join EY and help to build a better working world. Manager - Financial Accounting Advisory Services - Geneva In a world that’s changing faster than ever, our purpose acts as our ‘North Star’ guiding our more than 300,000 people – providing the context and meaning for the work we do every day. In doing so, we play a critical role in building a better working world for our people, clients and communities. Thanks to our innovative services in auditing, tax consulting as well as transaction and management consulting, we proudly drive our clients into the future. EY supports financial departments in meeting the major challenges of the finance function: measuring the efficiency and value creation of companies, supporting digital transformation, being a player in company strategy, participating in investment policy and financing but also to optimize processes and improve control of the finance function. Financial Accounting Advisory Services (FAAS) professionals provide advisory services to a wide range of clients across different industries covering a broad spectrum of services in finance function transformation, performance management, consolidated reporting, accounting excellence, treasury, optimization of financial processes and internal control, and accounting assistance for transactions (acquisition, carve out, IPO, refinancing, etc.). With our Assurance Services, we strengthen public confidence i",original-en,Switzerland,,Zurich,https://careers.ey.com/ey/job/Grand-Lancy-Geneva-Manager-Financial-Accounting-Advisory-Services-Geneva-1212/1173513901/,https://careers.ey.com/ey/search/?q=finance&locationsearch=Switzerland,ey-ch,Tue Aug 11 02:00:00 UTC 2026,2026-08-11T19:38:11.846812+00:00,2026-08-11T20:25:32.124848+00:00,10,,schema.org/JobPosting microdata,Open
13651ab95b40b3b5,ey,EY,Risk Intern in Geneva - Regulatory audit (Graduate),"Are you interested in working in an exciting, fast-paced environment? Do you want to continue your career by being exposed to interesting and multifaceted projects while learning from industry leaders? At EY, you will have the chance to further develop and enhance your career on a global scale that is as unique as you are! We will provide you with support, an inclusive culture, and the relevant technology to enable you to become the best version of yourself. Our Financial Services Organisation is unique among the Big 4 firms, being the only one with a functional specialisation in the Financial Services sector that is transnationally integrated across the Europe West region. As a leader in risk in Switzerland and the Europe West region, we strive to help organisations navigate the ever-changing regulatory landscape. With an increasing push for internationally aligned regulations for financial institutions, our team is uniquely positioned to drive the development of our business and talent. The opportunity: your next adventure awaits Within Financial Services Consulting, the Risk team covers a broad range of functions dedicated to providing high-value, trusted regulatory focused audit and advisory services to clients. As part of the Risk team, the Prudential Risk team works with diverse financial services companies that range from major global banks to insurance companies and specialized private and regional banks. We support our clients with regulatory audit risk subject matter experts, tailored solutions in the identification, measurement, steering and monitoring of risks a","Are you interested in working in an exciting, fast-paced environment? Do you want to continue your career by being exposed to interesting and multifaceted projects while learning from industry leaders? At EY, you will have the chance to further develop and enhance your career on a global scale that is as unique as you are! We will provide you with support, an inclusive culture, and the relevant technology to enable you to become the best version of yourself. Our Financial Services Organisation is unique among the Big 4 firms, being the only one with a functional specialisation in the Financial Services sector that is transnationally integrated across the Europe West region. As a leader in risk in Switzerland and the Europe West region, we strive to help organisations navigate the ever-changing regulatory landscape. With an increasing push for internationally aligned regulations for financial institutions, our team is uniquely positioned to drive the development of our business and talent. The opportunity: your next adventure awaits Within Financial Services Consulting, the Risk team covers a broad range of functions dedicated to providing high-value, trusted regulatory focused audit and advisory services to clients. As part of the Risk team, the Prudential Risk team works with diverse financial services companies that range from major global banks to insurance companies and specialized private and regional banks. We support our clients with regulatory audit risk subject matter experts, tailored solutions in the identification, measurement, steering and monitoring of risks a",original-en,Switzerland,,Zurich,https://careers.ey.com/ey/job/Grand-Lancy-Geneva-Risk-Intern-in-Geneva-Regulatory-audit-%28Graduate%29-1212/1407361933/,https://careers.ey.com/ey/search/?q=finance&locationsearch=Switzerland,ey-ch,Wed Jul 22 02:00:00 UTC 2026,2026-08-11T19:38:11.846812+00:00,2026-08-11T20:25:32.124848+00:00,10,,schema.org/JobPosting microdata,Open
ddfd51fe56b55700,ey,EY,Senior Consultant - Finance Optimization (FAAS),"At EY, we’re all in to shape your future with confidence. We’ll help you succeed in a globally connected powerhouse of diverse teams and take your career wherever you want it to go. Join EY and help to build a better working world. At EY, you will have the opportunity to build a career as unique as you are. With our global scale, inclusive culture and leading technology, we support you in developing your skills and creating impact—working with teams that help clients accelerate digitalisation and automation across the finance function. In a world changing faster than ever, EY’s purpose, Building a better working world, guides more than 300,000 people globally and provides meaning to the work we do every day. Through our innovative services in assurance, tax, transactions and consulting, we help clients navigate complexity and drive sustainable value. About FAAS / Finance Optimization Our Financial Accounting Advisory Services (FAAS) practice in Switzerland is growing strongly. To support this expansion, our Finance Optimization team is seeking a Senior Consultant to join us in Basel, Zurich or Geneva. Role Overview As a Senior Consultant in our Finance Optimization team, you will support clients across key CFO agenda topics with a strong focus on digital finance transformation. You will work in multidisciplinary teams that combine finance and accounting knowledge with process, data and technology capabilities—helping deliver practical solutions and measurable improvements. Your Key Responsibilities Support digital finance transformation projects, including ERP/EPM initiativ","At EY, we’re all in to shape your future with confidence. We’ll help you succeed in a globally connected powerhouse of diverse teams and take your career wherever you want it to go. Join EY and help to build a better working world. At EY, you will have the opportunity to build a career as unique as you are. With our global scale, inclusive culture and leading technology, we support you in developing your skills and creating impact—working with teams that help clients accelerate digitalisation and automation across the finance function. In a world changing faster than ever, EY’s purpose, Building a better working world, guides more than 300,000 people globally and provides meaning to the work we do every day. Through our innovative services in assurance, tax, transactions and consulting, we help clients navigate complexity and drive sustainable value. About FAAS / Finance Optimization Our Financial Accounting Advisory Services (FAAS) practice in Switzerland is growing strongly. To support this expansion, our Finance Optimization team is seeking a Senior Consultant to join us in Basel, Zurich or Geneva. Role Overview As a Senior Consultant in our Finance Optimization team, you will support clients across key CFO agenda topics with a strong focus on digital finance transformation. You will work in multidisciplinary teams that combine finance and accounting knowledge with process, data and technology capabilities—helping deliver practical solutions and measurable improvements. Your Key Responsibilities Support digital finance transformation projects, including ERP/EPM initiativ",original-en,Switzerland,,Zurich,https://careers.ey.com/ey/job/Zurich-Senior-Consultant-Finance-Optimization-%28FAAS%29-8005/1365332233/,https://careers.ey.com/ey/search/?q=finance&locationsearch=Switzerland,ey-ch,Tue Aug 11 02:00:00 UTC 2026,2026-08-11T19:38:11.846812+00:00,2026-08-11T20:25:32.124848+00:00,10,,schema.org/JobPosting microdata,Open
0ee98a4f04c3f3f8,ey,EY,Senior Consultant - Tax Transfer Pricing (Geneva),"At EY, we’re all in to shape your future with confidence. We’ll help you succeed in a globally connected powerhouse of diverse teams and take your career wherever you want it to go. Join EY and help to build a better working world. The opportunity Our International Tax and Transaction Services (ITTS) practice helps private capital enterprises and multinational corporations navigate complex tax and business challenges across every stage of their growth journey. By combining deep technical knowledge with a globally connected network, we advise on international tax matters, business transformations, corporate restructurings, transactions, treasury operations, and tax strategies designed to support sustainable value creation. As our Transfer Pricing team continues to grow, we are looking for a Senior Consultant to join our Geneva office. This is an opportunity to work on complex international projects, collaborate with leading professionals across jurisdictions, and contribute to the growth of a dynamic and market-leading practice. Your key responsibilities Manage and deliver transfer pricing engagements with a strong focus on technical excellence, project management, and client service Advise clients on complex transfer pricing matters, including business restructurings, intellectual property migrations, tax audits, dispute prevention and resolution (MAPs/APAs), and supply chain transformations Develop and maintain strong client relationships, acting as a trusted advisor and delivering high-quality solutions tailored to clients' business needs Support business development init","At EY, we’re all in to shape your future with confidence. We’ll help you succeed in a globally connected powerhouse of diverse teams and take your career wherever you want it to go. Join EY and help to build a better working world. The opportunity Our International Tax and Transaction Services (ITTS) practice helps private capital enterprises and multinational corporations navigate complex tax and business challenges across every stage of their growth journey. By combining deep technical knowledge with a globally connected network, we advise on international tax matters, business transformations, corporate restructurings, transactions, treasury operations, and tax strategies designed to support sustainable value creation. As our Transfer Pricing team continues to grow, we are looking for a Senior Consultant to join our Geneva office. This is an opportunity to work on complex international projects, collaborate with leading professionals across jurisdictions, and contribute to the growth of a dynamic and market-leading practice. Your key responsibilities Manage and deliver transfer pricing engagements with a strong focus on technical excellence, project management, and client service Advise clients on complex transfer pricing matters, including business restructurings, intellectual property migrations, tax audits, dispute prevention and resolution (MAPs/APAs), and supply chain transformations Develop and maintain strong client relationships, acting as a trusted advisor and delivering high-quality solutions tailored to clients' business needs Support business development init",original-en,Switzerland,,Zurich,https://careers.ey.com/ey/job/Grand-Lancy-Geneva-Senior-Consultant-Tax-Transfer-Pricing-%28Geneva%29-1212/1423967733/,https://careers.ey.com/ey/search/?q=finance&locationsearch=Switzerland,ey-ch,Thu Aug 06 00:00:00 UTC 2026,2026-08-11T19:38:11.846812+00:00,2026-08-11T20:25:32.124848+00:00,10,,schema.org/JobPosting microdata,Open
eb243c8ab6a49a5d,ey,EY,Senior Consultant - Technology Consulting - Cyber Security (80-100%),"At EY, we’re all in to shape your future with confidence. We’ll help you succeed in a globally connected powerhouse of diverse teams and take your career wherever you want it to go. Join EY and help to build a better working world. The opportunity Join FSO - Technology Consulting, where purposeful growth and cross-functional teamwork are the cornerstones of our success. We partner with clients to navigate complex technological landscapes, providing strategic insights and practical solutions that drive business and technology transformations. We offer a dynamic and inclusive work environment that values the best experience for all, with a commitment to career development that ensures that our team members have the opportunities to thrive and excel. Our diverse competencies, including AI & Data, Cyber Security, Technology Strategy and Transformation, and Finance Platforms, collaborate to deliver cutting-edge solutions and drive technological advancements that empower our clients to achieve their goals. Your key responsibilities Your focus will be on Cybersecurity consulting, information security, and risk assessment of processes, applications, systems, and IT infrastructures in banks and insurance companies You will work on projects in hot topics in Cybersecurity such as cloud security, blockchain, DevOps, penetration testing, and security architecture In addition, you will also take on tasks in the areas of IT risk assurance in terms of internal controls and risk and compliance management As a member of an interdisciplinary team of specialists, you will support our customers","At EY, we’re all in to shape your future with confidence. We’ll help you succeed in a globally connected powerhouse of diverse teams and take your career wherever you want it to go. Join EY and help to build a better working world. The opportunity Join FSO - Technology Consulting, where purposeful growth and cross-functional teamwork are the cornerstones of our success. We partner with clients to navigate complex technological landscapes, providing strategic insights and practical solutions that drive business and technology transformations. We offer a dynamic and inclusive work environment that values the best experience for all, with a commitment to career development that ensures that our team members have the opportunities to thrive and excel. Our diverse competencies, including AI & Data, Cyber Security, Technology Strategy and Transformation, and Finance Platforms, collaborate to deliver cutting-edge solutions and drive technological advancements that empower our clients to achieve their goals. Your key responsibilities Your focus will be on Cybersecurity consulting, information security, and risk assessment of processes, applications, systems, and IT infrastructures in banks and insurance companies You will work on projects in hot topics in Cybersecurity such as cloud security, blockchain, DevOps, penetration testing, and security architecture In addition, you will also take on tasks in the areas of IT risk assurance in terms of internal controls and risk and compliance management As a member of an interdisciplinary team of specialists, you will support our customers",original-en,Switzerland,,Zurich,https://careers.ey.com/ey/job/Zurich-Senior-Consultant-Technology-Consulting-Cyber-Security-%2880-100%29-8005/1191743001/,https://careers.ey.com/ey/search/?q=finance&locationsearch=Switzerland,ey-ch,Wed Jul 22 02:00:00 UTC 2026,2026-08-11T19:38:11.846812+00:00,2026-08-11T20:25:32.124848+00:00,10,,schema.org/JobPosting microdata,Open
a296b1178dedb9b1,ey,EY,Senior Consultant / Manager - (SAP) Enterprise Performance Management & Business Data Cloud,"At EY, we’re all in to shape your future with confidence. We’ll help you succeed in a globally connected powerhouse of diverse teams and take your career wherever you want it to go. Join EY and help to build a better working world. Shape the future of Finance, Tax and Performance Management At EY, we help organizations transform the way they plan, measure and manage performance. As organizations face increasing pressure to make faster decisions, leverage AI, harmonize data and navigate growing regulatory complexity, Enterprise Performance Management (EPM) is becoming a strategic capability rather than a finance function. We are looking for experienced professionals to join our SAP Finance and Enterprise Performance Management team. In this role, you will help global organizations design and implement end-to-end EPM operating models and technology platforms powered by SAP Business Data Cloud, SAP Analytics Cloud and SAP’s next-generation planning, consolidation and performance management solutions. You will work with CFOs, Finance leaders, Tax leaders and business stakeholders to create integrated performance management capabilities that connect strategy, planning, financial consolidation, tax, sustainability and management reporting through a single source of truth. The Opportunity: your next adventure awaits As a Senior Consultant or Manager, you will support clients in rethinking traditional EPM landscapes and designing future-ready, AI-enabled performance management platforms. You will be part of multidisciplinary teams combining Finance, Controlling, Tax, Data & Analyti","At EY, we’re all in to shape your future with confidence. We’ll help you succeed in a globally connected powerhouse of diverse teams and take your career wherever you want it to go. Join EY and help to build a better working world. Shape the future of Finance, Tax and Performance Management At EY, we help organizations transform the way they plan, measure and manage performance. As organizations face increasing pressure to make faster decisions, leverage AI, harmonize data and navigate growing regulatory complexity, Enterprise Performance Management (EPM) is becoming a strategic capability rather than a finance function. We are looking for experienced professionals to join our SAP Finance and Enterprise Performance Management team. In this role, you will help global organizations design and implement end-to-end EPM operating models and technology platforms powered by SAP Business Data Cloud, SAP Analytics Cloud and SAP’s next-generation planning, consolidation and performance management solutions. You will work with CFOs, Finance leaders, Tax leaders and business stakeholders to create integrated performance management capabilities that connect strategy, planning, financial consolidation, tax, sustainability and management reporting through a single source of truth. The Opportunity: your next adventure awaits As a Senior Consultant or Manager, you will support clients in rethinking traditional EPM landscapes and designing future-ready, AI-enabled performance management platforms. You will be part of multidisciplinary teams combining Finance, Controlling, Tax, Data & Analyti",original-en,Switzerland,,Zurich,https://careers.ey.com/ey/job/Zurich-Senior-Consultant-Manager-%28SAP%29-Enterprise-Performance-Management-&-Business-Data-Cloud-8005/1411649633/,https://careers.ey.com/ey/search/?q=finance&locationsearch=Switzerland,ey-ch,Tue Aug 04 02:00:00 UTC 2026,2026-08-11T19:38:11.846812+00:00,2026-08-11T20:25:32.124848+00:00,10,,schema.org/JobPosting microdata,Open
9490153fba968256,ey,EY,Stagiaire / Intern Audit Industries - Octobre 2026 - Genève (Graduate),"At EY, we’re all in to shape your future with confidence. We’ll help you succeed in a globally connected powerhouse of diverse teams and take your career wherever you want it to go. Join EY and help to build a better working world. L'opportunité : Votre prochaine aventure vous attend Au sein de nos services Assurance, nous consolidons la confiance du public envers les marchés de capitaux internationaux à travers une multitude de secteurs, contribuant de ce fait à une croissance économique durable. Épanouissez-vous au cœur de nos équipes interdisciplinaires et multiculturelles afin de contribuer à façonner l'avenir de l'audit ! Vos principales responsabilités Plongez dans l'audit financier et digital en examinant les comptes selon le CO, les normes IFRS et US GAAP, que ce soit sur site, au bureau ou en télétravail. Interagissez étroitement avec une clientèle variée et internationale, conduisant des audits intégrés et vérifiant la conformité réglementaire. Utilisez la technologie la plus avancée pour des audits basés sur les données, afin d'identifier les risques et détecter les anomalies. Développez vos compétences et visez le diplôme d’Expert-comptable suisse grâce à des formations continues en audit, comptabilité, finance et durabilité. Prenez des responsabilités et influencez l'avenir dans un cadre dynamique et inclusif, tout en bénéficiant du soutien de vos pairs et mentors. Ce que nous recherchons Vous avez un état d’esprit agile et tourné vers la croissance : vos connaissances comptent, mais votre état d’esprit est tout aussi déterminant pour réussir. Nous recherchons","At EY, we’re all in to shape your future with confidence. We’ll help you succeed in a globally connected powerhouse of diverse teams and take your career wherever you want it to go. Join EY and help to build a better working world. The Opportunity: Your next adventure awaits Within our Insurance services, we build public confidence in international capital markets across a multitude of sectors, thereby contributing to sustainable economic growth. Thrive within our interdisciplinary and multicultural teams to help shape the future of auditing! Your main responsibilities Dive into financial and digital auditing by reviewing accounts according to CO, IFRS and US GAAP, whether on site, in the office or working remotely. Interact closely with a diverse and international clientele, conducting integrated audits and verifying regulatory compliance. Use the most advanced technology for data-driven audits to identify risks and detect anomalies. Develop your skills and aim for the Swiss Chartered Accountant diploma through continuing training in auditing, accounting, finance and sustainability. Take responsibility and influence the future in a dynamic and inclusive setting, while benefiting from the support of your peers and mentors. What we're looking for You have an agile, growth-oriented mindset: your knowledge matters, but your mindset is just as critical to success. We are looking for",cached,Switzerland,,Zurich,https://careers.ey.com/ey/job/Grand-Lancy-Geneva-Stagiaire-Intern-Audit-Industries-Octobre-2026-Gen%C3%A8ve-%28Graduate%29-1212/1247834101/,https://careers.ey.com/ey/search/?q=finance&locationsearch=Switzerland,ey-ch,Wed Jul 29 02:00:00 UTC 2026,2026-08-11T19:38:11.846812+00:00,2026-08-11T20:25:32.124848+00:00,10,,schema.org/JobPosting microdata,Open
5ef851c6c4cff616,ey,EY,Tax Consultant Financial Services (Graduate),"At EY, we’re all in to shape your future with confidence. We’ll help you succeed in a globally connected powerhouse of diverse teams and take your career wherever you want it to go. Join EY and help to build a better working world. The opportunity: your next adventure awaits If you want a career that goes beyond spreadsheets and slides, this is your moment. Join EY Tax Financial Services and help shape how global financial institutions navigate tax, reporting, regulation, and transformation. From day one, you will work on real challenges, with real clients, in a team that gives you responsibility early, invests in your growth, and invites you to bring your ideas, your curiosity, and your ambition. You will experience a role that is as dynamic as the industry itself: no two projects are the same. We offer the flexibility to balance your work and personal priorities, while providing a clear and transparent career path that helps you grow step by step. This is not about fitting into the future of tax. It is about helping build it with confidence. Your key responsibilities Work on complex, high-impact tax questions that matter to leading banks and insurance companies in Switzerland Experience a broad variety of topics, from advisory to reporting to transformation, ensuring your work remains challenging and far from routine Collaborate across interdisciplinary teams at EY and build a strong professional network from day one Help rethink how tax work gets done through AI, digital tools, and fresh ideas Grow through hands-on learning, real responsibility, and EY-funded qualificati","At EY, we’re all in to shape your future with confidence. We’ll help you succeed in a globally connected powerhouse of diverse teams and take your career wherever you want it to go. Join EY and help to build a better working world. The opportunity: your next adventure awaits If you want a career that goes beyond spreadsheets and slides, this is your moment. Join EY Tax Financial Services and help shape how global financial institutions navigate tax, reporting, regulation, and transformation. From day one, you will work on real challenges, with real clients, in a team that gives you responsibility early, invests in your growth, and invites you to bring your ideas, your curiosity, and your ambition. You will experience a role that is as dynamic as the industry itself: no two projects are the same. We offer the flexibility to balance your work and personal priorities, while providing a clear and transparent career path that helps you grow step by step. This is not about fitting into the future of tax. It is about helping build it with confidence. Your key responsibilities Work on complex, high-impact tax questions that matter to leading banks and insurance companies in Switzerland Experience a broad variety of topics, from advisory to reporting to transformation, ensuring your work remains challenging and far from routine Collaborate across interdisciplinary teams at EY and build a strong professional network from day one Help rethink how tax work gets done through AI, digital tools, and fresh ideas Grow through hands-on learning, real responsibility, and EY-funded qualificati",original-en,Switzerland,,Zurich,https://careers.ey.com/ey/job/Zurich-Tax-Consultant-Financial-Services-%28Graduate%29-8005/1402569333/,https://careers.ey.com/ey/search/?q=finance&locationsearch=Switzerland,ey-ch,Thu Aug 06 02:00:00 UTC 2026,2026-08-11T19:38:11.846812+00:00,2026-08-11T20:25:32.124848+00:00,10,,schema.org/JobPosting microdata,Open
a244bad6b2b25526,ey,EY,(Senior) Manager Tax Technology (w/m/d),"Wien, Linz & Salzburg | Vollzeit oder Teilzeit (ab 20 Wochenstunden) | ab sofort | Steuerberatung Dein Team & Umfeld Unser 8-köpfiges Tax Technology-Team unter der Leitung von Susanne Machanek unterstützt Kund:innen bei der Optimierung steuerlicher Prozesse in Finance- und ERP-Landschaften. Der Schwerpunkt liegt auf der Digitalisierung von Steuerfunktionen sowie der Entwicklung innovativer Lösungen an der Schnittstelle von Steuern und Technologie. An all unseren Standorten erwartet dich ein modernes Umfeld mit flexiblen Arbeitsbereichen – mit Fokus auf Produktivität, Teamspirit und Austausch im Alltag. Deine Aufgaben & Verantwortlichkeiten Steuerung komplexer Tax-Technology-Projekte im Umfeld von SAP S/4HANA, E-Rechnung, Tax Engines und Tax Reporting von der Konzeption bis zur erfolgreichen Umsetzung Analyse steuerlicher Anforderungen, insbesondere in den Bereichen Umsatzsteuer, Körperschaftsteuer, CbCR und Pillar 2 Entwicklung funktionaler und technischer Konzepte in enger Zusammenarbeit mit Tax-, Finance- und IT-Stakeholdern Begleitung der Auswahl, Integration und Weiterentwicklung moderner Tax-Technology-Lösungen, darunter SAP Document and Reporting Compliance, SAP Risk and Assurance Management, SAP PaPM sowie weitere führende Drittanbieter-Tools in Cloud-Umgebungen Führung und Weiterentwicklung von (Teil-)Teams durch Coaching, Mentoring und Wissenstransfer sowie den Aufbau nachhaltiger Best Practices, Standards und wiederverwendbarer Templates im Tax-Technology-Umfeld Identifikation neuer Geschäftspotenziale, aktive Unterstützung bei Angebotsprozessen und dem Ausbau str","Vienna, Linz & Salzburg | Full-time or part-time (from 20 hours per week) | from now on | Tax advice Your team & environment Our 8-person tax technology team, led by Susanne Machanek, supports customers in optimizing tax processes in finance and ERP landscapes. The focus is on the digitalization of tax functions and the development of innovative solutions at the interface of taxes and technology. A modern environment with flexible work areas awaits you at all of our locations - with a focus on productivity, team spirit and exchange in everyday life. Your tasks & responsibilities Managing complex tax technology projects in the environment of SAP S/4HANA, e-invoicing, tax engines and tax reporting from conception to successful implementation Analysis of tax requirements, especially in the areas of VAT, corporate tax, CbCR and Pillar 2 Development of functional and technical concepts in close collaboration with tax, finance and IT stakeholders Supporting the selection, integration and further development of modern tax technology solutions, including SAP Document and Reporting Compliance, SAP Risk and Assurance Management, SAP PaPM as well as other leading third-party tools in cloud environments Management and further development of (sub-) teams through coaching, mentoring and knowledge transfer as well as the development of sustainable best practices, standards and reusable templates in the tax technology environment Identification of new business potential, active support in offer processes and the expansion of str",translated-de,Austria,,Vienna,https://careers.ey.com/ey/job/Linz-%28Senior%29-Manager-Tax-Technology-%28wmd%29-4020/1419133633/,https://careers.ey.com/ey/search/?q=finance&locationsearch=Austria,ey-at,Mon Jul 27 00:00:00 UTC 2026,2026-08-11T19:37:06.158891+00:00,2026-08-11T20:24:37.345662+00:00,10,,schema.org/JobPosting microdata,Open
b86d54d20ffbce8e,ey,EY,Audit Professional (w/m/d) | Werde Teil unseres Teams in Salzburg,"Salzburg | Vollzeit | ab 1. Oktober 2026 | Wirtschaftsprüfung Dein Team & Umfeld Unser 15-köpfiges Audit-Team Team in Salzburg unterstützt unter der Leitung von Martina Geisler Unternehmen dabei, ihre Geschäftsprozesse und Finanzdaten zu analysieren, Risiken zu identifizieren und die Qualität sowie Transparenz ihrer Berichterstattung sicherzustellen. Helle Büroräume und eine Dachterrasse mit Bergblick. Ein Standort, der neue Perspektive eröffnet und gleichzeitig Raum für Produktivität bietet. Deine Aufgaben & Verantwortlichkeiten Planung und Durchführung von Jahres- und Konzernabschlussprüfungen bei regionalen Kund:innen aus unterschiedlichsten Branchen Analyse von Geschäftsprozessen, Identifikation von Risiken sowie Entwicklung praxisnaher Lösungsansätze Erstellung von Prüfberichten, Dokumentationen und fundierten Schlussfolgerungen Mitarbeit bei Sonderprüfungen, internen Projekten und der Ausarbeitung von Angeboten Enge Zusammenarbeit mit Kund:innen sowie Koordination von Aufgaben innerhalb des Prüfungsteams Fähigkeiten für deinen Erfolg Must-haves: Abgeschlossenes Studium mit Schwerpunkt Finance, Steuerlehre, Rechnungslegung oder Controlling Mindestens 3 Jahre Erfahrung in der Wirtschaftsprüfung Sehr gute Deutschkenntnisse auf mind. C1 Niveau und gute Englischkenntnisse auf mind. B2 Niveau Teamorientierte, zuverlässige und lösungsorientierte Arbeitsweise Nice-to-haves: Laufendes oder geplantes Prüfungsverfahren Das bieten wir dir Flexibilität im Alltag: Homeoffice, Workation, Sabbatical sowie flexible Arbeitszeitmodelle ermöglichen eine individuelle Gestaltung deines Arb","Salzburg | Full time | from October 1, 2026 | Auditing Your team & environment Our 15-person audit team in Salzburg, led by Martina Geisler, supports companies in analyzing their business processes and financial data, identifying risks and ensuring the quality and transparency of their reporting. Bright office spaces and a roof terrace with mountain views. A location that opens up new perspectives and at the same time offers space for productivity. Your tasks & responsibilities Planning and carrying out annual and consolidated financial statement audits for regional customers from a wide range of industries Analysis of business processes, identification of risks and development of practical solution approaches Preparation of test reports, documentation and well-founded conclusions Participation in special audits, internal projects and the preparation of offers Close cooperation with customers and coordination of tasks within the audit team Skills for your success Must-haves: Completed studies with a focus on finance, taxation, accounting or Controlling At least 3 years of experience in auditing Very good knowledge of German at least C1 level and good knowledge of English at least B2 level Team-oriented, reliable and solution-oriented way of working Nice-to-haves: Ongoing or planned auditing process This is what we offer you Flexibility in everyday life: Home office, workation, sabbatical as well as flexible working time models enable you to individually design your work",translated-de,Austria,,Vienna,https://careers.ey.com/ey/job/Salzburg-Audit-Professional-%28wmd%29-Werde-Teil-unseres-Teams-in-Salzburg-5020/1375844233/,https://careers.ey.com/ey/search/?q=finance&locationsearch=Austria,ey-at,Tue Jul 14 02:01:00 UTC 2026,2026-08-11T19:37:06.158891+00:00,2026-08-11T20:24:37.345662+00:00,10,,schema.org/JobPosting microdata,Open
997ec4b84780e345,ey,EY,Compliance & Regulatory Specialist | Banking (w/m/d),"Wien | Vollzeit | ab sofort | Consulting Dein Team & Umfeld Unser rund 90-köpfiges Business Consulting Team unterstützt Unternehmen bei Transformationsvorhaben und Prozessoptimierungen. Das Banking & Capital Markets-Team rund um Philipp Schöckler berät Banken, Asset Manager und FinTechs zu Themen wie Digitalisierung, Prozessoptimierung, Finance- und Risikothemen, regulatorischen Anforderungen sowie Zukunftsthemen wie Künstlicher Intelligenz und Digital Assets. Unser modernes Office im IZD-Tower mit Blick auf die Donau bietet Raum für Produktivität, kreative Pausen in der EY-Lounge und echten Teamspirit. Deine Aufgaben & Verantwortlichkeiten Beratung von Kund:innen zu regulatorischen Anforderungen und Compliance-Themen im Banking-Umfeld Analyse und Umsetzung aktueller Vorgaben, z. B. FMA-, EBA-, CRR/CRD- oder ESG-Regulatorik Entwicklung praxisnaher Lösungen in Bereichen wie Financial Crime Compliance, Capital Market Compliance, KYC, Datenschutz oder Governance Analyse komplexer Fragestellungen sowie Ableitung klarer und umsetzbarer Handlungsempfehlungen Mitarbeit in Transformationsprojekten sowie Übernahme von Verantwortung für Arbeitspakete und Workstreams Mitwirkung bei Studien, Publikationen und dem Ausbau unseres Regulatory & Compliance Beratungsangebots Fähigkeiten für deinen Erfolg Must-haves: Abgeschlossenes Studium mit wirtschaftlichem oder finanziellem Schwerpunkt (z. B. Wirtschaft, Finance, Recht, o. Ä.) Berufserfahrung im Bereich Banking-Regulatorik, -Compliance oder entsprechender Beratung Kenntnisse regulatorischer Anforderungen im Bankenumfeld, z. B. FMA-, EBA-","Vienna | Full time | from now on | Consulting Your team & environment Our business consulting team of around 90 people supports companies in transformation projects and process optimization. The Banking & Capital Markets team led by Philipp Schöckler advises banks, asset managers and FinTechs on topics such as digitalization, process optimization, finance and risk topics, regulatory requirements and future topics such as artificial intelligence and digital assets. Our modern office in the IZD Tower with a view of the Danube offers space for productivity, creative breaks in the EY lounge and real team spirit. Your tasks & responsibilities Advising customers on regulatory requirements and compliance issues in the banking environment Analysis and implementation of current requirements, e.g. E.g. FMA, EBA, CRR/CRD or ESG regulation Development of practical solutions in areas such as financial crime compliance, capital market compliance, KYC, data protection or governance Analysis of complex issues and the derivation of clear and implementable recommendations for action Participation in transformation projects and taking responsibility for work packages and workstreams Participation in studies, publications and the expansion of our Regulatory & Compliance consulting offering Skills for your success Must-haves: Completed studies with Economic or financial focus (e.g. business, finance, law, etc.) Professional experience in the area of banking regulation, compliance or corresponding consulting Knowledge of regulatory requirements in the banking environment, e.g. B. FMA, EBA",translated-de,Austria,,Vienna,https://careers.ey.com/ey/job/Vienna-Compliance-&-Regulatory-Specialist-Banking-%28wmd%29-1220/1415689633/,https://careers.ey.com/ey/search/?q=finance&locationsearch=Austria,ey-at,Thu Jul 16 00:00:00 UTC 2026,2026-08-11T19:37:06.158891+00:00,2026-08-11T20:24:37.345662+00:00,10,,schema.org/JobPosting microdata,Open
84be9739201c5d69,ey,EY,Consultant Forensic & Integrity Services (w/m/d),"Wien | Vollzeit | ab 1. Oktober | Wirtschaftsprüfung Dein Team & Umfeld Unser 20-köpfiges Forensic & Integrity Services-Team rund um Andreas Frohner begleitet nationale und internationale Unternehmen bei der Aufdeckung von Risiken und der Aufklärung wirtschaftskrimineller Sachverhalte. Im Fokus stehen Themen wie Compliance, Investigations und regulatorische Fragestellungen. Gemeinsam entwickelt das Team Lösungen, um Integrität zu stärken, Risiken frühzeitig zu erkennen und Vertrauen zu schaffen. Unser modernes Office im IZD Tower mit Blick auf die Donau. Hier bieten wir dir Raum für Produktivität, kreative Pausen in der EY-Lounge und echten Teamspirit. Deine Aufgaben & Verantwortlichkeiten Unterstützung bei der Ermittlung und Beratung zu Verdachtsfällen wie Geldwäsche, Betrug oder Bestechung in Unternehmen und Organisationen Analyse möglicher Verstöße gegen Gesetze und regulatorische Anforderungen mit Schwerpunkt Wirtschaftskriminalität Erstellung verständlicher Sachverhaltsdarstellungen und Gutachten zur gerichtlichen Verwendung Konzeption und Entwicklung innovativer Lösungsansätze sowie Begleitung neuer Marktinitiativen Branchenübergreifende Betreuung und Beratung nationaler sowie internationaler Kund:innen Fähigkeiten für deinen Erfolg Must-haves: Abgeschlossenes Studium im Bereich der Wirtschafts- oder Rechtswissenschaften, idealerweise mit Schwerpunkt Finance und/oder Accounting Sehr gute Deutschkenntnisse auf mind. C1 Niveau und gute Englischkenntnisse auf mind. B2 Niveau Sehr genaue und analytische Arbeitsweise, Reisebereitschaft und Flexibilität Ein hohes Maß an Int","Vienna | Full time | from October 1st | Auditing Your team & environment Our 20-person Forensic & Integrity Services team led by Andreas Frohner supports national and international companies in uncovering risks and clarifying white-collar crime. The focus is on topics such as compliance, investigations and regulatory issues. Together, the team develops solutions to strengthen integrity, identify risks at an early stage and create trust. Our modern office in the IZD Tower with a view of the Danube. Here we offer you space for productivity, creative breaks in the EY lounge and real team spirit. Your tasks & responsibilities Support in the investigation and advice on suspected cases such as money laundering, fraud or bribery in companies and organizations Analysis of possible violations of laws and regulatory requirements with a focus on economic crime Preparation of understandable statements of facts and reports for judicial use Conception and development of innovative solutions as well as support of new market initiatives Cross-industry support and advice for national and international customers Skills for your success Must-haves: Completed studies in the field of economics or law, ideally with a focus on finance and/or Accounting Very good knowledge of German at least C1 level and good English knowledge at least B2 level Very precise and analytical way of working, willingness to travel and flexibility A high level of int",translated-de,Austria,,Vienna,https://careers.ey.com/ey/job/Vienna-Consultant-Forensic-&-Integrity-Services-%28wmd%29-1220/1381185433/,https://careers.ey.com/ey/search/?q=finance&locationsearch=Austria,ey-at,Sat Aug 01 02:00:00 UTC 2026,2026-08-11T19:37:06.158891+00:00,2026-08-11T20:24:37.345662+00:00,10,,schema.org/JobPosting microdata,Open
af85284120a2db74,ey,EY,Finance & CFO Specialist | Banking (w/m/d),"Wien | Vollzeit | ab sofort | Consulting Dein Team& Umfeld Unser rund 90-köpfiges Business Consulting Team unterstützt Unternehmen bei Transformationsvorhaben und Prozessoptimierungen. Das Banking & Capital Markets-Team rund um Philipp Schöckler berät Banken, Asset Manager und FinTechs zu Themen wie Digitalisierung, Prozessoptimierung, Finance- und Risikothemen, regulatorischen Anforderungen sowie Zukunftsthemen wie Künstlicher Intelligenz und Digital Assets. Unser modernes Office im IZD-Tower mit Blick auf die Donau bietet Raum für Produktivität, kreative Pausen in der EY-Lounge und echten Teamspirit. Deine Aufgaben & Verantwortlichkeiten Mitgestaltung moderner CFO- und Finance-Funktionen für Banken, FinTechs und Asset Manager Entwicklung von Zielbildern und Lösungen in den Bereichen Finance Transformation, Steuerung und Reporting Analyse komplexer Fragestellungen und Aufbereitung fundierter Entscheidungsgrundlagen Mitarbeit in Transformationsprojekten sowie Übernahme von Verantwortung für Arbeitspakete und Projektaktivitäten Durchführung von Workshops und Erstellung von Management-Präsentationen Mitwirkung bei Studien, Publikationen und der Weiterentwicklung unseres CFO-Beratungsangebots Fähigkeiten für deinen Erfolg Must-haves: Abgeschlossenes Studium mit wirtschaftlichem oder finanziellem Schwerpunkt (z. B. Finance, Banking, Wirtschaft oder Recht) Berufserfahrung im Finance-, CFO-, Banking- oder Beratungsumfeld Kenntnisse in Bereichen wie Controlling, Accounting, Regulatory Reporting, Finance Steering oder Analytics Sicherer Umgang mit Excel und PowerPoint Souveränes Au","Vienna | Full time | from now on | Consulting Your team & environment Our business consulting team of around 90 people supports companies in transformation projects and process optimization. The Banking & Capital Markets team led by Philipp Schöckler advises banks, asset managers and FinTechs on topics such as digitalization, process optimization, finance and risk topics, regulatory requirements and future topics such as artificial intelligence and digital assets. Our modern office in the IZD Tower with a view of the Danube offers space for productivity, creative breaks in the EY lounge and real team spirit. Your tasks & responsibilities Helping to design modern CFO and finance functions for banks, FinTechs and asset managers Developing target images and solutions in the areas of finance transformation, control and reporting Analyzing complex issues and preparing well-founded decision-making bases Participating in transformation projects and assuming responsibility for work packages and project activities Conducting workshops and creating management presentations Participating in studies, publications and the further development of our CFO consulting offering Skills for your success Must-haves: Completed studies with a business or financial focus (e.g. finance, banking, economics or law) Professional experience in the finance, CFO, banking or consulting environment Knowledge in areas such as controlling, accounting, regulatory reporting, finance steering or analytics Confident use of Excel and PowerPoint Confident",translated-de,Austria,,Vienna,https://careers.ey.com/ey/job/Vienna-Finance-&-CFO-Specialist-Banking-%28wmd%29-1220/1384503033/,https://careers.ey.com/ey/search/?q=finance&locationsearch=Austria,ey-at,Mon Aug 10 02:00:00 UTC 2026,2026-08-11T19:37:06.158891+00:00,2026-08-11T20:24:37.345662+00:00,10,,schema.org/JobPosting microdata,Open
060cc5db023cc8e0,ey,EY,HAK-Absolvent:in Climate Change & Sustainability Services,"Wien & Salzburg | Vollzeit | ab sofort | Wirtschaftsprüfung Dein Team & Umfeld Das 85-köpfige Climate Change & Sustainability Services-Team unter der Leitung von Willibald Kaltenbrunner leistet einen wichtigen Beitrag an der Schnittstelle von Klimaschutz und Kreislaufwirtschaft. Der Fokus liegt neben der Prüfung von Verpackungs-, Elektroaltgerätemengen und Nachhaltigkeitsberichten, in der Beratung zu Themen wie Circularity, Decarbonisierung, Produktnachhaltigkeit sowie Sustainable Finance. An all unseren Standorten erwartet dich ein modernes Umfeld mit flexiblen Arbeitsbereichen – mit Fokus auf Produktivität, Teamspirit und Austausch im Alltag. Deine Aufgaben & Verantwortlichkeiten Organisatorische und fachliche Vorbereitung sowie Begleitung von Prüfungen vor Ort bei Unternehmen unterschiedlicher Branchen Prüfung von Verpackungsmengen bei Handels- und Produktionsunternehmen in ganz Österreich Prüfung von Elektro- und Elektronikgeräten bei Handels- und Produktionsunternehmen in ganz Österreich Laufende Abstimmung mit Kund:innen sowie Bearbeitung prüfungsrelevanter Fragestellungen Erstellung von Prüfberichten sowie verständliche Aufbereitung von Ergebnissen Mitarbeit an spannenden Nachhaltigkeitsprojekten in enger Zusammenarbeit mit einem erfahrenen Team Fähigkeiten für deinen Erfolg Must-haves: Abgeschlossene HAK- oder HLW-Ausbildung mit soliden kaufmännischen Kenntnisse vor allem in Buchhaltung, Kostenrechnung und Warenwirtschaft Sehr gute Deutschkenntnisse auf mind. C1-Niveau Sehr gute MS Office-Kenntnisse, besonders Excel Reisebereitschaft für Kundeneinsätze innerhalb Öst","Vienna & Salzburg | Full time | from now on | Auditing Your team & environment The 85-strong Climate Change & Sustainability Services team, led by Willibald Kaltenbrunner, makes an important contribution at the interface of climate protection and the circular economy. In addition to checking quantities of packaging, old electrical equipment and sustainability reports, the focus is on providing advice on topics such as circularity, decarbonization, product sustainability and sustainable finance. A modern environment with flexible work areas awaits you at all of our locations - with a focus on productivity, team spirit and exchange in everyday life. Your tasks & responsibilities Organizational and technical preparation and support of on-site tests at companies in different industries Testing packaging quantities at trading and production companies throughout Austria Testing electrical and electronic devices at trading and production companies throughout Austria Ongoing coordination with customers and processing questions relevant to testing Preparation of test reports and understandable preparation of results Participation in exciting sustainability projects in close cooperation with an experienced team Skills for your success Must-haves: Completed HAK- or HLW training with solid commercial knowledge, especially in accounting, cost accounting and inventory management. Very good knowledge of German at least at C1 level. Very good MS Office knowledge, especially Excel. Willingness to travel for customer assignments within the East",translated-de,Austria,,Vienna,https://careers.ey.com/ey/job/Vienna-HAK-Absolventin-Climate-Change-&-Sustainability-Services-1220/1412332633/,https://careers.ey.com/ey/search/?q=finance&locationsearch=Austria,ey-at,Wed Aug 05 02:00:00 UTC 2026,2026-08-11T19:37:06.158891+00:00,2026-08-11T20:24:37.345662+00:00,10,,schema.org/JobPosting microdata,Open
a8edfb7850081ee3,ey,EY,Initiativbewerbung in der Consulting,"Bundesweit | Vollzeit oder Teilzeit ( ab. 25h) | Consulting Dein Team & Umfeld Unsere Consulting unter der Leitung von Ali Aram vereint über 300 Expert:innen aus unterschiedlichen Fachbereichen. Gemeinsam begleiten die Teams Unternehmen bei Transformationsvorhaben, Prozessoptimierungen und technologischen Veränderungen – von der Konzeption bis zur erfolgreichen Umsetzung. An all unseren Standorten erwartet dich ein modernes Umfeld mit flexiblen Arbeitsbereichen – mit Fokus auf Produktivität, Teamspirit und Austausch im Alltag. Unsere Themenfelder auf einen Blick Business Consulting: Begleitung von Transformationsprojekten in den Bereichen Banking, Finance, Supply Chain, Customer und Business Transformation. Technology Consulting: Beratung rund um AI & Data, Cyber Security, Technology Transformation, ServiceNow und moderne Plattformlösungen. Risk Consulting: Unterstützung bei Risikomanagement, Governance, regulatorischen Anforderungen und internen Kontrollsystemen. People Consulting: Gestaltung moderner Organisationen durch HR Transformation, Change Management und HR Technology. Public & Health Consulting: Beratung öffentlicher Organisationen und Gesundheitseinrichtungen bei strategischen, organisatorischen und digitalen Veränderungsvorhaben. Das bieten wir dir Flexibilität im Alltag: Homeoffice, Workation, Sabbatical sowie flexible Arbeitszeitmodelle ermöglichen eine individuelle Gestaltung deines Arbeitsalltags. Mobilität: Übernahme der Kosten für öffentliche Verkehrsmittel sowie zusätzliche Angebote wie Bike-Leasing erleichtern deinen Weg ins Office. Gelebte Feedbackkultu","Nationwide | Full time or part time (from 25h) | Consulting Your team & environment Our consulting, led by Ali Aram, brings together over 300 experts from different specialist areas. Together, the teams support companies in transformation projects, process optimization and technological changes - from conception to successful implementation. A modern environment with flexible work areas awaits you at all of our locations - with a focus on productivity, team spirit and exchange in everyday life. Our subject areas at a glance Business Consulting: Support for transformation projects in the areas of banking, finance, supply chain, customer and business transformation. Technology Consulting: Advice on AI & Data, Cyber ​​Security, Technology Transformation, ServiceNow and modern platform solutions. Risk Consulting: Support with risk management, governance, regulatory requirements and internal control systems. People Consulting: Designing modern organizations through HR transformation, change management and HR technology. Public & Health Consulting: Advising public organizations and health facilities on strategic, organizational and digital change projects. This is what we offer you flexibility in your everyday life: home office, work, sabbatical and flexible working time models enable you to individually design your everyday working life. Mobility: Covering the costs of public transport and additional offers such as bike leasing make your way to the office easier. Lived feedback culture",translated-de,Austria,,Vienna,https://careers.ey.com/ey/job/Vienna-Initiativbewerbung-in-der-Consulting-1220/1414788433/,https://careers.ey.com/ey/search/?q=finance&locationsearch=Austria,ey-at,Tue Jul 14 00:00:00 UTC 2026,2026-08-11T19:37:06.158891+00:00,2026-08-11T20:24:37.345662+00:00,10,,schema.org/JobPosting microdata,Open
3df00719900c65ba,ey,EY,Mobility Assignment Services Senior Specialist,"At EY, we’re all in to shape your future with confidence. We’ll help you succeed in a globally connected powerhouse of diverse teams and take your career wherever you want it to go. Join EY and help to build a better working world. The opportunity The Mobility Assignment Services Specialist supports the delivery of international assignments by coordinating key activities across the assignment lifecycle. This includes helping to ensure compliance with policies, supporting the assignee experience, and contributing to efficient operations. The Specialist works closely with stakeholders to apply Mobility policies, maintain accurate data in the GMT system, and support the coordination of services between Talent, Finance, and other CBS functions. They also assist in monitoring vendor performance and escalating issues when needed. Purpose of the Job: Management of in-bound and out-bound assignments, including pre-assignment, on-assignment, repatriation, and post-assignment activities. Apply Mobility policies to help determine appropriate assignment types and relocation packages. Coordinate with home and host Mobility teams to ensure smooth execution of assignment processes. Preparation, amendment and finalization of cost estimates. Preparation of Global Assignments Letters, local contracts where applicable and country specific addendums. Maintain assignment data in GMT, ensuring updates are timely and accurate. Support stakeholders by providing information and guidance on Mobility processes and timelines. Monitor vendor service delivery. Communicate regularly with assignees to sup","At EY, we’re all in to shape your future with confidence. We’ll help you succeed in a globally connected powerhouse of diverse teams and take your career wherever you want it to go. Join EY and help to build a better working world. The opportunity The Mobility Assignment Services Specialist supports the delivery of international assignments by coordinating key activities across the assignment lifecycle. This includes helping to ensure compliance with policies, supporting the assignee experience, and contributing to efficient operations. The Specialist works closely with stakeholders to apply Mobility policies, maintain accurate data in the GMT system, and support the coordination of services between Talent, Finance, and other CBS functions. They also assist in monitoring vendor performance and escalating issues when needed. Purpose of the Job: Management of in-bound and out-bound assignments, including pre-assignment, on-assignment, repatriation, and post-assignment activities. Apply Mobility policies to help determine appropriate assignment types and relocation packages. Coordinate with home and host Mobility teams to ensure smooth execution of assignment processes. Preparation, amendment and finalization of cost estimates. Preparation of Global Assignments Letters, local contracts where applicable and country specific addendums. Maintain assignment data in GMT, ensuring updates are timely and accurate. Support stakeholders by providing information and guidance on Mobility processes and timelines. Monitor vendor service delivery. Communicate regularly with assignees to sup",original-en,Austria,,Vienna,https://careers.ey.com/ey/job/Vienna-Mobility-Assignment-Services-Senior-Specialist-1220/1410108933/,https://careers.ey.com/ey/search/?q=finance&locationsearch=Austria,ey-at,Thu Jul 30 02:00:00 UTC 2026,2026-08-11T19:37:06.158891+00:00,2026-08-11T20:24:37.345662+00:00,10,,schema.org/JobPosting microdata,Open
1544b693c7de9b0e,ey,EY,Next-Gen Auditor (w/m/d) | Klagenfurt,"Klagenfurt | Vollzeit | ab 01. Oktober 2026 | Wirtschaftsprüfung Dein Team & Umfeld Unser rund 30-köpfiges Audit-Team in Klagenfurt rund um Kristina Aichwalder begleitet Unternehmen unterschiedlicher Branchen bei der Analyse von Geschäftsprozessen und Finanzdaten. Im Fokus stehen die Identifikation von Risiken sowie die Sicherstellung einer qualitativ hochwertigen und transparenten Berichterstattung. Zentral gelegen bietet dir unser Klagenfurter Büro ein modernes Arbeitsumfeld. Hier bieten wir dir Raum für Produktivität, kreative Pausen und echten Teamspirit. Deine Aufgaben & Verantwortlichkeiten Mitwirkung bei Jahresabschlussprüfungen von Unternehmen unterschiedlichster Branchen Durchführung von Prozesserhebungen und -analysen sowie Dokumentation und Prüfung von Geschäftsprozessen zur Identifikation von Optimierungspotenzialen Analyse von Unternehmensdaten zur Identifikation von Auffälligkeiten, Zusammenhängen und Trends sowie zur Sicherstellung einer hohen Prüfungsqualität Zusammenarbeit in interdisziplinären Teams von 3 bis 10 Personen mit persönlicher Weiterentwicklung durch Trainings und Mentoring Fähigkeiten für deinen Erfolg Must-haves: Abgeschlossenes Studium mit Schwerpunkt Finance, Steuerlehre, Rechnungslegung oder Controlling Begeisterung für Zahlen und wirtschaftliche Zusammenhänge sowie analytisches Denkvermögen Sehr gute Deutschkenntnisse auf mind. C1 Niveau und gute Englischkenntnisse auf mind. B2 Niveau Hohe Teamfähigkeit und Lust, Verantwortung zu übernehmen Sicherer Umgang mit MS Office, insbesondere Excel Nice-to-haves: Vorerfahrung in Form von Praktika i","Klagenfurt | Full time | from October 1st, 2026 | Auditing Your team & environment Our audit team of around 30 people in Klagenfurt, led by Kristina Aichwalder, supports companies from different industries in the analysis of business processes and financial data. The focus is on identifying risks and ensuring high-quality and transparent reporting. Centrally located, our Klagenfurt office offers you a modern working environment. Here we offer you space for productivity, creative breaks and real team spirit. Your tasks & responsibilities Participation in annual audits of companies from a wide range of industries Carrying out process surveys and analyzes as well as documentation and testing of business processes to identify optimization potential Analyzing company data to identify abnormalities, connections and trends as well as to ensure high audit quality Collaboration in interdisciplinary teams of 3 to 10 people with personal development through training and mentoring Skills for your success Must-haves: Completed studies with a focus on finance, taxation, accounting or controlling Enthusiasm for Numbers and economic contexts as well as analytical thinking skills Very good knowledge of German at at least C1 level and good English knowledge at at least B2 level High ability to work in a team and desire to take responsibility Confident use of MS Office, especially Excel Nice-to-haves: Previous experience in the form of internships i",translated-de,Austria,,Vienna,https://careers.ey.com/ey/job/Klagenfurt-Next-Gen-Auditor-%28wmd%29-Klagenfurt-9020/1283389101/,https://careers.ey.com/ey/search/?q=finance&locationsearch=Austria,ey-at,Sat Jul 25 02:00:00 UTC 2026,2026-08-11T19:37:06.158891+00:00,2026-08-11T20:24:37.345662+00:00,10,,schema.org/JobPosting microdata,Open
8e10a4d7a0ef853c,ey,EY,Next-Gen Auditor (w/m/d) | Salzburg,"Salzburg | Vollzeit | Festanstellung ab 1. Oktober 2026 oder Praktikum ab 7 . Jänner 2027 für 3 Monate | Wirtschaftsprüfung Dein Team & Umfeld Unser 15-köpfiges Audit-Team in Salzburg rund um Martina Geisler begleitet Unternehmen unterschiedlicher Branchen bei der Analyse von Geschäftsprozessen und Finanzdaten. Im Fokus stehen die Identifikation von Risiken sowie die Sicherstellung einer qualitativ hochwertigen und transparenten Berichterstattung. Unser modernes Office in Salzburg mit Dachterrasse und Bergblick bietet Raum für Produktivität, kreative Pausen und echten Teamspirit. Deine Aufgaben & Verantwortlichkeiten Mitwirkung bei Jahresabschlussprüfungen von Unternehmen unterschiedlichster Branchen Durchführung von Prozesserhebungen und -analysen sowie Dokumentation und Prüfung von Geschäftsprozessen zur Identifikation von Optimierungspotenzialen Analyse von Unternehmensdaten zur Identifikation von Auffälligkeiten, Zusammenhängen und Trends sowie zur Sicherstellung einer hohen Prüfungsqualität Zusammenarbeit in interdisziplinären Teams von 3 bis 10 Personen mit persönlicher Weiterentwicklung durch Trainings und Mentoring Fähigkeiten für deinen Erfolg Must-haves: Abgeschlossenes Studium mit Schwerpunkt Finance, Steuerlehre, Rechnungslegung oder Controlling Begeisterung für Zahlen und wirtschaftliche Zusammenhänge sowie analytisches Denkvermögen Sehr gute Deutschkenntnisse auf mind. C1 Niveau und gute Englischkenntnisse auf mind. B2 Niveau Hohe Teamfähigkeit, Einsatzfreude und Lust, Verantwortung zu übernehmen Sicherer Umgang mit MS Office, insbesondere Excel Nice-to-haves:","Salzburg | Full time | Permanent position from October 1, 2026 or internship from October 7th. January 2027 for 3 months | Auditing Your team & environment Our 15-person audit team in Salzburg led by Martina Geisler supports companies from different industries in the analysis of business processes and financial data. The focus is on identifying risks and ensuring high-quality and transparent reporting. Our modern office in Salzburg with a roof terrace and mountain views offers space for productivity, creative breaks and real team spirit. Your tasks & responsibilities Participation in annual audits of companies from a wide range of industries Carrying out process surveys and analyzes as well as documentation and testing of business processes to identify optimization potential Analyzing company data to identify abnormalities, connections and trends as well as to ensure high audit quality Collaboration in interdisciplinary teams of 3 to 10 people with personal development through training and mentoring Skills for your success Must-haves: Completed studies with a focus on finance, taxation, accounting or controlling Enthusiasm for Numbers and economic contexts as well as analytical thinking skills Very good knowledge of German at at least C1 level and good English knowledge at at least B2 level High ability to work in a team, enthusiasm and willingness to take on responsibility Confident use of MS Office, especially Excel Nice-to-haves:",translated-de,Austria,,Vienna,https://careers.ey.com/ey/job/Salzburg-Next-Gen-Auditor-%28wmd%29-Salzburg-5020/1397177833/,https://careers.ey.com/ey/search/?q=finance&locationsearch=Austria,ey-at,Thu Jul 23 02:00:00 UTC 2026,2026-08-11T19:37:06.158891+00:00,2026-08-11T20:24:37.345662+00:00,10,,schema.org/JobPosting microdata,Open
e3465b4f2ba39e27,ey,EY,Next-Gen Auditor (w/m/d) | Wien,"Wien | Vollzeit | Festanstellung ab 1. Oktober | Wirtschaftsprüfung Dein Team & Umfeld Unser 180-köpfiges Audit-Team in Wien rund um Stefan Uher begleitet Unternehmen unterschiedlicher Branchen bei der Analyse von Geschäftsprozessen und Finanzdaten. Im Fokus stehen die Identifikation von Risiken sowie die Sicherstellung einer qualitativ hochwertigen und transparenten Berichterstattung. Unser modernes Office im IZD Tower mit Blick auf die Donau. Hier bieten wir dir Raum für Produktivität, kreative Pausen in der EY-Lounge und echten Teamspirit. Deine Aufgaben & Verantwortlichkeiten Mitwirkung bei Jahresabschlussprüfungen von Unternehmen unterschiedlichster Branchen Durchführung von Prozesserhebungen und -analysen sowie Dokumentation und Prüfung von Geschäftsprozessen zur Identifikation von Optimierungspotenzialen Analyse von Unternehmensdaten zur Identifikation von Auffälligkeiten, Zusammenhängen und Trends sowie zur Sicherstellung einer hohen Prüfungsqualität Zusammenarbeit in interdisziplinären Teams von 3 bis 10 Personen mit persönlicher Weiterentwicklung durch Trainings und Mentoring Fähigkeiten für deinen Erfolg Must-haves: Laufendes oder abgeschlossenes Studium mit Schwerpunkt Finance, Steuerlehre, Rechnungslegung oder Controlling Begeisterung für Zahlen und wirtschaftliche Zusammenhänge sowie analytisches Denkvermögen Sehr gute Deutschkenntnisse auf mind. C1 Niveau und gute Englischkenntnisse auf mind. B2 Niveau Hohe Teamfähigkeit, Einsatzfreude und Lust, Verantwortung zu übernehmen Sicherer Umgang mit MS Office, insbesondere Excel Nice-to-haves: Vorerfahrung in Form v","Vienna | Full time | Permanent position from October 1st | Auditing Your team & environment Our 180-person audit team in Vienna, led by Stefan Uher, supports companies in different industries in analyzing business processes and financial data. The focus is on identifying risks and ensuring high-quality and transparent reporting. Our modern office in the IZD Tower with a view of the Danube. Here we offer you space for productivity, creative breaks in the EY lounge and real team spirit. Your tasks & responsibilities Participation in annual audits of companies from a wide range of industries Carrying out process surveys and analyzes as well as documentation and testing of business processes to identify optimization potential Analyzing company data to identify abnormalities, connections and trends as well as to ensure high audit quality Collaboration in interdisciplinary teams of 3 to 10 people with personal development through training and mentoring Skills for your success Must-haves: Current or completed studies with a focus on finance, taxation, accounting or controlling Enthusiasm for numbers and economic connections as well as analytical thinking skills Very good knowledge of German at least C1 level and good knowledge of English at least B2 level High ability to work in a team, enthusiasm and desire to take responsibility Confident use of MS Office, especially Excel Nice-to-haves: Previous experience in the form of:",translated-de,Austria,,Vienna,https://careers.ey.com/ey/job/Vienna-Next-Gen-Auditor-%28wmd%29-Wien-1220/1422765633/,https://careers.ey.com/ey/search/?q=finance&locationsearch=Austria,ey-at,Tue Aug 04 00:00:00 UTC 2026,2026-08-11T19:37:06.158891+00:00,2026-08-11T20:24:37.345662+00:00,10,,schema.org/JobPosting microdata,Open
de67f38154029572,ey,EY,"(Senior) Consultant Finance - Accounting, Controlling & Steuerung (Financial Services) (w/m/d)","Are you ready to shape your future with confidence? Gemeinsam die Welt jeden Tag ein bisschen besser machen. Für diesen Anspruch setzen wir bei EY alles in Bewegung und gehen als Team „all in“. Schließlich haben wir ein klares Ziel vor Augen: nachhaltigen Wert und Wachstum zu schaffen – für unsere Mandant:innen, Mitarbeitenden und die gesamte Gesellschaft. Unser globales Netzwerk aus rund 400.000 Mitarbeitenden weltweit bietet dir alle Möglichkeiten zu wachsen, dich zu entwickeln, dich zu spezialisieren sowie deine Stärken und Interessen beruflich zu verfolgen. Wir glauben daran, dass der richtige Karriereweg so individuell ist wie du. Unser Bereich Financial Services fokussiert sich auf Finanzdienstleistungen und unterstützt Banken, Versicherungen und Asset Manager dabei, in einer sich stets verändernden und schnelllebigen Welt erfolgreich zu sein. Deine Aufgaben Als Teil unseres Business Consulting Finance-Teams unterstützt du in Berlin, Düsseldorf, Frankfurt/Main, Hamburg, Hannover, Köln, München oder Stuttgart unsere Kund:innen aus der Finanzbranche bei der agilen Finance Transformation, bei der Optimierung bzw. Transformation des Finanzmanagements (Forecast, Plan, Controlling, Konsolidierung und Reporting) sowie in den Themenfeldern Finanzprozesse, Finanzdatenmanagement, Finance Analytics und der Digitalisierung der Finanzfunktion. Du entwickelst ganzheitliche Lösungen, die von der strategischen Ausrichtung des Geschäftsmodells über die fachliche Konzeption der Finanzprozesse und ‑architektur bis zur Umsetzung in der Finanzarchitektur und dem Datenhaushalt reichen. Dab","Are you ready to shape your future with confidence? Making the world a little better together every day. To achieve this goal, we at EY do everything we can and go “all in” as a team. Ultimately, we have a clear goal in mind: to create sustainable value and growth – for our clients, employees and society as a whole. Our global network of around 400,000 employees worldwide offers you every opportunity to grow, develop, specialize and pursue your strengths and interests professionally. We believe that the right career path is as individual as you are. Our Financial Services division focuses on financial services and supports banks, insurance companies and asset managers in being successful in an ever-changing and fast-moving world. Your tasks As part of our Business Consulting Finance team, you will support our customers from the financial industry in Berlin, Düsseldorf, Frankfurt/Main, Hamburg, Hanover, Cologne, Munich or Stuttgart with agile finance transformation, with the optimization or transformation of financial management (forecast, plan, controlling, consolidation and reporting) as well as in the areas of financial processes, financial data management, finance analytics and the digitalization of the finance function. You develop holistic solutions that range from the strategic orientation of the business model to the technical conception of the financial processes and architecture to the implementation in the financial architecture and data management. Dab",translated-de,Germany,München · BY · DE · 80636 · Hannover · NI · 30159 · Hamburg · HH · 20148 · Köln · NW · 50667 · Berlin · BE · 10117 · Stuttgart · BW · 70629 · Eschborn / Frankfurt (Main) · HE · 65760,Munich; Berlin; Frankfurt; Hamburg,https://careers.ey.com/ey/job/Eschborn-Frankfurt-%28Main%29-%28Senior%29-Consultant-Finance-Accounting%2C-Controlling-&-Steuerung-%28Financial-Services%29-%28wmd%29-HE-65760/1277938701/,https://careers.ey.com/ey/search/?q=finance&locationsearch=Germany,ey-de,Thu Jul 23 02:00:00 UTC 2026,2026-08-11T19:36:00.373487+00:00,2026-08-11T20:23:42.809583+00:00,10,,schema.org/JobPosting microdata,Open
1eefb2dd3571cbc5,ey,EY,(Senior) Consultant Finance - AI & Intelligent Automation (Financial Services) (w/m/d),"Are you ready to shape your future with confidence? Gemeinsam die Welt jeden Tag ein bisschen besser machen. Für diesen Anspruch setzen wir bei EY alles in Bewegung und gehen als Team „all in“. Schließlich haben wir ein klares Ziel vor Augen: nachhaltigen Wert und Wachstum zu schaffen – für unsere Mandant:innen, Mitarbeitenden und die gesamte Gesellschaft. Unser globales Netzwerk aus rund 400.000 Mitarbeitenden weltweit bietet dir alle Möglichkeiten zu wachsen, dich zu entwickeln, dich zu spezialisieren sowie deine Stärken und Interessen beruflich zu verfolgen. Wir glauben daran, dass der richtige Karriereweg so individuell ist wie du. Unser Bereich Financial Services fokussiert sich auf Finanzdienstleistungen und unterstützt Banken, Versicherungen und Asset Manager dabei, in einer sich stets verändernden und schnelllebigen Welt erfolgreich zu sein. Deine Aufgaben Als Teil unseres Business Consulting Finance-Teams unterstützt du in Berlin, Düsseldorf, Frankfurt/Main, Hamburg, Hannover, Köln, München oder Stuttgart unsere Kund:innen aus der Finanzbranche bei der agilen Finance Transformation, bei der Optimierung bzw. Transformation des Finanzmanagements (Forecast, Plan, Controlling, Konsolidierung und Reporting) sowie in den Themenfeldern Finanzprozesse, Finanzdatenmanagement, Finance Analytics und der Digitalisierung der Finanzfunktion. Du entwickelst ganzheitliche Lösungen, die von der strategischen Ausrichtung des Geschäftsmodells über die fachliche Konzeption der Finanzprozesse und ‑architektur bis zur Umsetzung in der Finanzarchitektur und dem Datenhaushalt reichen. Dab","Are you ready to shape your future with confidence? Making the world a little better together every day. To achieve this goal, we at EY do everything we can and go “all in” as a team. Ultimately, we have a clear goal in mind: to create sustainable value and growth – for our clients, employees and society as a whole. Our global network of around 400,000 employees worldwide offers you every opportunity to grow, develop, specialize and pursue your strengths and interests professionally. We believe that the right career path is as individual as you are. Our Financial Services division focuses on financial services and supports banks, insurance companies and asset managers in being successful in an ever-changing and fast-moving world. Your tasks As part of our Business Consulting Finance team, you will support our customers from the financial industry in Berlin, Düsseldorf, Frankfurt/Main, Hamburg, Hanover, Cologne, Munich or Stuttgart with agile finance transformation, with the optimization or transformation of financial management (forecast, plan, controlling, consolidation and reporting) as well as in the areas of financial processes, financial data management, finance analytics and the digitalization of the finance function. You develop holistic solutions that range from the strategic orientation of the business model to the technical conception of the financial processes and architecture to the implementation in the financial architecture and data management. Dab",cached,Germany,Stuttgart · BW · DE · 70629 · Berlin · BE · 10117 · Hamburg · HH · 20148 · München · BY · 80636 · Hannover · NI · 30159 · Köln · NW · 50667 · Eschborn / Frankfurt (Main) · HE · 65760,Munich; Berlin; Frankfurt; Hamburg,https://careers.ey.com/ey/job/Eschborn-Frankfurt-%28Main%29-%28Senior%29-Consultant-Finance-AI-&-Intelligent-Automation-%28Financial-Services%29-%28wmd%29-HE-65760/1277927501/,https://careers.ey.com/ey/search/?q=finance&locationsearch=Germany,ey-de,Thu Jul 23 02:00:00 UTC 2026,2026-08-11T19:36:00.373487+00:00,2026-08-11T20:23:42.809583+00:00,10,,schema.org/JobPosting microdata,Open
ffa738c40a93f2fd,ey,EY,(Senior) Consultant Finance - Data Management & Data Governance (Financial Services) (w/m/d),"Are you ready to shape your future with confidence? Gemeinsam die Welt jeden Tag ein bisschen besser machen. Für diesen Anspruch setzen wir bei EY alles in Bewegung und gehen als Team „all in“. Schließlich haben wir ein klares Ziel vor Augen: nachhaltigen Wert und Wachstum zu schaffen – für unsere Mandant:innen, Mitarbeitenden und die gesamte Gesellschaft. Unser globales Netzwerk aus rund 400.000 Mitarbeitenden weltweit bietet dir alle Möglichkeiten zu wachsen, dich zu entwickeln, dich zu spezialisieren sowie deine Stärken und Interessen beruflich zu verfolgen. Wir glauben daran, dass der richtige Karriereweg so individuell ist wie du. Unser Bereich Financial Services fokussiert sich auf Finanzdienstleistungen und unterstützt Banken, Versicherungen und Asset Manager dabei, in einer sich stets verändernden und schnelllebigen Welt erfolgreich zu sein. Deine Aufgaben Als Teil unseres Business Consulting Finance-Teams unterstützt du in Berlin, Düsseldorf, Frankfurt/Main, Hamburg, Hannover, Köln, München oder Stuttgart unsere Kund:innen aus der Finanzbranche bei der agilen Finance Transformation, bei der Optimierung bzw. Transformation des Finanzmanagements (Forecast, Plan, Controlling, Konsolidierung und Reporting) sowie in den Themenfeldern Finanzprozesse, Finanzdatenmanagement, Finance Analytics und der Digitalisierung der Finanzfunktion. Du entwickelst ganzheitliche Lösungen, die von der strategischen Ausrichtung des Geschäftsmodells über die fachliche Konzeption der Finanzprozesse und ‑architektur bis zur Umsetzung in der Finanzarchitektur und dem Datenhaushalt reichen. Dab","Are you ready to shape your future with confidence? Making the world a little better together every day. To achieve this goal, we at EY do everything we can and go “all in” as a team. Ultimately, we have a clear goal in mind: to create sustainable value and growth – for our clients, employees and society as a whole. Our global network of around 400,000 employees worldwide offers you every opportunity to grow, develop, specialize and pursue your strengths and interests professionally. We believe that the right career path is as individual as you are. Our Financial Services division focuses on financial services and supports banks, insurance companies and asset managers in being successful in an ever-changing and fast-moving world. Your tasks As part of our Business Consulting Finance team, you will support our customers from the financial industry in Berlin, Düsseldorf, Frankfurt/Main, Hamburg, Hanover, Cologne, Munich or Stuttgart with agile finance transformation, with the optimization or transformation of financial management (forecast, plan, controlling, consolidation and reporting) as well as in the areas of financial processes, financial data management, finance analytics and the digitalization of the finance function. You develop holistic solutions that range from the strategic orientation of the business model to the technical conception of the financial processes and architecture to the implementation in the financial architecture and data management. Dab",cached,Germany,Stuttgart · BW · DE · 70629 · Hamburg · HH · 20148 · Berlin · BE · 10117 · Hannover · NI · 30159 · Köln · NW · 50667 · München · BY · 80636 · Eschborn / Frankfurt (Main) · HE · 65760,Munich; Berlin; Frankfurt; Hamburg,https://careers.ey.com/ey/job/Eschborn-Frankfurt-%28Main%29-%28Senior%29-Consultant-Finance-Data-Management-&-Data-Governance-%28Financial-Services%29-%28wmd%29-HE-65760/1277932601/,https://careers.ey.com/ey/search/?q=finance&locationsearch=Germany,ey-de,Thu Jul 23 02:00:00 UTC 2026,2026-08-11T19:36:00.373487+00:00,2026-08-11T20:23:42.809583+00:00,10,,schema.org/JobPosting microdata,Open
af3d4df737a7198a,ey,EY,(Senior) Consultant Finance - Strategische Banksteuerung und CFO-Agenda (Financial Services) (w/m/d),"Are you ready to shape your future with confidence? Gemeinsam die Welt jeden Tag ein bisschen besser machen. Für diesen Anspruch setzen wir bei EY alles in Bewegung und gehen als Team „all in“. Schließlich haben wir ein klares Ziel vor Augen: nachhaltigen Wert und Wachstum zu schaffen – für unsere Mandant:innen, Mitarbeitenden und die gesamte Gesellschaft. Unser globales Netzwerk aus rund 400.000 Mitarbeitenden weltweit bietet dir alle Möglichkeiten zu wachsen, dich zu entwickeln, dich zu spezialisieren sowie deine Stärken und Interessen beruflich zu verfolgen. Wir glauben daran, dass der richtige Karriereweg so individuell ist wie du. Unser Bereich Financial Services fokussiert sich auf Finanzdienstleistungen und unterstützt Banken, Versicherungen und Asset Manager dabei, in einer sich stets verändernden und schnelllebigen Welt erfolgreich zu sein. Deine Aufgaben Als Teil unseres Business Consulting Finance-Teams unterstützt du in Berlin, Düsseldorf, Frankfurt/Main, Hamburg, Hannover, Köln, München oder Stuttgart unsere Kund:innen aus der Finanzbranche bei der agilen Finance Transformation, bei der Optimierung bzw. Transformation des Finanzmanagements (Forecast, Plan, Controlling, Konsolidierung und Reporting) sowie in den Themenfeldern Finanzprozesse, Finanzdatenmanagement, Finance Analytics und der Digitalisierung der Finanzfunktion. Du entwickelst ganzheitliche Lösungen, die von der strategischen Ausrichtung des Geschäftsmodells über die fachliche Konzeption der Finanzprozesse und ‑architektur bis zur Umsetzung in der Finanzarchitektur und dem Datenhaushalt reichen. Dab","Are you ready to shape your future with confidence? Making the world a little better together every day. To achieve this goal, we at EY do everything we can and go “all in” as a team. Ultimately, we have a clear goal in mind: to create sustainable value and growth – for our clients, employees and society as a whole. Our global network of around 400,000 employees worldwide offers you every opportunity to grow, develop, specialize and pursue your strengths and interests professionally. We believe that the right career path is as individual as you are. Our Financial Services division focuses on financial services and supports banks, insurance companies and asset managers in being successful in an ever-changing and fast-moving world. Your tasks As part of our Business Consulting Finance team, you will support our customers from the financial industry in Berlin, Düsseldorf, Frankfurt/Main, Hamburg, Hanover, Cologne, Munich or Stuttgart with agile finance transformation, with the optimization or transformation of financial management (forecast, plan, controlling, consolidation and reporting) as well as in the areas of financial processes, financial data management, finance analytics and the digitalization of the finance function. You develop holistic solutions that range from the strategic orientation of the business model to the technical conception of the financial processes and architecture to the implementation in the financial architecture and data management. Dab",cached,Germany,Köln · NW · DE · 50667 · Hamburg · HH · 20148 · Stuttgart · BW · 70629 · Hannover · NI · 30159 · Berlin · BE · 10117 · München · BY · 80636 · Eschborn / Frankfurt (Main) · HE · 65760,Munich; Berlin; Frankfurt; Hamburg,https://careers.ey.com/ey/job/Eschborn-Frankfurt-%28Main%29-%28Senior%29-Consultant-Finance-Strategische-Banksteuerung-und-CFO-Agenda-%28Financial-Services%29-%28wmd%29-HE-65760/1277935501/,https://careers.ey.com/ey/search/?q=finance&locationsearch=Germany,ey-de,Thu Jul 23 02:00:00 UTC 2026,2026-08-11T19:36:00.373487+00:00,2026-08-11T20:23:42.809583+00:00,10,,schema.org/JobPosting microdata,Open
554cd7eb4cba21d5,ey,EY,(Senior) Manager Digital Finance (w/m/d),"Are you ready to shape your future with confidence? Gemeinsam die Welt jeden Tag ein bisschen besser machen. Für diesen Anspruch setzen wir bei EY alles in Bewegung und gehen als Team „all in“. Schließlich haben wir ein klares Ziel vor Augen: nachhaltigen Wert und Wachstum zu schaffen – für unsere Mandant:innen, Mitarbeitenden und die gesamte Gesellschaft. Unser globales Netzwerk aus rund 400.000 Mitarbeitenden weltweit bietet dir alle Möglichkeiten zu wachsen, dich zu entwickeln, dich zu spezialisieren sowie deine Stärken und Interessen beruflich zu verfolgen. Wir glauben daran, dass der richtige Karriereweg so individuell ist wie du. Deine Aufgaben Als Teil unseres Finance-Teams in Berlin, Düsseldorf, Frankfurt/Main, Hamburg, Hannover, Stuttgart, Mannheim oder München optimierst du das Rechnungswesen und Controlling unserer Kund:innen. Dabei übernimmst du vielfältige Aufgaben: Beratung der Finanzorganisation zur Digitalisierung von Finanzprozessen – von der Strategieentwicklung, Konzepterstellung und dem Prozessdesign bis zur Optimierung und Implementierung Partnerschaftliche Zusammenarbeit mit Start-ups im Bereich Digitalisierung/künstliche Intelligenz/maschinelles Lernen etc. Durchführung von Machbarkeitsstudien/Proofs of Concept im Bereich Digitalisierung Finanzprozesse Steuerung externer Dienstleistender bei Implementierung von Digitalisierungslösungen Verantwortung für Projektfortschritte und fachliche Führung von Teammitgliedern Dein Skillset Mindestens fünf Jahre Berufserfahrung in der Beratung, in einem großen Unternehmen mit Fokus auf den CFO-Bereich oder innerha","Are you ready to shape your future with confidence? Making the world a little better together every day. To achieve this goal, we at EY do everything we can and go “all in” as a team. Ultimately, we have a clear goal in mind: to create sustainable value and growth – for our clients, employees and society as a whole. Our global network of around 400,000 employees worldwide offers you every opportunity to grow, develop, specialize and pursue your strengths and interests professionally. We believe that the right career path is as individual as you are. Your tasks As part of our finance team in Berlin, Düsseldorf, Frankfurt/Main, Hamburg, Hanover, Stuttgart, Mannheim or Munich, you will optimize our customers' accounting and controlling. You will take on a wide range of tasks: Advising the financial organization on the digitization of financial processes - from strategy development, concept creation and process design to optimization and implementation Partnering with start-ups in the area of digitization/artificial intelligence/machine learning etc. Carrying out feasibility studies/proofs of concept in the area of digitization financial processes Controlling external service providers when implementing digitization solutions Responsibility for project progress and professional leadership of team members Your skillset At least five years of professional experience in the Consulting, in a large company with a focus on the CFO area or within",translated-de,Germany,Mannheim · BW · DE · 68163 · Stuttgart · 70629 · Eschborn / Frankfurt (Main) · HE · 65760 · Hamburg · HH · 20148 · Hannover · NI · 30159 · München · BY · 80636 · Berlin · BE · 10117,Munich; Berlin; Frankfurt; Hamburg,https://careers.ey.com/ey/job/Berlin-%28Senior%29-Manager-Digital-Finance-%28wmd%29-BE-10117/1210324101/,https://careers.ey.com/ey/search/?q=finance&locationsearch=Germany,ey-de,Sun Jul 19 02:00:00 UTC 2026,2026-08-11T19:36:00.373487+00:00,2026-08-11T20:23:42.809583+00:00,10,,schema.org/JobPosting microdata,Open
96655eb19801ea6f,ey,EY,Audit & Finance Assistant (w/m/d) - Berufseinstieg Wirtschaftsprüfung,"Deine Karriere in Audit, Accounting, Finance und Data Analytics bei EY Du möchtest nach deinem Studium in die Wirtschaftsprüfung einsteigen und praktische Erfahrung in Audit, Accounting, Finance und Data Analytics sammeln? Dann starte bei EY als Audit & Finance Assistant (w/m/d) im Bereich Assurance. Innerhalb von 24 Monaten baust du ein starkes Fundament in Wirtschaftsprüfung, Accounting, Finance, Risk und Data Analytics auf, arbeitest an Mandatsfragestellungen und lernst verschiedene Assurance-Teams kennen. Nach deiner unbefristeten Übernahme entscheidest du, in welchem Bereich du dich langfristig spezialisieren möchtest - inklusive möglichem Wirtschaftsprüfer-Pfad. Die wichtigsten Fakten auf einen Blick Einstiegslevel: Berufseinstieg / Graduate Fachbereich: Assurance, Audit, Accounting & Finance Arbeitsmodell: Hybrid Beschäftigungsart: Vollzeit Start: ab sofort Standorte: Berlin, Bremen, Dortmund, Düsseldorf, Eschborn/Frankfurt (Main), Essen, Freiburg, Hamburg, Hannover, Heilbronn, Köln, Leipzig, Mannheim, München, Nürnberg, Ravensburg, Saarbrücken, Stuttgart Was dich erwartet Verschiedene Stationen im Assurance-Umfeld. Praxisnahe Einblicke in Jahres- und Konzernabschlussprüfung nach HGB und IFRS, Accounting, Financial Reporting, interne Kontrollen und Data Analytics. Zusätzliche Perspektiven auf Technology Risk, IT Audit, ESG Reporting sowie Forensic & Compliance. Regelmäßiges Feedback, fachliche Begleitung, Training on- and off-the-job und ein Netzwerk innerhalb von EY. Eine bewusste Spezialisierungsentscheidung nach 24 Monaten. Weiterentwicklung im Wirtschaftsprüfer-P","Your career in audit, accounting, finance and data analytics at EY Would you like to get into auditing after your studies and gain practical experience in audit, accounting, finance and data analytics? Then start at EY as an Audit & Finance Assistant (f/m/d) in the Assurance department. Within 24 months, you will build a strong foundation in auditing, accounting, finance, risk and data analytics, work on mandate issues and get to know different assurance teams. After your permanent employment, you decide in which area you would like to specialize in the long term - including a possible auditor path. The most important facts at a glance Entry level: Career entry / Graduate Department: Assurance, Audit, Accounting & Finance Working model: Hybrid Employment type: Full-time Start: immediately Locations: Berlin, Bremen, Dortmund, Düsseldorf, Eschborn/Frankfurt (Main), Essen, Freiburg, Hamburg, Hanover, Heilbronn, Cologne, Leipzig, Mannheim, Munich, Nuremberg, Ravensburg, Saarbrücken, Stuttgart What awaits you Various positions in the assurance environment. Practical insights into annual and consolidated financial statements audits according to HGB and IFRS, accounting, financial reporting, internal controls and data analytics. Additional perspectives on technology risk, IT audit, ESG reporting and forensics & compliance. Regular feedback, professional support, training on and off the job and a network within EY. A conscious decision to specialize after 24 months. Further development in auditor-P",translated-de,Germany,Bremen · HB · DE · 28217 · Dortmund · NW · 44263 · Essen · 45131 · Leipzig · SN · 04109 · Hamburg · HH · 20148 · München · BY · 80636 · Nürnberg · 90402 · Köln · 50667 · Freiburg i. Br. · BW · 79098 · Saarbrücken · SL · 66121 · Hannover · NI · 30159 · Heilbronn · 74072 · Stuttgart · 70629 · Mannheim · 68163 · Berlin · BE · 10117 · Ravensburg · 88212 · Eschborn / Frankfurt (Main) · HE · 65760,Munich; Berlin; Frankfurt; Hamburg,https://careers.ey.com/ey/job/Eschborn-Frankfurt-%28Main%29-Audit-&-Finance-Assistant-%28wmd%29-Berufseinstieg-Wirtschaftspr%C3%BCfung-HE-65760/1406996033/,https://careers.ey.com/ey/search/?q=finance&locationsearch=Germany,ey-de,Tue Jul 21 02:00:00 UTC 2026,2026-08-11T19:36:00.373487+00:00,2026-08-11T20:23:42.809583+00:00,10,,schema.org/JobPosting microdata,Open
fe87a79aaeb32db5,ey,EY,Berater Digital Finance & Controlling - Business Consulting (w/m/d),"Are you ready to shape your future with confidence? Gemeinsam die Welt jeden Tag ein bisschen besser machen. Für diesen Anspruch setzen wir bei EY alles in Bewegung und gehen als Team „all in“. Schließlich haben wir ein klares Ziel vor Augen: nachhaltigen Wert und Wachstum zu schaffen – für unsere Mandant:innen, Mitarbeitenden und die gesamte Gesellschaft. Unser globales Netzwerk aus rund 400.000 Mitarbeitenden weltweit bietet dir alle Möglichkeiten zu wachsen, dich zu entwickeln, dich zu spezialisieren sowie deine Stärken und Interessen beruflich zu verfolgen. Wir glauben daran, dass der richtige Karriereweg so individuell ist wie du. Deine Aufgaben Als Teil unseres Finance-Teams in Düsseldorf, Köln, Frankfurt/Main, München, Hannover, Hamburg, Berlin oder Stuttgart berätst du unsere Kund:innen bei der Digitalisierung, Automatisierung und Optimierung von Prozessen im Rechnungswesen und Controlling. Dabei übernimmst du vielfältige Aufgaben: Konzeption und Umsetzung von digitalen Transformationsprojekten mit Schwerpunkt auf Accounting- und Controlling - Prozessen (u.a. im Umfeld von SAP S/4HANA) Beratung der Finanzorganisation zur Digitalisierung und Automatisierung von Geschäftsprozessen – von der Strategieentwicklung über die Konzepterstellung bis zur Implementierung Entwicklung von (Controlling-) Konzepten zu Steuerungsmodellen und KPI-Modellen, Ableitung von Reporting- und Analyseanforderungen sowie Konzeption von Datenmodellen Strategieentwicklung für den Einsatz neuster Technologien (AI, Cloud, etc.) zur Automatisierung der Prozesse im Finance-Umfeld Verantwortung für P","Are you ready to shape your future with confidence? Making the world a little better together every day. To achieve this goal, we at EY do everything we can and go “all in” as a team. Ultimately, we have a clear goal in mind: to create sustainable value and growth – for our clients, employees and society as a whole. Our global network of around 400,000 employees worldwide offers you every opportunity to grow, develop, specialize and pursue your strengths and interests professionally. We believe that the right career path is as individual as you are. Your tasks As part of our finance team in Düsseldorf, Cologne, Frankfurt/Main, Munich, Hanover, Hamburg, Berlin or Stuttgart, you will advise our customers on the digitization, automation and optimization of accounting and controlling processes. You will take on a variety of tasks: Conception and implementation of digital transformation projects with a focus on accounting and controlling processes (including in the SAP S/4HANA environment) Advising the financial organization on the digitization and automation of business processes - from strategy development to concept creation to implementation Development of (controlling) concepts to control models and KPI models, derivation of reporting and analysis requirements as well as conception of data models Strategy development for the use of the latest technologies (AI, Cloud, etc.) to automate processes in the finance environment. Responsibility for P",translated-de,Germany,Köln · NW · DE · 50667 · München · BY · 80636 · Eschborn / Frankfurt (Main) · HE · 65760 · Hamburg · HH · 20148 · Stuttgart · BW · 70629 · Hannover · NI · 30159 · Berlin · BE · 10117,Munich; Berlin; Frankfurt; Hamburg,https://careers.ey.com/ey/job/Berlin-Berater-Digital-Finance-&-Controlling-Business-Consulting-%28wmd%29-BE-10117/1212057301/,https://careers.ey.com/ey/search/?q=finance&locationsearch=Germany,ey-de,Mon Aug 10 02:00:00 UTC 2026,2026-08-11T19:36:00.373487+00:00,2026-08-11T20:23:42.809583+00:00,10,,schema.org/JobPosting microdata,Open
d49bf28a3a584252,ey,EY,Berater Digital Finance & Logistik (P2P) - Business Consulting (w/m/d),"Are you ready to shape your future with confidence? Gemeinsam die Welt jeden Tag ein bisschen besser machen. Für diesen Anspruch setzen wir bei EY alles in Bewegung und gehen als Team „all in“. Schließlich haben wir ein klares Ziel vor Augen: nachhaltigen Wert und Wachstum zu schaffen – für unsere Mandant:innen, Mitarbeitenden und die gesamte Gesellschaft. Unser globales Netzwerk aus rund 400.000 Mitarbeitenden weltweit bietet dir alle Möglichkeiten zu wachsen, dich zu entwickeln, dich zu spezialisieren sowie deine Stärken und Interessen beruflich zu verfolgen. Wir glauben daran, dass der richtige Karriereweg so individuell ist wie du. Deine Aufgaben Als Teil unseres Finance-Teams in Düsseldorf, Köln, Frankfurt/Main, München, Hannover, Hamburg, Berlin oder Stuttgart berätst du unsere Kund:innen bei der Digitalisierung, Automatisierung und Optimierung von Prozessen in den Bereichen Rechnungswesen und Logistik. Dabei übernimmst du vielfältige Aufgaben: Konzeption und Umsetzung von digitalen Transformationsprojekten mit Schwerpunkt auf Accounting-, Beschaffungs- und Logistikprozesse (u.a. im Umfeld von SAP S/4HANA) Beratung unserer Kund:innen mit Schwerpunkt auf Purchase-To-Pay (P2P) Prozesse – von der Strategieentwicklung über die Konzepterstellung bis zur Implementierung Entwicklung von Konzepten zur Optimierung der Einkaufs- und Zahlungsprozesse, einschließlich der Definition von Steuerungsmodellen und KPI-Modellen Strategieentwicklung für den Einsatz neuster Technologien (KI, Cloud, etc.) zur Automatisierung der Prozesse Unterstützung bei der Akquisition von Projekten und","Are you ready to shape your future with confidence? Making the world a little better together every day. To achieve this goal, we at EY do everything we can and go “all in” as a team. Ultimately, we have a clear goal in mind: to create sustainable value and growth – for our clients, employees and society as a whole. Our global network of around 400,000 employees worldwide offers you every opportunity to grow, develop, specialize and pursue your strengths and interests professionally. We believe that the right career path is as individual as you are. Your tasks As part of our finance team in Düsseldorf, Cologne, Frankfurt/Main, Munich, Hanover, Hamburg, Berlin or Stuttgart, you will advise our customers on the digitization, automation and optimization of processes in the areas of accounting and logistics. You will take on a variety of tasks: Conception and implementation of digital transformation projects with a focus on accounting, procurement and logistics processes (including in the SAP S/4HANA environment) Advising our customers with a focus on Purchase-To-Pay (P2P) processes - from strategy development to concept creation to implementation Development of concepts to optimize purchasing and payment processes, including the definition of control models and KPI models Strategy development for the use of the latest technologies (AI, Cloud, etc.) to automate processes Support in the acquisition of projects and",translated-de,Germany,Berlin · BE · DE · 10117 · Köln · NW · 50667 · Hannover · NI · 30159 · Hamburg · HH · 20148 · München · BY · 80636 · Stuttgart · BW · 70629 · Eschborn / Frankfurt (Main) · HE · 65760,Munich; Berlin; Frankfurt; Hamburg,https://careers.ey.com/ey/job/Eschborn-Frankfurt-%28Main%29-Berater-Digital-Finance-&-Logistik-%28P2P%29-Business-Consulting-%28wmd%29-HE-65760/1212069101/,https://careers.ey.com/ey/search/?q=finance&locationsearch=Germany,ey-de,Mon Aug 10 02:00:00 UTC 2026,2026-08-11T19:36:00.373487+00:00,2026-08-11T20:23:42.809583+00:00,10,,schema.org/JobPosting microdata,Open
6546330e37896dca,ey,EY,Berufseinstieg Wirtschaftsprüfung bei EY: One Assurance Assistant - dein Start in Finance (w/m/d),"Die Position ist deutschlandweit im Bereich Assurance, Audit und Finance ausgeschrieben - mit Einsatzmöglichkeiten unter anderem in Hamburg, München, Eschborn, Stuttgart, Düsseldorf und weiteren Standorten. Du musst nicht den perfekten Weg kennen. Du solltest nur den richtigen Start haben. Die Frage ist heute nicht mehr: Was willst du machen? Sondern: Wie willst du in einer Welt starten, die sich gerade komplett verändert? Technologie, Daten und künstliche Intelligenz (AI) verändern Finanzprozesse, Accounting und Unternehmensentscheidungen grundlegend. Genau hier setzt EY an. Mit dem One Assurance Assistant (w/m/d) haben wir einen Einstieg geschaffen, den es so im Markt bisher nicht gibt. Der Fokus liegt auf einem Berufseinstieg in den Bereichen Assurance, Audit, Finance und Data Analytics bei EY. 24 Monate. Mehrere Stationen. Ein Ziel: Ein Fundament im Bereich Assurance, Audit und Finance aufbauen, das dich langfristig erfolgreich macht. Dein erster Einsatz ist in einem unserer Assurance Bereiche und gibt dir einen 360° Blick auf Unternehmen – von Prozessen bis hin zu Risiken und Entscheidungen. Nicht nur verstehen, wie Dinge funktionieren. Sondern auch erkennen, wo es kritisch wird. Dabei gilt: Du wirst nicht einfach eingesetzt, sondern gezielt entwickelt – mit klarer Struktur, festen Stationen und kontinuierlichem Feedback. Was dich erwartet In deiner Explorer Journey arbeitest du an echten Fragestellungen und bekommst Einblicke in unterschiedliche Bereiche der Assurance: Mitarbeit an Accounting-, Finanz- und Transaktionsthemen (z. B. Financial Reporting und Audit) Mitwi","The position is advertised throughout Germany in the areas of assurance, audit and finance - with possible placements in Hamburg, Munich, Eschborn, Stuttgart, Düsseldorf and other locations, among others. You don't have to know the perfect way. You just want to get off to the right start. Today the question is no longer: What do you want to do? But: How do you want to start in a world that is currently completely changing? Technology, data and artificial intelligence (AI) are fundamentally changing financial processes, accounting and business decisions. This is exactly where EY comes in. With the One Assurance Assistant (f/m/d) we have created an entry point that is not yet available on the market. The focus is on starting a career in the areas of assurance, audit, finance and data analytics at EY. 24 months. Multiple stations. One goal: Build a foundation in the areas of assurance, audit and finance that will make you successful in the long term. Your first assignment will be in one of our assurance areas and will give you a 360° view of companies - from processes to risks and decisions. Not just understanding how things work. But also recognize where things become critical. The following applies: You will not simply be deployed, but will be developed in a targeted manner - with a clear structure, fixed stations and continuous feedback. What to expect In your Explorer Journey, you will work on real questions and gain insights into different areas of assurance: Collaborate on accounting, finance and transaction topics (e.g. financial reporting and audit).",translated-de,Germany,Saarbrücken · SL · DE · 66121 · Mannheim · BW · 68163 · Eschborn / Frankfurt (Main) · HE · 65760,Munich; Berlin; Frankfurt; Hamburg,https://careers.ey.com/ey/job/Eschborn-Frankfurt-%28Main%29-Berufseinstieg-Wirtschaftspr%C3%BCfung-bei-EY-One-Assurance-Assistant-dein-Start-in-Finance-%28wmd%29-HE-65760/1384534033/,https://careers.ey.com/ey/search/?q=finance&locationsearch=Germany,ey-de,Mon Aug 10 02:00:00 UTC 2026,2026-08-11T19:36:00.373487+00:00,2026-08-11T20:23:42.809583+00:00,10,,schema.org/JobPosting microdata,Open
2d1052a18e58aad0,ey,EY,Berufseinstieg Wirtschaftsprüfung bei EY: One Assurance Assistant - dein Start in Finance (w/m/d),"Die Position ist deutschlandweit im Bereich Assurance, Audit und Finance ausgeschrieben - mit Einsatzmöglichkeiten unter anderem in Hamburg, München, Eschborn, Stuttgart, Düsseldorf und weiteren Standorten. Du musst nicht den perfekten Weg kennen. Du solltest nur den richtigen Start haben. Die Frage ist heute nicht mehr: Was willst du machen? Sondern: Wie willst du in einer Welt starten, die sich gerade komplett verändert? Technologie, Daten und künstliche Intelligenz (AI) verändern Finanzprozesse, Accounting und Unternehmensentscheidungen grundlegend. Genau hier setzt EY an. Mit dem One Assurance Assistant (w/m/d) haben wir einen Einstieg geschaffen, den es so im Markt bisher nicht gibt. Der Fokus liegt auf einem Berufseinstieg in den Bereichen Assurance, Audit, Finance und Data Analytics bei EY. 24 Monate. Mehrere Stationen. Ein Ziel: Ein Fundament im Bereich Assurance, Audit und Finance aufbauen, das dich langfristig erfolgreich macht. Dein erster Einsatz ist in einem unserer Assurance Bereiche und gibt dir einen 360° Blick auf Unternehmen – von Prozessen bis hin zu Risiken und Entscheidungen. Nicht nur verstehen, wie Dinge funktionieren. Sondern auch erkennen, wo es kritisch wird. Dabei gilt: Du wirst nicht einfach eingesetzt, sondern gezielt entwickelt – mit klarer Struktur, festen Stationen und kontinuierlichem Feedback. Was dich erwartet In deiner Explorer Journey arbeitest du an echten Fragestellungen und bekommst Einblicke in unterschiedliche Bereiche der Assurance: Mitarbeit an Accounting-, Finanz- und Transaktionsthemen (z. B. Financial Reporting und Audit) Mitwi","The position is advertised throughout Germany in the areas of assurance, audit and finance - with possible placements in Hamburg, Munich, Eschborn, Stuttgart, Düsseldorf and other locations, among others. You don't have to know the perfect way. You just want to get off to the right start. Today the question is no longer: What do you want to do? But: How do you want to start in a world that is currently completely changing? Technology, data and artificial intelligence (AI) are fundamentally changing financial processes, accounting and business decisions. This is exactly where EY comes in. With the One Assurance Assistant (f/m/d) we have created an entry point that is not yet available on the market. The focus is on starting a career in the areas of assurance, audit, finance and data analytics at EY. 24 months. Multiple stations. One goal: Build a foundation in the areas of assurance, audit and finance that will make you successful in the long term. Your first assignment will be in one of our assurance areas and will give you a 360° view of companies - from processes to risks and decisions. Not just understanding how things work. But also recognize where things become critical. The following applies: You will not simply be deployed, but will be developed in a targeted manner - with a clear structure, fixed stations and continuous feedback. What to expect In your Explorer Journey, you will work on real questions and gain insights into different areas of assurance: Collaborate on accounting, finance and transaction topics (e.g. financial reporting and audit).",cached,Germany,Hannover · NI · DE · 30159 · Bremen · HB · 28217 · Hamburg · HH · 20148,Munich; Berlin; Frankfurt; Hamburg,https://careers.ey.com/ey/job/Hamburg-Berufseinstieg-Wirtschaftspr%C3%BCfung-bei-EY-One-Assurance-Assistant-dein-Start-in-Finance-%28wmd%29-HH-20148/1384519833/,https://careers.ey.com/ey/search/?q=finance&locationsearch=Germany,ey-de,Mon Aug 10 02:00:00 UTC 2026,2026-08-11T19:36:00.373487+00:00,2026-08-11T20:23:42.809583+00:00,10,,schema.org/JobPosting microdata,Open
e6de034d3fda1bd6,ey,EY,Berufseinstieg Wirtschaftsprüfung bei EY: One Assurance Assistant - dein Start in Finance (w/m/d),"Die Position ist deutschlandweit im Bereich Assurance, Audit und Finance ausgeschrieben - mit Einsatzmöglichkeiten unter anderem in Hamburg, München, Eschborn, Stuttgart, Düsseldorf und weiteren Standorten. Du musst nicht den perfekten Weg kennen. Du solltest nur den richtigen Start haben. Die Frage ist heute nicht mehr: Was willst du machen? Sondern: Wie willst du in einer Welt starten, die sich gerade komplett verändert? Technologie, Daten und künstliche Intelligenz (AI) verändern Finanzprozesse, Accounting und Unternehmensentscheidungen grundlegend. Genau hier setzt EY an. Mit dem One Assurance Assistant (w/m/d) haben wir einen Einstieg geschaffen, den es so im Markt bisher nicht gibt. Der Fokus liegt auf einem Berufseinstieg in den Bereichen Assurance, Audit, Finance und Data Analytics bei EY. 24 Monate. Mehrere Stationen. Ein Ziel: Ein Fundament im Bereich Assurance, Audit und Finance aufbauen, das dich langfristig erfolgreich macht. Dein erster Einsatz ist in einem unserer Assurance Bereiche und gibt dir einen 360° Blick auf Unternehmen – von Prozessen bis hin zu Risiken und Entscheidungen. Nicht nur verstehen, wie Dinge funktionieren. Sondern auch erkennen, wo es kritisch wird. Dabei gilt: Du wirst nicht einfach eingesetzt, sondern gezielt entwickelt – mit klarer Struktur, festen Stationen und kontinuierlichem Feedback. Was dich erwartet In deiner Explorer Journey arbeitest du an echten Fragestellungen und bekommst Einblicke in unterschiedliche Bereiche der Assurance: Mitarbeit an Accounting-, Finanz- und Transaktionsthemen (z. B. Financial Reporting und Audit) Mitwi","The position is advertised throughout Germany in the areas of assurance, audit and finance - with possible placements in Hamburg, Munich, Eschborn, Stuttgart, Düsseldorf and other locations, among others. You don't have to know the perfect way. You just want to get off to the right start. Today the question is no longer: What do you want to do? But: How do you want to start in a world that is currently completely changing? Technology, data and artificial intelligence (AI) are fundamentally changing financial processes, accounting and business decisions. This is exactly where EY comes in. With the One Assurance Assistant (f/m/d) we have created an entry point that is not yet available on the market. The focus is on starting a career in the areas of assurance, audit, finance and data analytics at EY. 24 months. Multiple stations. One goal: Build a foundation in the areas of assurance, audit and finance that will make you successful in the long term. Your first assignment will be in one of our assurance areas and will give you a 360° view of companies - from processes to risks and decisions. Not just understanding how things work. But also recognize where things become critical. The following applies: You will not simply be deployed, but will be developed in a targeted manner - with a clear structure, fixed stations and continuous feedback. What to expect In your Explorer Journey, you will work on real questions and gain insights into different areas of assurance: Collaborate on accounting, finance and transaction topics (e.g. financial reporting and audit).",cached,Germany,Saarbrücken · SL · DE · 66121 · Bremen · HB · 28217 · Nürnberg · BY · 90402 · Hamburg · HH · 20148 · Köln · NW · 50667 · Eschborn / Frankfurt (Main) · HE · 65760 · Hannover · NI · 30159 · Stuttgart · BW · 70629 · Essen · 45131 · Ravensburg · 88212 · Freiburg i. Br. · 79098 · Mannheim · 68163 · Dortmund · 44263 · Heilbronn · 74072 · München · 80636,Munich; Berlin; Frankfurt; Hamburg,https://careers.ey.com/ey/job/M%C3%BCnchen-Berufseinstieg-Wirtschaftspr%C3%BCfung-bei-EY-One-Assurance-Assistant-dein-Start-in-Finance-%28wmd%29-BY-80636/1384513333/,https://careers.ey.com/ey/search/?q=finance&locationsearch=Germany,ey-de,Mon Aug 10 02:00:00 UTC 2026,2026-08-11T19:36:00.373487+00:00,2026-08-11T20:23:42.809583+00:00,10,,schema.org/JobPosting microdata,Open
b706fcdeb1126d31,ey,EY,Berufseinstieg Wirtschaftsprüfung bei EY: One Assurance Assistant - dein Start in Finance (w/m/d),"Die Position ist deutschlandweit im Bereich Assurance, Audit und Finance ausgeschrieben - mit Einsatzmöglichkeiten unter anderem in Hamburg, München, Eschborn, Stuttgart, Düsseldorf und weiteren Standorten. Du musst nicht den perfekten Weg kennen. Du solltest nur den richtigen Start haben. Die Frage ist heute nicht mehr: Was willst du machen? Sondern: Wie willst du in einer Welt starten, die sich gerade komplett verändert? Technologie, Daten und künstliche Intelligenz (AI) verändern Finanzprozesse, Accounting und Unternehmensentscheidungen grundlegend. Genau hier setzt EY an. Mit dem One Assurance Assistant (w/m/d) haben wir einen Einstieg geschaffen, den es so im Markt bisher nicht gibt. Der Fokus liegt auf einem Berufseinstieg in den Bereichen Assurance, Audit, Finance und Data Analytics bei EY. 24 Monate. Mehrere Stationen. Ein Ziel: Ein Fundament im Bereich Assurance, Audit und Finance aufbauen, das dich langfristig erfolgreich macht. Dein erster Einsatz ist in einem unserer Assurance Bereiche und gibt dir einen 360° Blick auf Unternehmen – von Prozessen bis hin zu Risiken und Entscheidungen. Nicht nur verstehen, wie Dinge funktionieren. Sondern auch erkennen, wo es kritisch wird. Dabei gilt: Du wirst nicht einfach eingesetzt, sondern gezielt entwickelt – mit klarer Struktur, festen Stationen und kontinuierlichem Feedback. Was dich erwartet In deiner Explorer Journey arbeitest du an echten Fragestellungen und bekommst Einblicke in unterschiedliche Bereiche der Assurance: Mitarbeit an Accounting-, Finanz- und Transaktionsthemen (z. B. Financial Reporting und Audit) Mitwi","The position is advertised throughout Germany in the areas of assurance, audit and finance - with possible placements in Hamburg, Munich, Eschborn, Stuttgart, Düsseldorf and other locations, among others. You don't have to know the perfect way. You just want to get off to the right start. Today the question is no longer: What do you want to do? But: How do you want to start in a world that is currently completely changing? Technology, data and artificial intelligence (AI) are fundamentally changing financial processes, accounting and business decisions. This is exactly where EY comes in. With the One Assurance Assistant (f/m/d) we have created an entry point that is not yet available on the market. The focus is on starting a career in the areas of assurance, audit, finance and data analytics at EY. 24 months. Multiple stations. One goal: Build a foundation in the areas of assurance, audit and finance that will make you successful in the long term. Your first assignment will be in one of our assurance areas and will give you a 360° view of companies - from processes to risks and decisions. Not just understanding how things work. But also recognize where things become critical. The following applies: You will not simply be deployed, but will be developed in a targeted manner - with a clear structure, fixed stations and continuous feedback. What to expect In your Explorer Journey, you will work on real questions and gain insights into different areas of assurance: Collaborate on accounting, finance and transaction topics (e.g. financial reporting and audit).",cached,Germany,Nürnberg · BY · DE · 90402 · München · 80636,Munich; Berlin; Frankfurt; Hamburg,https://careers.ey.com/ey/job/M%C3%BCnchen-Berufseinstieg-Wirtschaftspr%C3%BCfung-bei-EY-One-Assurance-Assistant-dein-Start-in-Finance-%28wmd%29-BY-80636/1384517033/,https://careers.ey.com/ey/search/?q=finance&locationsearch=Germany,ey-de,Mon Aug 10 02:00:00 UTC 2026,2026-08-11T19:36:00.373487+00:00,2026-08-11T20:23:42.809583+00:00,10,,schema.org/JobPosting microdata,Open
e40dbdbcd4302aeb,ey,EY,Duales Studium in der Unternehmensberatung - Digital Business Management (Bachelor of Arts) (w/m/d),"Are you ready to shape your future with confidence? Gemeinsam die Welt jeden Tag ein bisschen besser machen. Für diesen Anspruch setzen wir bei EY alles in Bewegung und gehen als Team „all in“. Schließlich haben wir ein klares Ziel vor Augen: nachhaltigen Wert und Wachstum zu schaffen – für unsere Mandant:innen, Mitarbeitenden und die gesamte Gesellschaft. Unser globales Netzwerk aus rund 400.000 Mitarbeitenden weltweit bietet dir alle Möglichkeiten zu wachsen, dich zu entwickeln, dich zu spezialisieren sowie deine Stärken und Interessen beruflich zu verfolgen. Wir glauben daran, dass der richtige Karriereweg so individuell ist wie du. Deine Aufgaben Im dualen Studium „Digital Business Management“ mit Start zum 1. September 2027 erhältst du im Wechsel zwischen Theorie- und Praxisphase spannende Einblicke in die Welt der Wirtschaft. Du studierst entweder an der iba Hamburg oder Berlin oder an der DHBW Stuttgart – je nachdem, was besser zu dir passt. In deinen Praxisphasen übernimmst du bei EY an einem unserer Standorte verantwortungsvolle Aufgaben – je nach Einsatzbereich im Bereich „Business Consulting - Finance“, im Bereich „Risk Consulting“ oder „Business Consulting – Business Transformation“. Im Bereich „Business Consulting - Finance“ erwarten dich u. a. folgende Aufgaben: Unterstützung bei der Analyse, Optimierung und Digitalisierung von Finanzprozessen Mitwirkung an Projekten zu Themen wie Sustainable Finance, Financial Planning & Analysis oder Artificial Intelligence (AI) Einblicke in moderne Reporting- und Steuerungssysteme sowie regulatorische Anforderungen Im Berei","Are you ready to shape your future with confidence? Making the world a little better together every day. To achieve this goal, we at EY do everything we can and go “all in” as a team. Ultimately, we have a clear goal in mind: to create sustainable value and growth – for our clients, employees and society as a whole. Our global network of around 400,000 employees worldwide offers you every opportunity to grow, develop, specialize and pursue your strengths and interests professionally. We believe that the right career path is as individual as you are. Your tasks In the dual study program “Digital Business Management” starting on September 1, 2027, you will gain exciting insights into the world of business by alternating between the theoretical and practical phases. You study either at the iba Hamburg or Berlin or at the DHBW Stuttgart – whichever suits you better. During your practical phases, you will take on responsible tasks at EY at one of our locations - depending on the area of ​​application in the area of ​​""Business Consulting - Finance"", in the area of ​​""Risk Consulting"" or ""Business Consulting - Business Transformation"". In the “Business Consulting - Finance” area you can expect, among other things: The following tasks: Support in the analysis, optimization and digitalization of financial processes Participation in projects on topics such as Sustainable Finance, Financial Planning & Analysis or Artificial Intelligence (AI) Insights into modern reporting and control systems as well as regulatory requirements On the job",translated-de,Germany,Stuttgart · BW · DE · 70629 · Berlin · BE · 10117 · Hamburg · HH · 20148,Munich; Berlin; Frankfurt; Hamburg,https://careers.ey.com/ey/job/Hamburg-Duales-Studium-in-der-Unternehmensberatung-Digital-Business-Management-%28Bachelor-of-Arts%29-%28wmd%29-HH-20148/1235037201/,https://careers.ey.com/ey/search/?q=finance&locationsearch=Germany,ey-de,Fri May 22 02:00:00 UTC 2026,2026-08-11T19:36:00.373487+00:00,2026-08-11T20:23:42.809583+00:00,10,,schema.org/JobPosting microdata,Open
d5ff425dfc0c4790,ey,EY,EY-Parthenon Praktikant Financial Diligence (Financial Services) (w/m/d),"Are you ready to shape your future with confidence? Du willst mehr als reine Strategieberatung? Du willst tiefer einsteigen als im klassischen M&A? Dann komm dorthin, wo beides zusammenläuft: Bei EY-Parthenon begleitest du CEOs, Vorstände und Private-Equity-Gesellschaften bei transaktionsbasierten Transformationen vom ersten strategischen Gedanken bis zur erfolgreichen Umsetzung. Hier arbeitest du an wegweisenden Projekten in vielfältigen Branchen: von der Neuausrichtung und Optimierung von Strategien bis hin zu transformativen Deals und Restrukturierungen. Mit datenbasierten Insights und dem gezielten Einsatz von KI-Technologien eröffnest du neue Märkte, treibst Wachstum voran und entwickelst Unternehmens- und Kapitalstrategien, die den entscheidenden Unterschied machen. Unser Bereich Financial Services fokussiert sich auf Finanzdienstleistungen und unterstützt Banken, Versicherungen und Asset Manager dabei, in einer sich stets verändernden und schnelllebigen Welt erfolgreich zu sein. Deine Aufgaben Als Teil der Transaction Diligence in Köln, München oder Frankfurt/Main begleiten wir sowohl FinTechs, InsurTechs, Start-ups, Makler:innen als auch Kund:innen im Private Equity- und Bankenbereich im Rahmen von Strategie- und M&A-Projekten sowie bei der Umsetzung unterschiedlicher käufer- und verkäuferseitigen Beratungsleistungen. Dabei übernimmst du vielfältige Aufgaben: Mitwirkung an internationalen Transaktionen, einschließlich Marktanalysen, Due-Diligence und Post-Merger-Integration Analyse von Finanzdienstleistungsunternehmen und Start-ups zur Unterstützung von Strategie- u","Are you ready to shape your future with confidence? Do you want more than just strategy advice? Do you want to go deeper than traditional M&A? Then come to where both come together: At EY-Parthenon you will support CEOs, board members and private equity companies in transaction-based transformations from the first strategic idea to successful implementation. Here you will work on groundbreaking projects in a variety of industries: from realigning and optimizing strategies to transformative deals and restructurings. With data-based insights and the targeted use of AI technologies, you open new markets, drive growth and develop corporate and capital strategies that make the difference. Our Financial Services division focuses on financial services and supports banks, insurance companies and asset managers in being successful in an ever-changing and fast-moving world. Your tasks As part of the transaction diligence in Cologne, Munich or Frankfurt/Main, we support FinTechs, InsurTechs, start-ups, brokers as well as customers in the private equity and banking sectors within the framework of strategy and M&A projects as well as in the implementation of various buyer- and seller-side consulting services. You will take on a variety of tasks: Participation in international transactions, including market analyses, due diligence and post-merger integration Analysis of financial services companies and start-ups to support strategy and...",translated-de,Germany,Eschborn / Frankfurt (Main) · HE · DE · 65760 · Köln · NW · 50667 · München · BY · 80636,Munich; Berlin; Frankfurt; Hamburg,https://careers.ey.com/ey/job/M%C3%BCnchen-EY-Parthenon-Praktikant-Financial-Diligence-%28Financial-Services%29-%28wmd%29-BY-80636/1221341001/,https://careers.ey.com/ey/search/?q=finance&locationsearch=Germany,ey-de,Sun Aug 09 02:00:00 UTC 2026,2026-08-11T19:36:00.373487+00:00,2026-08-11T20:23:42.809583+00:00,10,,schema.org/JobPosting microdata,Open
f0d64058a4828ea2,ey,EY,Manager Business Consulting - Finance (Financial Services) (w/m/d),"Are you ready to shape your future with confidence? Gemeinsam die Welt jeden Tag ein bisschen besser machen. Für diesen Anspruch setzen wir bei EY alles in Bewegung und gehen als Team „all in“. Schließlich haben wir ein klares Ziel vor Augen: nachhaltigen Wert und Wachstum zu schaffen – für unsere Mandant:innen, Mitarbeitenden und die gesamte Gesellschaft. Unser globales Netzwerk aus rund 400.000 Mitarbeitenden weltweit bietet dir alle Möglichkeiten zu wachsen, dich zu entwickeln, dich zu spezialisieren sowie deine Stärken und Interessen beruflich zu verfolgen. Wir glauben daran, dass der richtige Karriereweg so individuell ist wie du. Unser Bereich Financial Services fokussiert sich auf Finanzdienstleistungen und unterstützt Banken, Versicherungen und Asset Manager dabei, in einer sich stets verändernden und schnelllebigen Welt erfolgreich zu sein. Deine Aufgaben Als Teil unseres Business Consulting Finance-Teams unterstützt du in Düsseldorf, Frankfurt/Main, Hamburg, Hannover, Köln, München oder Stuttgart unsere Kund:innen aus der Finanzbranche bei der agilen Finance Transformation, im Performance Management und Reporting, im Accounting Close, Finance Analytics und Optimization. Du entwickelst ganzheitliche Lösungen, die von der strategischen Ausrichtung des Geschäftsmodells über die fachliche Konzeption der Finanzprozesse und -architektur bis zur Umsetzung in der Finanzarchitektur und im Datenhaushalt reichen. Dabei übernimmst du vielfältige Aufgaben: Beratung nationaler und internationaler Banken und/oder Versicherungsgesellschaften bei der Optimierung, Weiterentwicklung","Are you ready to shape your future with confidence? Making the world a little better together every day. To achieve this goal, we at EY do everything we can and go “all in” as a team. Ultimately, we have a clear goal in mind: to create sustainable value and growth – for our clients, employees and society as a whole. Our global network of around 400,000 employees worldwide offers you every opportunity to grow, develop, specialize and pursue your strengths and interests professionally. We believe that the right career path is as individual as you are. Our Financial Services division focuses on financial services and supports banks, insurance companies and asset managers in being successful in an ever-changing and fast-moving world. Your tasks As part of our Business Consulting Finance team, you will support our customers from the financial industry in Düsseldorf, Frankfurt/Main, Hamburg, Hanover, Cologne, Munich or Stuttgart with agile finance transformation, performance management and reporting, accounting close, finance analytics and optimization. You develop holistic solutions that range from the strategic orientation of the business model to the technical conception of the financial processes and architecture to the implementation in the financial architecture and data management. You will take on a wide range of tasks: advising national and international banks and/or insurance companies on optimization and further development",translated-de,Germany,München · BY · DE · 80636 · Köln · NW · 50667 · Hannover · NI · 30159 · Stuttgart · BW · 70629 · Hamburg · HH · 20148 · Eschborn / Frankfurt (Main) · HE · 65760,Munich; Berlin; Frankfurt; Hamburg,https://careers.ey.com/ey/job/Eschborn-Frankfurt-%28Main%29-Manager-Business-Consulting-Finance-%28Financial-Services%29-%28wmd%29-HE-65760/1206473901/,https://careers.ey.com/ey/search/?q=finance&locationsearch=Germany,ey-de,Thu Jul 16 02:00:00 UTC 2026,2026-08-11T19:36:00.373487+00:00,2026-08-11T20:23:42.809583+00:00,10,,schema.org/JobPosting microdata,Open
aa7c452578b7ecf8,ey,EY,SAP Finance & Controlling Consultant (SAP FI/CO) (w/m/d),"Are you ready to shape your future with confidence? Gemeinsam die Welt jeden Tag ein bisschen besser machen. Für diesen Anspruch setzen wir bei EY alles in Bewegung und gehen als Team „all in“. Schließlich haben wir ein klares Ziel vor Augen: nachhaltigen Wert und Wachstum zu schaffen – für unsere Mandant:innen, Mitarbeitenden und die gesamte Gesellschaft. Unser globales Netzwerk aus rund 400.000 Mitarbeitenden weltweit bietet dir alle Möglichkeiten zu wachsen, dich zu entwickeln, dich zu spezialisieren sowie deine Stärken und Interessen beruflich zu verfolgen. Wir glauben daran, dass der richtige Karriereweg so individuell ist wie du. Deine Aufgaben Als Teil unserer SAP Prozess & Technologie Consulting in Berlin, Düsseldorf, Frankfurt/Main, Köln, Hamburg, Mannheim, München oder Stuttgart hilfst du unseren Kund:innen mit zukunftsweisenden technologischen Lösungen die Herausforderungen von heute und morgen zu bewältigen. Als Finance & Controlling Consultant berätst du unsere Kund:innen auf ihrem Weg zu einer modernen und zukunftsorientierten Finanzfunktion. Dabei übernimmst du vielfältige Aufgaben: Beratung nationaler und internationaler Unternehmen bei Digitalisierungs- und Transformationsprojekten im Bereich Finance (Accounting & Controlling), vor allem im Kontext von SAP S/4HANA Transformationen Unterstützung über alle Transformationsphasen hinweg – bei der Anforderungsaufnahme, dem Prozessdesign, der Implementierung im System und dem Testing bis zum Go-live Analyse, Design und kundenspezifische Optimierung von Finanzprozessen in SAP FI/CO sowie erfolgreiche Umsetzung der","Are you ready to shape your future with confidence? Making the world a little better together every day. To achieve this goal, we at EY do everything we can and go “all in” as a team. Ultimately, we have a clear goal in mind: to create sustainable value and growth – for our clients, employees and society as a whole. Our global network of around 400,000 employees worldwide offers you every opportunity to grow, develop, specialize and pursue your strengths and interests professionally. We believe that the right career path is as individual as you are. Your tasks As part of our SAP Process & Technology Consulting in Berlin, Düsseldorf, Frankfurt/Main, Cologne, Hamburg, Mannheim, Munich or Stuttgart, you will help our customers overcome the challenges of today and tomorrow with pioneering technological solutions. As a Finance & Controlling Consultant, you will advise our customers on their path to a modern and future-oriented finance function. You will take on a variety of tasks: Advising national and international companies on digitalization and transformation projects in the area of ​​finance (accounting & controlling), especially in the context of SAP S/4HANA transformations. Support across all transformation phases - from requirements recording, process design, implementation in the system and testing to go-live analysis, design and customer-specific optimization of financial processes in SAP FI/CO as well as successful implementation",translated-de,Germany,Stuttgart · BW · DE · 70629 · München · BY · 80636 · Hamburg · HH · 20148 · Eschborn / Frankfurt (Main) · HE · 65760 · Mannheim · 68163 · Köln · NW · 50667 · Dortmund · 44263 · Berlin · BE · 10117,Munich; Berlin; Frankfurt; Hamburg,https://careers.ey.com/ey/job/Berlin-SAP-Finance-&-Controlling-Consultant-%28SAP-FICO%29-%28wmd%29-BE-10117/1210311901/,https://careers.ey.com/ey/search/?q=finance&locationsearch=Germany,ey-de,Sun Jul 19 02:00:00 UTC 2026,2026-08-11T19:36:00.373487+00:00,2026-08-11T20:23:42.809583+00:00,10,,schema.org/JobPosting microdata,Open
028f21f1dea31e24,ey,EY,Senior Consultant Financial Processes and Intercompany (f/m/d),"Are you ready to shape your future with confidence? Working together to make the world a little bit better every day. This is our purpose at EY and as a team we go all in to work towards our bold ambition: to create long-term value and growth – for our clients, our people and society. Our network of around 400,000 people around the world offers you every opportunity to grow, develop, specialize and pursue your professional strengths and interests. We believe that the right career path is as individual as you are. Your role As part of our Platform, Solutions and Intelligence Team within a European center of excellence in Stuttgart or Munich you will consult multinational clients in cross-border and complex problems. You will take on a wide variety of tasks: Conception and implementation of digital transformation projects with a focus on accounting and reporting processes as well as intercompany accounting within the SAP S/4HANA environment Consulting of the finance organization to implement efficient finance processes as well as digitalization of business processes in NextGen-ERP-systems – from strategy development, concept preparation and process design to the optimization and implementation Specialized consulting services in an international environment to solve complex problems in in-house accounting, interlocked with the respective logistics, controlling and accounting processes Involvement in the development of innovative services and preparation of turnkey solutions for clients Responsibilities for project progress and technical leadership of teams Your skillset Univer","Are you ready to shape your future with confidence? Working together to make the world a little bit better every day. This is our purpose at EY and as a team we go all in to work towards our bold ambition: to create long-term value and growth – for our clients, our people and society. Our network of around 400,000 people around the world offers you every opportunity to grow, develop, specialize and pursue your professional strengths and interests. We believe that the right career path is as individual as you are. Your role As part of our Platform, Solutions and Intelligence Team within a European center of excellence in Stuttgart or Munich you will consult multinational clients in cross-border and complex problems. You will take on a wide variety of tasks: Conception and implementation of digital transformation projects with a focus on accounting and reporting processes as well as intercompany accounting within the SAP S/4HANA environment Consulting of the finance organization to implement efficient finance processes as well as digitalization of business processes in NextGen-ERP-systems – from strategy development, concept preparation and process design to the optimization and implementation Specialized consulting services in an international environment to solve complex problems in in-house accounting, interlocked with the respective logistics, controlling and accounting processes Involvement in the development of innovative services and preparation of turnkey solutions for clients Responsibilities for project progress and technical leadership of teams Your skillset Univer",original-en,Germany,Stuttgart · BW · DE · 70629 · München · BY · 80636,Munich; Berlin; Frankfurt; Hamburg,https://careers.ey.com/ey/job/M%C3%BCnchen-Senior-Consultant-Financial-Processes-and-Intercompany-%28fmd%29-BY-80636/1213732401/,https://careers.ey.com/ey/search/?q=finance&locationsearch=Germany,ey-de,Tue Aug 11 02:00:00 UTC 2026,2026-08-11T19:36:00.373487+00:00,2026-08-11T20:23:42.809583+00:00,10,,schema.org/JobPosting microdata,Open
b9870c6ed1168814,ey,EY,Finanční kontroler/ka,"To nejdůležitější v pár větách Do našeho interního finančního týmu hledáme kolegu nebo kolegyni, který/á nám pomůže podporovat Central Business Unit – skupinu šesti zemí – v oblasti finančního řízení, plánování a rozhodování. Budete pracovat s finančními daty, týmy a managementem napříč celou Central Business Unit a přispívat k tomu, aby vedení mělo jasný a spolehlivý pohled na výsledky i další vývoj. Čeká vás pestrá kombinace analýz, reportingu, plánování a ad hoc projektů , díky kterým budete mít možnost vidět byznys v širších souvislostech a být blízko důležitým rozhodnutím. Pokud vás baví čísla, hledání souvislostí a komunikace s lidmi z různých zemí, tahle role vám nabídne prostor růst a být skutečnou oporou pro business. Vaše role v týmu Příprava finančních analýz a podkladů pro rozhodování vedení Business Unit. Vyhodnocování finančních výsledků , nepřímých nákladů a klíčových trendů. Spolupráce na plánování , forecastingu a dlouhodobých finančních výhledech. Příprava reportů a prezentací finančních výsledků. Kontrola souladu s účetními standardy a interními pravidly. Zapojení do ad hoc analýz, reportů a projektů zaměřených na zlepšování finančních procesů. Co je pro nás důležité SŠ/VŠ vzdělání (ekonomický směr výhodou) a chuť se dál učit . Minimálně 2 roky zkušeností v auditu, financích, controllingu nebo manažerském účetnictví. Základní znalost podvojného účetnictví. Pokročilou znalost MS Excel (vzorce, kontingenční tabulky). Angličtinu na úrovni min. B2 ( psaná i mluvená). Češtinu na plynulé úrovni. Výhodou: ACCA nebo její studium, znalost Power BI / ThoughtSpot. S","The most important thing in a few sentences We are looking for a colleague to join our internal finance team who will help us support the Central Business Unit - a group of six countries - in the area of ​​financial management, planning and decision-making. You will work with financial data, teams and management across the entire Central Business Unit and contribute to ensuring that management has a clear and reliable view of results and further developments. A varied combination of analysis, reporting, planning and ad hoc projects awaits you, thanks to which you will have the opportunity to see the business in a broader context and be close to important decisions. If you enjoy numbers, finding connections and communicating with people from different countries, this role will offer you room to grow and be a real support for the business. Your role in the team Preparation of financial analyzes and documents for decision-making by the Business Unit management. Evaluating financial results, indirect costs and key trends. Cooperation on planning, forecasting and long-term financial outlooks. Preparation of reports and presentations of financial results. Control of compliance with accounting standards and internal rules. Involvement in ad hoc analyses, reports and projects aimed at improving financial processes. What is important for us is a secondary school/university education (economic major is an advantage) and the desire to continue learning. At least 2 years of experience in auditing, finance, controlling or management accounting. Basic knowledge of double-entry bookkeeping. Advanced knowledge of MS Excel (formulas, pivot tables). English at the level of min. B2 (written and spoken). Czech at a fluent level. Advantage: ACCA or its studies, knowledge of Power BI / ThoughtSpot. WITH",translated-cs,Czechia,,Prague,https://careers.ey.com/ey/job/Prague-1-Nove-Mesto-Finan%C4%8Dn%C3%AD-kontrolerka-110-00/1420790833/,https://careers.ey.com/ey/search/?q=finance&locationsearch=Czech%20Republic,ey-cz,Thu Jul 30 00:00:00 UTC 2026,2026-08-11T19:34:50.772839+00:00,2026-08-11T20:22:47.124692+00:00,10,,schema.org/JobPosting microdata,Open
6cfea483095946b2,ey,EY,Internship - Korporátní finance & Oceňování a Ekonomické poradenství,"To nejdůležitější v pár větách Náš tým Korporátních financí pracuje na těch největších transakcích v rámci střední a jihovýchodní Evropy. Našim klientům poskytujeme odborné poradenství, které slouží jako podklad pro klíčová rozhodnutí. Připravujeme finanční modely a ocenění pro top hráče ze světa investování, financí a průmyslu, jako jsou PPF, J&T, Penta, ČEZ, Česká spořitelna, a mnoho dalších. Přidej se k nám do týmu. Naučíme tě, jak funguje velký transakční byznys, a zároveň získáš rozhled v řadě odvětví. Co je pro nás důležité Víme, že jsi teprve na začátku kariéry. Ale tady je několik věcí, které jsou pro tuhle práci podstatné: Studuješ magisterské studium ekonomického nebo technického zaměření (ideálně s vedlejší specializací oceňování) Máš čas pracovat minimálně 20 hodin týdně . Mluvíš a píšeš dobře anglicky a máš plynulou znalost českého/slovenského jazyka. Orientuješ se na finančním trhu a v oblasti transakcí, korporátních financí, modelování, financování a cash flow. Máš zápal pro věc . Rád/a se neustále učíš nové věci. A hlavně to musí být dobrý match . Budeš s kolegy trávit hodně času, tak si musíte sednout i lidsky. Jak se ti odměníme Nástupní mzda 230Kč/hodinu, smlouvu na HPP (zkrácený úvazek) a k tomu benefity, které ti zaručeně udělají radost. Tady je pár z nich: Volno : Placená dovolená dle odpracovaných hodin. Odměna za doporučení kandidáta : Získej od 10 do 70 tisíc Kč za doporučení nového kolegy. Benefitní body v Cafeterii můžeš utratit podle sebe. Třeba si pořídit Multisport kartu, nakoupit dárky nebo si užít odpočinek na Slevomatu. Profesionální rozvoj","The most important things in a few sentences Our Corporate Finance team works on the largest transactions within Central and Southeastern Europe. We provide our clients with expert advice that serves as a basis for key decisions. We prepare financial models and awards for top players from the world of investment, finance and industry, such as PPF, J&T, Penta, ČEZ, Česká spořitelna, and many others. Join our team. We will teach you how a large transactional business works, and at the same time you will gain insight into a number of industries. What's important to us We know you're just at the beginning of your career. But here are a few things that are essential for this job: You study a master's degree in economics or technology (ideally with a minor in valuation) You have time to work at least 20 hours a week. You speak and write English well and have a fluent knowledge of the Czech/Slovak language. You are oriented in the financial market and in the field of transactions, corporate finance, modeling, financing and cash flow. You have a passion for the cause. You like to constantly learn new things. And above all, it must be a good match. You will be spending a lot of time with your colleagues, so you have to sit down as a human being. How we will reward you Starting wage of CZK 230/hour, HPP contract (part-time) and benefits that are guaranteed to make you happy. Here are a few of them: Time off: Paid vacation based on hours worked. Reward for recommending a candidate: Get from 10 to 70 thousand CZK for recommending a new colleague. You can spend the benefit points in the Cafeteria as you like. For example, buy a Multisport card, buy gifts or enjoy a break at Slevomat. Professional development",translated-cs,Czechia,,Prague,https://careers.ey.com/ey/job/Prague-1-Nove-Mesto-Internship-Korpor%C3%A1tn%C3%AD-finance-&-Oce%C5%88ov%C3%A1n%C3%AD-a-Ekonomick%C3%A9-poradenstv%C3%AD-110-00/1226773901/,https://careers.ey.com/ey/search/?q=finance&locationsearch=Czech%20Republic,ey-cz,Tue Jul 21 02:00:00 UTC 2026,2026-08-11T19:34:50.772839+00:00,2026-08-11T20:22:47.124692+00:00,10,,schema.org/JobPosting microdata,Open
03a3a5ae39fb698f,ey,EY,Internship - Korporátní finance & Restrukturalizace,"To nejdůležitější v pár větách V týmu Korporátních financí a restrukturalizací poznáš do hloubky hned několik odvětví a naučíš se komunikovat s bankami a investory. Zapojíme tě do příprav finančních plánů a modelů pro účely restrukturalizací nebo nezávislých hodnocení obchodních plánů. Dozvíš se, jak funguje financování velkých firem, ale i dílčích projektů nebo akvizic a poznáš, jak to chodí ve světě transakcí. Práce sice bude hodně, ale my se postaráme o to, aby ti nic nechybělo. Tvoje role v týmu „Budeš součástí týmu, jehož cílem je záchrana firem, které se i kvůli pandemii dostaly do finančních potíží a jejich management i akcionáři se mohou spolehnout, že uděláme maximum pro to, abychom je dostali z nejhoršího. Častokrát to znamená detailní analýzu klientova businessu a hledání správných míst, kde ušetřit nebo vyjednat lepší podmínky s věřiteli nebo bankami. Naposled se nám to povedlo se společností Smartwings. Studujeme oblast podnikání našich klientů do hloubky. Díky tomu třeba víme, jak fungují letadlové motory, jak se vyrábí elektřina nebo recyklují odpady těmi nejmodernějšími metodami. Taky se díváme na to, jak se trh vyvíjí, vytváříme podrobné finanční plány a modely. V konečné fázi prezentujeme příběhy našich klientů přímo v bance nebo u investorů. Zastupujeme jejich zájmy, argumentujeme a získáváme peníze pro rozjezd, expanzi nebo udržení jejich podnikání. V mém týmu tě čeká zajímavá práce, která současně představuje investici do tvé budoucnosti. Za pár měsíců si osvojíš obrovské množství dovedností, které budeš mít možnost dál rozvíjet a aplikovat v různých pr","The most important things in a few sentences In the Corporate Finance and Restructuring team, you will get to know several industries in depth and learn to communicate with banks and investors. We will involve you in the preparation of financial plans and models for the purposes of restructuring or independent evaluation of business plans. You will learn how the financing of large companies works, as well as partial projects or acquisitions, and you will get to know how it works in the world of transactions. There will be a lot of work, but we will make sure that you don't miss anything. Your role in the team ""You will be part of a team whose goal is to save companies that have fallen into financial difficulties due to the pandemic, and their management and shareholders can count on us to do our best to get them out of the worst. Often this means a detailed analysis of the client's business and finding the right places to save money or negotiate better terms with creditors or banks. The last time we succeeded was with Smartwings. We study our clients' business in depth. Thanks to this, for example we know how aircraft engines work or how waste is recycled. We also look at how the market develops. In the final stage, we represent our clients' interests and get money for the start-up, expansion or maintenance of their business. For a couple months, you will acquire a huge number of skills, which you will have the opportunity to further develop and apply in various pr",translated-cs,Czechia,,Prague,https://careers.ey.com/ey/job/Prague-1-Nove-Mesto-Internship-Korpor%C3%A1tn%C3%AD-finance-&-Restrukturalizace-110-00/1226311301/,https://careers.ey.com/ey/search/?q=finance&locationsearch=Czech%20Republic,ey-cz,Tue Jul 21 02:00:00 UTC 2026,2026-08-11T19:34:50.772839+00:00,2026-08-11T20:22:47.124692+00:00,10,,schema.org/JobPosting microdata,Open
27557524c1f41d1d,ey,EY,Junior konzultant - Daně,"To nejdůležitější v pár větách Chceš zajímavou a kreativní práci? Přidej se k nám do týmu. Můžeš se specializovat na daně z příjmů právnických osob, transakční poradenství, nebo zdanění fyzických osob. Pomůžeme ti vybrat tu správnou specializaci právě pro tebe. Tvoje role v týmu Práce v našem oddělení je rozmanitá, naše projekty mají často přesah do zahraničí. Daňová pravidla se neustále mění a na nás je najít správné řešení pro nejrůznější situace, které přináší podnikání i život. Nevadí, pokud se v daních teprve rozkoukáváš, nebo o nich nevíš vůbec nic. Během interních školení se dozvíš vše potřebné. Pracuje se vždy v týmu, ve kterém budeš obklopen zkušenými kolegy, kteří Ti rádi pomohu, a každý den se naučíš něco nového. Vzdělávání a rozvoj patří mezi hlavní principy, na kterých stavíme naši firemní kulturu. „Žádná firma nedělá významná rozhodnutí bez zvážení daňových dopadů jednotlivých plánovaných kroků. Klientům pomáháme s restrukturalizacemi, akvizicemi či přesunem podnikání ve spolupráci se zahraničními kancelářemi sítě EY, ale řešíme i každodenní provozní otázky. Děláme projekty po celém světě jak pro velké mezinárodní skupiny, tak i pro start-upy a domácí podniky. Hned od nástupu budeš součástí týmu, na který klient spoléhá. Pokud chceš být u toho, napiš nám a na viděnou ve Florentinu.“ Martina Kneiflová, Partner, Daně Co je pro nás důležité Víme, že jsi teprve na začátku kariéry. Několik věcí je ale pro tuto práci podstatných: Máš čerstvě dokončené studium inženýra nebo magistra , nebo jsi studentem posledních dvou ročníků vysoké školy. Tvůj obor nemusí být zaměř","The most important things in a few sentences Do you want an interesting and creative job? Join our team. You can specialize in corporate income taxes, transaction consulting, or taxation of natural persons. We will help you choose the right specialization for you. Your role in the team Work in our department is diverse, our projects often extend abroad. Tax rules are constantly changing and it is up to us to find the right solution for the various situations that come with business and life. It doesn't matter if you're new to taxes or don't know anything about them at all. You will learn everything you need during internal training. You always work in a team where you will be surrounded by experienced colleagues who are happy to help you, and you will learn something new every day. Education and development are among the main principles on which we build our corporate culture. ""No company makes important decisions without considering the tax implications of individual planned steps. We help clients with restructuring, acquisitions or business transfers in cooperation with foreign offices of the EY network, but we also solve everyday operational issues. We do projects all over the world both for large international groups and for start-ups and domestic companies. From the moment you start, you will be part of a team that the client relies on. If you want to be there, write to us and see you in Florentino."" Martina Kneiflová, Partner, Daně What is important to us We know that you are only at the beginning of your career. However, several things are essential for this job: You have just completed your engineering or master's degree, or you are a student in the last two years of university. Your field doesn't have to be the focus",translated-cs,Czechia,,Prague,https://careers.ey.com/ey/job/Prague-1-Nove-Mesto-Junior-konzultant-Dan%C4%9B-110-00/1379950833/,https://careers.ey.com/ey/search/?q=finance&locationsearch=Czech%20Republic,ey-cz,Sun Jul 26 02:00:00 UTC 2026,2026-08-11T19:34:50.772839+00:00,2026-08-11T20:22:47.124692+00:00,10,,schema.org/JobPosting microdata,Open
76611cba0a458767,ey,EY,Junior konzultant - Daně (příprava přiznání k DPPO),"To nejdůležitější v pár větách Hledáš práci, kde se nebudeš nudit a každý den bude výzvou? Máš radši čísla než slova? Připoj se k nám do týmu a my tě provedeme labyrintem daňových zákonů a předpisů, aby ses stal odborníkem v oblasti přípravy daňových přiznání právnických osob. Tvoje role v týmu Nevadí, pokud se v daních teprve rozkoukáváš. Během interních školení se dozvíš vše potřebné. Pracuje se vždy v týmu, ve kterém budeš obklopen zkušenými kolegy, kteří Ti rádi pomohu, a každý den se naučíš něco nového. Ihned po nástupu dostaneš své portoflio klientů, o které se spolu se senior konzultantem a manažerem budeš starat. Tvým úkolem bude příprava daňových přiznání pro právnické osoby a poskytování poradenských služeb. Vzdělávání a rozvoj patří mezi hlavní principy, na kterých stavíme naši firemní kulturu. „Každá odpovědná firma by měla odvádět daně ve správné výši – ne více, ne méně. Klientům pomáháme s plněním daňových povinností vůči státu – připravujeme kalkulace daňových přiznání, revidujeme kalkulace daně, které si připravili, počítáme splatné a odložené daně a řešíme i každodenní provozní otázky. Děláme projekty jak pro velké mezinárodní skupiny, tak i pro start-upy a domácí podniky. Hned od nástupu budeš součástí týmu, na který klient spoléhá. Pokud chceš být u toho, napiš nám a na viděnou ve Florentinu.“ Lucie Říhová, Partner, Daně Co je pro nás důležité Víme, že jsi teprve na začátku kariéry. Několik věcí je ale pro tuto práci podstatných: Máš čerstvě dokončeného inženýra nebo magistra, nebo budeš mít hotovo v následujících dvou letech. Tvůj obor zaměřený na ekonom","The most important things in a few sentences Are you looking for a job where you won't get bored and every day will be a challenge? Do you prefer numbers to words? Join our team and we will guide you through the labyrinth of tax laws and regulations to become an expert in preparing corporate tax returns. Your role in the team It doesn't matter if you're just looking into taxes. You will learn everything you need during internal training. You always work in a team where you will be surrounded by experienced colleagues who are happy to help you, and you will learn something new every day. Immediately after joining, you will receive your portfolio of clients, which you will take care of together with a senior consultant and a manager. Your task will be the preparation of tax returns for legal entities and the provision of consulting services. Education and development are among the main principles on which we build our corporate culture. ""Every responsible company should pay taxes in the right amount - no more, no less. We help clients with fulfilling their tax obligations towards the state - we prepare tax return calculations, revise the tax calculations they have prepared, calculate payable and deferred taxes and also solve everyday operational issues. We do projects for large international groups as well as for start-ups and domestic businesses. Right from the start, you will be part of a team that the client relies on. if you want to be there, write to us and see you in Florentino.'' Lucie Říhová, Partner, Daně What is important to us We know that you are only at the beginning of your career. But a few things are essential for this job: You have a freshly completed engineering or master's degree, or you will be done in the next two years. Your major focused on economics",translated-cs,Czechia,,Prague,https://careers.ey.com/ey/job/Prague-1-Nove-Mesto-Junior-konzultant-Dan%C4%9B-%28p%C5%99%C3%ADprava-p%C5%99izn%C3%A1n%C3%AD-k-DPPO%29-110-00/1416756133/,https://careers.ey.com/ey/search/?q=finance&locationsearch=Czech%20Republic,ey-cz,Mon Jul 20 00:00:00 UTC 2026,2026-08-11T19:34:50.772839+00:00,2026-08-11T20:22:47.124692+00:00,10,,schema.org/JobPosting microdata,Open
5d8a392ce013f569,ey,EY,Junior konzultant - Korporátní finance & Oceňování a Ekonomické poradenství,"To nejdůležitější v pár větách Náš tým Korporátních financí pracuje na těch největších transakcích v rámci střední a jihovýchodní Evropy. Našim klientům poskytujeme odborné poradenství, které slouží jako podklad pro klíčová rozhodnutí. Připravujeme finanční modely a ocenění pro top hráče ze světa investování, financí a průmyslu, jako jsou PPF, J&T, Penta, ČEZ, Česká spořitelna, a mnoho dalších. Přidej se k nám do týmu. Naučíme tě, jak funguje velký transakční byznys , a zároveň získáš rozhled v řadě odvětví. Co je pro nás důležité Pod vedením zkušených kolegů se budeš podílet na komplexním řešení projektů v oblasti korporátních financí, oceňování a finančního modelování. Víme, že jsi teprve na začátku kariéry. Ale tady je několik věcí, které jsou pro tuhle práci podstatné. Jsi studentem posledního ročníku nebo máš dokončenou vysokou školu ekonomického , nebo technického zaměření (pokud jsi v nižším ročníku, podívej se na naši nabídku internshipu). Máš povědomí o korporátních financích , finanční analýze , modelování , financování a cash flow . Pokud máš k tomu i nějaké praktické zkušenosti, velmi to oceníme. Mluvíš a píšeš dobře anglicky a k tomu máš hlubší znalost češtiny nebo slovenštiny. Výstupy zpracováváme hlavně v Excelu a PowerPointu v úzké spolupráci v našem týmu a za průběžných konzultací s klientem. Máš zápal pro věc . Rád/a se neustále učíš nové věci. A hlavně to musí být dobrý match . Budeš s kolegy trávit hodně času, tak si musíte sednout i lidsky. Jak se ti odměníme Nástupní mzda 60 000 korun měsíčně a každý rok progres v rámci hierarchie a platu. Šikovné nová","The most important things in a few sentences Our Corporate Finance team works on the largest transactions within Central and Southeastern Europe. We provide our clients with expert advice that serves as a basis for key decisions. We prepare financial models and awards for top players from the world of investment, finance and industry, such as PPF, J&T, Penta, ČEZ, Česká spořitelna, and many others. Join our team. We will teach you how a large transactional business works, and at the same time you will gain insight into a number of industries. What is important to us Under the guidance of experienced colleagues, you will participate in the complex solution of projects in the field of corporate finance, valuation and financial modeling. We know you're just at the beginning of your career. But here are a few things that are essential to this job. You are a student in your last year or you have completed university in economics or technology (if you are in a lower year, take a look at our internship offer). You have an awareness of corporate finance, financial analysis, modeling, financing and cash flow. If you also have some practical experience, we would greatly appreciate it. You speak and write English well, and you also have a deeper knowledge of Czech or Slovak. We process the outputs mainly in Excel and PowerPoint in close cooperation in our team and in continuous consultation with the client. You have a passion for the cause. You like to constantly learn new things. And above all, it must be a good match. You will be spending a lot of time with your colleagues, so you have to sit down as a human being. How we will reward you Starting salary of 60,000 crowns per month and progress within the hierarchy and salary every year. Smart new",translated-cs,Czechia,,Prague,https://careers.ey.com/ey/job/Prague-1-Nove-Mesto-Junior-konzultant-Korpor%C3%A1tn%C3%AD-finance-&-Oce%C5%88ov%C3%A1n%C3%AD-a-Ekonomick%C3%A9-poradenstv%C3%AD-110-00/1226774201/,https://careers.ey.com/ey/search/?q=finance&locationsearch=Czech%20Republic,ey-cz,Sun Aug 09 02:00:00 UTC 2026,2026-08-11T19:34:50.772839+00:00,2026-08-11T20:22:47.124692+00:00,10,,schema.org/JobPosting microdata,Open
035fd96e2c0f8b12,ey,EY,Manažer/ka - Forenzní služby,"To nejdůležitější v pár větách Pomáháme organizacím zvládat situace spojené s podvody, korupcí, praním špinavých peněz či porušováním mezinárodních sankcí a nastavovat efektivní preventivní a compliance mechanismy. Pokud se tedy pohybujete v oblasti auditu nebo compliance, a integrita a odpovědnost jsou pro Vás klíčovými hodnotami, jste na správném místě. Jako Manažer ve forenzním týmu budete součástí širší manažerské skupiny, která je odpovědná za řízení projektů a projektového týmu. Dáme vám příležitost pracovat na rozmanitých poradenských projektech, a budete částečně odpovědní i za obchodní strategii a cíle týmu. Budete spolupracovat s předními globálními korporacemi a finančními institucemi na řešení komplexních a často exponovaných případů. Stanete se součástí zkušeného leadership týmu a multioborové skupiny odborníků, která zahrnuje specialisty na finance, rizika, technologie i bývalé zástupce regulačních a vyšetřovacích orgánů. Ve své roli budete ekonomicky a operativně řídit projekty, pracovat s důkazním materiálem, analyzovat složité transakce a pomáhat klientům chránit a obnovovat jejich finanční i reputační hodnotu. Vedle řešení krizových situací se budete podílet i na nastavování preventivních opatření a posilování etické kultury organizací. Čeká vás i práce v mezinárodním prostředí s našími zahraničními forenzními týmy, vysoká míra odpovědnosti a skutečný dopad vaší práce. Dáme vám příležitost účastnit se odborných konferencí a seminářů a aktivně přispívat ke zlepšování podnikatelského prostředí v České republice. Vaše role v týmu Vedení a řízení forenzních pr","The most important things in a few sentences We help organizations manage situations associated with fraud, corruption, money laundering or violations of international sanctions and set up effective preventive and compliance mechanisms. So if you are in the field of audit or compliance, and integrity and responsibility are key values ​​for you, you are in the right place. As a Forensic Team Manager, you will be part of a wider management group responsible for managing projects and the project team. We'll give you the opportunity to work on a variety of consulting projects, and you'll be partially responsible for the team's business strategy and goals. You will work with leading global corporations and financial institutions to solve complex and often exposed cases. You will be part of an experienced leadership team and a multi-disciplinary group of experts that includes finance, risk, technology specialists as well as former representatives of regulatory and investigative bodies. In your role, you will economically and operationally manage projects, work with evidentiary material, analyze complex transactions and help clients protect and restore their financial and reputational value. In addition to solving crisis situations, you will also participate in setting preventive measures and strengthening the ethical culture of organizations. You can also work in an international environment with our foreign forensic teams, a high degree of responsibility and a real impact of your work. We will give you the opportunity to participate in professional conferences and seminars and actively contribute to improving the business environment in the Czech Republic. Your role in the team Leadership and management of forensic pr",translated-cs,Czechia,,Prague,https://careers.ey.com/ey/job/Prague-1-Nove-Mesto-Mana%C5%BEerka-Forenzn%C3%AD-slu%C5%BEby-110-00/1419627233/,https://careers.ey.com/ey/search/?q=finance&locationsearch=Czech%20Republic,ey-cz,Tue Jul 28 00:00:00 UTC 2026,2026-08-11T19:34:50.772839+00:00,2026-08-11T20:22:47.124692+00:00,10,,schema.org/JobPosting microdata,Open
513e60989f2a985e,ey,EY,Senior Consultant - Financial Due Diligence,"As a member of our team, you will be working with many of the world’s largest organizations, fastest-growing companies, and private equity firms on some of the most high-profile deals. These projects are mainly in the Czech Republic but there are also opportunities for travel abroad, mostly within Europe. Through analysis of financial, commercial, and operational data, you will provide insights to key decision-makers at the client that help them increase value and reduce the risks and uncertainty existing in their transactions. You will identify key value drivers, challenge assumptions about future performance, advise on hidden value and work with other EY professionals to deliver an integrated approach to our clients before, during, and after the transaction. We require: University degree in finance or accounting 2-4 years of experience in Financial Reporting, IFRS, CAS, and Financial Analysis Prior experience in financial due diligence or audit Fluent in Czech/Slovak and English, knowledge of German a bonus Strong numeracy and analytical skills with a keen eye for detail Ability to lead teams and projects from inception to conclusion Proficient in MS Office, familiarity in Alteryx and Power BI advantageous Strong team player with effective relationship-building skills If you possess these qualities and are looking for a challenging and rewarding opportunity, we want to hear from you. Join us in driving business success through meticulous financial due diligence. Job description: Conduct pre-investment reviews of potential target companies. Analyze historical accounting an","As a member of our team, you will be working with many of the world’s largest organizations, fastest-growing companies, and private equity firms on some of the most high-profile deals. These projects are mainly in the Czech Republic but there are also opportunities for travel abroad, mostly within Europe. Through analysis of financial, commercial, and operational data, you will provide insights to key decision-makers at the client that help them increase value and reduce the risks and uncertainty existing in their transactions. You will identify key value drivers, challenge assumptions about future performance, advise on hidden value and work with other EY professionals to deliver an integrated approach to our clients before, during, and after the transaction. We require: University degree in finance or accounting 2-4 years of experience in Financial Reporting, IFRS, CAS, and Financial Analysis Prior experience in financial due diligence or audit Fluent in Czech/Slovak and English, knowledge of German a bonus Strong numeracy and analytical skills with a keen eye for detail Ability to lead teams and projects from inception to conclusion Proficient in MS Office, familiarity in Alteryx and Power BI advantageous Strong team player with effective relationship-building skills If you possess these qualities and are looking for a challenging and rewarding opportunity, we want to hear from you. Join us in driving business success through meticulous financial due diligence. Job description: Conduct pre-investment reviews of potential target companies. Analyze historical accounting an",original-en,Czechia,,Prague,https://careers.ey.com/ey/job/Prague-1-Nove-Mesto-Senior-Consultant-Financial-Due-Diligence-110-00/1226775101/,https://careers.ey.com/ey/search/?q=finance&locationsearch=Czech%20Republic,ey-cz,Tue Jul 21 02:00:00 UTC 2026,2026-08-11T19:34:50.772839+00:00,2026-08-11T20:22:47.124692+00:00,10,,schema.org/JobPosting microdata,Open
