job_id,canonical_company_id,company,title,description,description_en,translation_status,market,location,priority_locations,job_url,source_url,source_id,date_posted,discovered_at,last_seen_at,relevance_score,matched_terms,verification,status,alternate_job_urls,duplicate_count,calibration_score,calibration_note
9d32e28ac2e1e5c4,pimco,PIMCO,"Quantitative Research Analyst, Mortgages","PIMCO is a global leader in active fixed income with deep expertise across public and private markets. We invest our clients’ capital across a range of fixed income and credit opportunities, leveraging our decades of experience navigating complex debt markets. Our flexible capital base and deep relationships with issuers have helped us become one of the world’s largest providers of traditional and nontraditional solutions for companies that need financing and investors who seek strong risk-adjusted returns. Since 1971, our people have shaped our organization through a high-performance inclusive culture, in which we celebrate diverse thinking. We invest in our people and strive to imprint our CORE values of Collaboration, Openness, Responsibility and Excellence. We believe each of us is here to help others succeed and this has led to PIMCO being recognized as an innovator, industry thought leader and trusted advisor to our clients. JOB DESCRIPTION The alternatives business at PIMCO continues to expand its fund offerings and remains a key growth area for the firm. We are seeking a quantitative analyst / desk quant to join our London front office trading mortgages analytics team to support this expansion and assist Portfolio Managers in their investment and asset management decisions. The chosen candidate will be highly technical and have a good understanding of mortgage analytics / modelling. Ideally you will have a front office quant (sell or buy side) background and be proficient in developing new pricing models and implementing into Python code. An ability to develop new approaches to pricing bespoke transaction features is important, as is experience with working with, and contributing to, large coding infrastructures. Ability to work closely with Portfolio Managers and build strong relationships is highly desirable. RESPONSIBILITIES Coverage includes RMBS and broader ABS markets across core and peripheral Europe (UK, Netherlands, Spain, Italy), spanning both liquid and illiquid opportunities Focus on non-agency and complex structures, including mezzanine/equity tranches and legacy dislocated securitized assets Significant exposure to non-performing and re-performing loan (NPL/RPL) securitizations and whole loan portfolios within private structures Emphasis on loan-level and cashflow modelling across illiquid mortgage credit, including collateral analysis, recovery assumptions and structural waterfalls REQUIREMENTS Masters degree or PhD in Mathematics, Physics (non-experimental), Probability/Statistics, Engineering, or (Mathematical) Finance Must have a familiarity with mortgage products, Intex and data analysis or empirical modelling is a strong plus alongside asset-backed structured products Minimum of 3 years of relevant professional experience at a top sell-side or buy-side institution in a front office quantitative role Exceptional quant / analytical skills – knowledge of advanced pricing techniques (Monte Carlo, prepayment modelling and scenario engines), asset pricing theory, probability theory, and cash flow / bond maths (e.g. OAS calculations) Experience designing, coding, and implementing pricing and surveillance frameworks for automation / streamlining of tasks Strong coding skills in Python – candidates for whom Python experience is limited to occasional / hobby usage should not apply Familiar with statistical coding packages and modelling in SAS, R or Python Working knowledge of Linux/Unix/Bash and SQL would be a plus. Equal Employment Opportunity and Affirmative Action Statement PIMCO recruits and hires qualified candidates without regard to race, national origin, ancestry, religion (including religious dress and grooming practices), sex (including pregnancy, childbirth, breastfeeding, or related medical conditions), sexual orientation, gender (including gender identity and expression), age, military or veteran status, disability (physical or mental), any factor prohibited by law, and as such affirms in policy and practice to support and promote the concept of equal employment opportunity and affirmative action, in accordance with all applicable federal, state, provincial and municipal laws. The company also prohibits discrimination on other basis such as medical condition, or marital status under applicable laws. Applicants with Disabilities PIMCO is an Equal Employment Opportunity/Affirmative Action employer. We provide reasonable accommodation for qualified individuals with disabilities, including ","PIMCO is a global leader in active fixed income with deep expertise across public and private markets. We invest our clients’ capital across a range of fixed income and credit opportunities, leveraging our decades of experience navigating complex debt markets. Our flexible capital base and deep relationships with issuers have helped us become one of the world’s largest providers of traditional and nontraditional solutions for companies that need financing and investors who seek strong risk-adjusted returns. Since 1971, our people have shaped our organization through a high-performance inclusive culture, in which we celebrate diverse thinking. We invest in our people and strive to imprint our CORE values of Collaboration, Openness, Responsibility and Excellence. We believe each of us is here to help others succeed and this has led to PIMCO being recognized as an innovator, industry thought leader and trusted advisor to our clients. JOB DESCRIPTION The alternatives business at PIMCO continues to expand its fund offerings and remains a key growth area for the firm. We are seeking a quantitative analyst / desk quant to join our London front office trading mortgages analytics team to support this expansion and assist Portfolio Managers in their investment and asset management decisions. The chosen candidate will be highly technical and have a good understanding of mortgage analytics / modelling. Ideally you will have a front office quant (sell or buy side) background and be proficient in developing new pricing models and implementing into Python code. An ability to develop new approaches to pricing bespoke transaction features is important, as is experience with working with, and contributing to, large coding infrastructures. Ability to work closely with Portfolio Managers a",original-en,Multi-region,"London, GBR","London, Munich, Zurich",https://pimco.wd1.myworkdayjobs.com/pimco-careers/job/London-GBR/Quantitative-Research-Analyst_R106492,https://pimco.wd1.myworkdayjobs.com/pimco-careers,pimco-global,Posted 30+ Days Ago,2026-10-10T11:13:25.975146+00:00,2026-10-10T11:13:25.975146+00:00,36.0,quant,official Workday vacancy API,Open,,1,75,"Positive: transactions / M&A, investments / portfolio / asset management, plausible level; verify responsibilities"
8da7b13d132af9fa,neuberger-berman,Neuberger Berman,"Junior Quantitative Researcher, Commodities and Cross Asset","About Neuberger: Neuberger was founded in 1939 to do one thing: deliver compelling investment results for our clients over the long term. This remains our singular purpose today, driven by a culture rooted in deep fundamental research, the pursuit of investment insight and continuous innovation on behalf of clients, and facilitated by the free exchange of ideas across the organization. As a private, independent, employee-owned investment manager, Neuberger is structurally aligned with the long-term interests of our clients. We have no external parent or public shareholders to serve, nor other lines of business to distract us from our core mission, and with our employees and their families invested alongside our clients - plus 100% of employee deferred cash compensation directly linked to team and firm strategies - we are truly in this together. From offices in 40 cities worldwide, Neuberger manages a range of equity, fixed income, private equity and hedge fund strategies on behalf of institutions, advisors and individual investors worldwide. With more than 700 investment professionals and more than 2,900 employees in total, Neuberger has built a diverse team of individuals united in their commitment to client outcomes and investment excellence. Our culture has afforded us enviable retention rates among our senior investment staff and has earned us citations in the top-ranked firms (among those with 1,000 or more employees) in the Pensions & Investments “Best Places to Work in Money Management” survey each year since 2013. For more information, please visit our website at www.neuberger.com. Position Overview: Established in 2008, our team is dedicated to delivering innovative, active, broad-based commodity investing and also manages a global multi-asset risk parity portfolio. Based in New York and London, we apply an academically grounded approach to systematic investing across a diversified set of investment channels. The mission of this role is to develop signals and portfolio construction methods across commodity and cross-asset markets and to translate that work into insights for clients. In this role, you will conduct original research across commodity and cross-asset markets, systematizing fundamental insight into signals that inform live portfolios. You will contribute across the full research lifecycle, from hypothesis generation and statistical modelling through implementation and ongoing performance analysis, while gaining direct exposure to live strategy management and client engagement. Primary Responsibilities: •Generate, research, and test signals across commodity and cross-asset markets. • Design and evaluate signals using rigorous statistical and quantitative methods. • Contribute to portfolio construction and risk analysis across the team’s strategies. • Monitor live performance and translate observations into new research hypotheses. • Produce client-facing content, including quarterly letters, white papers, blog posts, and webinars. • Support due diligence and consultant requests, where the research is subject to the highest level of scrutiny. • Collaborate with portfolio managers and researchers across Neuberger and contribute to the broader research agenda. Key Requirements / Qualifications: (essential unless otherwise stated) • 3–5 years of relevant experience researching signals across commodity and cross-asset markets. • Strong proficiency in R or Python, with the ability to work comfortably with large financial datasets. • Solid grounding in statistical and mathematical modelling, with the judgment to choose the right tool for the problem at hand. • Understanding of portfolio construction, optimization, and risk analysis. • Comfort reading academic literature and translating it into testable ideas. • Fluent use of AI tools in research and coding, combined with the discipline to verify outputs. • Familiarity with transaction costs and their impact on signal design is a plus. • Experience in systematic trading is a plus. • Strong academic record with a degree in a quantitative discipline, such as Mathematics, Statistics, Physics, Computer Science, Engineering, or Economics, from a leading university; a PhD or Master’s is advantageous. • Intellectual curiosity and a genuine interest in markets and the forces that drive them, not only in methods. • A hands-on, rigorous approach, with the motivation to follow an idea from intuition through testing to implementation. • Excellent written and spoken E","About Neuberger: Neuberger was founded in 1939 to do one thing: deliver compelling investment results for our clients over the long term. This remains our singular purpose today, driven by a culture rooted in deep fundamental research, the pursuit of investment insight and continuous innovation on behalf of clients, and facilitated by the free exchange of ideas across the organization. As a private, independent, employee-owned investment manager, Neuberger is structurally aligned with the long-term interests of our clients. We have no external parent or public shareholders to serve, nor other lines of business to distract us from our core mission, and with our employees and their families invested alongside our clients - plus 100% of employee deferred cash compensation directly linked to team and firm strategies - we are truly in this together. From offices in 40 cities worldwide, Neuberger manages a range of equity, fixed income, private equity and hedge fund strategies on behalf of institutions, advisors and individual investors worldwide. With more than 700 investment professionals and more than 2,900 employees in total, Neuberger has built a diverse team of individuals united in their commitment to client outcomes and investment excellence. Our culture has afforded us enviable retention rates among our senior investment staff and has earned us citations in the top-ranked firms (among those with 1,000 or more employees) in the Pensions & Investments “Best Places to Work in Money Management” survey each year since 2013. For more information, please visit our website at www.neuberger.com. Position Overview: Established in 2008, our team is dedicated to delivering innovative, active, broad-based commodity investing and also manages a global multi-asset risk parity portf",original-en,Multi-region,London,London,https://nb.wd1.myworkdayjobs.com/NBCareers/job/London/Junior-Quantitative-Researcher--Commodities-and-Cross-Asset_R0012569,https://nb.wd1.myworkdayjobs.com/NBCareers,neuberger-berman-global,Posted 30+ Days Ago,2026-10-10T11:15:43.918878+00:00,2026-10-10T11:15:43.918878+00:00,36.0,quant,official Workday vacancy API,Open,,1,72,"Positive: treasury / markets / derivatives (risk), investments / portfolio / asset management"
2afc176233a81f57,vontobel,Vontobel,Head of Treasury and Credit,"As Head of Credit & Treasury, you will personally own and run the credit and treasury function of Bank Vontobel Europe AG – a subsidiary of Vontobel, a globally active Swiss investment house serving high-net-worth clients. Reporting to the COO Europe, with a functional dotted line into Group Treasury and Group Credit in Switzerland, you will be a hands-on expert responsible for credit decisions, liquidity and interest rate risk management, and regulatory reporting. As the business grows, this role has the potential to evolve into a team lead position — but the mandate today is operational ownership, not people management.","As Head of Credit & Treasury, you will personally own and run the credit and treasury function of Bank Vontobel Europe AG – a subsidiary of Vontobel, a globally active Swiss investment house serving high-net-worth clients. Reporting to the COO Europe, with a functional dotted line into Group Treasury and Group Credit in Switzerland, you will be a hands-on expert responsible for credit decisions, liquidity and interest rate risk management, and regulatory reporting. As the business grows, this role has the potential to evolve into a team lead position — but the mandate today is operational ownership, not people management.",original-en,Multi-region,,Zurich; Frankfurt; global,https://www.vontobel.com/en-ch/about-vontobel/careers/open-positions/9297-head-of-treasury-and-credit/,https://www.vontobel.com/de-ch/ueber-vontobel/karriere/offene-stellen/,vontobel-global,2026-09-15T11:00:04+00:00,2026-10-10T11:17:14.105984+00:00,2026-10-10T11:17:14.105984+00:00,36.0,treasury,schema.org/JobPosting JSON-LD,Open,,1,65,"Positive: treasury / FP&A, treasury / markets / derivatives (risk). Check: likely above target seniority"
793aeed922e8a0c2,vontobel,Vontobel,Junior Product and Analytics Specialist (12 months temporary role) (80% - 100%),"Do you have a client-centric mindset, embrace new technologies easily, and strive for process efficiency? Are you looking for an entry-level position in the financial industry following the completion of your BSc or MSc? If so, we invite you to explore this opportunity to join Vontobel’s Client Content Center as a Junior Product and Analytics Specialist for our Institutional Clients Segment. In this role, you will be exposed to our Investment Boutiques, which manage over CHF 110bn of client assets across the globe, with a focus on the Multi Asset Boutique. You will run reports on investment and client data, contribute to process automation, and help deliver high-quality client communications while collaborating with global stakeholders across Client Portfolio Managers, Content Operations & Marketing Enablement and Investment teams, with a focus on the Multi Asset Boutique and the Swiss Institutional business.","Do you have a client-centric mindset, embrace new technologies easily, and strive for process efficiency? Are you looking for an entry-level position in the financial industry following the completion of your BSc or MSc? If so, we invite you to explore this opportunity to join Vontobel’s Client Content Center as a Junior Product and Analytics Specialist for our Institutional Clients Segment. In this role, you will be exposed to our Investment Boutiques, which manage over CHF 110bn of client assets across the globe, with a focus on the Multi Asset Boutique. You will run reports on investment and client data, contribute to process automation, and help deliver high-quality client communications while collaborating with global stakeholders across Client Portfolio Managers, Content Operations & Marketing Enablement and Investment teams, with a focus on the Multi Asset Boutique and the Swiss Institutional business.",original-en,Multi-region,"Zurich, CH",Zurich; Frankfurt; global,https://www.vontobel.com/en-ch/about-vontobel/careers/open-positions/9371-junior-product-and-analytics-specialist-12-months-temporary-role-80-100/,https://www.vontobel.com/de-ch/ueber-vontobel/karriere/offene-stellen/,vontobel-global,2026-09-25T06:00:03+00:00,2026-10-10T11:17:14.105984+00:00,2026-10-10T11:17:14.105984+00:00,36.0,analytics,schema.org/JobPosting JSON-LD,Open,,1,65,"Positive: investments / portfolio / asset management, plausible level; verify responsibilities"
bdd8c44127726903,neuberger-berman,Neuberger Berman,Junior Portfolio Analyst & Trader – European High Yield/Leverage Loans,"About Neuberger: Neuberger was founded in 1939 to do one thing: deliver compelling investment results for our clients over the long term. This remains our singular purpose today, driven by a culture rooted in deep fundamental research, the pursuit of investment insight and continuous innovation on behalf of clients, and facilitated by the free exchange of ideas across the organization. As a private, independent, employee-owned investment manager, Neuberger is structurally aligned with the long-term interests of our clients. We have no external parent or public shareholders to serve, nor other lines of business to distract us from our core mission, and with our employees and their families invested alongside our clients - plus 100% of employee deferred cash compensation directly linked to team and firm strategies - we are truly in this together. From offices in 40 cities worldwide, Neuberger manages a range of equity, fixed income, private equity and hedge fund strategies on behalf of institutions, advisors and individual investors worldwide. With more than 700 investment professionals and more than 2,900 employees in total, Neuberger has built a diverse team of individuals united in their commitment to client outcomes and investment excellence. Our culture has afforded us enviable retention rates among our senior investment staff and has earned us citations in the top-ranked firms (among those with 1,000 or more employees) in the Pensions & Investments “Best Places to Work in Money Management” survey each year since 2013. For more information, please visit our website at www.neuberger.com Position Overview: We are looking for a highly motivated Junior Portfolio Analyst & Trader to join NB's European Non-Investment Grade Fixed Income Team. The successful candidate will be a key member of the team based in London with responsibilities primarily in trade modelling, implementation and execution in European High Yield Bonds and European Leveraged Loans. This role will suit someone looking to build a career within a fast growing European team, at a leading institution with over $50bn in assets within Non-Investment Grade Credit globally. Development and progression will be fast paced under the mentorship of the existing seasoned team of traders, portfolio managers and credit analysts. Primary Responsibilities: Work collaboratively in a cross-functional team as a key support for the European non-investment portfolio managers and traders Serve as point person in the trade order management and portfolio management process, from trade and risk modelling, to order creation and execution in coordination with portfolio managers and traders Ensure orders are in compliance with client guidelines and coordinate with legal and compliance teams to resolve issues Counterparty and stakeholder management, providing commentary on relevant market color to the desk Collaborate with the client service team to provide accurate and timely information as required by clients, and assist in business development Attend daily meetings with traders and portfolio managers, receive mentorship from seasoned professionals and collaborate with many business units across the organization, creating opportunities to grow within the team or the wider fixed income business Drive business development opportunities across European credit markets by cultivating relationships with syndicate desks, partner with credit analysts, PM’s and traders to source primary market opportunities Key Requirements / Qualifications : (essential unless otherwise stated) 2-5 years relevant finance experience Interest in financial markets, macroeconomics and investing; familiarity with Leveraged Finance markets recommended Advanced Excel skills Familiarity with Bloomberg and Aladdin desirable Previous relevant asset management or sell-side experience desirable but not essential Strong analytical skills, capable of solving problems within finite deadlines while operating effectively in a fast-paced and evolving environment Excellent organizational, interpersonal and communication skills with a strong attention to detail Self-motivated with the ability to multitask and prioritize tasks Demonstrated interest in applying AI, data analytics and process automation to improve investment workflows, information management and team productivity Relevant financial degree from a leading university CFA charter holder or evidence of participation in the CFA program is desirable but not essential ","About Neuberger: Neuberger was founded in 1939 to do one thing: deliver compelling investment results for our clients over the long term. This remains our singular purpose today, driven by a culture rooted in deep fundamental research, the pursuit of investment insight and continuous innovation on behalf of clients, and facilitated by the free exchange of ideas across the organization. As a private, independent, employee-owned investment manager, Neuberger is structurally aligned with the long-term interests of our clients. We have no external parent or public shareholders to serve, nor other lines of business to distract us from our core mission, and with our employees and their families invested alongside our clients - plus 100% of employee deferred cash compensation directly linked to team and firm strategies - we are truly in this together. From offices in 40 cities worldwide, Neuberger manages a range of equity, fixed income, private equity and hedge fund strategies on behalf of institutions, advisors and individual investors worldwide. With more than 700 investment professionals and more than 2,900 employees in total, Neuberger has built a diverse team of individuals united in their commitment to client outcomes and investment excellence. Our culture has afforded us enviable retention rates among our senior investment staff and has earned us citations in the top-ranked firms (among those with 1,000 or more employees) in the Pensions & Investments “Best Places to Work in Money Management” survey each year since 2013. For more information, please visit our website at www.neuberger.com Position Overview: We are looking for a highly motivated Junior Portfolio Analyst & Trader to join NB's European Non-Investment Grade Fixed Income Team. The successful candidate will b",original-en,Multi-region,London,London,https://nb.wd1.myworkdayjobs.com/NBCareers/job/London/Junior-Portfolio-Analyst---Trader---European-High-Yield-Leverage-Loans_R0012688,https://nb.wd1.myworkdayjobs.com/NBCareers,neuberger-berman-global,Posted 5 Days Ago,2026-10-10T11:15:43.918878+00:00,2026-10-10T11:15:43.918878+00:00,36.0,portfolio,official Workday vacancy API,Open,,1,65,"Positive: investments / portfolio / asset management, plausible level; verify responsibilities"
14ed853f26f4a643,neuberger-berman,Neuberger Berman,Specialty Finance Senior Associate,"About Neuberger: Neuberger was founded in 1939 to do one thing: deliver compelling investment results for our clients over the long term. This remains our singular purpose today, driven by a culture rooted in deep fundamental research, the pursuit of investment insight and continuous innovation on behalf of clients, and facilitated by the free exchange of ideas across the organization. As a private, independent, employee-owned investment manager, Neuberger is structurally aligned with the long-term interests of our clients. We have no external parent or public shareholders to serve, nor other lines of business to distract us from our core mission, and with our employees and their families invested alongside our clients - plus 100% of employee deferred cash compensation directly linked to team and firm strategies - we are truly in this together. From offices in 40 cities worldwide, Neuberger manages a range of equity, fixed income, private equity and hedge fund strategies on behalf of institutions, advisors and individual investors worldwide. With more than 700 investment professionals and more than 2,900 employees in total, Neuberger has built a diverse team of individuals united in their commitment to client outcomes and investment excellence. Our culture has afforded us enviable retention rates among our senior investment staff and has earned us citations in the top-ranked firms (among those with 1,000 or more employees) in the Pensions & Investments “Best Places to Work in Money Management” survey each year since 2013. For more information, please visit our website at www.neuberger.com. Position Overview: Neuberger Berman Specialty Finance (“NBSF”) team is a capital solutions provider in the short duration high yield loans and receivables market. NBSF seeks to identify assets within the consumer, small business, and hard asset segments in order to build short duration, income producing credit portfolios for its clients. The group will partner with high-quality originators who have strong underwriting and servicing capabilities. Utilizing the latest financial technology, NBSF will strive to create diversified portfolios with robust risk protection. The group will leverage strong internal research and data to best position portfolios for the current economic climate. NBSF is headed by Peter Sterling in Redwood City, CA. Neuberger Berman is seeking a highly motivated individual to join the Specialty Finance & Fintech Investment Team and help build our investment portfolio. This role will provide you with visibility and access to the forefront of the venture capital and technology communities. You will be part of a growing team and be able to work on cutting edge projects with the backing of one of the top global asset management firms in the world with $567 billion in AUM. The work will provide you exposure to the VC community and the broader aspects of the Private Equity industry. Primary Responsibilities: • Developing cash flow credit models to model deal returns within consumer, small business and hard assets segments and various investment structures – portfolio of whole loans, credit facilities, and tranches of ABS • Underwriting and executing whole loans and credit facilities • Building comprehensive financial models and evaluating various cases and types of deal structures • Interacting with investors and communicating funds’ strategies and performance; Building out investor presentations in PowerPoint • Supporting due diligence of loan originators – usually new, private fintech companies • Pricing and modeling securitizations either in Intex or in-house models built in Python/Excel Key Requirements / Qualifications: (essential unless otherwise stated) • Quantitative degree preferred in mathematics, statistics, econometrics, computer science, or other quantitative disciplines • 3-7 years of experience Tier 1 Buy-side or Sell-side experience in investment banking, securitization banking, asset-based finance, asset backed securities portfolio management or asset-based lending • Must have extensive trading experience using Intex and interacting with the street • Excellent technical proficiency in Excel/VBA; database and programming skills are a plus • Extensive experience within securitization markets and the ability to analyze a specialty finance company and its assets • Intellectually curious, resourceful, organized, and attentive to detail • Strong written and verbal communication skills • Self-motivated and d","About Neuberger: Neuberger was founded in 1939 to do one thing: deliver compelling investment results for our clients over the long term. This remains our singular purpose today, driven by a culture rooted in deep fundamental research, the pursuit of investment insight and continuous innovation on behalf of clients, and facilitated by the free exchange of ideas across the organization. As a private, independent, employee-owned investment manager, Neuberger is structurally aligned with the long-term interests of our clients. We have no external parent or public shareholders to serve, nor other lines of business to distract us from our core mission, and with our employees and their families invested alongside our clients - plus 100% of employee deferred cash compensation directly linked to team and firm strategies - we are truly in this together. From offices in 40 cities worldwide, Neuberger manages a range of equity, fixed income, private equity and hedge fund strategies on behalf of institutions, advisors and individual investors worldwide. With more than 700 investment professionals and more than 2,900 employees in total, Neuberger has built a diverse team of individuals united in their commitment to client outcomes and investment excellence. Our culture has afforded us enviable retention rates among our senior investment staff and has earned us citations in the top-ranked firms (among those with 1,000 or more employees) in the Pensions & Investments “Best Places to Work in Money Management” survey each year since 2013. For more information, please visit our website at www.neuberger.com. Position Overview: Neuberger Berman Specialty Finance (“NBSF”) team is a capital solutions provider in the short duration high yield loans and receivables market. NBSF seeks to identi",original-en,Multi-region,London,London,https://nb.wd1.myworkdayjobs.com/NBCareers/job/London/Specialty-Finance-Senior-Associate_R0011251,https://nb.wd1.myworkdayjobs.com/NBCareers,neuberger-berman-global,Posted 30+ Days Ago,2026-08-16T05:47:35.196716+00:00,2026-10-10T11:15:43.918878+00:00,10.0,,official Workday vacancy API,Open,,1,65,"Positive: investments / portfolio / asset management, plausible level; verify responsibilities"
a73d5bd77e62f237,vontobel,Vontobel,Exotic Derivatives Trader,"Are you ready to operate at the core of a leading Investment Solution franchise? We are looking for an experienced Exotic Derivatives Trader to join our Zurich-based team, within a market-leading team. This role combines trading at its core, with direct exposure to franchise development and business expansion across global markets.","Are you ready to operate at the core of a leading Investment Solution franchise? We are looking for an experienced Exotic Derivatives Trader to join our Zurich-based team, within a market-leading team. This role combines trading at its core, with direct exposure to franchise development and business expansion across global markets.",original-en,Multi-region,"Zurich, CH",Zurich; Frankfurt; global,https://www.vontobel.com/en-ch/about-vontobel/careers/open-positions/9120-exotic-derivatives-trader/,https://www.vontobel.com/de-ch/ueber-vontobel/karriere/offene-stellen/,vontobel-global,2026-06-09T06:00:04+00:00,2026-08-16T05:49:11.931051+00:00,2026-08-16T05:49:11.931051+00:00,36.0,derivative,schema.org/JobPosting JSON-LD,Open,,1,62,Positive: treasury / markets / derivatives (risk)
6439a183d6d34f99,vontobel,Vontobel,Client Portfolio Manager for Discretionary Mandates,"We are looking for an initiative, independent and persuasive personality who is willing to take on great responsibility & challenging tasks as Client Portfolio Manager for Discretionary Mandates.","We are looking for an initiative, independent and persuasive personality who is willing to take on great responsibility & challenging tasks as Client Portfolio Manager for Discretionary Mandates.",original-en,Multi-region,"Zurich, CH",Zurich; Frankfurt; global,https://www.vontobel.com/en-ch/about-vontobel/careers/open-positions/9407-client-portfolio-manager-for-discretionary-mandates/,https://www.vontobel.com/de-ch/ueber-vontobel/karriere/offene-stellen/,vontobel-global,2026-09-15T06:00:04+00:00,2026-10-10T11:17:14.105984+00:00,2026-10-10T11:17:14.105984+00:00,36.0,portfolio,schema.org/JobPosting JSON-LD,Open,,1,60,Positive: investments / portfolio / asset management
520571650ce95a79,vontobel,Vontobel,"Client Portfolio Manager, Emerging Markets Fixed Income","Are you passionate about Fixed Income investing, particularly in Emerging Markets? Do you thrive in client-facing roles where you can act as a trusted advisor, not just a product pusher? Are you ready to leverage your expertise to drive global engagement and build substantial books of business? If so, we have an exciting opportunity for you! At Vontobel, a leading investment firm managing over CHF 114bn in client assets, we are on an exceptional growth journey. With investment boutiques in New York (Quality Growth), London (TwentyFour Asset Management), and Zurich (Fixed Income, Multi Asset, Conviction Equities), we are seeking a Client Portfolio Manager (CPM) to champion our Emerging Markets Fixed Income (EM FI) flagship products. As a CPM, you will play a pivotal role in representing our boutique investment team in the client experience, including prospect and consultant engagements. You will bring your client servicing and investment expertise and commercial acumen to advanced prospect situations, deliver exceptional client service, and act as a trusted advisor with a consultative, solution-oriented mindset. Reporting to the head of Fixed Income CPM, this entrepreneurial role offers the opportunity to be at the forefront of our global growth strategy while working closely with our Portfolio Managers, country client teams, RFP team and senior management. This role is based in Zurich, offering a dynamic and entrepreneurial environment where you can thrive and grow.","the opportunity to be at the forefront of our global growth strategy while working closely with our Portfolio Managers, country client teams, RFP team and senior management. This role is based in Zurich, offering a dynamic and entrepreneurial environment where you can thrive and grow.",original-en,Multi-region,"Zurich, CH",Zurich; Frankfurt; global,https://www.vontobel.com/en-ch/about-vontobel/careers/open-positions/9382-client-portfolio-manager-emerging-markets-fixed-income/,https://www.vontobel.com/de-ch/ueber-vontobel/karriere/offene-stellen/,vontobel-global,2026-09-14T06:00:04+00:00,2026-10-10T11:17:14.105984+00:00,2026-10-10T11:17:14.105984+00:00,36.0,portfolio,schema.org/JobPosting JSON-LD,Open,,1,60,Positive: investments / portfolio / asset management
e11b7704eeb66b68,vontobel,Vontobel,Portfolio Manager,Bist du auf der Suche nach einer neuen Herausforderung als Portfolio Manager und liebst die Arbeit mit Finanzmärkten in einem dynamischen Umfeld?,Bist du auf der Suche nach einer neuen Herausforderung als Portfolio Manager und liebst die Arbeit mit Finanzmärkten in einem dynamischen Umfeld?,translation-failed-de,Multi-region,"Munich, DE",Zurich; Frankfurt; global,https://www.vontobel.com/en-ch/about-vontobel/careers/open-positions/9265-portfolio-manager/,https://www.vontobel.com/de-ch/ueber-vontobel/karriere/offene-stellen/,vontobel-global,2026-07-30T11:00:03+00:00,2026-08-16T05:49:11.931051+00:00,2026-10-10T11:17:14.105984+00:00,36.0,portfolio,schema.org/JobPosting JSON-LD,Open,,1,60,Positive: investments / portfolio / asset management
6365ee4af925a3b3,pimco,PIMCO,Client Solutions & Analytics: Quantitative Research Analyst – London,"PIMCO is a global leader in active fixed income with deep expertise across public and private markets. We invest our clients’ capital across a range of fixed income and credit opportunities, leveraging our decades of experience navigating complex debt markets. Our flexible capital base and deep relationships with issuers have helped us become one of the world’s largest providers of traditional and nontraditional solutions for companies that need financing and investors who seek strong risk-adjusted returns. Since 1971, our people have shaped our organization through a high-performance inclusive culture, in which we celebrate diverse thinking. We invest in our people and strive to imprint our CORE values of Collaboration, Openness, Responsibility and Excellence. We believe each of us is here to help others succeed and this has led to PIMCO being recognized as an innovator, industry thought leader and trusted advisor to our clients. Job Description We are seeking a junior Quantitative Researcher to join our Client Solutions & Analytics team in London. Our team brings to bear PIMCO’s intellectual capital, resources and proprietary infrastructure to help our clients make better investment decisions. Team Overview Founded in 2009 as one of the industry’s first dedicated “Solutions” teams, we are a client‑facing team partnering with a diverse range of clients across geographies and channels. The team focuses on generating practical, decision‑relevant investment insights across several analytical lenses, including portfolio diagnostics (e.g. risk factor and scenario analysis), asset allocation and optimisation, and asset‑liability modelling. We also develop macro‑aware perspectives through capital market assumptions and cross‑asset insights, in both public and private markets, alongside producing thought leadership across a broad range of investment topics. Insights are delivered through customised analysis and written research, supporting client discussions and informing strategic investment decisions. Responsibilities The role requires a solid understanding of all major asset classes and how they interact in a portfolio. The key mandates can be summarised as follows: Supporting the team in the delivery of asset allocation and risk management solutions to clients and prospects both in assets-only and in ALM space working closely with senior members in the team, Account Management, Product Management and Portfolio Management. Use proprietary software and external data sources to run risk analytics, optimisations, economic scenario analyses and stress tests. Develop and maintain complex quantitative models and proprietary analytical tools. Perform risk management, attribution and other product analysis reports on a periodic basis as required. Support senior Strategists and Quantitative Research Analysts to generate thought leadership and asset class insights Utilise AI-enabled tools to streamline processes, enhance insights, and support the more efficient and scalable delivery of client analyses and the development of quantitative models Manage a workload of multiple simultaneous projects, while ensuring that deadlines are met Requirements Master’s degree in financial engineering or a closely related quantitative discipline (already completed or to be completed by the end of 2026); knowledge of asset pricing, fixed income, derivatives, and optimization methods preferred 0-2 years of experience preferred in quantitative roles relating to investment strategy or asset allocation; backgrounds across buy-side, sell-side and advisory organisations will be considered Excellent foundations in statistics and econometrics; experience analysing large data sets preferred Proficiency in programming; Python required, with MATLAB a plus Proficiency in AI toolkit; Claude code, Copilot CLI or GPT Codex Strong interpersonal skills, ability to articulate ideas / strategies clearly, both verbally and in writing Fluency in English with another European language desirable Passion for financial markets, macroeconomics, investment management and financial modelling Ability to tackle sophisticated problems efficiently to a tight-deadline in a fast-paced professional environment Benefits PIMCO is committed to offering a comprehensive portfolio of employee benefits designed to support the health and well-being of you and your family. Benefits vary by location but may include: Medical, dental, and vision coverage Life insurance and travel coverage Work","PIMCO is a global leader in active fixed income with deep expertise across public and private markets. We invest our clients’ capital across a range of fixed income and credit opportunities, leveraging our decades of experience navigating complex debt markets. Our flexible capital base and deep relationships with issuers have helped us become one of the world’s largest providers of traditional and nontraditional solutions for companies that need financing and investors who seek strong risk-adjusted returns. Since 1971, our people have shaped our organization through a high-performance inclusive culture, in which we celebrate diverse thinking. We invest in our people and strive to imprint our CORE values of Collaboration, Openness, Responsibility and Excellence. We believe each of us is here to help others succeed and this has led to PIMCO being recognized as an innovator, industry thought leader and trusted advisor to our clients. Job Description We are seeking a junior Quantitative Researcher to join our Client Solutions & Analytics team in London. Our team brings to bear PIMCO’s intellectual capital, resources and proprietary infrastructure to help our clients make better investment decisions. Team Overview Founded in 2009 as one of the industry’s first dedicated “Solutions” teams, we are a client‑facing team partnering with a diverse range of clients across geographies and channels. The team focuses on generating practical, decision‑relevant investment insights across several analytical lenses, including portfolio diagnostics (e.g. risk factor and scenario analysis), asset allocation and optimisation, and asset‑liability modelling. We also develop macro‑aware perspectives through capital market assumptions and cross‑asset insights, in both public and private markets,",original-en,Multi-region,"London, GBR","London, Munich, Zurich",https://pimco.wd1.myworkdayjobs.com/pimco-careers/job/London-GBR/Quantitative-Research-Analyst_R106487,https://pimco.wd1.myworkdayjobs.com/pimco-careers,pimco-global,Posted 30+ Days Ago,2026-10-10T11:13:25.975146+00:00,2026-10-10T11:13:25.975146+00:00,52.0,quant; analytics,official Workday vacancy API,Open,,1,56,"Positive: investments / portfolio / asset management, plausible level; verify responsibilities. Check: likely above target seniority"
f78e32f9e983b0dc,pimco,PIMCO,Client Solutions & Analytics: Analyst/ Associate - London,"PIMCO is a global leader in active fixed income with deep expertise across public and private markets. We invest our clients’ capital across a range of fixed income and credit opportunities, leveraging our decades of experience navigating complex debt markets. Our flexible capital base and deep relationships with issuers have helped us become one of the world’s largest providers of traditional and nontraditional solutions for companies that need financing and investors who seek strong risk-adjusted returns. Since 1971, our people have shaped our organization through a high-performance inclusive culture, in which we celebrate diverse thinking. We invest in our people and strive to imprint our CORE values of Collaboration, Openness, Responsibility and Excellence. We believe each of us is here to help others succeed and this has led to PIMCO being recognized as an innovator, industry thought leader and trusted advisor to our clients. Job Description We are seeking an Analyst / Associate to join our Client Solutions & Analytics team in London. Our team brings to bear PIMCO’s intellectual capital, resources and proprietary infrastructure to help our clients make better investment decisions. Team Overview: Founded in 2009 as one of the industry’s first dedicated “Solutions” teams, we are a client‑facing team partnering with a diverse range of clients across geographies and channels. The team focuses on generating practical, decision‑relevant investment insights across several analytical lenses, including portfolio diagnostics (e.g. risk factor and scenario analysis), asset allocation and optimisation, and asset‑liability modelling. We also develop macro‑aware perspectives through capital market assumptions and cross‑asset insights, alongside producing thought leadership across a broad range of investment topics. Insights are delivered through customised analysis and written research, supporting client discussions and informing strategic investment decisions. Responsibilities You will partner with senior Strategists within Client Solutions & Analytics to engage with Account Managers and their clients, understand their investment objectives and support the design of solutions to meet their individual objectives. The role requires a solid understanding of all major asset classes and how they interact in a portfolio. The key mandates can be summarised as follows: Supporting the team in the delivery of asset allocation and risk management solutions to clients and prospects – both in assets-only and in the ALM space Use proprietary software and external data sources to run risk analytics, optimisations, economic scenario analyses and stress tests Help build presentation books that detail PIMCO’s analysis and recommendations Maintain marketing and thematic materials such as presentation books and other general education materials Perform risk management, attribution and other product analysis reports on a periodic basis as required Support senior Strategists and Quantitative Research Analysts to generate thought leadership: build models and generate intellectual capital for PIMCO’s Solutions activities Utilise AI-enabled tools to streamline processes, enhance insights, and support the more efficient and scalable delivery of client analyses Manage a workload of multiple simultaneous client projects, while ensuring that deadlines are met Requirements 1–3 years of experience preferred in investment strategy, asset allocation or related analytical roles; backgrounds across buy-side, sell-side and advisory organisations will be considered Robust quantitative and analytical skills, modelling and advanced excel skills are required Familiarity and adoption of AI tools as part of day-to-day workflow Strong communication skills, ability to articulate ideas / strategies clearly, both verbally and in writing Fluency in English with another European language desirable Passion for financial markets, macroeconomics and investment management Proven general investment knowledge across an array of asset classes Strong results orientation and an ability to run multiple agendas concurrently Proactive, well organised, high-energy self-starter who works well in a team environment Ability to tackle sophisticated problems efficiently to a tight-deadline in a fast-paced professional environment Ideally working towards industry recognised qualification such as CFA, CAIA, FIA Equal Employment Opportunity and Affirmative Action Statement PIMCO recruits and ","PIMCO is a global leader in active fixed income with deep expertise across public and private markets. We invest our clients’ capital across a range of fixed income and credit opportunities, leveraging our decades of experience navigating complex debt markets. Our flexible capital base and deep relationships with issuers have helped us become one of the world’s largest providers of traditional and nontraditional solutions for companies that need financing and investors who seek strong risk-adjusted returns. Since 1971, our people have shaped our organization through a high-performance inclusive culture, in which we celebrate diverse thinking. We invest in our people and strive to imprint our CORE values of Collaboration, Openness, Responsibility and Excellence. We believe each of us is here to help others succeed and this has led to PIMCO being recognized as an innovator, industry thought leader and trusted advisor to our clients. Job Description We are seeking an Analyst / Associate to join our Client Solutions & Analytics team in London. Our team brings to bear PIMCO’s intellectual capital, resources and proprietary infrastructure to help our clients make better investment decisions. Team Overview: Founded in 2009 as one of the industry’s first dedicated “Solutions” teams, we are a client‑facing team partnering with a diverse range of clients across geographies and channels. The team focuses on generating practical, decision‑relevant investment insights across several analytical lenses, including portfolio diagnostics (e.g. risk factor and scenario analysis), asset allocation and optimisation, and asset‑liability modelling. We also develop macro‑aware perspectives through capital market assumptions and cross‑asset insights, alongside producing thought leadership acros",original-en,Multi-region,"London, GBR","London, Munich, Zurich",https://pimco.wd1.myworkdayjobs.com/pimco-careers/job/London-GBR/Client-Solutions---Analytics---London_R106468,https://pimco.wd1.myworkdayjobs.com/pimco-careers,pimco-global,Posted 30+ Days Ago,2026-10-10T11:13:25.975146+00:00,2026-10-10T11:13:25.975146+00:00,36.0,analytics,official Workday vacancy API,Open,,1,56,"Positive: investments / portfolio / asset management, plausible level; verify responsibilities. Check: likely above target seniority"
16a1c645da3d7f64,wellington-management,Wellington Management,"Investment Risk Analyst, Fixed Income","About Us Wellington Management offers comprehensive investment management capabilities that span nearly all segments of the global capital markets. Our investment solutions, tailored to the unique return and risk objectives of institutional clients in more than 60 countries, draw on a robust body of proprietary research and a collaborative culture that encourages independent thought and healthy debate. As a private partnership, we believe our ownership structure fosters a long-term view that aligns our perspectives with those of our clients. About the Role THE COMPANY Wellington Management offers comprehensive investment management capabilities that span nearly all segments of the global capital markets. Our investment solutions, tailored to the unique return and risk objectives of institutional clients in more than 60 countries, draw on a robust body of proprietary research and a collaborative culture that encourages independent thought and healthy debate. As a private partnership, we believe our ownership structure fosters a long-term view that aligns our perspectives with those of our clients. THE POSITION The Risk Analyst, Fixed Income position is part of the global investment risk function for Wellington and sits within the firm’s Global Risk and Performance Strategy (GPS) department. The primary focus of GPS is leading Wellington Management’s portfolio oversight, risk measurement, and security analytics processes across our broad multi-asset, hedge fund, equity, fixed income and research strategies. The Risk Analyst will work with our fixed income investment teams across the Americas, Europe and Asia, helping them use quantitative tools to inform their portfolio construction and investment processes. The Risk Analyst will engage closely with Risk Strategists and the portfolio teams they cover to better understand their investment processes and the investment risks inherent to those processes. A successful Risk Analyst will leverage Wellington’s risk modeling and analysis platform to enhance the engagement of the Risk Strategists with the Portfolio Management teams. They will also continually work to enhance the risk platform itself, to better meet the evolving needs of investors. The Risk Analyst will create or enhance clear, engaging reporting that emphasizes material portfolio risk sources from a variety of different angles, while ensuring that reporting is both accurate and relevant to the portfolio processes covered. Rapid response times and quick turnarounds commensurate to the dynamic demands of the investors are important. The Risk Analyst should be sufficiently confident in their analyses to interpret the outputs of their work, explaining or defending their conclusions within the Risk Management team or to the investment teams as appropriate. Risk Analysts are expected to be vocal, self-starting members of the team, challenging colleagues and independently reviewing risk-related data in their areas to highlight potential areas of concern or focus to Risk Strategists for further review and potential follow-up. The Risk Analyst role requires a strong knowledge of fixed income risk analysis gained from meaningful experience in institutional investment management and risk management. Prior experience focused on structured or corporate credit risk would be considered favorably. They should be continually apprised of investment trends to determine the risk implications and communicate the resulting risks within the group. The successful candidate will bring technical skill and knowledge, be adept at building collaborative working relationships with colleagues, and take proactive ownership for the quality of their work. Risk analysts are expected to be comfortable designing and executing appropriate risk reports, dashboards, and other quantitative assessments of risk positioning in fixed income accounts. RESPONSIBILITIES Interact directly with portfolio management teams alongside Risk Strategists, providing complementary insights and constructive challenge to investors on their investment theses and portfolio composition in support of superior risk-adjusted outcomes for clients. Take increasing levels of responsibility for key aspects of assigned risk engagements. Proactively and creatively work to enhance these engagements by leveraging any unique insights from the Risk Analyst’s own experience with input from more senior risk professionals. Conduct ad-hoc research and analysis to address investor questions a","the Role THE COMPANY Wellington Management offers comprehensive investment management capabilities that span nearly all segments of the global capital markets. Our investment solutions, tailored to the unique return and risk objectives of institutional clients in more than 60 countries, draw on a robust body of proprietary research and a collaborative culture that encourages independent thought and healthy debate. As a private partnership, we believe our ownership structure fosters a long-term view that aligns our perspectives with those of our clients. THE POSITION The Risk Analyst, Fixed Income position is part of the global investment risk function for Wellington and sits within the firm’s Global Risk and Performance Strategy (GPS) department. The primary focus of GPS is leading Wellington Management’s portfolio oversight, risk measurement, and security analytics processes across our broad multi-asset, hedge fund, equity, fixed income and research strategies. The Risk Analyst will work with our fixed income investment teams across the Americas, Europe and Asia, helping them use quantitative tools to inform their portfolio construction and investment processes. The Risk Analyst will engage closely with Risk Strategists and the portfolio teams they cover to better understand their investment processes and the investment risks inherent to those processes. A successful Risk Analyst will leverage Wellington’s risk modeling and analysis platform to enhance the engagement of the Risk Strategists with the Portfolio Management teams. They will also continually work to enhance the risk platform itself, to better meet the evolving needs of investors. The Risk Analyst will create or enhance clear, engaging reporting that emphasizes material portfolio risk sources from a variety ",original-en,Multi-region,"London, United Kingdom","London, Frankfurt, Zurich",https://wellington.wd5.myworkdayjobs.com/External/job/London-United-Kingdom/Investment-Risk-Analyst--Fixed-Income_R93445-1,https://wellington.wd5.myworkdayjobs.com/External,wellington-management-global,Posted 30+ Days Ago,2026-10-10T11:12:53.275522+00:00,2026-10-10T11:12:53.275522+00:00,36.0,investment,official Workday vacancy API,Open,,1,56,"Positive: investments / portfolio / asset management, plausible level; verify responsibilities. Check: likely above target seniority"
23cb8670c707fcac,capital-group,Capital Group,Investment Product Analyst,"“I can be myself at work.” You are more than a job title. We want you to feel comfortable doing great work and bringing your best, authentic self to everything you do. We value your talents, traditions, and uniqueness—and we’re committed to fostering a strong sense of belonging in a respectful workplace. We intentionally seek diverse perspectives, experiences, and backgrounds, investing in a culture designed to celebrate differences. We believe that belonging leads to better outcomes and a stronger community of associates united by our mission. At Capital, we live our core values every day: Integrity, Client Focus, Diverse Perspectives, Long-Term Thinking, and Community. “I can influence my income.” You want to feel recognized at work. Your performance will be reviewed annually, and your compensation will be designed to motivate and reward the value that you provide. You’ll receive a competitive salary, bonuses and benefits. Your company-funded retirement contribution will factor in salary and variable pay, including bonuses. “I can lead a full life.” You bring unique goals and interests to your job and your life. Whether you’re raising a family, you’re passionate about where you volunteer, or you want to explore different career paths, we’ll give you the resources that can set you up for success. Enjoy generous time-away and health benefits from day one, with the opportunity for flexible work options Receive 2-for-1 matching gifts for your charitable contributions and the opportunity to secure annual grants for the organizations you love Access on-demand professional development resources that allow you to hone existing skills and learn new ones “I can succeed as an Investment Product Specialist at Capital Group” Overview The Investment Product Specialist (IPS) team is part of the Asset Class Services (ACS) team within Capital Group’s (CG) Europe and Asia business. IPS partners with the team of Investment Directors (ID) to deliver deep expertise on CG’s investment strategies both internally and externally. Collectively they are the voice of CG’s investment strategies. The IPS and ID teams are two sides of the same coin: the ID is focused on being the external voice; and the IPS is focused on internal partners and stakeholders. The IPS also plays an important role in thinking strategically about the growth and evolution of their product coverage, partnering closely with Client and Marketing teams to unlock additional growth opportunities. The individual will take a lead role in representing our range of global Equities & Multi-Asset (EQMA) products and investment teams. The individual will need to be able to quickly develop a deep understanding of Capital Group’s EQMA range, investment approach, and an ability to synthesise information to enable CG associates to speak credibly to its strengths. In addition, they will partner with the ID team on strategy positioning and to generate investment insights to drive the business and support client engagement. ESG is an important strategic priority for Capital Group and is embedded in how we invest and operate. the successful candidate will contribute to ESG- and sustainability-related product positioning, client content and thought leadership where relevant, helping colleagues articulate Capital Group’s approach with clarity and credibility. Primary Responsibilities Partners closely with the EQMA ID and investment teams for EQMA product coverage, to develop a deep understanding of investment ideas, strategy and positioning, with a keen ability in Multi-Asset product coverage. Drives investment content and narrative to support client engagement and the ID team in delivering portfolio and market insights as well as subject matter expertise at client meetings, conferences and other external engagements. Develops key messages to position and differentiate Capital Group’s EQMA capabilities, supporting client engagement while tailoring for regional and segment-specific needs as appropriate. Engages with sales teams to address client queries promptly, collaborating and coordinating with internal distribution and operations teams to ensure accurate and timely responses. Contributes to the analysis of market trends and competitive dynamics to understand investor requirements and how it impacts Capital Group’s EQMA offerings. Partner with IDs, sales, marketing, and other stakeholders to align on sales strategy, marketing approach, and client requirements. Be a strong advocate for Cap","“I can be myself at work.” You are more than a job title. We want you to feel comfortable doing great work and bringing your best, authentic self to everything you do. We value your talents, traditions, and uniqueness—and we’re committed to fostering a strong sense of belonging in a respectful workplace. We intentionally seek diverse perspectives, experiences, and backgrounds, investing in a culture designed to celebrate differences. We believe that belonging leads to better outcomes and a stronger community of associates united by our mission. At Capital, we live our core values every day: Integrity, Client Focus, Diverse Perspectives, Long-Term Thinking, and Community. “I can influence my income.” You want to feel recognized at work. Your performance will be reviewed annually, and your compensation will be designed to motivate and reward the value that you provide. You’ll receive a competitive salary, bonuses and",original-en,Multi-region,London,"London, Zurich, Frankfurt",https://capgroup.wd1.myworkdayjobs.com/capitalgroupcareers/job/London/Investment-Product-Analyst_JR7561,https://capgroup.wd1.myworkdayjobs.com/capitalgroupcareers,capital-group-global,Posted Yesterday,2026-10-10T11:12:45.404192+00:00,2026-10-10T11:12:45.404192+00:00,36.0,investment,official Workday vacancy API,Open,,1,55,Positive: plausible level; verify responsibilities
5c7e21c797626053,capital-group,Capital Group,Investment Product Specialist - 12 month FTC,"“I can be myself at work.” You are more than a job title. We want you to feel comfortable doing great work and bringing your best, authentic self to everything you do. We value your talents, traditions, and uniqueness—and we’re committed to fostering a strong sense of belonging in a respectful workplace. We intentionally seek diverse perspectives, experiences, and backgrounds, investing in a culture designed to celebrate differences. We believe that belonging leads to better outcomes and a stronger community of associates united by our mission. At Capital, we live our core values every day: Integrity, Client Focus, Diverse Perspectives, Long-Term Thinking, and Community. “I can influence my income.” You want to feel recognized at work. Your performance will be reviewed annually, and your compensation will be designed to motivate and reward the value that you provide. You’ll receive a competitive salary, bonuses and benefits. Your company-funded retirement contribution will factor in salary and variable pay, including bonuses. “I can lead a full life.” You bring unique goals and interests to your job and your life. Whether you’re raising a family, you’re passionate about where you volunteer, or you want to explore different career paths, we’ll give you the resources that can set you up for success. Enjoy generous time-away and health benefits from day one, with the opportunity for flexible work options Receive 2-for-1 matching gifts for your charitable contributions and the opportunity to secure annual grants for the organizations you love Access on-demand professional development resources that allow you to hone existing skills and learn new ones The Investment Product Specialist role sits within Capital Group’s Asset Class Services capability. The Investment Product Specialist partners with Investment Directors to deliver deep expertise on Capital Group’s investment strategies. Collectively they are the voice of Capital Group’s investment capabilities. The Investment Product Specialist and Investment Director teams are two sides of the same coin: the Investment Directors are focused on being the external voice; the Investment Product Specialist is focused on internal partners and stakeholders. The Investment Product Specialist also plays an important role in thinking strategically about the growth and evolution of the fixed income business, partnering closely with the Client Group to unlock growth opportunities. The Investment Product Specialist will provide subject matter expertise for designated fixed income strategies, with this role having a particular focus on Emerging Markets Debt (EMD). The individual will be expected to build a deep understanding of Capital Group’s EMD capabilities, investment philosophy, approach and process, and be able to synthesise highly technical investment information to enable the Client Group to speak credibly around the firm’s fixed income platform. They will partner with other members of the Asset Class Services team to generate deep and impactful investment insights for a range of client and marketing activities. Primary responsibilities Partners with Investment Directors and the investment team to represent Capital Group’s fixed income capabilities across client activities Acts as a subject matter expert for EMD strategies, with a primary focus on engaging with internal stakeholders such as client-facing teams, may also participate in external client engagements Contributes to the development of investment narratives, product messaging and thought leadership by preparing analysis, drafting content and adapting materials for regional and client segment needs Ensures timely and appropriate investment content to support Investment Directors and the Client Group across meetings, campaigns, product updates and other client engagement activities Contributes to product advocacy efforts, engaging with the Client Group in supporting sales strategy and distribution approach Manages market and competitor analysis to support product positioning, identify key differentiators and inform client-ready messaging Supports fixed income business initiatives, including product development and strategic projects Builds effective working relationships across Capital Group’s Europe, Asia and North American businesses by being responsive, collaborative and focused on delivering high-quality partnership “I am the person Capital Group is looking for” Ideally at least 5-7 years within the asset management ","“I can be myself at work.” You are more than a job title. We want you to feel comfortable doing great work and bringing your best, authentic self to everything you do. We value your talents, traditions, and uniqueness—and we’re committed to fostering a strong sense of belonging in a respectful workplace. We intentionally seek diverse perspectives, experiences, and backgrounds, investing in a culture designed to celebrate differences. We believe that belonging leads to better outcomes and a stronger community of associates united by our mission. At Capital, we live our core values every day: Integrity, Client Focus, Diverse Perspectives, Long-Term Thinking, and Community. “I can influence my income.” You want to feel recognized at work. Your performance will be reviewed annually, and your compensation will be designed to motivate and reward the value that you provide. You’ll receive a competitive salary, bonuses and",original-en,Multi-region,London,"London, Zurich, Frankfurt",https://capgroup.wd1.myworkdayjobs.com/capitalgroupcareers/job/London/Investment-Product-Specialist---12-month-FTC_JR7537,https://capgroup.wd1.myworkdayjobs.com/capitalgroupcareers,capital-group-global,Posted 3 Days Ago,2026-10-10T11:12:45.404192+00:00,2026-10-10T11:12:45.404192+00:00,36.0,investment,official Workday vacancy API,Open,,1,55,Positive: plausible level; verify responsibilities
50b73d696afaebec,capital-group,Capital Group,Investment Product Specialist,"“I can be myself at work.” You are more than a job title. We want you to feel comfortable doing great work and bringing your best, authentic self to everything you do. We value your talents, traditions, and uniqueness—and we’re committed to fostering a strong sense of belonging in a respectful workplace. We intentionally seek diverse perspectives, experiences, and backgrounds, investing in a culture designed to celebrate differences. We believe that belonging leads to better outcomes and a stronger community of associates united by our mission. At Capital, we live our core values every day: Integrity, Client Focus, Diverse Perspectives, Long-Term Thinking, and Community. “I can influence my income.” You want to feel recognized at work. Your performance will be reviewed annually, and your compensation will be designed to motivate and reward the value that you provide. You’ll receive a competitive salary, bonuses and benefits. Your company-funded retirement contribution will factor in salary and variable pay, including bonuses. “I can lead a full life.” You bring unique goals and interests to your job and your life. Whether you’re raising a family, you’re passionate about where you volunteer, or you want to explore different career paths, we’ll give you the resources that can set you up for success. Enjoy generous time-away and health benefits from day one, with the opportunity for flexible work options Receive 2-for-1 matching gifts for your charitable contributions and the opportunity to secure annual grants for the organizations you love Access on-demand professional development resources that allow you to hone existing skills and learn new ones “I can succeed as an Investment Product Specialist at Capital Group.” Overview The Investment Product Specialist (IPS) team is part of the Asset Class Services (ACS) team within Capital Group’s (CG) Europe and Asia business. IPS partners with the team of Investment Directors (ID) to deliver deep expertise on CG’s investment strategies both internally and externally. Collectively they are the voice of CG’s investment strategies. The IPS and ID teams are two sides of the same coin, the ID is focused on being the external voice, while the IPS is focused on internal partners and stakeholders. IPS also plays an important role in thinking strategically about the growth and evolution of its product coverage, partnering closely with Client and Marketing teams to unlock additional growth opportunities. The individual in this role will take a lead role in representing our Future Generations Equity and Multi-Asset strategies which make up our flagship Sustainability offering. The individual will also play a role in articulating CG’s broader approach to Sustainability & Governance (S&G), working in close partnership with the dedicated Sustainability Specialists Team (SST). The individual will need to develop a deep understanding of the Future Generations investment process as well as our ESG integration process. They will partner closely with the Future Generations Investment Director, Global Equity and Multi-Asset Investment Directors to develop strategy positioning and investment insights that support the business and client engagement. The successful candidate will be able to synthesize complex investment and S&G information into clear, credible content that enables CG associates to communicate effectively about our approach. The individual must be comfortable working across asset classes and collaborating with other Investment Product Specialists to support consistency in product-specific messaging. Each Investment Product Specialist is responsible for developing and delivering messaging, including S&G-related content, within their respective product areas, with the Future Generations IPS serving as an escalation point to provide subject matter expertise on complex product-specific S&G issues. Self-motivation, intellectual curiosity and the ability to collaborate effectively across teams and geographies will be critical. Primary Responsibilities Partner closely with the Future Generations Investment Director to develop a deep understanding of investment ideas, strategy and positioning across the Future Generations Equity and Multi-Asset range. In addition, to build strong relationships with the Investment Directors responsible for Global Equity and Multi-Asset strategies, and collaborate closely with other IPS colleagues as appropriate. Drive investment content and narrative that su","“I can be myself at work.” You are more than a job title. We want you to feel comfortable doing great work and bringing your best, authentic self to everything you do. We value your talents, traditions, and uniqueness—and we’re committed to fostering a strong sense of belonging in a respectful workplace. We intentionally seek diverse perspectives, experiences, and backgrounds, investing in a culture designed to celebrate differences. We believe that belonging leads to better outcomes and a stronger community of associates united by our mission. At Capital, we live our core values every day: Integrity, Client Focus, Diverse Perspectives, Long-Term Thinking, and Community. “I can influence my income.” You want to feel recognized at work. Your performance will be reviewed annually, and your compensation will be designed to motivate and reward the value that you provide. You’ll receive a competitive salary, bonuses and",original-en,Multi-region,London,"London, Zurich, Frankfurt",https://capgroup.wd1.myworkdayjobs.com/capitalgroupcareers/job/London/Investment-Product-Specialist_JR7564,https://capgroup.wd1.myworkdayjobs.com/capitalgroupcareers,capital-group-global,Posted Yesterday,2026-10-10T11:12:45.404192+00:00,2026-10-10T11:12:45.404192+00:00,36.0,investment,official Workday vacancy API,Open,,1,55,Positive: plausible level; verify responsibilities
43cd464a52801390,capital-group,Capital Group,Investment Risk Oversight Specialist,"“I can be myself at work.” You are more than a job title. We want you to feel comfortable doing great work and bringing your best, authentic self to everything you do. We value your talents, traditions, and uniqueness—and we’re committed to fostering a strong sense of belonging in a respectful workplace. We intentionally seek diverse perspectives, experiences, and backgrounds, investing in a culture designed to celebrate differences. We believe that belonging leads to better outcomes and a stronger community of associates united by our mission. At Capital, we live our core values every day: Integrity, Client Focus, Diverse Perspectives, Long-Term Thinking, and Community. “I can influence my income.” You want to feel recognized at work. Your performance will be reviewed annually, and your compensation will be designed to motivate and reward the value that you provide. You’ll receive a competitive salary, bonuses and benefits. Your company-funded retirement contribution will factor in salary and variable pay, including bonuses. “I can lead a full life.” You bring unique goals and interests to your job and your life. Whether you’re raising a family, you’re passionate about where you volunteer, or you want to explore different career paths, we’ll give you the resources that can set you up for success. Enjoy generous time-away and health benefits from day one, with the opportunity for flexible work options Receive 2-for-1 matching gifts for your charitable contributions and the opportunity to secure annual grants for the organizations you love Access on-demand professional development resources that allow you to hone existing skills and learn new ones The IRO Specialist will be a member of the GRM Investment Risk Oversight team responsible for the independent risk oversight (2 LoD) of Capital Group’s Europe and Asia portfolios, including long-only UCITS, active ETFs and others . This role will be the key in supporting the senior management and a point of contact for governance groups, Boards and Clients as the person supporting ongoing fiduciary oversight as well as supporting regulatory and/or client demands. This role will have ongoing access to the investment management systems for the purpose of risk oversight and monitoring. It will be integrated globally and will require participation/engagement to global investment risk management related initiatives/queries. Key responsibilities: Responsible the ongoing and periodic oversight and monitoring of risk and compliance limits with full access to investment-related systems. Responsible for leading/coordinating risk reporting requirements as required from regulators through working with internal groups Responsible for leading/coordinating client demands relating to investment risk management Responsible for fully understanding, maintaining and executing the Risk Policy. Develop and provide risk reporting to senior management and oversight forums, including risk committees and boards Support global investment risk management related initiatives/questions Skills/Qualifications: Deep understanding of investment risk management concepts, including market, liquidity, credit and counterparty risk. Familiarity with risk management approach for private markets assets such as private credit and private equity is a plus. Demonstrates knowledge and experience in managing risk management frameworks, in particular investment risk management within an asset management firm Demonstrates sound judgment and ability to independently resolve matters of moderate to high-risk complexity. Demonstrates initiative by identifying issues and recommending comprehensive solutions. Demonstrates effective written and oral communication skills with a diverse group of associates and senior business leaders. Demonstrates ability to plan processes and collaborate with a group or team to assure work is completed in a timely manner. Demonstrates ability to network and develop/maintain active relationships within and outside of the Group. Demonstrates organizational agility and ability to manage ambiguity. Demonstrates ability to maintain a high level of confidentiality and integrity. Self-directed with the ability to work both collaboratively and independently to consistently meet quality and time deadlines. Core Requirements : 8+ years’ experience in risk management and/or risk reporting. Bachelors in quantitative subject such as Economics, Finance, or Statistics is preferable. “I can apply in less than 4 ","“I can be myself at work.” You are more than a job title. We want you to feel comfortable doing great work and bringing your best, authentic self to everything you do. We value your talents, traditions, and uniqueness—and we’re committed to fostering a strong sense of belonging in a respectful workplace. We intentionally seek diverse perspectives, experiences, and backgrounds, investing in a culture designed to celebrate differences. We believe that belonging leads to better outcomes and a stronger community of associates united by our mission. At Capital, we live our core values every day: Integrity, Client Focus, Diverse Perspectives, Long-Term Thinking, and Community. “I can influence my income.” You want to feel recognized at work. Your performance will be reviewed annually, and your compensation will be designed to motivate and reward the value that you provide. You’ll receive a competitive salary, bonuses and",original-en,Multi-region,London,"London, Zurich, Frankfurt",https://capgroup.wd1.myworkdayjobs.com/capitalgroupcareers/job/London/Investment-Risk-Oversight-Specialist_JR7175,https://capgroup.wd1.myworkdayjobs.com/capitalgroupcareers,capital-group-global,Posted 30+ Days Ago,2026-10-10T11:12:45.404192+00:00,2026-10-10T11:12:45.404192+00:00,36.0,investment,official Workday vacancy API,Open,,1,55,Positive: plausible level; verify responsibilities
b83e1e0d129d1ed0,capital-group,Capital Group,Portfolio Guideline Analysis - Analyst,"“I can be myself at work.” You are more than a job title. We want you to feel comfortable doing great work and bringing your best, authentic self to everything you do. We value your talents, traditions, and uniqueness—and we’re committed to fostering a strong sense of belonging in a respectful workplace. We intentionally seek diverse perspectives, experiences, and backgrounds, investing in a culture designed to celebrate differences. We believe that belonging leads to better outcomes and a stronger community of associates united by our mission. At Capital, we live our core values every day: Integrity, Client Focus, Diverse Perspectives, Long-Term Thinking, and Community. “I can influence my income.” You want to feel recognized at work. Your performance will be reviewed annually, and your compensation will be designed to motivate and reward the value that you provide. You’ll receive a competitive salary, bonuses and benefits. Your company-funded retirement contribution will factor in salary and variable pay, including bonuses. “I can lead a full life.” You bring unique goals and interests to your job and your life. Whether you’re raising a family, you’re passionate about where you volunteer, or you want to explore different career paths, we’ll give you the resources that can set you up for success. Enjoy generous time-away and health benefits from day one, with the opportunity for flexible work options Receive 2-for-1 matching gifts for your charitable contributions and the opportunity to secure annual grants for the organizations you love Access on-demand professional development resources that allow you to hone existing skills and learn new ones ""I can succeed as a Portfolio Guideline Analysis Analyst."" Role summary: Works independently on most assignments and under the direction of more senior staff on only the most complex projects, analyses, and tasks. Responsible for ensuring guidelines are comprehensively interpreted and set up appropriately to ensure adherence to strict risk controls for Funds / client accounts. Collaborates with Global Investment Control teams and other business groups. Participates in departmental projects, including process engineering initiatives. Data analytics, derivative, and fixed income knowledge is a plus. Primary responsibilities/essential functions: Guideline Analysis Demonstrates accumulated knowledge and experience from prior roles. Reviews and analyzes Fund and client guidelines. Participates in account onboarding activities and collaborates with rule coders to implement controls in the compliance system. Ensures timely and accurate account launches and amendments. Serves as a guideline resource to the team and other departments. Investment Guidelines : Examines client agreements, guidelines, and external regulations to identify and interpret investment restrictions, recommends and implements guidelines for multi-asset client accounts, ensuring robust control measures are in place. Fund-Related Activities : Participates in fund-related activities and initiatives, including prospectus changes and new fund launches across multiple lines of businesses. Mandate Objectives : Works with the Investment Group to understand investment objectives and determine guidelines. Legal and Client Services Liaison : Drafts, reviews, and interprets guidelines, and participates in guideline negotiations for client accounts in collaboration with Legal and Marketing groups. Partners with Legal on the appropriateness of security offerings and complex transactions for client accounts. Compliance System : Navigates the CRD compliance system with ease and understands rule coding basics. Policy Development : Leads the development and enhancement of policies, procedures, and controls. Risk Management : May perform quality checks and verifies the accuracy of work prepared by other associates. Identifies and assesses impacts and communicates updates to managers and stakeholders. Training and Reference Materials : Participates in the training of other associates. Ensures reference and training materials are kept current. Workflow Management : Oversees workflow allocation and delivery to ensure timely task completion through good judgment and decision-making. Projects and Initiatives : Participates in projects and team/department initiatives. Collaborates with management to establish project plans. Additional Responsibilities : Performs additional responsibilities as assigned. Skills of the Future AI: Applies A","“I can be myself at work.” You are more than a job title. We want you to feel comfortable doing great work and bringing your best, authentic self to everything you do. We value your talents, traditions, and uniqueness—and we’re committed to fostering a strong sense of belonging in a respectful workplace. We intentionally seek diverse perspectives, experiences, and backgrounds, investing in a culture designed to celebrate differences. We believe that belonging leads to better outcomes and a stronger community of associates united by our mission. At Capital, we live our core values every day: Integrity, Client Focus, Diverse Perspectives, Long-Term Thinking, and Community. “I can influence my income.” You want to feel recognized at work. Your performance will be reviewed annually, and your compensation will be designed to motivate and reward the value that you provide. You’ll receive a competitive salary, bonuses and",original-en,Multi-region,London,"London, Zurich, Frankfurt",https://capgroup.wd1.myworkdayjobs.com/capitalgroupcareers/job/London/Portfolio-Guideline-Analysis---Analyst_JR7063,https://capgroup.wd1.myworkdayjobs.com/capitalgroupcareers,capital-group-global,Posted 4 Days Ago,2026-08-16T05:45:18.821742+00:00,2026-08-16T05:45:18.821742+00:00,36.0,portfolio,official Workday vacancy API,Open,,1,55,Positive: plausible level; verify responsibilities
decbe7bfeb2adc2d,wellington-management,Wellington Management,Investment Analyst,"About Us Wellington Management offers comprehensive investment management capabilities that span nearly all segments of the global capital markets. Our investment solutions, tailored to the unique return and risk objectives of institutional clients in more than 60 countries, draw on a robust body of proprietary research and a collaborative culture that encourages independent thought and healthy debate. As a private partnership, we believe our ownership structure fosters a long-term view that aligns our perspectives with those of our clients. About the Role RESPONSIBILITIES The Investment Analyst will work as part of one or more product coverage teams to contribute to the broad efforts of the AMS Product Management group. The primary focus of the role is to provide analytical leverage to the team as well as be a point of contact for a variety of internal constituents regarding inquiries about the investment teams and products under coverage. Responsibilities include performing analyses related to portfolio positioning, attribution and risk, market trends, competitive positioning, and pricing. Additional responsibilities may include creation and maintenance of marketing and client materials, review of RFPs, responses to client questions, automation of workflow, and collaboration on the development of client solutions and new investment approaches. QUALIFICATIONS Success in the role requires a demonstrated interest in investment topics and passion for learning, as well as strong analytical skills. A positive, collegial attitude and high level of professionalism are essential, as are creativity, initiative and the ability to thrive in a fast-paced, team-oriented environment with tight deadlines. We are seeking candidates who display the following characteristics: · A Bachelor’s degree with very strong academic credentials and a record of achievement · 2-5 years of relevant experience and progress towards the CFA or CAIA are preferred · Demonstrated analytical skills including the ability to organize and synthesize data to reach conclusions · Solid judgment, intellectual curiosity, and willingness to take a differentiated perspective · Attention to detail combined with a solutions-oriented mindset · Ability to write clearly and succinctly in a variety of communication settings · Articulate with an interest in developing presentation skills · Proactive with an ability to work both independently and in collaboration with a global team · Strong technical skills; mastery of MS Excel and familiarity with Factset are a plus but not essential · Ability to organize, manage, and prioritize time well · Grace under pressure with an ability to adapt to get things done Not sure you meet 100% of our qualifications? That’s ok. If you believe that you could excel in this role, we encourage you to apply and welcome a chance to review your background. We are dedicated to building and maintaining a diversified workforce and considering a broad array of candidates with a variety of skill, workplace experiences, and backgrounds. As an equal opportunity employer, Wellington Management ensures that all qualified applicants will receive equal consideration for employment without regard to r ace, color, sex, sexual orientation, gender identity, gender expression, religion, creed, national origin, age, ancestry, disability (physical or mental), medical condition, citizenship, marital status, pregnancy, veteran or military status, genetic information or any other characteristic protected by applicable law . If you are a candidate with a disability, or are assisting a candidate with a disability, and require an accommodation to apply for one of our jobs, please email us at GMWTalentOperations@wellington.com . We believe that in person interactions inspire and energize our community and are essential to our culture. In support of this commitment, our employees work from our offices 4 days a week with flexibility to work remotely 1 day a week. We believe that this approach ultimately supports our mission to deliver investment excellence to our clients and their beneficiaries over the long term.","the Role RESPONSIBILITIES The Investment Analyst will work as part of one or more product coverage teams to contribute to the broad efforts of the AMS Product Management group. The primary focus of the role is to provide analytical leverage to the team as well as be a point of contact for a variety of internal constituents regarding inquiries about the investment teams and products under coverage. Responsibilities include performing analyses related to portfolio positioning, attribution and risk, market trends, competitive positioning, and pricing. Additional responsibilities may include creation and maintenance of marketing and client materials, review of RFPs, responses to client questions, automation of workflow, and collaboration on the development of client solutions and new investment approaches.",original-en,Multi-region,"London, United Kingdom","London, Frankfurt, Zurich",https://wellington.wd5.myworkdayjobs.com/External/job/London-United-Kingdom/Investment-Analyst_R94826-1,https://wellington.wd5.myworkdayjobs.com/External,wellington-management-global,Posted 9 Days Ago,2026-10-10T11:12:53.275522+00:00,2026-10-10T11:12:53.275522+00:00,36.0,investment,official Workday vacancy API,Open,,1,51,"Positive: investments / portfolio / asset management, plausible level; verify responsibilities. Check: junior or graduate level"
b83a720341b30c7d,jupiter-fund-management,Jupiter Fund Management,Interim Investment Operations Oversight Analyst (9 month FTC),"The Value of Active Minds About Jupiter Jupiter is one of the UK’s leading investment management companies with just over 500 employees and £73.7 billion worth of assets under management (as at 30th June 2026). Jupiter provides investment services to individual and institutional investors through mutual funds (UK unit trusts, Luxembourg SICAVs and Dublin OEICs), separately managed accounts and sub-advised funds. Jupiter has experienced a period of international growth with offices open in EMEA and APAC. The majority of our employees are based in our London office located just minutes from Victoria station which provides stair-free access from both the Underground’s Victoria line and National Rail platforms, as well as limited road crossings to the Jupiter office. Our London office was designed to encourage employees to live active, healthy lives with floor-to-ceiling windows that allow for greater natural light and the benefit of a private balcony, table tennis room, cycle storage and on-site shower and locker facilities. The short distance to Green Park and St James' Park also provides employees with a natural space to relax during their lunch break and a healthy alternative to office-based meetings. We offer our UK employees a 3:2 hybrid working arrangement where Tuesdays, Thursdays and a third day of your choice are worked from the office. The other two days may be worked from home. This facilitates collaboration and allows employees to maximise productivity whilst maintaining a healthy work/life balance. Background ​ In this role you will be an Investment Operations Oversight Analyst in the team responsible for performing direct operational support to Jupiter’s Investment Managers and Trading teams , as well as other key stakeholders across the business. In addition, you will perform the oversight of outsourced BNY Middle Office activities. You will report to the Head of Investment Operations. Key Responsibilities Perform tasks aligned with the team’s oversight framework ensuring effective monitoring is carried out for service issues and degradation. Overseeing the operational lifecycle of exchange-traded and OTC derivative products Support implementation of new derivative products Monitoring business as usual Middle Office processing (e.g. trade matching, trade settlement, security set-up and maintenance, corporate actions, reconciliations) Building strong effective working relationships across Investment Management, Trading, Risk, Compliance, Tech and third-party service providers. Communicate confidently with stakeholders at all levels, proactively engaging in face-to-face discussions where appropriate to resolve issues, understand business requirements and foster effective collaboration Internal liaison for fund change activity (e.g. launches, closures, restructuring) Assisting with / managing more complex events requiring internal Jupiter engagement Escalation point for complex queries or issues requiring Jupiter intervention for any aspect of the outsourced Middle Office service Support for all change activities liaising with Blackrock / BNY, ensuring all requirements are sufficiently detailed and understood. Desired Skills / Experience Strong understanding of OTC and listed derivatives. Extensive experience of the collective investments industry with proven SME knowledge in key areas within Investment Operations Flexible and team oriented Good analytical and decision-making skills Organized, with the ability to prioritize and meet deadlines Experienced in developing constructive internal and external relationships Strong written and verbal communication skills Proactive, self-motivated with a creative and practical approach to problem solving Act with integrity, due skill, care and diligence Ensure customer outcomes are the focus of our business and we are respected by regulator Collaborate with peers across the organisation Share openly and be transparent Adopt a responsible approach Maintain our entrepreneurial culture Strive for continuous improvement Lead by example Additional Role Details This role is subject to the Conduct Rules set by the FCA. Don’t meet every requirement? At Jupiter we are dedicated to building a diverse and inclusive workplace, so if you are interested in this role, but don’t think your experience aligns perfectly with every listed requirement in the job description, we would encourage you to apply. You may be the right person for this role.","The Value of Active Minds About Jupiter Jupiter is one of the UK’s leading investment management companies with just over 500 employees and £73.7 billion worth of assets under management (as at 30th June 2026). Jupiter provides investment services to individual and institutional investors through mutual funds (UK unit trusts, Luxembourg SICAVs and Dublin OEICs), separately managed accounts and sub-advised funds. Jupiter has experienced a period of international growth with offices open in EMEA and APAC. The majority of our employees are based in our London office located just minutes from Victoria station which provides stair-free access from both the Underground’s Victoria line and National Rail platforms, as well as limited road crossings to the Jupiter office. Our London office was designed to encourage employees to live active, healthy lives with floor-to-ceiling windows that allow for greater natural light and the benefit of a private balcony, table tennis room, cycle storage and on-site shower and locker facilities. The short distance to Green Park and St James' Park also provides employees with a natural space to relax during their lunch break and a healthy alternative to office-based meetings. We offer our UK employees a 3:2 hybrid working arrangement where Tuesdays, Thursdays and a third day of your choice are worked from the office. The other two days may be worked from home. This facilitates collaboration and allows employees to maximise productivity whilst maintaining a healthy work/life balance. Background ​ In this role you will be an Investment Operations Oversight Analyst in the team responsible for performing direct operational support to Jupiter’s Investment Managers and Trading teams , as well as other key stakeholders across the business. In addition",original-en,Multi-region,London,London,https://jupiteram.wd3.myworkdayjobs.com/jupiter_careers/job/London/Interim-Investment-Operations-Oversight-Analyst--9-month-FTC-_JR565,https://jupiteram.wd3.myworkdayjobs.com/jupiter_careers,jupiter-fund-management-global,Posted Yesterday,2026-08-16T05:46:56.857944+00:00,2026-08-16T05:46:56.857944+00:00,36.0,investment,official Workday vacancy API,Open,,1,51,"Positive: investments / portfolio / asset management, plausible level; verify responsibilities. Check: junior or graduate level"
bb10a6e1aa286e3a,capital-group,Capital Group,Global Investment Control Manager,"“I can be myself at work.” You are more than a job title. We want you to feel comfortable doing great work and bringing your best, authentic self to everything you do. We value your talents, traditions, and uniqueness—and we’re committed to fostering a strong sense of belonging in a respectful workplace. We intentionally seek diverse perspectives, experiences, and backgrounds, investing in a culture designed to celebrate differences. We believe that belonging leads to better outcomes and a stronger community of associates united by our mission. At Capital, we live our core values every day: Integrity, Client Focus, Diverse Perspectives, Long-Term Thinking, and Community. “I can influence my income.” You want to feel recognized at work. Your performance will be reviewed annually, and your compensation will be designed to motivate and reward the value that you provide. You’ll receive a competitive salary, bonuses and benefits. Your company-funded retirement contribution will factor in salary and variable pay, including bonuses. “I can lead a full life.” You bring unique goals and interests to your job and your life. Whether you’re raising a family, you’re passionate about where you volunteer, or you want to explore different career paths, we’ll give you the resources that can set you up for success. Enjoy generous time-away and health benefits from day one, with the opportunity for flexible work options Receive 2-for-1 matching gifts for your charitable contributions and the opportunity to secure annual grants for the organizations you love Access on-demand professional development resources that allow you to hone existing skills and learn new ones “I can succeed as a Fixed Income Trade Operations Collateral Manager at Capital Group.” As a Trade Operations Collateral Manager, you’ll support the investment process for Capital Group. You have a genuine interest in collateral management, derivatives, and fixed income securities, along with a strong focus on client centricity. You’ll play a critical oversight role in the post-trade process, supporting margin management, collateral obligations, product lifecycle activities, and settlement functions. You’ll work closely with key stakeholders, including our Investment Group, Legal and Compliance teams, vendors, brokers, custodians, and client relationship teams. Your expertise and leadership will be leveraged through your ability to serve as a technical subject matter expert. You will demonstrate ownership, accountability, and a proactive approach to issue management while providing guidance, mentorship, and technical coaching to associates. Primary responsibilities/essential functions: Collaborates with senior manager to select, develop and maintain an effective team. This includes: Works closely with senior associates to analyse/revise workflow as needed. Continues to assess workflow to identify efficiencies and streamline opportunities on an ongoing basis. Ensures adequate staffing to complete team responsibilities as well as the work across teams. Monitors trends and areas where work can be more effective and efficient. Identifies issues and trends related to processes, manages risk and supports operational changes to improve workflow and effectiveness. May assist to help complete the work when volumes are heavy. Leads a team(s) within Global Investment Control (GIC) Maintains oversight of work to ensure the highest level of service is efficiently delivered, with risk mitigated and escalated appropriately. Establishes individual and team goals/objectives for associates to support broader business area objectives. Understands, identifies and acts on the inherent and emergent risks in the operations of the team and its activities. Assesses resource needs on a forward-looking basis and makes staffing recommendations. Provides guidance on complex and/or ambiguous operational issues, technical questions, business processes and management issues. Resolves complex problems related to investment support and risk management. Keeps abreast of both internal and external trends and makes recommendations to better align with evolving business priorities. May represent GIC in a variety of interactions with clients, investment group professionals, senior business leaders, vendors or industry counterparts. “I can apply in less than 4 minutes.” You’ve reviewed this job posting and you’re ready to start the candidate journey with us. Apply now to move to the next step in our recruiting pro","“I can be myself at work.” You are more than a job title. We want you to feel comfortable doing great work and bringing your best, authentic self to everything you do. We value your talents, traditions, and uniqueness—and we’re committed to fostering a strong sense of belonging in a respectful workplace. We intentionally seek diverse perspectives, experiences, and backgrounds, investing in a culture designed to celebrate differences. We believe that belonging leads to better outcomes and a stronger community of associates united by our mission. At Capital, we live our core values every day: Integrity, Client Focus, Diverse Perspectives, Long-Term Thinking, and Community. “I can influence my income.” You want to feel recognized at work. Your performance will be reviewed annually, and your compensation will be designed to motivate and reward the value that you provide. You’ll receive a competitive salary, bonuses and",original-en,Multi-region,London,"London, Zurich, Frankfurt",https://capgroup.wd1.myworkdayjobs.com/capitalgroupcareers/job/London/Global-Investment-Control-Manager_JR6935,https://capgroup.wd1.myworkdayjobs.com/capitalgroupcareers,capital-group-global,Posted 16 Days Ago,2026-08-16T05:45:18.821742+00:00,2026-08-16T05:45:18.821742+00:00,36.0,investment,official Workday vacancy API,Open,,1,50,Exploration: no strong signal yet
0d4426503fea9aba,capital-group,Capital Group,Investment Information Writer Senior - 20189181,"“I can be myself at work.” You are more than a job title. We want you to feel comfortable doing great work and bringing your best, authentic self to everything you do. We value your talents, traditions, and uniqueness—and we’re committed to fostering a strong sense of belonging in a respectful workplace. We intentionally seek diverse perspectives, experiences, and backgrounds, investing in a culture designed to celebrate differences. We believe that belonging leads to better outcomes and a stronger community of associates united by our mission. At Capital, we live our core values every day: Integrity, Client Focus, Diverse Perspectives, Long-Term Thinking, and Community. “I can influence my income.” You want to feel recognized at work. Your performance will be reviewed annually, and your compensation will be designed to motivate and reward the value that you provide. You’ll receive a competitive salary, bonuses and benefits. Your company-funded retirement contribution will factor in salary and variable pay, including bonuses. “I can lead a full life.” You bring unique goals and interests to your job and your life. Whether you’re raising a family, you’re passionate about where you volunteer, or you want to explore different career paths, we’ll give you the resources that can set you up for success. Enjoy generous time-away and health benefits from day one, with the opportunity for flexible work options Receive 2-for-1 matching gifts for your charitable contributions and the opportunity to secure annual grants for the organizations you love Access on-demand professional development resources that allow you to hone existing skills and learn new ones Position Overview: The Senior RFP Writer is part of the RFP team within Capital Group (CG) Global Client Services (GCS) organisation. The Senior RFP Writer drives new business growth and retention of CG’s existing clients by completing RFPs, DDQs and RFIs on CG’s organisation and investment strategies requested by the Europe and Asia clients and prospects. Primary responsibilities: Demonstrates in-depth knowledge levels of CG products, processes and teams and works independently to deliver high-quality complex RFPs, DDQs, and RFIs. Leads the end-to-end coordination process, ensuring responses are accurate, timely, and compliant with both internal standards and external requirements. Coordinates and leads kick-off calls to review request requirements and to gain a deeper understanding of the client’s needs. Partners with Sales teams and other internal groups (Product, ESG, Operations, Risk, Compliance) to craft compelling written content that articulates our investment philosophy and process across CG strategies and capabilities. Builds a strong relationship with the assigned regional Sales team(s) coverage to gain a deeper understanding of the client base, enabling the tailoring of narratives to the specific client/prospect. Leverages our internal content database (Qvidian) and proactively identifies opportunities to improve content, partnering with Content Managers to create and develop written content. Partners with Specialists and key stakeholders to develop responses for new products and capabilities, helping establish best practices and sharing knowledge with the team. Responds proactively to ad-hoc requests, demonstrating agility and responsiveness in a fast-paced environment. Leads, participates in, or acts as the subject matter expert for team projects, and collaborates with Managers/Specialists/Project Analysts to recommend improvements. Serves as a positive role model for the onshore and offshore team. Accountable for mentoring teammates by partnering to support their requests, applying experience in impactful peer reviews, and being available for guidance. Timely updates Qvidian request logs and the Service Now portal to ensure accurate reporting of the team’s deliverables. Key competencies: Strong written and verbal communication across diverse teams. Strong ability to collaborate and develop/maintain effective working relationships within the organisation at all levels. Effective in leading/facilitating a variety of meetings Demonstrates strong client focus and commercial awareness, acting as a strategic partner to the Client Group to drive product awareness and asset growth. Proactively and consistently identifies, assesses, responds to, and escalates risks encountered in daily activities. Demonstrates intellectual curiosity, good judgement, situational adaptab","“I can be myself at work.” You are more than a job title. We want you to feel comfortable doing great work and bringing your best, authentic self to everything you do. We value your talents, traditions, and uniqueness—and we’re committed to fostering a strong sense of belonging in a respectful workplace. We intentionally seek diverse perspectives, experiences, and backgrounds, investing in a culture designed to celebrate differences. We believe that belonging leads to better outcomes and a stronger community of associates united by our mission. At Capital, we live our core values every day: Integrity, Client Focus, Diverse Perspectives, Long-Term Thinking, and Community. “I can influence my income.” You want to feel recognized at work. Your performance will be reviewed annually, and your compensation will be designed to motivate and reward the value that you provide. You’ll receive a competitive salary, bonuses and",original-en,Multi-region,London,"London, Zurich, Frankfurt",https://capgroup.wd1.myworkdayjobs.com/capitalgroupcareers/job/London/Investment-Information-Writer-Senior---20189181_JR6940-1,https://capgroup.wd1.myworkdayjobs.com/capitalgroupcareers,capital-group-global,Posted 24 Days Ago,2026-08-16T05:45:18.821742+00:00,2026-08-16T05:45:18.821742+00:00,36.0,investment,official Workday vacancy API,Open,,1,50,Exploration: no strong signal yet
feb268f33aeb27c6,neuberger-berman,Neuberger Berman,AI Software Engineer - Investments Technology,"About Neuberger: Neuberger was founded in 1939 to do one thing: deliver compelling investment results for our clients over the long term. This remains our singular purpose today, driven by a culture rooted in deep fundamental research, the pursuit of investment insight and continuous innovation on behalf of clients, and facilitated by the free exchange of ideas across the organization. As a private, independent, employee-owned investment manager, Neuberger is structurally aligned with the long-term interests of our clients. We have no external parent or public shareholders to serve, nor other lines of business to distract us from our core mission, and with our employees and their families invested alongside our clients - plus 100% of employee deferred cash compensation directly linked to team and firm strategies - we are truly in this together. From offices in 40 cities worldwide, Neuberger manages a range of equity, fixed income, private equity and hedge fund strategies on behalf of institutions, advisors and individual investors worldwide. With more than 700 investment professionals and more than 2,900 employees in total, Neuberger has built a diverse team of individuals united in their commitment to client outcomes and investment excellence. Our culture has afforded us enviable retention rates among our senior investment staff and has earned us citations in the top-ranked firms (among those with 1,000 or more employees) in the Pensions & Investments “Best Places to Work in Money Management” survey each year since 2013. For more information, please visit our website at www.neuberger.com. Position Overview: We are seeking a talented Junior AI Software Engineer to join our growing Fixed Income Technology team. In this role, you will design, develop, and deploy AI-powered capabilities that drive real business impact. You will work closely with business stakeholders, engineering, and data engineering teams to build scalable, production-grade AI systems. This is an exciting opportunity to shape the next generation of intelligent products while growing your expertise in a collaborative and innovative environment. Primary Responsibilities: Build and maintain end-to-end AI powered solutions covering data ingestion, feature engineering, model training, evaluation, and deployment. Work on building new dashboards / integrating large language models (LLMs) and foundation models into product features, including prompt engineering, fine-tuning, MCP Servers and RAG architecture. Write clean, well-tested, and well-documented code following engineering best practices. Partner with the FI business users to design and build agentic workflows, web dashboards, backend APIs Work with Application Support team to troubleshoot and maintain existing production applications Stay current with advances in AI/ML research and evaluate emerging tools, frameworks, and techniques for adoption. Key Requirements / Qualifications : (essential unless otherwise stated) Bachelor’s or master’s degree in computer science, Machine Learning, or a related quantitative field 1-2+ years of professional software development experience / building and deploying AI solutions in production environments if any Proficiency in Python and AI/agentic frameworks, FastAPI, Flask, Pandas, LangChain, LangGraph, MCP Servers, RAG systems Good understanding of data structures, data pipelines, SQL databases – MS SQL Server / Postgres, Snowflake Solid software engineering fundamentals — version control (Git), CI/CD, testing, and containerization (Docker) Any knowledge of Fixed Income Markets or a related financial sector would be desirable #LI-NM1 #LI-Hybrid &#xa;Applicants must be authorized and have the right to work in the country where the role is located without the need for current or future sponsorship. Neuberger is an equal opportunity employer. The Firm and its affiliates do not discriminate in employment because of race, creed, national origin, religion, age, color, sex, marital status, sexual orientation, gender identity, disability, citizenship status or protected veteran status, or any other characteristic protected by local, state, or federal laws, rules, or regulations. If you would like to contact us regarding the accessibility of our website or need assistance completing the application process, please contact onlineaccommodations@nb.com . Learn about the Applicant Privacy Notice .","About Neuberger: Neuberger was founded in 1939 to do one thing: deliver compelling investment results for our clients over the long term. This remains our singular purpose today, driven by a culture rooted in deep fundamental research, the pursuit of investment insight and continuous innovation on behalf of clients, and facilitated by the free exchange of ideas across the organization. As a private, independent, employee-owned investment manager, Neuberger is structurally aligned with the long-term interests of our clients. We have no external parent or public shareholders to serve, nor other lines of business to distract us from our core mission, and with our employees and their families invested alongside our clients - plus 100% of employee deferred cash compensation directly linked to team and firm strategies - we are truly in this together. From offices in 40 cities worldwide, Neuberger manages a range of equity, fixed income, private equity and hedge fund strategies on behalf of institutions, advisors and individual investors worldwide. With more than 700 investment professionals and more than 2,900 employees in total, Neuberger has built a diverse team of individuals united in their commitment to client outcomes and investment excellence. Our culture has afforded us enviable retention rates among our senior investment staff and has earned us citations in the top-ranked firms (among those with 1,000 or more employees) in the Pensions & Investments “Best Places to Work in Money Management” survey each year since 2013. For more information, please visit our website at www.neuberger.com. Position Overview: We are seeking a talented Junior AI Software Engineer to join our growing Fixed Income Technology team. In this role, you will design, develop, and deploy AI-powere",original-en,Multi-region,London,London,https://nb.wd1.myworkdayjobs.com/NBCareers/job/London/AI-Software-Engineer---Investments-Technology_R0012335,https://nb.wd1.myworkdayjobs.com/NBCareers,neuberger-berman-global,Posted 3 Days Ago,2026-10-10T11:15:43.918878+00:00,2026-10-10T11:15:43.918878+00:00,36.0,investment,official Workday vacancy API,Open,,1,49,Positive: investments / portfolio / asset management. Check: pure IT / data engineering
ed5335aa30fad741,vontobel,Vontobel,"Business Analyst, E-Banking (80-100%)","Als Business Analyst im E-Banking Team gestaltest du aktiv die digitale Zukunft unserer Private-Clients-Plattform mit. Du bildest die Brücke zwischen Business und IT und sorgst dafür, dass Kundenbedürfnisse, regulatorische Anforderungen und technische Möglichkeiten in innovative und benutzerfreundliche Lösungen übersetzt werden. In enger Zusammenarbeit mit Fachbereichen, Entwicklern, UX-Experten und externen Partnern analysierst du Anforderungen, entwickelst Konzepte und begleitest deren Umsetzung bis zum erfolgreichen Go-live. Dabei denkst du nicht nur in einzelnen Features, sondern betrachtest die gesamte Customer Journey und trägst dazu bei, das digitale Kundenerlebnis kontinuierlich zu verbessern.","Als Business Analyst im E-Banking Team gestaltest du aktiv die digitale Zukunft unserer Private-Clients-Plattform mit. Du bildest die Brücke zwischen Business und IT und sorgst dafür, dass Kundenbedürfnisse, regulatorische Anforderungen und technische Möglichkeiten in innovative und benutzerfreundliche Lösungen übersetzt werden. In enger Zusammenarbeit mit Fachbereichen, Entwicklern, UX-Experten und externen Partnern analysierst du Anforderungen, entwickelst Konzepte und begleitest deren Umsetzung bis zum erfolgreichen Go-live. Dabei denkst du nicht nur in einzelnen Features, sondern betrachtest die gesamte Customer Journey und trägst dazu bei, das digitale Kundenerlebnis kontinuierlich zu verbessern.",translation-failed-de,Multi-region,"Zurich, CH",Zurich; Frankfurt; global,https://www.vontobel.com/en-ch/about-vontobel/careers/open-positions/8362-business-analyst-e-banking-80-100/,https://www.vontobel.com/de-ch/ueber-vontobel/karriere/offene-stellen/,vontobel-global,2026-09-24T06:00:03+00:00,2026-08-16T05:49:11.931051+00:00,2026-10-10T11:17:14.105984+00:00,10.0,,schema.org/JobPosting JSON-LD,Open,,1,46,Positive: plausible level; verify responsibilities. Check: likely above target seniority
6008b15702f00a46,capital-group,Capital Group,Global Finance Senior Manager - Strategic Analysis,"“I can be myself at work.” You are more than a job title. We want you to feel comfortable doing great work and bringing your best, authentic self to everything you do. We value your talents, traditions, and uniqueness—and we’re committed to fostering a strong sense of belonging in a respectful workplace. We intentionally seek diverse perspectives, experiences, and backgrounds, investing in a culture designed to celebrate differences. We believe that belonging leads to better outcomes and a stronger community of associates united by our mission. At Capital, we live our core values every day: Integrity, Client Focus, Diverse Perspectives, Long-Term Thinking, and Community. “I can influence my income.” You want to feel recognized at work. Your performance will be reviewed annually, and your compensation will be designed to motivate and reward the value that you provide. You’ll receive a competitive salary, bonuses and benefits. Your company-funded retirement contribution will factor in salary and variable pay, including bonuses. “I can lead a full life.” You bring unique goals and interests to your job and your life. Whether you’re raising a family, you’re passionate about where you volunteer, or you want to explore different career paths, we’ll give you the resources that can set you up for success. Enjoy generous time-away and health benefits from day one, with the opportunity for flexible work options Receive 2-for-1 matching gifts for your charitable contributions and the opportunity to secure annual grants for the organizations you love Access on-demand professional development resources that allow you to hone existing skills and learn new ones “I can succeed as the Global Finance Senior Manager at Capital Group.” At Capital Group, we believe in the power of insight to drive enterprise value. Our Strategic Analysis (SA) team is a high-impact capability center within Global Finance, designed to elevate decision-making, accelerate transformation, and enable scalable growth across the firm. As the Global Finance Senior Manager – Strategic Analysis (London), you will play a critical role as a thought partner to senior leaders across Capital Group to drive clarify, influence our global strategic direction, and deliver insights that shape Capital Group’s long-term global trajectory. To thrive in this role, you will collaborate closely with high performing teams and leverage your strategy and analytical skills to navigate through ambiguity, bring structure to complexity and solve global enterprise-level challenges. Responsibilities: Partner with cross-functional leaders to help answer key strategic questions through thoughtful framing and rigorous analysis Translate complex data into insights and compelling narratives that inform strategy, investment prioritization, and resource allocation. Drive initiatives aligned with Capital Group’s Long-Term Strategic Plan (LTSP), including strategic evaluation of new business initiatives, product economics, cost optimization, compensation analytics, operating model evolution, and enterprise transformation. Add to our culture of curiosity, collaboration, and continuous improvement. Serve as a connector across the enterprise, helping to align business priorities with financial and operational insights. Be a role model for Capital Group’s core values. Coach and inspire associates across Global Finance and our partner teams, help develop future leaders, and operate with high quality and efficiency. “I am the right person Capital Group is looking for.” You have 5+ years of experience in management consulting, or 10+ years in corporate strategy or relevant strategic finance roles preferably in asset management or financial services. You are a proven strategic leader with demonstrated success in driving change and delivering measurable impact through hypothesis-driven problem solving. You are well versed in navigating high degrees of complexity and ambiguity with stakeholders at all levels and can steer through the cross-functional organizational maze to get things done for Capital. You are energized by ambiguity and excel at bringing clarity and direction to complex challenges. You see the big picture, set objectives to align to broader organizational goals and breakdown objectives into appropriate initiatives and actions. You collaborate and develop/maintain working relationships to enable effective completion of business objectives and influence decision-making. You embody our core valu","“I can be myself at work.” You are more than a job title. We want you to feel comfortable doing great work and bringing your best, authentic self to everything you do. We value your talents, traditions, and uniqueness—and we’re committed to fostering a strong sense of belonging in a respectful workplace. We intentionally seek diverse perspectives, experiences, and backgrounds, investing in a culture designed to celebrate differences. We believe that belonging leads to better outcomes and a stronger community of associates united by our mission. At Capital, we live our core values every day: Integrity, Client Focus, Diverse Perspectives, Long-Term Thinking, and Community. “I can influence my income.” You want to feel recognized at work. Your performance will be reviewed annually, and your compensation will be designed to motivate and reward the value that you provide. You’ll receive a competitive salary, bonuses and",original-en,Multi-region,London,"London, Zurich, Frankfurt",https://capgroup.wd1.myworkdayjobs.com/capitalgroupcareers/job/London/Global-Finance-Manager---Strategic-Analysis_JR7332,https://capgroup.wd1.myworkdayjobs.com/capitalgroupcareers,capital-group-global,Posted 3 Days Ago,2026-10-10T11:12:45.404192+00:00,2026-10-10T11:12:45.404192+00:00,10.0,,official Workday vacancy API,Open,,1,41,Check: likely above target seniority
7def75c5f7297121,vontobel,Vontobel,Institutional Sales Support (Asset Management),"Have you gained initial experience supporting institutional clients in asset management and want to build a career in institutional sales? If you are passionate about investments, relationship management and business development, this role offers a strong entry into one of Switzerland’s leading asset managers. Within the Swiss Institutional Clients team, you will support pension funds, insurers and family offices, contributing to both new business development and the maintenance of long-term client relationships. This role targets ambitious candidates aiming to move into a client-facing relationship management position within three years. You will initially support senior Relationship Managers, build a deep understanding of clients, products and sales processes, and gradually take on more responsibility, including direct client interaction. We provide the training, exposure and mentorship needed to succeed in institutional sales. In return, we seek motivated, curious individuals eager to develop into trusted business developers and eventually manage institutional client relationships independently. The position suits candidates with first experience in client servicing, sales support or relationship management in asset management who are ready to take the next step into a front-office sales role.","Have you gained initial experience supporting institutional clients in asset management and want to build a career in institutional sales? If you are passionate about investments, relationship management and business development, this role offers a strong entry into one of Switzerland’s leading asset managers. Within the Swiss Institutional Clients team, you will support pension funds, insurers and family offices, contributing to both new business development and the maintenance of long-term client relationships. This role targets ambitious candidates aiming to move into a client-facing relationship management position within three years. You will initially support senior Relationship Managers, build a deep understanding of clients, products and sales processes, and gradually take on more responsibility, including direct client interaction. We provide the training, exposure and mentorship needed to succeed in institutional sales. In return, we seek motivated, curious individuals eager to develop into trusted business developers and eventually manage institutional client relationships independently. The position suits candidates with first experience in client servicing, sales support or relationship management in asset management who are ready to take the next step into a front-office sales role.",original-en,Multi-region,"Zurich, CH",Zurich; Frankfurt; global,https://www.vontobel.com/en-ch/about-vontobel/careers/open-positions/9119-institutional-sales-support-asset-management/,https://www.vontobel.com/de-ch/ueber-vontobel/karriere/offene-stellen/,vontobel-global,2026-10-05T11:00:03+00:00,2026-10-10T11:17:14.105984+00:00,2026-10-10T11:17:14.105984+00:00,36.0,asset management,schema.org/JobPosting JSON-LD,Open,,1,37,"Positive: investments / portfolio / asset management. Check: sales / client acquisition heavy, pure IT / data engineering"
57ca0eeaefa466f7,jupiter-fund-management,Jupiter Fund Management,Investment Risk Manager,"The Value of Active Minds About Jupiter Jupiter is one of the UK’s leading investment management companies with just over 500 employees and £73.7 billion worth of assets under management (as at 30th June 2026). Jupiter provides investment services to individual and institutional investors through mutual funds (UK unit trusts, Luxembourg SICAVs and Dublin OEICs), separately managed accounts and sub-advised funds. Jupiter has experienced a period of international growth with offices open in EMEA and APAC. The majority of our employees are based in our London office located just minutes from Victoria station which provides stair-free access from both the Underground’s Victoria line and National Rail platforms, as well as limited road crossings to the Jupiter office. Our London office was designed to encourage employees to live active, healthy lives with floor-to-ceiling windows that allow for greater natural light and the benefit of a private balcony, table tennis room, cycle storage and on-site shower and locker facilities. The short distance to Green Park and St James' Park also provides employees with a natural space to relax during their lunch break and a healthy alternative to office-based meetings. We offer our UK employees a 3:2 hybrid working arrangement where Tuesdays, Thursdays and a third day of your choice are worked from the office. The other two days may be worked from home. This facilitates collaboration and allows employees to maximise productivity whilst maintaining a healthy work/life balance. Background The role is within the Investment Risk team, covering products across all asset classes. This role will have a focus on fixed income analysis but will also require a knowledge of illiquid asset (mainly real estate) and multi-asset portfolios. Other aspects of the role will include involvement in internal projects around regulatory reporting and process streamlining. The successful candidate will be expected to interact with the front office extensively on existing portfolios and potential new fund launches. Key Responsibilities Responsible for daily regulatory reporting process, including data amendments, controls and report production Leading the monthly front office analysis cycle and clearly communicate pertinent information in an insightful and confident manner Engage with the front office where portfolios deviate from their established risk thresholds, ensuring that relevant deviations are understood, appropriately discussed and followed up Take an active and proactive role in key Investment Risk projects, helping to identify improvements, drive delivery and ensure projects are completed in a timely manner Maintain and continuously improve Investment Risk processes and controls, identifying opportunities to strengthen data quality, efficiency and governance and ensuring that procedures remain accurate, relevant and up to date Work with IT and other business functions to develop reporting solutions, identify automation possibilities and improve the efficiency and control of Investment Risk processes Assist with ad-hoc Fund Manager queries and respond to risk-related requests received from RFP, Sales and Client Reporting, providing clear and accurate information within agreed deadlines Build strong relationships with Fund Managers, Product Specialists and other key stakeholders Developing and maintaining a thorough understanding of manager and fund styles Maintain and develop professional knowledge through a combination of corporate training and solutions, external developments and independent learning, with a focus on topics relevant to the role Maintaining an up to date knowledge of EU and FCA regulatory directives directives and industry developments relevant to Investment Risk Desired Skills / Experience Proven experience in a similar front office facing role within asset management is essential Strong working knowledge of the characteristics of fixed income, equity and illiquid assets Thorough understanding of risk models, methodologies and their practical application Ability to quickly become proficient in, and effectively use, risk software packages Strong Microsoft Excel skills and good data analysis capabilities; experience with data automation, querying or scripting is essential Ability to leverage AI and emerging technologies to improve risk analysis, reporting, data quality and operational efficiency Excellent verbal and written communication skills with the ability to explain complex ri","The Value of Active Minds About Jupiter Jupiter is one of the UK’s leading investment management companies with just over 500 employees and £73.7 billion worth of assets under management (as at 30th June 2026). Jupiter provides investment services to individual and institutional investors through mutual funds (UK unit trusts, Luxembourg SICAVs and Dublin OEICs), separately managed accounts and sub-advised funds. Jupiter has experienced a period of international growth with offices open in EMEA and APAC. The majority of our employees are based in our London office located just minutes from Victoria station which provides stair-free access from both the Underground’s Victoria line and National Rail platforms, as well as limited road crossings to the Jupiter office. Our London office was designed to encourage employees to live active, healthy lives with floor-to-ceiling windows that allow for greater natural light and the benefit of a private balcony, table tennis room, cycle storage and on-site shower and locker facilities. The short distance to Green Park and St James' Park also provides employees with a natural space to relax during their lunch break and a healthy alternative to office-based meetings. We offer our UK employees a 3:2 hybrid working arrangement where Tuesdays, Thursdays and a third day of your choice are worked from the office. The other two days may be worked from home. This facilitates collaboration and allows employees to maximise productivity whilst maintaining a healthy work/life balance. Background The role is within the Investment Risk team, covering products across all asset classes. This role will have a focus on fixed income analysis but will also require a knowledge of illiquid asset (mainly real estate) and multi-asset portfolios. Other aspect",original-en,Multi-region,London,London,https://jupiteram.wd3.myworkdayjobs.com/jupiter_careers/job/London/Investment-Risk-Manager_JR584,https://jupiteram.wd3.myworkdayjobs.com/jupiter_careers,jupiter-fund-management-global,Posted 3 Days Ago,2026-10-10T11:15:08.729376+00:00,2026-10-10T11:15:08.729376+00:00,36.0,investment,official Workday vacancy API,Open,,1,37,"Positive: investments / portfolio / asset management. Check: junior or graduate level, real estate focus"
19fccb25fcbde62c,capital-group,Capital Group,(12 month FTC) Investment Group Assistant,"“I can be myself at work.” You are more than a job title. We want you to feel comfortable doing great work and bringing your best, authentic self to everything you do. We value your talents, traditions, and uniqueness—and we’re committed to fostering a strong sense of belonging in a respectful workplace. We intentionally seek diverse perspectives, experiences, and backgrounds, investing in a culture designed to celebrate differences. We believe that belonging leads to better outcomes and a stronger community of associates united by our mission. At Capital, we live our core values every day: Integrity, Client Focus, Diverse Perspectives, Long-Term Thinking, and Community. “I can influence my income.” You want to feel recognized at work. Your performance will be reviewed annually, and your compensation will be designed to motivate and reward the value that you provide. You’ll receive a competitive salary, bonuses and benefits. Your company-funded retirement contribution will factor in salary and variable pay, including bonuses. “I can lead a full life.” You bring unique goals and interests to your job and your life. Whether you’re raising a family, you’re passionate about where you volunteer, or you want to explore different career paths, we’ll give you the resources that can set you up for success. Enjoy generous time-away and health benefits from day one, with the opportunity for flexible work options Receive 2-for-1 matching gifts for your charitable contributions and the opportunity to secure annual grants for the organizations you love Access on-demand professional development resources that allow you to hone existing skills and learn new ones ""I can succeed as a Investment Group Assistant at Capital Group."" The IG Support Coordinator serves as a trusted partner to investors, helping strengthen the investment process through proactive coordination, relationship management, anticipation of investor needs, workflow optimization, and technology adoption. The role focuses on creating greater investor capacity and effectiveness by leveraging emerging AI tools, facilitating high-value interactions with corporates and external providers, supporting investment team committee coordination, and enabling information flow across the Capital System. As a trusted partner, the IG Support Coordinator helps strengthen connectivity across the unit by improving operating efficiency, supporting effective prioritization, and contributing to collaborative problem solving. Key Responsibilities • Helps create investor capacity by coordinating complex logistics, improving workflows, enabling information flow, and supporting timely access to internal and external stakeholders. • Act as a connector across the Capital System, facilitating collaboration and information sharing among investors, Corporate Access, METS, Technology, Sales, and other teams. • Independently resolve service issues, using sound judgment, , and structured problem-solving to deliver consistent, high-quality support • Proactively manage complex scheduling, travel, and logistical requirements requiring sound judgment and discretion, while ensuring alignment with investor priorities. • Build and maintain strong relationships with external providers and corporate contacts, serving as a trusted point of coordination to keep Capital’s investors top of mind for access. • Coordinate investor interactions with corporates, external research providers, industry experts, sales teams, and other key stakeholders to support investment decisions and client outcomes. • Organize investment group calls and committee meetings, ensuring efficient scheduling, planning, material preparation, and execution. • Leverage AI and emerging technologies to improve meeting preparation, information synthesis, workflow automation, and operational efficiency across the investment ecosystem. • Build proficiency in AI and digital tools, to further support innovative IGA workflow use cases and their adoption across the team. • Strengthen team capability and the future-state support model by sharing best practices, supporting peer learning, and contributing to projects, recruiting, and initiatives that foster a culture of innovation and operational excellence. “I am the person Capital Group is looking for” • 5+ years of administrative or operational experience • Strong attention to detail with a consistent track record of high-quality output & effective problem solving • Clear and professional communication","“I can be myself at work.” You are more than a job title. We want you to feel comfortable doing great work and bringing your best, authentic self to everything you do. We value your talents, traditions, and uniqueness—and we’re committed to fostering a strong sense of belonging in a respectful workplace. We intentionally seek diverse perspectives, experiences, and backgrounds, investing in a culture designed to celebrate differences. We believe that belonging leads to better outcomes and a stronger community of associates united by our mission. At Capital, we live our core values every day: Integrity, Client Focus, Diverse Perspectives, Long-Term Thinking, and Community. “I can influence my income.” You want to feel recognized at work. Your performance will be reviewed annually, and your compensation will be designed to motivate and reward the value that you provide. You’ll receive a competitive salary, bonuses and",original-en,Multi-region,London,"London, Zurich, Frankfurt",https://capgroup.wd1.myworkdayjobs.com/capitalgroupcareers/job/London/XMLNAME--12-month-FTC--Investment-Group-Assistant_JR7461,https://capgroup.wd1.myworkdayjobs.com/capitalgroupcareers,capital-group-global,Posted 13 Days Ago,2026-10-10T11:12:45.404192+00:00,2026-10-10T11:12:45.404192+00:00,36.0,investment,official Workday vacancy API,Open,,1,36,Check: junior or graduate level
43be4cde09bee46a,wellington-management,Wellington Management,"Investment Specialist, Fixed Income Product Management","About Us Wellington Management offers comprehensive investment management capabilities that span nearly all segments of the global capital markets. Our investment solutions, tailored to the unique return and risk objectives of institutional clients in more than 60 countries, draw on a robust body of proprietary research and a collaborative culture that encourages independent thought and healthy debate. As a private partnership, we believe our ownership structure fosters a long-term view that aligns our perspectives with those of our clients. About the Role We are seeking to recruit an Investment Specialist to join our Fixed Income Product Management (FIPM) team in London. The FIPM team at Wellington works closely with our Fixed Income investment teams, our Sales & Relationship Management teams, and with other business colleagues around the firm. The team has three primary responsibilities: Product Development and Marketing * Contributing to client growth and retention by assessing business opportunities, and leading business planning; * Developing new products and investment solutions; * Creating communication strategies for different books of business, including materials that differentiate investment strategies relative to competitors; * Acting as a subject matter expert and portfolio representative for colleagues, clients and consultants. Investment Integrity and Risk Management * Acting as an independent advisor to investment teams, to ensure the integrity of the investment and risk management processes, as well as consistency with client expectations and guidelines, conducting regular portfolio risk and performance attributions reviews, and contributing to formal oversight processes. Business Management * Managing risk, capacity, pricing and guidelines; * Leading the resolution of internal business issues, and sharing investment integrity, marketing and product development best practices. Role and responsibilities: Investment Specialists are members of product sub-teams, which are led by Investment Directors. They work closely with the Investment Directors, investment teams, and business professionals on the areas described above. Responsibilities include performing analyses which ensure portfolio integrity by providing oversight of portfolio positioning, performance, and risk exposures. They also contribute to the development of new investment strategies and client solutions, conduct market and competitor analysis, evaluate product overlap and capacity trends, and prepare white papers and presentation materials that serve to differentiate our portfolios. Over time they participate in meetings with clients, prospects, and consultants to communicate our investment philosophy, strategy, positioning, and performance. They are flexible problem solvers with a can-do attitude, who enjoy taking ownership of issues. Qualifications: The Investment Specialist role requires demonstrated knowledge of portfolio and market analysis, and a passion for fixed income investing. It also requires advanced analytical skills, including the ability to frame issues, identify important points and draw conclusions, combined with strong communication skills and intellectual curiosity. Comfort working in a fast paced environment, in a multi-faceted role where priorities can change rapidly, is important. The successful candidate is likely to have: * A strong academic background, ideally including a post-graduate or professional qualification (e.g. Masters degree or CFA), or progress towards one; * 5+ years of relevant professional experience, ideally including experience working in a similar or related function on the Buy side; * Demonstrated knowledge of fixed income markets and investment strategies; * Excellent organizational and project management skills, and attention to detail; * Excellent written, oral, and interpersonal communication skills, as well as creative problem solving skills, and a solutions-oriented mindset; * Strong business judgment, curiosity, comfort with ambiguity, and an ability to get things done. Please note that we are only able to respond to successful applicants. Not sure you meet 100% of our qualifications? That’s ok. If you believe that you could excel in this role, we encourage you to apply and welcome a chance to review your background. We are dedicated to building and maintaining a diversified workforce and considering a broad array of candidates with a variety of skill, workplace experiences, and backgroun","the Role We are seeking to recruit an Investment Specialist to join our Fixed Income Product Management (FIPM) team in London. The FIPM team at Wellington works closely with our Fixed Income investment teams, our Sales & Relationship Management teams, and with other business colleagues around the firm. The team has three primary responsibilities: Product Development and Marketing * Contributing to client growth and retention by assessing business opportunities, and leading business planning; * Developing new products and investment solutions; * Creating communication strategies for different books of business, including materials that differentiate investment strategies relative to competitors; * Acting as a subject matter expert and portfolio representative for colleagues, clients and consultants. Investment Integrity and Risk Management * Acting as an independent advisor to investment teams, to ensure the integrity of the investment and risk management processes, as well as consistency with client expectations and guidelines, conducting regular portfolio risk and performance attributions reviews, and contributing to formal oversight processes. Business Management * Managing risk, capacity, pricing and guidelines; * Leading the resolution of internal business issues, and sharing investment integrity, marketing and product development best practices. Role and responsibilities: Investment Specialists are members of product sub-teams, which are led by Investment Directors. They work closely with the Investment Directors, investment teams, and business professionals on the areas described above. Responsibilities include performing analyses which ensure portfolio integrity by providing oversight of portfolio positioning, performance, and risk exposures. They also contribute",original-en,Multi-region,"London, United Kingdom","London, Frankfurt, Zurich",https://wellington.wd5.myworkdayjobs.com/External/job/London-United-Kingdom/Investment-Specialist--Fixed-Income-Product-Management_R94813-2,https://wellington.wd5.myworkdayjobs.com/External,wellington-management-global,Posted 2 Days Ago,2026-10-10T11:12:53.275522+00:00,2026-10-10T11:12:53.275522+00:00,36.0,investment,official Workday vacancy API,Open,,1,33,"Positive: investments / portfolio / asset management, plausible level; verify responsibilities. Check: junior or graduate level, likely above target seniority, internal HR/services"
56afbfdd6c13f4b7,wellington-management,Wellington Management,Portfolio Adviser (Frankfurt),"About Us Wellington Management offers comprehensive investment management capabilities that span nearly all segments of the global capital markets. Our investment solutions, tailored to the unique return and risk objectives of institutional clients in more than 60 countries, draw on a robust body of proprietary research and a collaborative culture that encourages independent thought and healthy debate. As a private partnership, we believe our ownership structure fosters a long-term view that aligns our perspectives with those of our clients. About the Role The Position We are currently seeking to recruit a Portfolio Advisor to join our Germany & Austria team, based in Frankfurt. Working closely with the Head of Wholesale (Germany & Austria), this individual will play an important role in driving growth across Wellington’s full product suite with Financial Intermediaries in the region. Responsibilities * Work in close partnership with the Head of Wholesale to execute the Wholesale sales strategy with intermediaries in Germany and Austria; * Providing dedicated client coverage, focused on driving growth across funds/strategies, in line with business priorities; * Contributing to the team’s collaborative approach to relationship building with strategic distribution partners, including identifying, developing, and nurturing key contacts; * Developing existing client relationships, highlighting key focus funds/strategies, contributing to building buy list positions, and identifying new opportunities to partner with key firms; * Contributing to the development of wider industry relationships with influencers within the Wholesale channel; * Partnering closely with Marketing and PR colleagues to ensure that local marketing and sales strategies are closely aligned, and contributing to the continued growth in brand awareness; * Actively contributing to team sales meetings, strategy planning and development. * Traveling within the region to support the team’s distribution effort with key accounts, contributing to client events, roadshows, and education. Qualifications The successful candidate is likely to: * Have 10+ years of relevant industry experience, gained either in sales, product specialist or private banking role(s). Prior experience working closely with Wholesale / Financial Intermediary prospects and clients in Germany would be additive; * Have a demonstrable track record of successfully developing client relationships; * Have a good understanding of competitors, products, key market trends, market infrastructure and industry developments; * Demonstrate an in-depth knowledge of financial markets, and an ability to influence through a content-led, consultative client approach; * Be action orientated, accountable, committed, driven and self-motivated, with excellent communication and team working skills; * Demonstrate a high level of integrity and trust, and a client centric focus; * Have a strong academic background, including an undergraduate degree. A relevant professional qualification (e.g. IMC, CFA) or progress towards one, is preferred. Please note that we are only able to respond to successful applicants Not sure you meet 100% of our qualifications? That’s ok. If you believe that you could excel in this role, we encourage you to apply and welcome a chance to review your background. We are dedicated to building and maintaining a diversified workforce and considering a broad array of candidates with a variety of skill, workplace experiences, and backgrounds. As an equal opportunity employer, Wellington Management ensures that all qualified applicants will receive equal consideration for employment without regard to r ace, color, sex, sexual orientation, gender identity, gender expression, religion, creed, national origin, age, ancestry, disability (physical or mental), medical condition, citizenship, marital status, pregnancy, veteran or military status, genetic information or any other characteristic protected by applicable law . If you are a candidate with a disability, or are assisting a candidate with a disability, and require an accommodation to apply for one of our jobs, please email us at GMWTalentOperations@wellington.com . At Wellington Management, our approach to compensation is designed to help us attract, inspire and retain the best talent in our industry. We strive to pay employees fairly and competitively across all levels and roles. Our approach to compensation considers all aspects of total compens","the Role The Position We are currently seeking to recruit a Portfolio Advisor to join our Germany & Austria team, based in Frankfurt. Working closely with the Head of Wholesale (Germany & Austria), this individual will play an important role in driving growth across Wellington’s full product suite with Financial Intermediaries in the region. Responsibilities * Work in close partnership with the Head of Wholesale to execute the Wholesale sales strategy with intermediaries in Germany and Austria; * Providing dedicated client coverage, focused on driving growth across funds/strategies, in line with business priorities; * Contributing to the team’s collaborative approach to relationship building with strategic distribution partners, including identifying, developing, and nurturing key contacts; * Developing existing client relationships, highlighting key focus funds/strategies, contributing to building buy list positions, and identifying new opportunities to partner with key firms; * Contributing to the development of wider industry relationships with influencers within the Wholesale channel; * Partnering closely with Marketing and PR colleagues to ensure that local marketing and sales strategies are closely aligned, and contributing to the continued growth in brand awareness; * Actively contributing to team sales meetings, strategy planning and development. * Traveling within the region to support the team’s distribution effort with key accounts, contributing to client events, roadshows, and education.",original-en,Multi-region,"Frankfurt, Germany","London, Frankfurt, Zurich",https://wellington.wd5.myworkdayjobs.com/External/job/Frankfurt-Germany/Portfolio-Adviser_R93871-1,https://wellington.wd5.myworkdayjobs.com/External,wellington-management-global,Posted 30+ Days Ago,2026-10-10T11:12:53.275522+00:00,2026-10-10T11:12:53.275522+00:00,36.0,portfolio,official Workday vacancy API,Open,,1,32,"Check: likely above target seniority, internal HR/services"
bbb1af708cd74104,vontobel,Vontobel,Fullstack SW Engineer E-Banking,"Ist Java für Dich mehr als nur ein Urlaubsziel und «Spring» nicht nur eine Deiner Lieblingsjahreszeiten? Dann komm zu uns und gestalte das Wealth Management der Zukunft! Bei Vontobel glauben wir daran, die Zukunft zu gestalten, indem wir innovative Investmentlösungen schaffen, die den Erfolg unserer Kunden fördern. Wir suchen leidenschaftliche Menschen, die etwas bewirken wollen und bereit sind, modernste digitale Lösungen zu liefern. Du wirst bei uns nicht nur ein Softwareentwickler sein – Du wirst ein zentraler Akteur in unserem Vontobel DigiHub, der in einem vielfältigen, innovativen und interdisziplinären Team arbeitet, um bahnbrechende Produkte zu entwickeln. Unsere Lösungen umfassen die E-Banking-Plattform mit Apps für private und professionelle Kunden, die digitale Investment-App Vontobel Volt, ein digitales Onboarding, eine Applikation für risikobasierte Investmentberatung, sowie kollaborative Tools, mit welchen Berater gemeinsam mit Kunden Produktkonfigurationen und Simulationen durchführen können. Wir nutzen eine modernen Tech Stack mit u.a. Angular, Spring Boot und OpenShift (Kubernetes), und arbeiten in einem agilen Arbeitsumfeld. Du übernimmst gerne Verantwortung, hast einen ausgeprägten DevOps Mindset und bist motiviert, in einem agilen Team zu arbeiten? Und Du möchtest die Entwicklung unserer E-Banking Lösung zum wichtigsten digitalen Kundenkanal in unserem hybriden Geschäftsmodell aktiv mitgestalten? Dann haben wir die perfekte Herausforderung für dich im Vontobel DigiHub.","Ist Java für Dich mehr als nur ein Urlaubsziel und «Spring» nicht nur eine Deiner Lieblingsjahreszeiten? Dann komm zu uns und gestalte das Wealth Management der Zukunft! Bei Vontobel glauben wir daran, die Zukunft zu gestalten, indem wir innovative Investmentlösungen schaffen, die den Erfolg unserer Kunden fördern. Wir suchen leidenschaftliche Menschen, die etwas bewirken wollen und bereit sind, modernste digitale Lösungen zu liefern. Du wirst bei uns nicht nur ein Softwareentwickler sein – Du wirst ein zentraler Akteur in unserem Vontobel DigiHub, der in einem vielfältigen, innovativen und interdisziplinären Team arbeitet, um bahnbrechende Produkte zu entwickeln. Unsere Lösungen umfassen die E-Banking-Plattform mit Apps für private und professionelle Kunden, die digitale Investment-App Vontobel Volt, ein digitales Onboarding, eine Applikation für risikobasierte Investmentberatung, sowie kollaborative Tools, mit welchen Berater gemeinsam mit Kunden Produktkonfigurationen und Simulationen durchführen können. Wir nutzen eine modernen Tech Stack mit u.a. Angular, Spring Boot und OpenShift (Kubernetes), und arbeiten in einem agilen Arbeitsumfeld. Du übernimmst gerne Verantwortung, hast einen ausgeprägten DevOps Mindset und bist motiviert, in einem agilen Team zu arbeiten? Und Du möchtest die Entwicklung unserer E-Banking Lösung zum wichtigsten digitalen Kundenkanal in unserem hybriden Geschäftsmodell aktiv mitgestalten? Dann haben wir die perfekte Herausforderung für dich im Vontobel DigiHub.",translation-failed-de,Multi-region,"Zurich, CH",Zurich; Frankfurt; global,https://www.vontobel.com/en-ch/about-vontobel/careers/open-positions/9360-fullstack-sw-engineer-e-banking/,https://www.vontobel.com/de-ch/ueber-vontobel/karriere/offene-stellen/,vontobel-global,2026-09-21T06:00:04+00:00,2026-10-10T11:17:14.105984+00:00,2026-10-10T11:17:14.105984+00:00,10.0,,schema.org/JobPosting JSON-LD,Open,,1,30,"Check: wealth management / private banking, pure IT / data engineering"
8f23c2b4e4e0eaa1,jupiter-fund-management,Jupiter Fund Management,Head of Investment Management Controls,"The Value of Active Minds About Jupiter Jupiter is one of the UK’s leading investment management companies with just over 500 employees and £73.7 billion worth of assets under management (as at 30th June 2026). Jupiter provides investment services to individual and institutional investors through mutual funds (UK unit trusts, Luxembourg SICAVs and Dublin OEICs), separately managed accounts and sub-advised funds. Jupiter has experienced a period of international growth with offices open in EMEA and APAC. The majority of our employees are based in our London office located just minutes from Victoria station which provides stair-free access from both the Underground’s Victoria line and National Rail platforms, as well as limited road crossings to the Jupiter office. Our London office was designed to encourage employees to live active, healthy lives with floor-to-ceiling windows that allow for greater natural light and the benefit of a private balcony, table tennis room, cycle storage and on-site shower and locker facilities. The short distance to Green Park and St James' Park also provides employees with a natural space to relax during their lunch break and a healthy alternative to office-based meetings. We offer our UK employees a 3:2 hybrid working arrangement where Tuesdays, Thursdays and a third day of your choice are worked from the office. The other two days may be worked from home. This facilitates collaboration and allows employees to maximise productivity whilst maintaining a healthy work/life balance. Background This is an exciting opportunity to join Jupiter’s Investment Platform team and take responsibility for the enhancement and management of the first line Investment Management Control framework. The ideal candidate will leverage their in-depth knowledge of investment products and clear understanding of Front Office controls to create a trusted 1LOD function, reporting directly into the Investment Management COO with the support of 2 direct reports. Key Responsibilities Support the CIO as Senior Manager by ensuring that reasonable steps have been taken and appropriate processes are in place to mitigate key risks across the Investment Management department. Act as the primary liaison with second line functions including Risk, Internal Audit, Compliance for matters impacting Investment Management. Managing the IM RCSA process and ongoing monitoring of the control environment, escalating issues to CIO and Head of Investment Platform as necessary. Owning the management, investigation and remediation of Incidents across Investment Management. Point of approval for Aladdin access requests across Investment Management. Managing BAU enquiries or issues from Investment Managers or other departments Participating and assisting in the implementation of new funds and fund changes including review and input into the documentation aspect of new funds from an IM Controls perspective. Maintenance, development and embedding of Policies and Procedure documentation across the IM department. Chair and coordinate the Controls & Governance Forum as a key working group bringing together risk and control departments to review and discuss Investment Management focused issues. Develop and maintain strong and trusted relationships with investment teams. Provide an interface with Investment Oversight Committee including the recommendation of new and changes to existing investment policies Desired Skills / Experience 10+ years experience in investment management or Internal Audit/controls Proven track record of successful monitoring and control across the end-to-end trade lifecycle (pre-trade, execution, post-trade) Efficient management of a small team Demonstrated ability to understand investment strategy and mandates with investment guidelines design and monitoring Proven ability to promote collaboration across business/department lines. Thorough understanding of financial markets, economic trends, and investment vehicles Exceptional analytical and quantitative skills Excellent communication and presentation skills Strong relationships building skills Knowledge of regulation impacting IM business - SFDR, Consumer Duty, SMCR, FCA Principles and emerging regulatory landscape Knowledge of Aladdin is desirable Additional Role Details This role is subject to the Conduct Rules set by the FCA. Don’t meet every requirement? At Jupiter we are dedicated to building a diverse and inclusive workplace, so if you are interested in this role, but","The Value of Active Minds About Jupiter Jupiter is one of the UK’s leading investment management companies with just over 500 employees and £73.7 billion worth of assets under management (as at 30th June 2026). Jupiter provides investment services to individual and institutional investors through mutual funds (UK unit trusts, Luxembourg SICAVs and Dublin OEICs), separately managed accounts and sub-advised funds. Jupiter has experienced a period of international growth with offices open in EMEA and APAC. The majority of our employees are based in our London office located just minutes from Victoria station which provides stair-free access from both the Underground’s Victoria line and National Rail platforms, as well as limited road crossings to the Jupiter office. Our London office was designed to encourage employees to live active, healthy lives with floor-to-ceiling windows that allow for greater natural light and the benefit of a private balcony, table tennis room, cycle storage and on-site shower and locker facilities. The short distance to Green Park and St James' Park also provides employees with a natural space to relax during their lunch break and a healthy alternative to office-based meetings. We offer our UK employees a 3:2 hybrid working arrangement where Tuesdays, Thursdays and a third day of your choice are worked from the office. The other two days may be worked from home. This facilitates collaboration and allows employees to maximise productivity whilst maintaining a healthy work/life balance. Background This is an exciting opportunity to join Jupiter’s Investment Platform team and take responsibility for the enhancement and management of the first line Investment Management Control framework. The ideal candidate will leverage their in-depth knowledge of ",original-en,Multi-region,London,London,https://jupiteram.wd3.myworkdayjobs.com/jupiter_careers/job/London/Head-of-Investment-Management-Controls_JR555,https://jupiteram.wd3.myworkdayjobs.com/jupiter_careers,jupiter-fund-management-global,Posted 8 Days Ago,2026-08-16T05:46:56.857944+00:00,2026-10-10T11:15:08.729376+00:00,36.0,investment,official Workday vacancy API,Open,,1,27,"Check: junior or graduate level, likely above target seniority"
8ce1fa815ca4dc87,jupiter-fund-management,Jupiter Fund Management,Head of Investment Risk,"The Value of Active Minds About Jupiter Jupiter is one of the UK’s leading investment management companies with just under 500 employees and £54 billion worth of assets under management (as at 31st December 2025). Jupiter provides investment services to individual and institutional investors through mutual funds (UK unit trusts, Luxembourg SICAVs and Dublin OEICs), separately managed accounts and sub-advised funds. Jupiter has experienced a period of international growth with offices open in EMEA and APAC. The majority of our employees are based in our London office located just minutes from Victoria station which provides stair-free access from both the Underground’s Victoria line and National Rail platforms, as well as limited road crossings to the Jupiter office. Our London office was designed to encourage employees to live active, healthy lives with floor-to-ceiling windows that allow for greater natural light and the benefit of a private balcony, table tennis room, cycle storage and on-site shower and locker facilities. The short distance to Green Park and St James' Park also provides employees with a natural space to relax during their lunch break and a healthy alternative to office-based meetings. We offer our UK employees a 3:2 hybrid working arrangement where Tuesdays, Thursdays and a third day of your choice are worked from the office. The other two days may be worked from home. This facilitates collaboration and allows employees to maximise productivity whilst maintaining a healthy work/life balance. Background An opportunity exists for an experienced Investment Risk leader to head Jupiter's Investment Risk function. Reporting into Senior Leadership, the role is responsible for leading the Investment Risk team, ensuring the function provides independent oversight, effective challenge and commercially focused support to Investment Management (both Investment Managers and Investment Leadership) across the firm's investment strategies as well as prudent management of the firm’s balance sheet risk. The Head of Investment Risk will periodically review the firm's investment risk framework, ensuring it remains appropriate and oversee its implementation across all asset classes, including Equities, Fixed Income, Multi-Asset and Alternatives, with responsibility for market, liquidity, counterparty, concentration and event risk. The role is central to ensuring that Investment Risk remains a trusted partner to Investment Management, providing independent challenge while supporting portfolio construction, new product development and strategic business initiatives. The successful candidate will lead the continued evolution of the Investment Risk operating model, driving automation, analytical capability and technology enhancements to ensure the function remains scalable and continuously improves, remaining fit for purpose as business requirements around the team change over time. The role also has responsibility for regulatory investment risk oversight, governance reporting and engagement with senior committees. working closely with the Investment Management Leadership Team, Investment Managers, Compliance, Operations, Product, Fund Accounting and the Senior Management Committee (‘SMC’).. Key Responsibilities Lead and develop Jupiter's Investment Risk function, establishing strategic priorities and ensuring the team delivers high-quality, timely and insightful risk analysist to Investment Managers, Investment Management Leadership, Finance, Product and others as required. Own and continuously enhance the firm's Investment Risk Framework, ensuring appropriate coverage across market, liquidity, counterparty, concentration and event risks (fund risk and corporate balance sheet risk) as Jupiter’s product mix evolves over time. Provide independent challenge and trusted advice to Investment Managers, and the Investment Management Leadership Team, balancing robust risk oversight with commercial awareness. Oversee investment risk monitoring processes and regulatory investment risk controls, ensuring compliance with internal policies and external regulatory requirements while driving automation and operational efficiency. Lead the production and presentation of investment risk reporting to senior management, governance committees and Boards, ensuring reporting is insightful, forward-looking and supports effective decision-making. Play a leading role in Investment Management Review meetings, ensuring robust discussion of portfol","The Value of Active Minds About Jupiter Jupiter is one of the UK’s leading investment management companies with just under 500 employees and £54 billion worth of assets under management (as at 31st December 2025). Jupiter provides investment services to individual and institutional investors through mutual funds (UK unit trusts, Luxembourg SICAVs and Dublin OEICs), separately managed accounts and sub-advised funds. Jupiter has experienced a period of international growth with offices open in EMEA and APAC. The majority of our employees are based in our London office located just minutes from Victoria station which provides stair-free access from both the Underground’s Victoria line and National Rail platforms, as well as limited road crossings to the Jupiter office. Our London office was designed to encourage employees to live active, healthy lives with floor-to-ceiling windows that allow for greater natural light and the benefit of a private balcony, table tennis room, cycle storage and on-site shower and locker facilities. The short distance to Green Park and St James' Park also provides employees with a natural space to relax during their lunch break and a healthy alternative to office-based meetings. We offer our UK employees a 3:2 hybrid working arrangement where Tuesdays, Thursdays and a third day of your choice are worked from the office. The other two days may be worked from home. This facilitates collaboration and allows employees to maximise productivity whilst maintaining a healthy work/life balance. Background An opportunity exists for an experienced Investment Risk leader to head Jupiter's Investment Risk function. Reporting into Senior Leadership, the role is responsible for leading the Investment Risk team, ensuring the function provides independent overs",original-en,Multi-region,London,London,https://jupiteram.wd3.myworkdayjobs.com/jupiter_careers/job/London/Head-of-Investment-Risk_JR538,https://jupiteram.wd3.myworkdayjobs.com/jupiter_careers,jupiter-fund-management-global,Posted 30+ Days Ago,2026-08-16T05:46:56.857944+00:00,2026-08-16T05:46:56.857944+00:00,36.0,investment,official Workday vacancy API,Open,,1,27,"Check: junior or graduate level, likely above target seniority"
1eea7e0d0705b362,jupiter-fund-management,Jupiter Fund Management,Senior Finance Business Partner,"The Value of Active Minds About Jupiter Jupiter is one of the UK’s leading investment management companies with just over 500 employees and £73.7 billion worth of assets under management (as at 30th June 2026). Jupiter provides investment services to individual and institutional investors through mutual funds (UK unit trusts, Luxembourg SICAVs and Dublin OEICs), separately managed accounts and sub-advised funds. Jupiter has experienced a period of international growth with offices open in EMEA and APAC. The majority of our employees are based in our London office located just minutes from Victoria station which provides stair-free access from both the Underground’s Victoria line and National Rail platforms, as well as limited road crossings to the Jupiter office. Our London office was designed to encourage employees to live active, healthy lives with floor-to-ceiling windows that allow for greater natural light and the benefit of a private balcony, table tennis room, cycle storage and on-site shower and locker facilities. The short distance to Green Park and St James' Park also provides employees with a natural space to relax during their lunch break and a healthy alternative to office-based meetings. We offer our UK employees a 3:2 hybrid working arrangement where Tuesdays, Thursdays and a third day of your choice are worked from the office. The other two days may be worked from home. This facilitates collaboration and allows employees to maximise productivity whilst maintaining a healthy work/life balance. Background This role sits within the Finance Business Partnering team, which plays a central role in supporting the CFOO , Executive Committee, plc Board, and wider Senior Management Team. At a senior level, the team is responsible for delivering high-quality financial insight, forward-looking analysis, and robust planning to enable effective strategic and commercial decision-making across the Group. The team also leads core reporting processes and contributes to the development of external and investor-facing materials. As a Senior Finance Business Partner , the role is focused on partnering closely with the most senior stakeholders in the organisation, acting as a trusted advisor on the Group’s financial position, performance, and strategic direction. This includes providing clear, data-driven insight and constructive challenge to support high-impact decisions and ensure financial discipline across both revenue growth initiatives and the cost base. The role has a strong emphasis on leading forecasting, budgeting, and scenario planning processes, alongside delivering complex financial modelling and commercial analysis to support key business initiatives. It also involves driving performance analysis across revenue, margin, and key business drivers, translating financial data into actionable recommendations that enhance commercial outcomes. This position is suited to a highly commercial and analytically strong individual, capable of influencing at a senior level, navigating complex stakeholder environments, and driving both strategic value and continuous improvement within the finance function. Key Responsibilities: The Senior Finance Business Partner will work closely with the Head of Finance Business Partnering within the high-performing team, operating to a consistently high standard. The Senior Finance Business Partner will become a trusted advisor to the business leaders we work with, and will materially contribute to the wider Finance Business Partner objectives of reducing undue complexity and improving our processes, insights and controls. Key responsibilities, underpinned by strong teamwork, include: Take a lead role in ensuring the team’s priorities are delivered to a high standard, on time and in full, while contributing meaningfully to the team's longer-term strategic planning. Provide executive and Board-level decision support by acting as a senior financial expert and delivering high-impact analysis, insight and recommendations, written up to a board-level standard. Lead and oversee, as necessary, within the team to deliver strategic financial modelling and commercial analysis including competitor, market and shareholder analysis, Own forecasting, budgeting and scenario planning in partnership with senior stakeholders, ensuring financial plans are commercially robust, strategically aligned and supported by clear assumptions, sensitivities and risk analysis. Take ownership of, and provide oversight a","The Value of Active Minds About Jupiter Jupiter is one of the UK’s leading investment management companies with just over 500 employees and £73.7 billion worth of assets under management (as at 30th June 2026). Jupiter provides investment services to individual and institutional investors through mutual funds (UK unit trusts, Luxembourg SICAVs and Dublin OEICs), separately managed accounts and sub-advised funds. Jupiter has experienced a period of international growth with offices open in EMEA and APAC. The majority of our employees are based in our London office located just minutes from Victoria station which provides stair-free access from both the Underground’s Victoria line and National Rail platforms, as well as limited road crossings to the Jupiter office. Our London office was designed to encourage employees to live active, healthy lives with floor-to-ceiling windows that allow for greater natural light and the benefit of a private balcony, table tennis room, cycle storage and on-site shower and locker facilities. The short distance to Green Park and St James' Park also provides employees with a natural space to relax during their lunch break and a healthy alternative to office-based meetings. We offer our UK employees a 3:2 hybrid working arrangement where Tuesdays, Thursdays and a third day of your choice are worked from the office. The other two days may be worked from home. This facilitates collaboration and allows employees to maximise productivity whilst maintaining a healthy work/life balance. Background This role sits within the Finance Business Partnering team, which plays a central role in supporting the CFOO , Executive Committee, plc Board, and wider Senior Management Team. At a senior level, the team is responsible for delivering high-quality financ",original-en,Multi-region,London,London,https://jupiteram.wd3.myworkdayjobs.com/jupiter_careers/job/London/Senior-Finance-Business-Partner_JR570,https://jupiteram.wd3.myworkdayjobs.com/jupiter_careers,jupiter-fund-management-global,Posted 30+ Days Ago,2026-10-10T11:15:08.729376+00:00,2026-10-10T11:15:08.729376+00:00,10.0,,official Workday vacancy API,Open,,1,27,"Check: junior or graduate level, likely above target seniority"
55ead527861c7f05,jupiter-fund-management,Jupiter Fund Management,Senior Compliance Officer (Financial Promotions / Marketing),"The Value of Active Minds About Jupiter Jupiter is one of the UK’s leading investment management companies with just over 500 employees and £73.7 billion worth of assets under management (as at 30th June 2026). Jupiter provides investment services to individual and institutional investors through mutual funds (UK unit trusts, Luxembourg SICAVs and Dublin OEICs), separately managed accounts and sub-advised funds. Jupiter has experienced a period of international growth with offices open in EMEA and APAC. The majority of our employees are based in our London office located just minutes from Victoria station which provides stair-free access from both the Underground’s Victoria line and National Rail platforms, as well as limited road crossings to the Jupiter office. Our London office was designed to encourage employees to live active, healthy lives with floor-to-ceiling windows that allow for greater natural light and the benefit of a private balcony, table tennis room, cycle storage and on-site shower and locker facilities. The short distance to Green Park and St James' Park also provides employees with a natural space to relax during their lunch break and a healthy alternative to office-based meetings. We offer our UK employees a 3:2 hybrid working arrangement where Tuesdays, Thursdays and a third day of your choice are worked from the office. The other two days may be worked from home. This facilitates collaboration and allows employees to maximise productivity whilst maintaining a healthy work/life balance. Background This is a key role within Compliance, providing support and advice to the Client Group to ensure that all marketing and distribution activities meet regulatory standards. The role will also involve providing compliance approval for marketing materials and supporting regulatory change that impacts distribution and marketing activities. Key Responsibilities Review advertising and marketing communications for Jupiter’s range of funds (including UTs, SICAVs, Irish ICVCs and Investment Trusts, and segregated mandates) ensuring compliance with local regulatory requirements and general Consumer Duty principles. Documentation includes: Marketing and advertising literature (adverts, factsheets, sales aids, brochures, presentations) targeting both retail and institutional audiences in the UK and multiple overseas jurisdictions including UK EMEA, Latam, Australia and US. Fund documentation, including prospectuses, KIIDs and Report & Accounts Social Media Posts Group websites Press releases Provide constructive and accurate feedback following review of documentation ensuring that required amendments are made. Maintain an up-to-date knowledge of relevant regulatory changes and the impact these may have on promotional activity and materials and support the business implementation of such changes. Maintain and update Compliance-owned guidance and training materials. Review or provide input into business-owned procedures and processes. Provide assistance and mentoring to other members of the Compliance team. Maintain close working relationships with the Client Group and other stakeholders, offering pro-active, accurate and timely advice and support. Investigating acceptable sales and marketing practices in new jurisdictions. Desired Skills / Experience 5 + years' experience from a similar role in asset management. Knowledge of European and UK fund structures (UCITS, AIFs etc) Knowledge of the UK and European regulatory framework, in particular the FCA and ESMA rules, or similar relevant experience with marketing and cross-border distribution rules. Knowledge of US marketing rules would be beneficial. Understanding of the FCA Handbook, UCITS, MiFID II, AIFMD and SFDR requirements Experience of developing constructive relationships in order to meet objectives. European language skills (useful but not essential). Attention to detail with the ability to apply compliance knowledge in the assessment of accuracy and suitability of documentation. Ability to act diplomatically and use initiative. Solutions oriented approach to work and ability to compromise. A team player. Ability to manage expectations. Good communication skills. Ability to assimilate issues and recommend appropriate corrective action. Ability to raise and communicate complex issues accurately and succinctly to staff at all levels. Self-motivated and able to work without close supervision. Effective time management skills & ability to deliver in accordance wi","The Value of Active Minds About Jupiter Jupiter is one of the UK’s leading investment management companies with just over 500 employees and £73.7 billion worth of assets under management (as at 30th June 2026). Jupiter provides investment services to individual and institutional investors through mutual funds (UK unit trusts, Luxembourg SICAVs and Dublin OEICs), separately managed accounts and sub-advised funds. Jupiter has experienced a period of international growth with offices open in EMEA and APAC. The majority of our employees are based in our London office located just minutes from Victoria station which provides stair-free access from both the Underground’s Victoria line and National Rail platforms, as well as limited road crossings to the Jupiter office. Our London office was designed to encourage employees to live active, healthy lives with floor-to-ceiling windows that allow for greater natural light and the benefit of a private balcony, table tennis room, cycle storage and on-site shower and locker facilities. The short distance to Green Park and St James' Park also provides employees with a natural space to relax during their lunch break and a healthy alternative to office-based meetings. We offer our UK employees a 3:2 hybrid working arrangement where Tuesdays, Thursdays and a third day of your choice are worked from the office. The other two days may be worked from home. This facilitates collaboration and allows employees to maximise productivity whilst maintaining a healthy work/life balance. Background This is a key role within Compliance, providing support and advice to the Client Group to ensure that all marketing and distribution activities meet regulatory standards. The role will also involve providing compliance approval for marketing materials and",original-en,Multi-region,London,London,https://jupiteram.wd3.myworkdayjobs.com/jupiter_careers/job/London/Senior-Compliance-Officer--Financial-Promotions---Marketing-_JR563-1,https://jupiteram.wd3.myworkdayjobs.com/jupiter_careers,jupiter-fund-management-global,Posted 2 Days Ago,2026-08-16T05:46:56.857944+00:00,2026-10-10T11:15:08.729376+00:00,10.0,,official Workday vacancy API,Open,,1,24,"Check: junior or graduate level, forensics / compliance-heavy"
4c6b89f3d34c7648,wellington-management,Wellington Management,"Director, Product Strategy, EMEA","About Us Wellington Management offers comprehensive investment management capabilities that span nearly all segments of the global capital markets. Our investment solutions, tailored to the unique return and risk objectives of institutional clients in more than 60 countries, draw on a robust body of proprietary research and a collaborative culture that encourages independent thought and healthy debate. As a private partnership, we believe our ownership structure fosters a long-term view that aligns our perspectives with those of our clients. About the Role THE POSITION This role sits within the firm’s Enterprise Strategy Office, which reports into the CEO, and is primarily aligned with the Firm & Product Strategy function. Firm & Product Strategy is responsible for the firm’s enterprise strategy framework and manages processes to oversee product prioritization and product development firmwide. In addition, the function serves as the firm’s center of excellence for market intelligence and product innovation. The Director of EMEA Strategy will partner with Wellington’s leaders, and engage key distribution partners, to shape strategy and drive growth. The Director will focus on driving end-to-end development of new products. In addition, they will serve as a thought partner to regional leaders, conduct research to help leaders “think around corners,” lead key strategic projects, inform resource allocation decisions and contribute to enterprise strategy processes. The role will focus predominantly, but not exclusively, on wealth and maintain a dotted line relationship with the Head of EMEA Wealth to foster close connectivity with the business. Executing these responsibilities will require The Director to maintain a broad base of industry, product, vehicle and regulatory knowledge. The Director will partner with business developers to selectively build and maintain relationships with key clients, distribution partners and wealth technology platforms to help uncover commercial opportunities and support market-led product development. Key responsibilities of the role include: Drive end-to-end product development. This work will involve orchestrating cross-functional teams (e.g. Legal, Compliance, Tax, Operations, Investments, Distribution) to drive disciplined, on-time execution from concept through launch and commercialization. Lead a range of complex strategic projects for senior Wellington leaders. Working with line management in the region, build business case for locally relevant investment strategies as an important element of the building of the EMEA Strategy. The ability to partner with the EMEA Management Team to ensure alignment and support is critical in this regard. Serve as primary author and presenter of product proposals to the Operating Committee and senior leadership forums, framing strategic rationale, financial impact, risk considerations, and implementation plans. Develop financial models and business cases to evaluate product viability, projected flows, margin profile, and capital/resource implications. Maintain a deep understanding of client needs, competitive dynamics, regulatory trends, and market movements across multiple asset classes, including Alternatives. Identify and evaluate emerging wealth distribution models, platform innovations, and portfolio construction trends that may influence future product design and vehicle evolution. Partner with wealth sales, fund development and product teams to uncover commercial opportunities and support client-led product development through engagement with distribution partners. Work with the Competitive Intelligence and Market Research function to translate industry data into insights and strategic decisions. Help to develop next generation talent within the ESO function. THE PERSON The ideal candidate will have: At least 10 years of experience in asset management, with direct experience in product strategy, product development, client engagement and wealth solutions. Track record of successful end-to-end product development including launching investment vehicles in EMEA. Experience preparing materials for executive governance forums, including financial modeling and commercial analysis. Demonstrated ability to influence and advise senior leaders drawing data and research. Comfort with consensus-based decision making. Ability to foster innovation and drive outcomes despite complexity and imperfect information. Not sure you meet 100% of our qualifications? ","the Role THE POSITION This role sits within the firm’s Enterprise Strategy Office, which reports into the CEO, and is primarily aligned with the Firm & Product Strategy function. Firm & Product Strategy is responsible for the firm’s enterprise strategy framework and manages processes to oversee product prioritization and product development firmwide. In addition, the function serves as the firm’s center of excellence for market intelligence and product innovation. The Director of EMEA Strategy will partner with Wellington’s leaders, and engage key distribution partners, to shape strategy and drive growth. The Director will focus on driving end-to-end development of new products. In addition, they will serve as a thought partner to regional leaders, conduct research to help leaders “think around corners,” lead key strategic projects, inform resource allocation decisions and contribute to enterprise strategy processes. The role will focus predominantly, but not exclusively, on wealth and maintain a dotted line relationship with the Head of EMEA Wealth to foster close connectivity with the business. Executing these responsibilities will require The Director to maintain a broad base of industry, product, vehicle and regulatory knowledge. The Director will partner with business developers to selectively build and maintain relationships with key clients, distribution partners and wealth technology platforms to help uncover commercial opportunities and support market-led product development. Key responsibilities of the role include: Drive end-to-end product development. This work will involve orchestrating cross-functional teams (e.g. Legal, Compliance, Tax, Operations, Investments, Distribution) to drive disciplined, on-time execution from concept through launch and commercia",original-en,Multi-region,"London, United Kingdom","London, Frankfurt, Zurich",https://wellington.wd5.myworkdayjobs.com/External/job/London-United-Kingdom/Director--Product-Strategy--EMEA_R94715-1,https://wellington.wd5.myworkdayjobs.com/External,wellington-management-global,Posted 30+ Days Ago,2026-10-10T11:12:53.275522+00:00,2026-10-10T11:12:53.275522+00:00,36.0,strategy,official Workday vacancy API,Open,,1,18,"Check: likely above target seniority, forensics / compliance-heavy, pure IT / data engineering"
e07532b8ae320ddc,wellington-management,Wellington Management,"Accountant, EMEA Finance","About Us Wellington Management offers comprehensive investment management capabilities that span nearly all segments of the global capital markets. Our investment solutions, tailored to the unique return and risk objectives of institutional clients in more than 60 countries, draw on a robust body of proprietary research and a collaborative culture that encourages independent thought and healthy debate. As a private partnership, we believe our ownership structure fosters a long-term view that aligns our perspectives with those of our clients. About the Role OVERVIEW We are looking to recruit an Accountant into the Global Accounting group of the Firm’s Finance department. The successful individual will be responsible for accounting duties related to the monthly close for Wellington’s legal entities, as well as internal and external financial reporting requirements and financial analysis. The ideal candidate will be willing to learn quickly to make an impact and take on increasing responsibilities within the group. Working closely with all members of the Global Accounting team across EMEA, the US and APAC is an important part of this role. RESPONSIBILITIES The key responsibilities of this position will include: • Journal entry preparation, account reconciliation, and internal reporting for Wellington’s legal entities across multiple jurisdictions • Analysis of monthly financial results and related reporting to management • Preparation of filings and surveys for regulatory agencies • Preparation of various financial statements across jurisdictions • External audit support including audit work papers and responding to auditor inquiries • Identifying operational efficiencies and improvements to systems and processes • Ad-hoc analysis and reporting QUALIFICATIONS/SKILLS • Newly/recently qualified chartered accountant, with 3 years’ accounting experience • Working experience of International Financial Reporting Standards as well as other standards would be beneficial • Analytical aptitude with strong attention to detail • Strong excel and system skills preferred, with a keen interest in technology • Confident communications skills, interacting and collaborating with all levels of counterparties both internal and external to the company • Motivation, enthusiasm and initiative are highly valued attributes of Wellington finance professionals • We greatly value our culture of collaboration within teams and across departments and offices, so strong people skills and the ability to build trust and good working relationships is essential Not sure you meet 100% of our qualifications? That’s ok. If you believe that you could excel in this role, we encourage you to apply and welcome a chance to review your background. We are dedicated to building and maintaining a diversified workforce and considering a broad array of candidates with a variety of skill, workplace experiences, and backgrounds. As an equal opportunity employer, Wellington Management ensures that all qualified applicants will receive equal consideration for employment without regard to r ace, color, sex, sexual orientation, gender identity, gender expression, religion, creed, national origin, age, ancestry, disability (physical or mental), medical condition, citizenship, marital status, pregnancy, veteran or military status, genetic information or any other characteristic protected by applicable law . If you are a candidate with a disability, or are assisting a candidate with a disability, and require an accommodation to apply for one of our jobs, please email us at GMWTalentOperations@wellington.com . We believe that in person interactions inspire and energize our community and are essential to our culture. In support of this commitment, our employees work from our offices 4 days a week with flexibility to work remotely 1 day a week. We believe that this approach ultimately supports our mission to deliver investment excellence to our clients and their beneficiaries over the long term.","the Role OVERVIEW We are looking to recruit an Accountant into the Global Accounting group of the Firm’s Finance department. The successful individual will be responsible for accounting duties related to the monthly close for Wellington’s legal entities, as well as internal and external financial reporting requirements and financial analysis. The ideal candidate will be willing to learn quickly to make an impact and take on increasing responsibilities within the group. Working closely with all members of the Global Accounting team across EMEA, the US and APAC is an important part of this role. RESPONSIBILITIES The key responsibilities of this position will include: • Journal entry preparation, account reconciliation, and internal reporting for Wellington’s legal entities across multiple jurisdictions • Analysis of monthly financial results and related reporting to management • Preparation of filings and surveys for regulatory agencies • Preparation of various financial statements across jurisdictions • External audit support including audit work papers and responding to auditor inquiries • Identifying operational efficiencies and improvements to systems and processes • Ad-hoc analysis and reporting",original-en,Multi-region,"London, United Kingdom","London, Frankfurt, Zurich",https://wellington.wd5.myworkdayjobs.com/External/job/London-United-Kingdom/Accountant--EMEA-Finance_R94990-1,https://wellington.wd5.myworkdayjobs.com/External,wellington-management-global,Posted 2 Days Ago,2026-10-10T11:12:53.275522+00:00,2026-10-10T11:12:53.275522+00:00,10.0,,official Workday vacancy API,Open,,1,18,"Check: junior or graduate level, accounting / audit-heavy, internal HR/services"
1cdcb0d384f9e803,jupiter-fund-management,Jupiter Fund Management,Senior Compliance Officer (Investment Compliance with Coding),"The Value of Active Minds About Jupiter Jupiter is one of the UK’s leading investment management companies with just over 500 employees and £73.7 billion worth of assets under management (as at 30th June 2026). Jupiter provides investment services to individual and institutional investors through mutual funds (UK unit trusts, Luxembourg SICAVs and Dublin OEICs), separately managed accounts and sub-advised funds. Jupiter has experienced a period of international growth with offices open in EMEA and APAC. The majority of our employees are based in our London office located just minutes from Victoria station which provides stair-free access from both the Underground’s Victoria line and National Rail platforms, as well as limited road crossings to the Jupiter office. Our London office was designed to encourage employees to live active, healthy lives with floor-to-ceiling windows that allow for greater natural light and the benefit of a private balcony, table tennis room, cycle storage and on-site shower and locker facilities. The short distance to Green Park and St James' Park also provides employees with a natural space to relax during their lunch break and a healthy alternative to office-based meetings. We offer our UK employees a 3:2 hybrid working arrangement where Tuesdays, Thursdays and a third day of your choice are worked from the office. The other two days may be worked from home. This facilitates collaboration and allows employees to maximise productivity whilst maintaining a healthy work/life balance. Background The role is within the Investment Compliance team reporting to The Head of Investment Compliance. You will be joining a team of seven who are responsible for the provision of advice and oversight of the Investment Management Function. The team acts as part of the second line of defence for the business, ensuring that the Investment Management Function conducts their activities in accordance with Jupiter’s compliance framework and that Funds are managed as prescribed in their Prospectus or IMA documents and in adherence with the relevant Directives. Key Responsibilities Key stakeholder in client onboarding investment restrictions and investment restriction amendment processes. Reviewing draft IMA documentation to identify guidelines that require coding; equally identifying those that cannot be coded for discussion with relevant business areas. Code, assign, test and approve guidelines in the monitoring system (BlackRock’s Aladdin) with accuracy. Daily pre and post trade compliance monitoring across regulated and segregated portfolios. Managing compliance breaches efficiently to closure, ensuring accurate maintenance of records to support submissions and queries raised by internal and external stakeholders (Clients, Depositories, Auditors). Maintaining a good relationship with Front Office and the wider business. Consulting with front office on appropriate investment compliance and operational considerations impacting asset allocation, concentration and risk management. Overseeing and advising on adherence to application regulations including UCITS and NURS requirements. Collaborating with Fund Managers, Dealers, Legal Team, Client RMs and the wider Risk and Compliance function to successfully manage identified risks, breaches and enhance mitigating controls. Keeping abreast of regulatory developments and assessing any impact on Investment Management activities. Assisting the wider Compliance team where appropriate. Desired Skills / Experience Strong experience in Asset Management. Working knowledge of all asset classes. Experience within guideline monitoring and coding. In-depth knowledge of UCITS/NURS AIFMD Regulations applicable to Investment Management activities (ie diversification and spread rules). Experience in UK Authorised Funds, Irish ICVCs and Luxembourg SICAVs. Aladdin experience essential. Measurable attention to detail/accuracy. Solid verbal and written communication skills. Ability to articulate complex matters into simple terms. Logical and critical thinker who can challenge the status quo. Emotionally intelligent with a want to build strong internal networks. Ability to influence people and negotiate with stakeholders. Ability to confidently engage with all levels/senior management. Creative and solution driven. Proactive and assiduous. Team player who is self-sufficient and does not need micro managing. Highly organised and able to multi-task Ability to work under pressure with tight d","The Value of Active Minds About Jupiter Jupiter is one of the UK’s leading investment management companies with just over 500 employees and £73.7 billion worth of assets under management (as at 30th June 2026). Jupiter provides investment services to individual and institutional investors through mutual funds (UK unit trusts, Luxembourg SICAVs and Dublin OEICs), separately managed accounts and sub-advised funds. Jupiter has experienced a period of international growth with offices open in EMEA and APAC. The majority of our employees are based in our London office located just minutes from Victoria station which provides stair-free access from both the Underground’s Victoria line and National Rail platforms, as well as limited road crossings to the Jupiter office. Our London office was designed to encourage employees to live active, healthy lives with floor-to-ceiling windows that allow for greater natural light and the benefit of a private balcony, table tennis room, cycle storage and on-site shower and locker facilities. The short distance to Green Park and St James' Park also provides employees with a natural space to relax during their lunch break and a healthy alternative to office-based meetings. We offer our UK employees a 3:2 hybrid working arrangement where Tuesdays, Thursdays and a third day of your choice are worked from the office. The other two days may be worked from home. This facilitates collaboration and allows employees to maximise productivity whilst maintaining a healthy work/life balance. Background The role is within the Investment Compliance team reporting to The Head of Investment Compliance. You will be joining a team of seven who are responsible for the provision of advice and oversight of the Investment Management Function. The team acts as par",original-en,Multi-region,London,London,https://jupiteram.wd3.myworkdayjobs.com/jupiter_careers/job/London/Senior-Compliance-Officer--Investment-Compliance-with-Coding-_JR562-2,https://jupiteram.wd3.myworkdayjobs.com/jupiter_careers,jupiter-fund-management-global,Posted 2 Days Ago,2026-08-16T05:46:56.857944+00:00,2026-10-10T11:15:08.729376+00:00,36.0,investment,official Workday vacancy API,Open,,1,15,"Check: junior or graduate level, likely above target seniority, forensics / compliance-heavy"
