opportunity_id,title,company,canonical_company_id,company_category,company_rating,market,location,job_url,date_posted,source_id,calibration_score,calibration_note,matched_terms,role_family,company_context,description_for_fit
00e6fbf33ccc1225,Investment Analyst Junior – Public Equities & M&A,AKIPIA a.s.,,,Unrated,Czechia,Czechia,https://www.jobs.cz/rpd/2001441181/,,jobs-cz,75,"Positive: transactions / M&A, investments / portfolio / asset management, plausible level; verify responsibilities",M&A; equity analyst; investment analyst; investment research; liquidity management; liquidity risk; private equity; transaction services,Treasury / Markets,,"Investment Analyst Junior – Public Equities & M&A – AKIPIA a.s. Přihlásit Menu Nabídky práce Brigády Inspirace Zaměstnavatelé Vytvořit si životopis Nové Napište si skvělý životopis. Můžete si ho uložit, vytisknout nebo poslat do světa. Přihlásit Pro firmy Close Nabídky práce Brigády Inspirace Zaměstnavatelé Vytvořit si životopis Nové Přihlásit Pro firmy Close Přihlásit Pro firmy Nabídky práce Nabídky práce Detail nabídky Investment Analyst Junior – Public Equities & M&A Společnost AKIPIA a.s. Praha Odpovědět Odpovědět Uložit nabídku Uložit nabídku Další možnosti Poslat nabídku na email Vytisknout Sdílet na Facebook Sdílet na X Nahlásit podezřelou nabídku Uloženou nabídku najdete v menu Uložené nabídky vpravo nahoře. Hotovo! Nabídku jsme poslali na e-mail . Teď už stačí jen odpovědět. Poslat nabídku na e-mail Dismiss Kam vám můžeme nabídku Investment Analyst Junior – Public Equities & M&A u AKIPIA a.s. poslat? E-mail příjemce Zadejte správný formát e-mailu Poznámka pro příjemce Nepovedlo se odeslat e-mail. Zkontrolujte, prosím, e-mailovou adresu a zkuste to znovu. Za účelem zaslání pracovní nabídky budou společnosti ze skupiny Alma Career zpracovávat Vámi zadaný e‑mail. Zobrazit méně Zobrazit více | Podmínky služby Potvrzením odeslání poskytujete společnostem ze skupiny Alma Career, jako společným správcům, své osobní údaje za účelem zaslání pracovní nabídky na portálu Jobs.cz. V souvislosti se zpracováním Vašich osobních údajů máte příslušná práva: (i) na přístup k osobním údajům, (ii) na opravu nepřesných nebo doplnění neúplných osobních údajů, (iii) na výmaz osobních údajů, nejsou-li již osobní údaje potřebné pro účely, pro které byly shromážděny či jinak zpracovány, anebo zjistíte-li, že byly zpracovávány protiprávně, (iv) na omezení zpracování osobních údajů ve zvláštních případech, (v) na přenositelnost údajů, (vi) vznést námitku, po níž zpracování Vašich osobních údajů bude ukončeno, neprokáže-li se, že existují závažné oprávněné důvody pro zpracování, jež převažují nad Vašimi zájmy nebo právy a svobodami zejména, je-li důvodem případné vymáhání právních nároků, (vii) obrátit se na Úřad pro ochranu osobních údajů a (viii) odvolat souhlas, je-li zpracování založeno na souhlasu. Alma Career Alma Career Czechia s.r.o., Menclova 2538/2, 180 00 Praha 8, Česko, IČO: 264 41 381 Alma Career Slovakia s.r.o., Pribinova 19, 811 09 Bratislava, Slovensko, IČO: 35 800 861 Alma Career Poland Sp. z o.o., Przeskok 2, 00-032 Varšava, Polsko, KRS 0000988078 Další informace o zpracování údajů jsou dostupné na https://almacareer.com/gdpr . Poslat na e-mail Úvodní představení AKIPIA is a Czech independent investment group founded by Michal Strnad, Tomáš Brzobohatý and Marek Šmrha in 2026. With a robust capital base, it invests with discipline, conviction and a long-term perspective. AKIPIA’s first announced investment was a major development project in Prague’s Bubny district, where the group acquired a 35% stake and joined forces with Penta Real Estate and J&T. Earlier in 2026, the AKIPIA team also played a key role in the transaction through which Czech investment company Lumina Crown acquired an approximately 14% stake in Italian tire manufacturer Pirelli. Pracovní nabídka Investment Analyst Junior – Public Equities & M&A Location: Prague Reports to: Investment Directors Role summary We seek an Investment Analyst (2-4 years) to support both a concentrated public equities portfolio and private investment / M&A opportunities. Work will shift between t"
60809239fadf51e8,Treasury Commodity Manager,CE Industries a.s.,,,Unrated,Czechia,Czechia,https://www.jobs.cz/rpd/2001457427/,,jobs-cz,74,"Positive: treasury / FP&A, treasury / markets / derivatives (risk)",commodity risk; treasury analyst; treasury manager,Treasury / Markets,,"Treasury Commodity Manager – CE Industries a.s. Přihlásit Menu Nabídky práce Brigády Inspirace Zaměstnavatelé Vytvořit si životopis Nové Napište si skvělý životopis. Můžete si ho uložit, vytisknout nebo poslat do světa. Přihlásit Pro firmy Close Nabídky práce Brigády Inspirace Zaměstnavatelé Vytvořit si životopis Nové Přihlásit Pro firmy Close Přihlásit Pro firmy Nabídky práce Nabídky práce Detail nabídky Treasury Commodity Manager Společnost CE Industries a.s. Praha Máte šanci! Na tuto nabídku zatím odpověděli méně než 4 lidé . Odpovědět Odpovědět Uložit nabídku Uložit nabídku Další možnosti Poslat nabídku na email Vytisknout Sdílet na Facebook Sdílet na X Nahlásit podezřelou nabídku Uloženou nabídku najdete v menu Uložené nabídky vpravo nahoře. Hotovo! Nabídku jsme poslali na e-mail . Teď už stačí jen odpovědět. Poslat nabídku na e-mail Dismiss Kam vám můžeme nabídku Treasury Commodity Manager u CE Industries a.s. poslat? E-mail příjemce Zadejte správný formát e-mailu Poznámka pro příjemce Nepovedlo se odeslat e-mail. Zkontrolujte, prosím, e-mailovou adresu a zkuste to znovu. Za účelem zaslání pracovní nabídky budou společnosti ze skupiny Alma Career zpracovávat Vámi zadaný e‑mail. Zobrazit méně Zobrazit více | Podmínky služby Potvrzením odeslání poskytujete společnostem ze skupiny Alma Career, jako společným správcům, své osobní údaje za účelem zaslání pracovní nabídky na portálu Jobs.cz. V souvislosti se zpracováním Vašich osobních údajů máte příslušná práva: (i) na přístup k osobním údajům, (ii) na opravu nepřesných nebo doplnění neúplných osobních údajů, (iii) na výmaz osobních údajů, nejsou-li již osobní údaje potřebné pro účely, pro které byly shromážděny či jinak zpracovány, anebo zjistíte-li, že byly zpracovávány protiprávně, (iv) na omezení zpracování osobních údajů ve zvláštních případech, (v) na přenositelnost údajů, (vi) vznést námitku, po níž zpracování Vašich osobních údajů bude ukončeno, neprokáže-li se, že existují závažné oprávněné důvody pro zpracování, jež převažují nad Vašimi zájmy nebo právy a svobodami zejména, je-li důvodem případné vymáhání právních nároků, (vii) obrátit se na Úřad pro ochranu osobních údajů a (viii) odvolat souhlas, je-li zpracování založeno na souhlasu. Alma Career Alma Career Czechia s.r.o., Menclova 2538/2, 180 00 Praha 8, Česko, IČO: 264 41 381 Alma Career Slovakia s.r.o., Pribinova 19, 811 09 Bratislava, Slovensko, IČO: 35 800 861 Alma Career Poland Sp. z o.o., Przeskok 2, 00-032 Varšava, Polsko, KRS 0000988078 Další informace o zpracování údajů jsou dostupné na https://almacareer.com/gdpr . Poslat na e-mail Úvodní představení V CE Industries rozvíjíme moderní průmysl pro budoucnost. Jsme průmyslový holding sdružující desítky společností působících v oblasti železnice, energetiky, strojírenství, recyklace a dalších perspektivních odvětvích. Rosteme prostřednictvím nových projektů, investic i akvizic a aktivně podporujeme rozvoj firem napříč skupinou. Stavíme na schopných lidech, spolupráci, sdíleném know-how a odvaze hledat nové příležitosti. Dnes působíme na mezinárodních trzích, zaměstnáváme více než 3 000 lidí a společně vytváříme skupinu s obratem přes 19 miliard Kč. Pracovní nabídka Do skupinového Treasury týmu společnosti CE Industries hledáme zkušeného manažera či manažerku pro oblast komodit, který/á převezme odpovědnost za řízení komoditních rizik, nastavování metodiky a rozvoj skupinového obchodování s komoditami a zajišťovacích strategií. CE Industries je průmyslová a investičn"
6957897aaf8181d9,Treasury Specialist – Payments & SWIFT,CE Industries a.s.,,,Unrated,Czechia,Czechia,https://www.jobs.cz/rpd/2001457433/,,jobs-cz,67,"Positive: treasury / FP&A, plausible level; verify responsibilities",treasury; treasury specialist,Treasury / Markets,,"Treasury Specialist – Payments & SWIFT – CE Industries a.s. Přihlásit Menu Nabídky práce Brigády Inspirace Zaměstnavatelé Vytvořit si životopis Nové Napište si skvělý životopis. Můžete si ho uložit, vytisknout nebo poslat do světa. Přihlásit Pro firmy Close Nabídky práce Brigády Inspirace Zaměstnavatelé Vytvořit si životopis Nové Přihlásit Pro firmy Close Přihlásit Pro firmy Nabídky práce Nabídky práce Detail nabídky Treasury Specialist – Payments & SWIFT Společnost CE Industries a.s. Praha Odpovědět Odpovědět Uložit nabídku Uložit nabídku Další možnosti Poslat nabídku na email Vytisknout Sdílet na Facebook Sdílet na X Nahlásit podezřelou nabídku Uloženou nabídku najdete v menu Uložené nabídky vpravo nahoře. Hotovo! Nabídku jsme poslali na e-mail . Teď už stačí jen odpovědět. Poslat nabídku na e-mail Dismiss Kam vám můžeme nabídku Treasury Specialist – Payments & SWIFT u CE Industries a.s. poslat? E-mail příjemce Zadejte správný formát e-mailu Poznámka pro příjemce Nepovedlo se odeslat e-mail. Zkontrolujte, prosím, e-mailovou adresu a zkuste to znovu. Za účelem zaslání pracovní nabídky budou společnosti ze skupiny Alma Career zpracovávat Vámi zadaný e‑mail. Zobrazit méně Zobrazit více | Podmínky služby Potvrzením odeslání poskytujete společnostem ze skupiny Alma Career, jako společným správcům, své osobní údaje za účelem zaslání pracovní nabídky na portálu Jobs.cz. V souvislosti se zpracováním Vašich osobních údajů máte příslušná práva: (i) na přístup k osobním údajům, (ii) na opravu nepřesných nebo doplnění neúplných osobních údajů, (iii) na výmaz osobních údajů, nejsou-li již osobní údaje potřebné pro účely, pro které byly shromážděny či jinak zpracovány, anebo zjistíte-li, že byly zpracovávány protiprávně, (iv) na omezení zpracování osobních údajů ve zvláštních případech, (v) na přenositelnost údajů, (vi) vznést námitku, po níž zpracování Vašich osobních údajů bude ukončeno, neprokáže-li se, že existují závažné oprávněné důvody pro zpracování, jež převažují nad Vašimi zájmy nebo právy a svobodami zejména, je-li důvodem případné vymáhání právních nároků, (vii) obrátit se na Úřad pro ochranu osobních údajů a (viii) odvolat souhlas, je-li zpracování založeno na souhlasu. Alma Career Alma Career Czechia s.r.o., Menclova 2538/2, 180 00 Praha 8, Česko, IČO: 264 41 381 Alma Career Slovakia s.r.o., Pribinova 19, 811 09 Bratislava, Slovensko, IČO: 35 800 861 Alma Career Poland Sp. z o.o., Przeskok 2, 00-032 Varšava, Polsko, KRS 0000988078 Další informace o zpracování údajů jsou dostupné na https://almacareer.com/gdpr . Poslat na e-mail Úvodní představení V CE Industries rozvíjíme moderní průmysl pro budoucnost. Jsme průmyslový holding sdružující desítky společností působících v oblasti železnice, energetiky, strojírenství, recyklace a dalších perspektivních odvětvích. Rosteme prostřednictvím nových projektů, investic i akvizic a aktivně podporujeme rozvoj firem napříč skupinou. Stavíme na schopných lidech, spolupráci, sdíleném know-how a odvaze hledat nové příležitosti. Dnes působíme na mezinárodních trzích, zaměstnáváme více než 3 000 lidí a společně vytváříme skupinu s obratem přes 19 miliard Kč. Pracovní nabídka Do skupinového Treasury týmu společnosti CE Industries hledáme zkušeného Treasury Specialistu, který se bude podílet na centralizaci a profesionalizaci platebních procesů napříč celou skupinou. CE Industries je průmyslová a investiční skupina působící v oblasti energetiky, strojírenství, železniční dopravy, letectví, infrastruktury"
4596f2b3bd2de2fb,Senior M&A Analyst/Advisor,LINET spol. s r.o.,,,Unrated,Czechia,Czechia,https://www.jobs.cz/rpd/2001443159/,,jobs-cz,65,"Positive: transactions / M&A, plausible level; verify responsibilities",M&A; market risk,Treasury / Markets,,"Senior M&A Analyst/Advisor – Linet spol. s r.o. Přihlásit Menu Nabídky práce Brigády Inspirace Zaměstnavatelé Vytvořit si životopis Nové Napište si skvělý životopis. Můžete si ho uložit, vytisknout nebo poslat do světa. Přihlásit Pro firmy Close Nabídky práce Brigády Inspirace Zaměstnavatelé Vytvořit si životopis Nové Přihlásit Pro firmy Close Přihlásit Pro firmy Nabídka Pracovní nabídka O nás Volná místa 6 Senior M&A Analyst/Advisor Společnost Linet spol. s r.o. Slaný Odpovědět Odpovědět Uložit nabídku Uložit nabídku Další možnosti Poslat nabídku na email Vytisknout Sdílet na Facebook Sdílet na X Nahlásit podezřelou nabídku Uloženou nabídku najdete v menu Uložené nabídky vpravo nahoře. Hotovo! Nabídku jsme poslali na e-mail . Teď už stačí jen odpovědět. Poslat nabídku na e-mail Dismiss Kam vám můžeme nabídku Senior M&A Analyst/Advisor u LINET spol. s r.o. poslat? E-mail příjemce Zadejte správný formát e-mailu Poznámka pro příjemce Nepovedlo se odeslat e-mail. Zkontrolujte, prosím, e-mailovou adresu a zkuste to znovu. Za účelem zaslání pracovní nabídky budou společnosti ze skupiny Alma Career zpracovávat Vámi zadaný e‑mail. Zobrazit méně Zobrazit více | Podmínky služby Potvrzením odeslání poskytujete společnostem ze skupiny Alma Career, jako společným správcům, své osobní údaje za účelem zaslání pracovní nabídky na portálu Jobs.cz. V souvislosti se zpracováním Vašich osobních údajů máte příslušná práva: (i) na přístup k osobním údajům, (ii) na opravu nepřesných nebo doplnění neúplných osobních údajů, (iii) na výmaz osobních údajů, nejsou-li již osobní údaje potřebné pro účely, pro které byly shromážděny či jinak zpracovány, anebo zjistíte-li, že byly zpracovávány protiprávně, (iv) na omezení zpracování osobních údajů ve zvláštních případech, (v) na přenositelnost údajů, (vi) vznést námitku, po níž zpracování Vašich osobních údajů bude ukončeno, neprokáže-li se, že existují závažné oprávněné důvody pro zpracování, jež převažují nad Vašimi zájmy nebo právy a svobodami zejména, je-li důvodem případné vymáhání právních nároků, (vii) obrátit se na Úřad pro ochranu osobních údajů a (viii) odvolat souhlas, je-li zpracování založeno na souhlasu. Alma Career Alma Career Czechia s.r.o., Menclova 2538/2, 180 00 Praha 8, Česko, IČO: 264 41 381 Alma Career Slovakia s.r.o., Pribinova 19, 811 09 Bratislava, Slovensko, IČO: 35 800 861 Alma Career Poland Sp. z o.o., Przeskok 2, 00-032 Varšava, Polsko, KRS 0000988078 Další informace o zpracování údajů jsou dostupné na https://almacareer.com/gdpr . Poslat na e-mail Úvodní představení Jsme předním evropským výrobcem nemocničních a pečovatelských lůžek. V oblasti výroby zdravotnických lůžek si LINET dlouhodobě drží pozici technologického lídra. Linet na trh pravidelně uvádí výrobky a služby s inovativními vlastnostmi a funkcemi. Pracovní nabídka SENIOR M &A ANALYST /ADVISOR Do you want to work in a successful international growing company with products which help people to live better quality life? Then join LINET as the Senior M&A Analyst/Advisor. This is a strategic role responsible for coordination of the entire M&A processes in LINET Group, from identification of possible targets and partners to the actual implementaiton of agreed deal terms. Responsibilities: You will act as primary partner for country and regional managing directors in assessing market opportunities in the area of M&A Financing modeling & Valuation: DCF, Due diligence, scenario analysis on acquisition/divestiture structures Deal Suppo"
748f9ced8b8168ae,Investiční analytik a komentátor trhu (Investment Analyst & Market Commentator),BONDSTER Marketplace s.r.o.,,,Unrated,Czechia,Czechia,https://www.jobs.cz/rpd/2001410431/,,jobs-cz,65,"Positive: investments / portfolio / asset management, plausible level; verify responsibilities",credit analyst; investment analyst,Treasury / Markets,,"Investiční analytik a komentátor trhu (Investment Analyst & Market Commentator) – BONDSTER Marketplace s.r.o. Přihlásit Menu Nabídky práce Brigády Inspirace Zaměstnavatelé Vytvořit si životopis Nové Napište si skvělý životopis. Můžete si ho uložit, vytisknout nebo poslat do světa. Přihlásit Pro firmy Close Nabídky práce Brigády Inspirace Zaměstnavatelé Vytvořit si životopis Nové Přihlásit Pro firmy Close Přihlásit Pro firmy Nabídky práce Nabídky práce Detail nabídky Investiční analytik a komentátor trhu (Investment Analyst & Market Commentator) Společnost BONDSTER Marketplace s.r.o. U libeňského pivovaru 63/2, Praha – Libeň Do 2 týdnů dostanete odpověď Do 2 týdnů dostanete odpověď O této společnosti díky našim systémům víme, že od ní nejméně 80 % kandidátů dostane odpověď velmi rychle, tj. do 2 týdnů. Máte šanci! Na tuto nabídku zatím odpověděli méně než 4 lidé . Odpovědět Odpovědět Uložit nabídku Uložit nabídku Další možnosti Poslat nabídku na email Vytisknout Sdílet na Facebook Sdílet na X Nahlásit podezřelou nabídku Uloženou nabídku najdete v menu Uložené nabídky vpravo nahoře. Hotovo! Nabídku jsme poslali na e-mail . Teď už stačí jen odpovědět. Poslat nabídku na e-mail Dismiss Kam vám můžeme nabídku Investiční analytik a komentátor trhu (Investment Analyst & Market Commentator) u BONDSTER Marketplace s.r.o. poslat? E-mail příjemce Zadejte správný formát e-mailu Poznámka pro příjemce Nepovedlo se odeslat e-mail. Zkontrolujte, prosím, e-mailovou adresu a zkuste to znovu. Za účelem zaslání pracovní nabídky budou společnosti ze skupiny Alma Career zpracovávat Vámi zadaný e‑mail. Zobrazit méně Zobrazit více | Podmínky služby Potvrzením odeslání poskytujete společnostem ze skupiny Alma Career, jako společným správcům, své osobní údaje za účelem zaslání pracovní nabídky na portálu Jobs.cz. V souvislosti se zpracováním Vašich osobních údajů máte příslušná práva: (i) na přístup k osobním údajům, (ii) na opravu nepřesných nebo doplnění neúplných osobních údajů, (iii) na výmaz osobních údajů, nejsou-li již osobní údaje potřebné pro účely, pro které byly shromážděny či jinak zpracovány, anebo zjistíte-li, že byly zpracovávány protiprávně, (iv) na omezení zpracování osobních údajů ve zvláštních případech, (v) na přenositelnost údajů, (vi) vznést námitku, po níž zpracování Vašich osobních údajů bude ukončeno, neprokáže-li se, že existují závažné oprávněné důvody pro zpracování, jež převažují nad Vašimi zájmy nebo právy a svobodami zejména, je-li důvodem případné vymáhání právních nároků, (vii) obrátit se na Úřad pro ochranu osobních údajů a (viii) odvolat souhlas, je-li zpracování založeno na souhlasu. Alma Career Alma Career Czechia s.r.o., Menclova 2538/2, 180 00 Praha 8, Česko, IČO: 264 41 381 Alma Career Slovakia s.r.o., Pribinova 19, 811 09 Bratislava, Slovensko, IČO: 35 800 861 Alma Career Poland Sp. z o.o., Przeskok 2, 00-032 Varšava, Polsko, KRS 0000988078 Další informace o zpracování údajů jsou dostupné na https://almacareer.com/gdpr . Poslat na e-mail Pracovní nabídka Chceš být u budování investičního obsahu, který má reálný dopad na investory, značku i růst skupiny? Do týmu Avarius Capital SICAV p.l.c. a BONDSTER Marketplace s.r.o. hledáme analytika, který propojí silné analytické myšlení s chutí psát, vystupovat a postupně se stát veřejně rozpoznatelnou tváří obou značek. Avarius Capital SICAV p.l.c. je samosprávný investiční fond pro kvalifikované investory se sídlem na Maltě a různorodými investičními strategiemi, které se zaměřují "
a0f831bf289ba73f,Senior Corporate Finance Associate,Rezolv Energy s.r.o.,,,Unrated,Czechia,Czechia,https://data.mpsv.cz/web/data/volna-mista-za-celou-cr,2026-09-14T00:00:00.000Z,mpsv-open-data-cz,65,"Positive: corporate finance / valuation, plausible level; verify responsibilities",official MPSV vacancy dataset,Corporate Finance / M&A,,"správa a rozvoj finančních modelů příprava finančních reportů a analýz finanční plánování a tvorba finančních modelů podpora při due diligence, akvizicích a financování příprava podkladů pro management a strategické rozhodování spolupráce s externími poradci a finančními institucemi"
6c8d74128326991a,"Finanční poradci specialisté (Associate in the department Strategy, Risk & Transactions)",Deloitte Advisory s.r.o.,,,Unrated,Czechia,Czechia; Deloitte Advisory s.r.o. - Praha,https://data.mpsv.cz/web/data/volna-mista-za-celou-cr,2026-08-07T00:00:00.000Z,mpsv-open-data-cz,65,"Positive: transactions / M&A, plausible level; verify responsibilities",official MPSV vacancy dataset,Corporate Finance / M&A,,praxe v oboru vítána
33e3b924e22c7207,Treasury Cash Management Junior (m/ž/n),Lenzing Business Services s.r.o.,,,Unrated,Czechia,"Czechia; Paskov, CZE; Czechia",https://www.jobs.cz/rpd/2001418798/,,jobs-cz,62,Positive: treasury / FP&A,cash management; treasury; treasury specialist,Treasury / Markets,,"Treasury Cash Management Junior (m/ž/n) – Lenzing Business Services s.r.o. Přihlásit Menu Nabídky práce Brigády Inspirace Zaměstnavatelé Vytvořit si životopis Nové Napište si skvělý životopis. Můžete si ho uložit, vytisknout nebo poslat do světa. Přihlásit Pro firmy Close Nabídky práce Brigády Inspirace Zaměstnavatelé Vytvořit si životopis Nové Přihlásit Pro firmy Close Přihlásit Pro firmy Nabídka Pracovní nabídka O nás Volná místa 3 Treasury Cash Management Junior (m/ž/n) Společnost Lenzing Business Services s.r.o. Místecká 762, Paskov Do 2 týdnů dostanete odpověď Do 2 týdnů dostanete odpověď O této společnosti díky našim systémům víme, že od ní nejméně 80 % kandidátů dostane odpověď velmi rychle, tj. do 2 týdnů. Odpovědět Odpovědět Uložit nabídku Uložit nabídku Další možnosti Poslat nabídku na email Vytisknout Sdílet na Facebook Sdílet na X Nahlásit podezřelou nabídku Uloženou nabídku najdete v menu Uložené nabídky vpravo nahoře. Hotovo! Nabídku jsme poslali na e-mail . Teď už stačí jen odpovědět. Poslat nabídku na e-mail Dismiss Kam vám můžeme nabídku Treasury Cash Management Junior (m/ž/n) u Lenzing Business Services s.r.o. poslat? E-mail příjemce Zadejte správný formát e-mailu Poznámka pro příjemce Nepovedlo se odeslat e-mail. Zkontrolujte, prosím, e-mailovou adresu a zkuste to znovu. Za účelem zaslání pracovní nabídky budou společnosti ze skupiny Alma Career zpracovávat Vámi zadaný e‑mail. Zobrazit méně Zobrazit více | Podmínky služby Potvrzením odeslání poskytujete společnostem ze skupiny Alma Career, jako společným správcům, své osobní údaje za účelem zaslání pracovní nabídky na portálu Jobs.cz. V souvislosti se zpracováním Vašich osobních údajů máte příslušná práva: (i) na přístup k osobním údajům, (ii) na opravu nepřesných nebo doplnění neúplných osobních údajů, (iii) na výmaz osobních údajů, nejsou-li již osobní údaje potřebné pro účely, pro které byly shromážděny či jinak zpracovány, anebo zjistíte-li, že byly zpracovávány protiprávně, (iv) na omezení zpracování osobních údajů ve zvláštních případech, (v) na přenositelnost údajů, (vi) vznést námitku, po níž zpracování Vašich osobních údajů bude ukončeno, neprokáže-li se, že existují závažné oprávněné důvody pro zpracování, jež převažují nad Vašimi zájmy nebo právy a svobodami zejména, je-li důvodem případné vymáhání právních nároků, (vii) obrátit se na Úřad pro ochranu osobních údajů a (viii) odvolat souhlas, je-li zpracování založeno na souhlasu. Alma Career Alma Career Czechia s.r.o., Menclova 2538/2, 180 00 Praha 8, Česko, IČO: 264 41 381 Alma Career Slovakia s.r.o., Pribinova 19, 811 09 Bratislava, Slovensko, IČO: 35 800 861 Alma Career Poland Sp. z o.o., Przeskok 2, 00-032 Varšava, Polsko, KRS 0000988078 Další informace o zpracování údajů jsou dostupné na https://almacareer.com/gdpr . Poslat na e-mail Úvodní představení Od dřeva přes buničinu až po vlákno – to je společnost Lenzing. Spojujeme inovace a odpovědnost s udržitelností. Naše technologie inspirují odvětví módy a hygieny k lepším rozhodnutím. Pracujeme na budování cirkulární ekonomiky a uhlíkově neutrální budoucnosti – pro vás i pro budoucí generace. Pracovní nabídka Co Vás čeká: Budete zodpovídat za každodenní řízení likvidity, monitoring cash flow a zajištění dostatečné dostupnosti finančních prostředků napříč společnosti Budete realizovat a kontrolovat treasury platby v mezinárodním prostředí a spolupracovat s účetními týmy na řešení platebních a finančních operací Budete spravovat cash pooling a dohlížet na"
ee06fafa3b23c84c,TREASURY MANAGER,Farkasova International s.r.o.,,,Unrated,Czechia,Czechia,https://www.jobs.cz/rpd/2001452435/,,jobs-cz,62,Positive: treasury / FP&A,treasury; treasury analyst; treasury manager; treasury specialist,Treasury / Markets,,"TREASURY MANAGER – NEEDle, s.r.o. Přihlásit Menu Nabídky práce Brigády Inspirace Zaměstnavatelé Vytvořit si životopis Nové Napište si skvělý životopis. Můžete si ho uložit, vytisknout nebo poslat do světa. Přihlásit Pro firmy Close Nabídky práce Brigády Inspirace Zaměstnavatelé Vytvořit si životopis Nové Přihlásit Pro firmy Close Přihlásit Pro firmy Nabídky práce Nabídky práce Detail nabídky TREASURY MANAGER Společnost NEEDle, s.r.o. Praha Odpovědět Odpovědět Uložit nabídku Uložit nabídku Další možnosti Poslat nabídku na email Vytisknout Sdílet na Facebook Sdílet na X Nahlásit podezřelou nabídku Uloženou nabídku najdete v menu Uložené nabídky vpravo nahoře. Hotovo! Nabídku jsme poslali na e-mail . Teď už stačí jen odpovědět. Poslat nabídku na e-mail Dismiss Kam vám můžeme nabídku TREASURY MANAGER u Farkasova International s.r.o. poslat? E-mail příjemce Zadejte správný formát e-mailu Poznámka pro příjemce Nepovedlo se odeslat e-mail. Zkontrolujte, prosím, e-mailovou adresu a zkuste to znovu. Za účelem zaslání pracovní nabídky budou společnosti ze skupiny Alma Career zpracovávat Vámi zadaný e‑mail. Zobrazit méně Zobrazit více | Podmínky služby Potvrzením odeslání poskytujete společnostem ze skupiny Alma Career, jako společným správcům, své osobní údaje za účelem zaslání pracovní nabídky na portálu Jobs.cz. V souvislosti se zpracováním Vašich osobních údajů máte příslušná práva: (i) na přístup k osobním údajům, (ii) na opravu nepřesných nebo doplnění neúplných osobních údajů, (iii) na výmaz osobních údajů, nejsou-li již osobní údaje potřebné pro účely, pro které byly shromážděny či jinak zpracovány, anebo zjistíte-li, že byly zpracovávány protiprávně, (iv) na omezení zpracování osobních údajů ve zvláštních případech, (v) na přenositelnost údajů, (vi) vznést námitku, po níž zpracování Vašich osobních údajů bude ukončeno, neprokáže-li se, že existují závažné oprávněné důvody pro zpracování, jež převažují nad Vašimi zájmy nebo právy a svobodami zejména, je-li důvodem případné vymáhání právních nároků, (vii) obrátit se na Úřad pro ochranu osobních údajů a (viii) odvolat souhlas, je-li zpracování založeno na souhlasu. Alma Career Alma Career Czechia s.r.o., Menclova 2538/2, 180 00 Praha 8, Česko, IČO: 264 41 381 Alma Career Slovakia s.r.o., Pribinova 19, 811 09 Bratislava, Slovensko, IČO: 35 800 861 Alma Career Poland Sp. z o.o., Przeskok 2, 00-032 Varšava, Polsko, KRS 0000988078 Další informace o zpracování údajů jsou dostupné na https://almacareer.com/gdpr . Poslat na e-mail Úvodní představení Needle is a sub-brand of Farkasova International, a market leading Executive Search Company. The brand focuses on finding top technical talent for mid-level positions. What sets us apart is our deep understanding of the industries we serve, as well as our personalized approach to recruitment using top Executive Search methodologies. We also provide consulting, assessment and talent development services to organizations fostering talent development and retention through best in class organization and team development practices. Our projects cover more than 20 geographies with major focus on central and western European Countries. We use advanced technology and sourcing techniques to find and attract the best talent in the market. At Needle, we are committed to delivering exceptional results and building long-lasting partnerships with our clients. Pracovní nabídka Pro našeho významného partnera – stabilní společnost s dlouholetou tradicí – hledáme zkušené"
2bbb7b5b96e5f0a2,Treasury Manager Back Office,CE Industries a.s.,,,Unrated,Czechia,Czechia,https://www.jobs.cz/rpd/2001457465/,,jobs-cz,62,Positive: treasury / FP&A,treasury; treasury manager,Treasury / Markets,,"Treasury Manager Back Office – CE Industries a.s. Přihlásit Menu Nabídky práce Brigády Inspirace Zaměstnavatelé Vytvořit si životopis Nové Napište si skvělý životopis. Můžete si ho uložit, vytisknout nebo poslat do světa. Přihlásit Pro firmy Close Nabídky práce Brigády Inspirace Zaměstnavatelé Vytvořit si životopis Nové Přihlásit Pro firmy Close Přihlásit Pro firmy Nabídky práce Nabídky práce Detail nabídky Treasury Manager Back Office Společnost CE Industries a.s. Praha Odpovědět Odpovědět Uložit nabídku Uložit nabídku Další možnosti Poslat nabídku na email Vytisknout Sdílet na Facebook Sdílet na X Nahlásit podezřelou nabídku Uloženou nabídku najdete v menu Uložené nabídky vpravo nahoře. Hotovo! Nabídku jsme poslali na e-mail . Teď už stačí jen odpovědět. Poslat nabídku na e-mail Dismiss Kam vám můžeme nabídku Treasury Manager Back Office u CE Industries a.s. poslat? E-mail příjemce Zadejte správný formát e-mailu Poznámka pro příjemce Nepovedlo se odeslat e-mail. Zkontrolujte, prosím, e-mailovou adresu a zkuste to znovu. Za účelem zaslání pracovní nabídky budou společnosti ze skupiny Alma Career zpracovávat Vámi zadaný e‑mail. Zobrazit méně Zobrazit více | Podmínky služby Potvrzením odeslání poskytujete společnostem ze skupiny Alma Career, jako společným správcům, své osobní údaje za účelem zaslání pracovní nabídky na portálu Jobs.cz. V souvislosti se zpracováním Vašich osobních údajů máte příslušná práva: (i) na přístup k osobním údajům, (ii) na opravu nepřesných nebo doplnění neúplných osobních údajů, (iii) na výmaz osobních údajů, nejsou-li již osobní údaje potřebné pro účely, pro které byly shromážděny či jinak zpracovány, anebo zjistíte-li, že byly zpracovávány protiprávně, (iv) na omezení zpracování osobních údajů ve zvláštních případech, (v) na přenositelnost údajů, (vi) vznést námitku, po níž zpracování Vašich osobních údajů bude ukončeno, neprokáže-li se, že existují závažné oprávněné důvody pro zpracování, jež převažují nad Vašimi zájmy nebo právy a svobodami zejména, je-li důvodem případné vymáhání právních nároků, (vii) obrátit se na Úřad pro ochranu osobních údajů a (viii) odvolat souhlas, je-li zpracování založeno na souhlasu. Alma Career Alma Career Czechia s.r.o., Menclova 2538/2, 180 00 Praha 8, Česko, IČO: 264 41 381 Alma Career Slovakia s.r.o., Pribinova 19, 811 09 Bratislava, Slovensko, IČO: 35 800 861 Alma Career Poland Sp. z o.o., Przeskok 2, 00-032 Varšava, Polsko, KRS 0000988078 Další informace o zpracování údajů jsou dostupné na https://almacareer.com/gdpr . Poslat na e-mail Úvodní představení V CE Industries rozvíjíme moderní průmysl pro budoucnost. Jsme průmyslový holding sdružující desítky společností působících v oblasti železnice, energetiky, strojírenství, recyklace a dalších perspektivních odvětvích. Rosteme prostřednictvím nových projektů, investic i akvizic a aktivně podporujeme rozvoj firem napříč skupinou. Stavíme na schopných lidech, spolupráci, sdíleném know-how a odvaze hledat nové příležitosti. Dnes působíme na mezinárodních trzích, zaměstnáváme více než 3 000 lidí a společně vytváříme skupinu s obratem přes 19 miliard Kč. Pracovní nabídka Do skupinového Treasury týmu společnosti CE Industries hledáme zkušeného manažera či manažerku Treasury Back Office, který/á převezme odpovědnost za řízení, standardizaci a další rozvoj back-office procesů napříč celou skupinou. CE Industries je průmyslová a investiční skupina působící v oblasti energetiky, strojírenství, železniční dopravy, letectví, infrastru"
f8a52f65f134d8c9,Market and Liquidity Risk Officer,"Industrial and Commercial Bank of China Limited, Prague Branch",,,Unrated,Czechia,Czechia,https://www.jobs.cz/rpd/2001178084/,,jobs-cz,62,Positive: treasury / markets / derivatives (risk),liquidity management; liquidity risk; market risk,Treasury / Markets,,"Market and Liquidity Risk Officer – Industrial and Commercial Bank of China Limited, Prague Branch Přihlásit Menu Nabídky práce Brigády Inspirace Zaměstnavatelé Vytvořit si životopis Nové Napište si skvělý životopis. Můžete si ho uložit, vytisknout nebo poslat do světa. Přihlásit Pro firmy Close Nabídky práce Brigády Inspirace Zaměstnavatelé Vytvořit si životopis Nové Přihlásit Pro firmy Close Přihlásit Pro firmy Nabídky práce Nabídky práce Detail nabídky Market and Liquidity Risk Officer Společnost Industrial and Commercial Bank of China Limited, Prague Branch Na strži 1702/65, Praha – Nusle Odpovědět Odpovědět Uložit nabídku Uložit nabídku Další možnosti Poslat nabídku na email Vytisknout Sdílet na Facebook Sdílet na X Nahlásit podezřelou nabídku Uloženou nabídku najdete v menu Uložené nabídky vpravo nahoře. Hotovo! Nabídku jsme poslali na e-mail . Teď už stačí jen odpovědět. Poslat nabídku na e-mail Dismiss Kam vám můžeme nabídku Market and Liquidity Risk Officer u Industrial and Commercial Bank of China Limited, Prague Branch poslat? E-mail příjemce Zadejte správný formát e-mailu Poznámka pro příjemce Nepovedlo se odeslat e-mail. Zkontrolujte, prosím, e-mailovou adresu a zkuste to znovu. Za účelem zaslání pracovní nabídky budou společnosti ze skupiny Alma Career zpracovávat Vámi zadaný e‑mail. Zobrazit méně Zobrazit více | Podmínky služby Potvrzením odeslání poskytujete společnostem ze skupiny Alma Career, jako společným správcům, své osobní údaje za účelem zaslání pracovní nabídky na portálu Jobs.cz. V souvislosti se zpracováním Vašich osobních údajů máte příslušná práva: (i) na přístup k osobním údajům, (ii) na opravu nepřesných nebo doplnění neúplných osobních údajů, (iii) na výmaz osobních údajů, nejsou-li již osobní údaje potřebné pro účely, pro které byly shromážděny či jinak zpracovány, anebo zjistíte-li, že byly zpracovávány protiprávně, (iv) na omezení zpracování osobních údajů ve zvláštních případech, (v) na přenositelnost údajů, (vi) vznést námitku, po níž zpracování Vašich osobních údajů bude ukončeno, neprokáže-li se, že existují závažné oprávněné důvody pro zpracování, jež převažují nad Vašimi zájmy nebo právy a svobodami zejména, je-li důvodem případné vymáhání právních nároků, (vii) obrátit se na Úřad pro ochranu osobních údajů a (viii) odvolat souhlas, je-li zpracování založeno na souhlasu. Alma Career Alma Career Czechia s.r.o., Menclova 2538/2, 180 00 Praha 8, Česko, IČO: 264 41 381 Alma Career Slovakia s.r.o., Pribinova 19, 811 09 Bratislava, Slovensko, IČO: 35 800 861 Alma Career Poland Sp. z o.o., Przeskok 2, 00-032 Varšava, Polsko, KRS 0000988078 Další informace o zpracování údajů jsou dostupné na https://almacareer.com/gdpr . Poslat na e-mail Úvodní představení ICBC is the largest bank in China, and the largest bank in the world by total assets, deposits, loans, number of customers and number of employees. For the ninth consecutive year in 2021, ICBC ranked 1st place in the three authoritative lists of The Banker’s Top 1000 World Banks, the Forbes Global 2000 and the Fortune Global 500 Sub-list of Commercial Banks. ICBC Prague Branch started business in Czech Republic from year 2017. We are located in Prague 4, Pankrac. For more details you can check our website: http://www.icbc-cz.com Pracovní nabídka 1. Main duties and responsibilities: a) Manage market risk and liquidity risk, include identifying, measuring, monitoring, controlling and reporting market risk and liquidity risk, communicate with relevant dep"
ccd69ca07047a5a6,Specialista/tka controllingu,ATEK s.r.o.,,,Unrated,Czechia,ATEK s.r.o.,https://data.mpsv.cz/web/data/volna-mista-za-celou-cr,2026-05-20T00:00:00.000Z,mpsv-open-data-cz,62,Positive: treasury / FP&A,official MPSV vacancy dataset,FP&A / Performance,,"NÁPLŇ PRÁCE: tvorba rozpočtů a finančních plánů pro jednotlivé projekty a oddělení, tvorba analýz odchylek mezi plánovanými a skutečnými výsledky, pravidelné finanční reporty, podpora controllingových procesů, vytváření finančních prognóz atd. DALŠÍ POŽADAVKY: SŠ/VŠ vzdělání, praxe v oblasti controllingu min.3 roky, analytické myšlení, zodpovědnost, samostatnosti, spolehlivost, komunikativnost NABÍZÍME: 5 týdnů dovolené, dotované stravování, Pluxee benefity, možnost profesního rozvoje, pružná pracovní doba, po zapracování doba neurčitá KONTAKT: e-mailem, telefonicky (po-ne neomezeně)"
52884d4c0b756be4,Specialista controllingu a firemních procesů (20 - 30 hodin týdně) - OZP (m/ž),Scenario s.r.o.,,,Unrated,Czechia,"Scenario s.r.o.,",https://data.mpsv.cz/web/data/volna-mista-za-celou-cr,2026-07-21T00:00:00.000Z,mpsv-open-data-cz,62,Positive: treasury / FP&A,official MPSV vacancy dataset,FP&A / Performance,,"Specialista controllingu a firemních procesů (vhodné i pro absolventy) (vhodné pro OZP | HPP - plný i zkrácený úvazek | Ostrava | nástup ihned / dohodou) Společnost Scenario s.r.o. patří mezi přední hráče na trhu informačních technologií. Na trhu působíme již více než 10 let, máme přibližně 50 zaměstnanců a působíme po celé České republice. Právě teď hledáme nové kolegy, kteří nám pomohou udržet provoz firmy hladký, efektivní a s úsměvem. Baví Vás čísla, tabulky, pořádek a hledání lepších řešení? Do našeho týmu hledáme nového kolegu nebo kolegyni, který/á nám pomůže s controllingem, reportingem a zlepšováním firemních procesů. Nehledáme člověka s desítkami let praxe - důležitější je chuť učit se, analytické myšlení a pečlivost. Pozice je vhodná také pro absolventy nebo uchazeče, kteří chtějí nastartovat kariéru v oblasti controllingu a práce s daty. Tato pozice je vhodná také pro osoby se zdravotním znevýhodněním (OZP). Nabízíme přizpůsobené prostředí a vstřícný přístup od prvního dne. Co bude Vaší prací - příprava reportů pro vedení společnosti, - práce s daty v Microsoft Excelu a dalších firemních systémech, - kontrola plnění úkolů a dodržování firemních procesů, - vyhodnocování výsledků a hledání možností zlepšení, - navrhování opatření pro efektivnější fungování firmy, - spolupráce s jednotlivými odděleními, - podpora obchodního ředitele při řízení společnosti. Co od Vás očekáváme - logické a analytické myšlení, - pečlivost, samostatnost a zodpovědnost, - dobrou znalost práce na počítači a chuť pracovat s Excelem, - ochotu učit se nové věci, - zájem o moderní technologie a umělou inteligenci. Co Vás u nás naučíme - práci s controllingem a firemními ukazateli, - efektivní využívání Microsoft Excelu, - dobrou znalost práce na počítači a chuť pracovat s Excelem, - práci s nástroji umělé inteligence pro analýzu dat, reporting a zvyšování produktivity, - moderní postupy řízení procesů a organizace práce. Co nabízíme - hlavní pracovní poměr - možnost plného i zkráceného úvazku podle vašich možností, - důkladné zaškolení a podporu zkušených kolegů, - možnost rychlého profesního růstu, - práci, která má skutečný dopad na fungování firmy, - přímou spolupráci s obchodním ředitelem, - moderní pracovní prostředí využívající umělou inteligenci, - odpovídající finanční ohodnocení, - práci od pondělí do pátku - víkendy a svátky volné, - možnost práce z domova (Home Office), - kvalitní káva zdarma, dostupnost MHD i možnost pohodlného parkování. Naše společnost dlouhodobě zaměstnává osoby se zdravotním postižením a vytváří podmínky, ve kterých mohou profesně růst. Proto uvítáme i uchazeče bez dlouholeté praxe, kteří mají chuť učit se, rozvíjet své schopnosti a stát se důležitou součástí našeho týmu. Zaujala vás tato nabídka? Pošlete nám svůj životopis na kariera@scenario.cz Těšíme se na vás! Tým Scenario Společnost Scenario s.r.o. si vyhrazuje právo nekontaktovat uchazeče, kteří nesplní výše uvedené požadavky. Odpovědí na tento inzerát souhlasíte se zpracováním osobních údajů dle zákona č. 110/2019 Sb., a to až do odvolání písemnou formou. Mzda: 12 200 - 30 000 Kč dle úvazku"
d281e3ef584be978,Liquidity Solution,Clearstream Services Prague Branch,,,Unrated,Czechia,Clearstream Services Prague Branch - Praha,https://data.mpsv.cz/web/data/volna-mista-za-celou-cr,2026-08-18T00:00:00.000Z,mpsv-open-data-cz,62,Positive: treasury / markets / derivatives (risk),official MPSV vacancy dataset,Treasury / Markets,,"Vaše odpovědnosti o Inovativní vývoj produktů a dokumentace: Neustále vylepšovat a rozvíjet inovativní hotovostní a devizová produktová řešení s cílem splnit požadavky trhu a zlepšit spokojenost zákazníků. o Monitorování výkonnosti: Posilovat monitorovací a prognostické schopnosti klíčových ukazatelů výkonnosti produktů s cílem zajistit optimální výkon a strategické rozhodování. o Řízení zainteresovaných stran: Udržování a řízení vztahů s interními i externími zainteresovanými stranami, protistranami a klienty s cílem zajistit efektivní spolupráci a komunikaci. o Řízení zdrojů a prezentace: Prezentace produktu interně i externě, řízení zdrojů a vedení týmů k dosažení cílů produktu. o Dodržování předpisů: Zajištění dodržování předpisů, rychlé řešení auditovaných položek a pravidelná aktualizace postupů, zásad a zákaznické dokumentace. o Řízení rizik: Identifikace a řízení podstatných rizik v souladu s rámcem rizik, optimalizace nákladů a rozvoj nových zdrojů příjmů. o Optimalizace technologií: Kontrola a stabilizace technologického prostředí ve spolupráci s IT, implementace a rozšíření služeb správy hotovosti a devizových operací a zvýšení provozní efektivity a poskytování služeb. o Standardy finančních zpráv: Podpora přechodu na nové standardy finančních zpráv, jako je ISO 20022, s cílem zajistit dodržování předpisů a zlepšit procesy přeshraničních plateb. Váš profil o Vysokoškolský titul o Ideálně předchozí zkušeností v bance, finanční instituci, korporátním treasury oddělení nebo srovnatelné zkušenosti s poradenstvím v příslušné funkci. o Dobrá znalost treasury aktivit. o Zájem o finanční trhy, finanční produkty a regulační prostředí. o Analytické schopnosti, orientace na výsledky, angažovanost, vysoká míra organizační soběstačnosti, motivace a přesnost. o Základní znalost systémů pro správu finančních prostředků (např. SAP S/4HANA Finance). o Silné znalosti obchodní analytiky a programování (VBA, Python, R) jsou výhodou. o Efektivní týmový hráč s dobrými komunikačními dovednostmi. o Kompetentní ovládání MS Office. o Znalost angličtiny psanou i mluvenou; němčina nebo francouzština výhodou."
b8e1cca597bb7707,Referent controllingu (M/Ž),EDSCHA AUTOMOTIVE KAMENICE s.r.o.,,,Unrated,Czechia,EDSCHA AUTOMOTIVE KAMENICE s.r.o.,https://data.mpsv.cz/web/data/volna-mista-za-celou-cr,2026-07-30T00:00:00.000Z,mpsv-open-data-cz,62,Positive: treasury / FP&A,official MPSV vacancy dataset,FP&A / Performance,,"Úplné středoškolské vzdělání (maturita) ekonomického směru Zkušenosti v oblasti účetnictví a zpracování účetní agendy Dobrá orientace v účetních a souvisejících předpisech Pečlivost, samostatnost a odpovědný přístup k práci Ochota průběžně rozšiřovat odborné znalosti a sledovat legislativní změny Kontakt e-mailem nebo telefonicky."
d7ea64d02dd57ded,"Senior Consultant Treasury Strategy, Transformation & Transactions (w/m/d)",EY GmbH & Co. KG WPG,,,Unrated,Germany,"Stuttgart, Baden-Württemberg, DE; Eschborn, Hessen, DE; München, Bayern, DE; Düsseldorf, Nordrhein-Westfalen, DE; Hamburg, Hamburg, DE; Berlin, Berlin, DE",https://www.arbeitsagentur.de/jobsuche/jobdetail/15548-1427657-2-S,2026-09-25,arbeitsagentur-de,77,"Positive: transactions / M&A, treasury / FP&A, plausible level; verify responsibilities",hedging,Treasury / Markets,,"Requisition ID: 1611935 Are you ready to shape your future with confidence? Gemeinsam die Welt jeden Tag ein bisschen besser machen. Für diesen Anspruch setzen wir bei EY alles in Bewegung und gehen als Team „all in“. Schließlich haben wir ein klares Ziel vor Augen: nachhaltigen Wert und Wachstum zu schaffen – für unsere Mandant:innen, Mitarbeitenden und die gesamte Gesellschaft. Unser globales Netzwerk aus rund 400.000 Mitarbeitenden weltweit bietet dir alle Möglichkeiten zu wachsen, dich zu entwickeln, dich zu spezialisieren sowie deine Stärken und Interessen beruflich zu verfolgen. Wir glauben daran, dass der richtige Karriereweg so individuell ist wie du. Deine Aufgaben Werde Teil unseres Teams EY Global Treasury Services innerhalb der Financial Accounting Advisory Services (FAAS) in Berlin, Düsseldorf, Stuttgart, Frankfurt/Main, Hamburg oder München. Gemeinsam mit Treasury-, Prozess- und Technologieexpert:innen unterstützt du nationale und internationale Unternehmen bei strategischen und operativen Treasury-Transformationen. Dabei übernimmst du vielfältige Aufgaben: Du begleitest unsere Mandant:innen beim Aufbau und bei der Weiterentwicklung von Treasury-Funktionen im Rahmen von Finanztransformationen und M&A-Transaktionen wie Carve-outs und Integrationen. Du entwickelst und implementierst zukunftsfähige Treasury-Lösungen unter Einbezug moderner Technologien, Daten und Künstlicher Intelligenz und berätst zum Einsatz KI-gestützter Systeme für die Liquiditätsplanung und cash-orientierte Unternehmenssteuerung. Du wählst Treasury-Management-Systeme wie FIS, Kyriba, Nomentia, SAP, ION oder Coupa aus und begleitest deren Konzeption und Implementierung. Du analysierst und optimierst Treasury-Strategien und -Prozesse in den Bereichen Cash Management, Zahlungsverkehr, Finanzierung und Finanzrisikomanagement einschließlich Hedging. Du arbeitest eng mit Kolleg:innen aus Strategy and Transactions sowie Consulting zusammen und entwickelst zukunftsfähige Treasury-Strategien. Dein Skillset Du hast dein Studium der Wirtschaftswissenschaften, Wirtschaftsinformatik oder eines vergleichbaren Studiengangs erfolgreich abgeschlossen und verfügst über mindestens zwei Jahre Berufserfahrung im Treasury-Umfeld, in der Unternehmensberatung oder in einer vergleichbaren Finance-Funktion. Du verfügst über fundierte Kenntnisse und Projekterfahrung in wesentlichen Bereichen des Corporate Treasury, wie Cash Management, Zahlungsverkehr, Liquiditätsplanung, Finanzierung oder Finanzrisikomanagement einschließlich Hedging. Du gehst sicher mit relevanten Treasury-Technologien und digitalen Lösungen um und arbeitest strukturiert, proaktiv und eigenständig. Sehr gute Deutsch- und Englischkenntnisse, jeweils mindestens auf C1-Niveau, sowie projektbezogene Reisebereitschaft runden dein Profil ab. Dein Mindset Agil: Du bist der Meinung, dass eine flexible Denkweise genauso wichtig für den Erfolg ist wie Wissen und Fähigkeiten. Neugierig: Du bist ambitioniert und engagiert. Wir suchen Menschen, die in Chancen und nicht in Herausforderungen denken und durch gezielte Fragen bessere Lösungen finden. Teamorientiert : Du schätzt vielfältige Perspektiven und arbeitest gerne im Team. Wir suchen Menschen, die gemeinsam mit uns etwas erreichen und ein vertrauensvolles Arbeitsumfeld schaffen wollen. Deine Benefits Bei EY arbeitest du in leistungsstarken, interdisziplinären Teams mit innovativen Technologien. In einem flexiblen und inklusiven Arbeitsumfeld unterstützen wir dich in dein"
12f085d51f37810f,Senior Treasury Manager Cash & Liquidity Management (m/w/d),REMA TIP TOP AG,,,Unrated,Germany,"Poing bei München, Bayern, DE",https://www.arbeitsagentur.de/jobsuche/jobdetail/10001-1003494412-S,2026-08-05,arbeitsagentur-de,74,"Positive: treasury / FP&A, treasury / markets / derivatives (risk)",cash management; liquidity management; treasury manager,Treasury / Markets,,"Über Uns Die REMA TIP TOP AG ist ein weltweit agierender Systemlieferant für Material Handling und Fördersysteme sowie für Verschleiß- und Korrosionsschutz. Durch unseren Einsatz können regionale und globale Kunden durch effektive Systeme, Konzepte, Anwendungen und Services unterstützt werden. Darüber hinaus ist das Unternehmen Spezialanbieter für die Bereiche Reifenreparatur und Werkstatteinrichtungen und bietet darin, neben den jeweiligen Produkten, auch Dienstleistungen sowie Konzeptplanungen für globale Key-Account Kunden an. Ihr Aufgabengebiet Operative Abwicklung des nationalen und internationalen Zahlungsverkehrs sowie Verwaltung der Bankkonten Durchführung der täglichen Finanzdisposition einschließlich kurzfristiger Geldanlage und - aufnahme Betreuung und Pflege des Treasury-Management-Systems (TMS) Implementierung und Weiterentwicklung von Cash-Pooling-Strukturen sowie Verwaltung interner Darlehen und Intercompany-Verträge Durchführung und Weiterentwicklung der operativen Liquiditätsplanung inklusive Konsolidierung, Reporting und Stammdatenpflege im TMS Unterstützung der nationalen und internationalen Tochtergesellschaften in den Bereichen Cash Management, Liquiditätsplanung und Inhouse Banking Unterstützung des Fremdwährungs-, Zins- und Rohstoffrisikomanagements, einschließlich operativer Absicherungsgeschäfte über 360T und TMS Erstellung von Treasury-Reports und Analysen sowie Ansprechpartner für die Tochtergesellschaften in Treasury- und Risiko-Management-Themen"
dc67ef3d0f7a044c,Junior Treasury Manager Cash & Liquidity Management (m/w/d),REMA TIP TOP AG,,,Unrated,Germany,"Poing bei München, Bayern, DE",https://www.arbeitsagentur.de/jobsuche/jobdetail/10001-1003494725-S,2026-08-05,arbeitsagentur-de,74,"Positive: treasury / FP&A, treasury / markets / derivatives (risk)",cash management; hedging; liquidity management; treasury manager,Treasury / Markets,,"Über Uns Die REMA TIP TOP AG ist ein weltweit agierender Systemlieferant für Material Handling und Fördersysteme sowie für Verschleiß- und Korrosionsschutz. Durch unseren Einsatz können regionale und globale Kunden durch effektive Systeme, Konzepte, Anwendungen und Services unterstützt werden. Darüber hinaus ist das Unternehmen Spezialanbieter für die Bereiche Reifenreparatur und Werkstatteinrichtungen und bietet darin, neben den jeweiligen Produkten, auch Dienstleistungen sowie Konzeptplanungen für globale Key-Account Kunden an. Ihr Aufgabengebiet Unterstützung bei der Überwachung und Analyse von Fremdwährungs-, Zins- und Rohstoffrisiken sowie bei der Umsetzung von Hedging-Maßnahmen Erstellung von Treasury-Reports, Ad-hoc-Analysen und Unterstützung im Hedge Accounting nach HGB und IFRS Mitarbeit bei der Betreuung und Weiterentwicklung der Treasury-Systeme (TMS, 360T) Operative Abwicklung des Zahlungsverkehrs, Verwaltung der Bankkonten sowie Unterstützung bei der täglichen Finanzdisposition Mitwirkung bei der Liquiditätsplanung einschließlich Reporting und Pflege der Stammdaten im TMS Unterstützung bei Cash Pooling, internen Darlehen und Inhouse-Banking-Prozessen Ansprechpartner für nationale und internationale Gesellschaften in Treasury-Themen Ihr Profil Abgeschlossenes Studium mit finanzwirtschaftlichem Schwerpunkt oder vergleichbare Qualifikation Erste Berufserfahrung im Corporate Treasury oder Finanzbereich Interesse an Liquiditätsplanung und Inhouse Banking Idealerweise Erfahrung mit Treasury-Management-Systemen (z. B. 360T) Kenntnisse im Hedge Accounting nach HGB und IFRS von Vorteil Sehr gute Excel- sowie gute Deutsch- und Englischkenntnisse Wir bieten Ihnen Möglichkeit zum mobilen Arbeiten nach Absprache Kantine vor Ort mit Arbeitgeberzuschuss Bikeleasing / PC Leasing 30 Tage Urlaub Corporate Benefits Flexible Arbeitszeiten Sollten Sie noch Fragen haben dann hilft Ihnen unser konzerninternes Recruiting Team der dbs Delta Business Service GmbH gerne weiter. Bewerbung an: Isabella.Brandl@dbs-gruppe.de 08121/7071013"
f3128b7b8f4777fd,Cash & Liquidity Manager Group Treasury (m/w/d),MONTAPLAST GmbH,,,Unrated,Germany,"Morsbach, Nordrhein-Westfalen, DE",https://www.arbeitsagentur.de/jobsuche/jobdetail/10000-1207459867-S,2026-08-07,arbeitsagentur-de,74,"Positive: treasury / FP&A, treasury / markets / derivatives (risk)",cash management; liquidity management,Treasury / Markets,,"Wir Formen Automobile Zukunft - Mach Mit Übernehmen Sie Verantwortung in einem internationalen Treasury-Umfeld und treiben Sie Veränderungen voran. Als Teil unseres Group-Treasury-Teams gestalten Sie die Weiterentwicklung unserer globalen Liquiditätssteuerung, begleiten spannende Finance-Transformationen und schaffen die Basis für effiziente, digitale Treasury-Prozesse von morgen. In dieser vielseitigen Position übernehmen Sie eine zentrale Rolle im internationalen Cash & Liquidity Management. Sie verantworten die Erstellung und Analyse der rollierenden 13-Wochen-Liquiditätsplanung, unterstützen die Steuerung der gruppenweiten Liquidität und arbeiten aktiv an der Standardisierung sowie Digitalisierung von Treasury-Prozessen mit. Darüber hinaus bringen Sie Ihre Expertise in strategischen Projekten wie der Einführung eines Treasury Management Systems oder der SAP S/4HANA-Transformation ein und agieren als wichtige Schnittstelle zwischen Treasury, Accounting, Controlling, IT und unseren internationalen Gesellschaften. Ihre Aufgaben Cash & Liquidity Management • Erstellung, Pflege und Analyse der rollierenden 13-Wochen-Liquiditätsplanung • Überwachung und Steuerung der täglichen Liquidität auf Gruppenebene • Analyse von Cashflow-Entwicklungen sowie Forecast-Abweichungen • Erstellung regelmäßiger Treasury- und Liquiditätsreports • Unterstützung und Weiterentwicklung des konzernweiten Working Capital Managements • Mitarbeit im internationalen Cash Management und Zahlungsverkehr • Betreuung von Bankkonten, Kreditlinien und kurzfristigen Finanzierungen Treasury Excellence & Finance Transformation • Weiterentwicklung, Standardisierung und Digitalisierung von Treasury-Prozessen • Unterstützung bei treasuryrelevanten internen Kontrollsystemen • Mitarbeit bei der Einführung und Optimierung von Treasury Management Systemen • Aktive Unterstützung der SAP S/4HANA-Einführung im Finance- und Treasury-Umfeld • Durchführung von Tests, Dokumentationen und Prozessdefinitionen im Rahmen von System- und Transformationsprojekten Internationale Zusammenarbeit • Ansprechpartner (m/w/d) für internationale Tochtergesellschaften in Treasury-Themen • Enge Zusammenarbeit mit Accounting, Controlling, IT und externen Partnern • Unterstützung bei Monats-, Quartals- und Jahresabschlüssen • Mitarbeit in internationalen Projekten zur Digitalisierung der Finance-Funktion Ihr Profil Fachliche Qualifikationen • Erfolgreich abgeschlossenes Studium mit Schwerpunkt Finance, Treasury, Banking oder eine vergleichbare Qualifikation (z. B. Certified Corporate Treasurer) • 3–5 Jahre Berufserfahrung im Corporate Treasury eines international tätigen Industrieunternehmens • Fundierte Kenntnisse im Cash & Liquidity Management • Praktische Erfahrung in der Erstellung und Steuerung von 13-Wochen-Liquiditätsplanungen, idealerweise im Restrukturierungs- oder Transformationsumfeld • Erfahrung in internationalen Unternehmensstrukturen • Erfahrung in Finance- und Treasury-Projekten, insbesondere bei der Einführung von Treasury Management Systemen • Kenntnisse in SAP S/4HANA oder Erfahrung in SAP-Transformationsprojekten von Vorteil • Gute Kenntnisse im Zahlungsverkehr und Bankenumfeld • Sicherer Umgang mit MS Excel sowie Reporting- und Analysetools • Sehr gute Deutsch- und Englischkenntnisse in Wort und Schrift Persönliche Stärken • Analytische und strukturierte Arbeitsweise • Ausgeprägtes Zahlenverständnis und hohe Prozessaffinität • Selbstständige, lösungsorientierte und pragmatische Herangeh"
475afd17139e6a11,Treasury Manager Devisenhandel und FX Hedging (m/w/d),KSB SE & Co. KGaA,,,Unrated,Germany,"Frankenthal (Pfalz), Rheinland-Pfalz, DE",https://www.arbeitsagentur.de/jobsuche/jobdetail/10001-1003748481-S,2026-09-23,arbeitsagentur-de,74,"Positive: treasury / FP&A, treasury / markets / derivatives (risk)",hedging,Treasury / Markets,,"Ihre Aufgabe Zur Verstärkung unseres Group Treasury Teams suchen wir einen erfahrenen Treasury Manager Devisenhandel und FX-Hedging (m/w/d), der die konzernweiten Fremdwährungsrisiken aktiv steuert und die Weiterentwicklung unserer Treasury- und Risikomanagementprozesse unterstützt. Unsere Büros sind ausgestattet mit modernstem Equipment. In mobilen Arbeitsplatzregelungen arbeiten Sie on-site und teilweise remote. Gestalten Sie mit uns die Zukunft des Treasurys und bringen Sie sich hier mit ein: Eigenverantwortliche Durchführung und Abwicklung von Devisengeschäften (Spot-, Termin- und Swapgeschäfte) unter Berücksichtigung von Marktbedingungen und Best-Execution-Grundsätzen Steuerung konzernweiter Fremdwährungsrisiken einschließlich Exposure-Management sowie Entwicklung, Umsetzung und Weiterentwicklung von Hedging-Strategien und Intercompany-Hedging-Maßnahmen Bewertung, Überwachung und Analyse von Devisenpositionen und Sicherungsgeschäften einschließlich Performance- und Effektivitätsanalysen Mitgestaltung, Umsetzung und Dokumentation von Hedge-Accounting-Prozessen für konzernweite Sicherungsbeziehungen in Zusammenarbeit mit Accounting und Wirtschaftsprüfern Beobachtung und Analyse internationaler Währungs- und Finanzmärkte sowie Ableitung von Handlungsempfehlungen für das konzernweite Fremdwährungsmanagement Erstellung von Marktanalysen, Treasury-Reports und Entscheidungsvorlagen für den Head of Group Treasury und weitere Entscheidungsträger Verantwortung für die kontinuierliche Optimierung des Foreign Exchange Managements sowie aktive Mitgestaltung internationaler Treasury-Projekte, Systeme und Prozesse Aufbau und Pflege von Beziehungen zu internationalen Bankpartnern und Finanzdienstleistern sowie Sicherstellung der Einhaltung interner Treasury-Richtlinien und regulatorischer Anforderungen"
d448ff1c82401024,"Werkstudent (m/w/d) Corporate Finance, Treasury & ESG",KIRCHHOFF Automotive SE,,,Unrated,Germany,"Iserlohn, Nordrhein-Westfalen, DE",https://www.stellenanzeigen.de/job/werkstudent-m-w-d-corporate-finance-treasury-esg-iserlohn-sde-117686/,2026-08-28T00:00:01+00:00,stellenanzeigen-de,72,"Positive: corporate finance / valuation, treasury / FP&A",treasury; treasury manager; treasury specialist,Treasury / Markets,,"Wir sind ein international tätiger Automobilzulieferer und bieten Karosserielösungen, die die Mobilität von morgen sicher machen. Mit 7600 Beschäftigten weltweit entwickeln und produzieren wir komplexe Metall- und Hybridstrukturen für Rohkarosserie und Fahrwerk, die bei einem Autounfall entscheidend zum optimalen Schutz aller Fahrzeuginsassen beitragen. Werkstudent (m/w/d) Corporate Finance, Treasury & ESG Iserlohn, Stefanstraße Deine Aufgaben Unterstützen unseres Teams beim ESG-Reporting Mitwirken an der Erstellung von Zins- und Währungsprognosen Mithelfen bei der Aufbereitung und Analyse interner Treasury-Reports Mitarbeiten an spannenden Fragestellungen im Bereich Corporate Finance & Transactions Aufbereitung von Kalkulationsergebnissen sowie verständliche Darstellung für externe Stakeholder Mitarbeit in IT- und Controlling-Projekten sowie Unterstützung bei der Weiterentwicklung von Tools und Prozessen Mitwirkung bei der Erstellung und Betreuung von Businessplänen für die Errichtung bzw. den Ausbau von KIRCHHOFF Automotive Standorten Dein Profil Eingeschrieben:er Student:in der Wirtschaftswissenschaften oder eines vergleichbaren Studiengangs (gerne ab dem 3. Semester) Erste Erfahrung mit den Themen Finance, Treasury und Nachhaltigkeit (ESG) Solide Kenntnisse in MS-Office, insbesondere Excel Sehr gute Deutsch- sowie gute Englischkenntnisse Analytisches Denkvermögen, Zahlenaffinität und eine strukturierte Arbeitsweise Teamgeist, Zuverlässigkeit und Lernbereitschaft Unsere Benefits Als innovativer Arbeitgeber ist es für uns selbstverständlich Dich mit modernster Technik auszustatten und Dir die Möglichkeit für mobiles Arbeiten zu geben Gesunde Ernährung ist wichtig, daher stellen wir allen Beschäftigten frisches Obst und Gemüse am Arbeitsplatz zur Verfügung Eine maßgeschneiderte Personalentwicklung sichert Deine beruflichen Erfolge Hier ist für jeden etwas dabei! Durch unsere Kooperationspartner sorgen wir für einen gesunden Ausgleich (Fitnessstudio, kostenloses Schwimmen im regionalen Hallenbad, Schutzimpfungen) Dabei sein lohnt sich! Mitarbeitervorteile durch Corporate Benefits Einzigartig! KIRCHHOFF Culture Life: Kultur und Events – bei uns bleibt es abwechslungsreich Interessiert? Sende uns gerne Deine vollständigen Bewerbungsunterlagen (Anschreiben, Lebenslauf, Zertifikate u. Zeugnisse) direkt über unser Online-Bewerberportal. Wir freuen uns auf Deine Bewerbung! Dein Kontakt KIRCHHOFF Automotive SE Tobias Buslapp Stefanstraße 2 58638 Iserlohn GERMANY Telefon:+49 2371 820 – 2047"
20ba0016d3f20ff1,Berater Corporate Treasury & Working Capital Management (w/m/d),EY Consulting GmbH,,,Unrated,Germany,"Düsseldorf, Nordrhein-Westfalen, DE; München, Bayern, DE; Berlin, Berlin, DE; Köln, Nordrhein-Westfalen, DE; Eschborn, Hessen, DE; Hamburg, Hamburg, DE; Stuttgart, Baden-Württemberg, DE",https://www.arbeitsagentur.de/jobsuche/jobdetail/15548-1465500-1-S,2025-08-13,arbeitsagentur-de,72,"Positive: treasury / FP&A, restructuring / working capital",corporate treasury,Treasury / Markets,,"Requisition ID: 1609123 Are you ready to shape your future with confidence? Gemeinsam die Welt jeden Tag ein bisschen besser machen. Für diesen Anspruch setzen wir bei EY alles in Bewegung und gehen als Team „all in“. Schließlich haben wir ein klares Ziel vor Augen: nachhaltigen Wert und Wachstum zu schaffen – für unsere Mandant:innen, Mitarbeitenden und die gesamte Gesellschaft. Unser globales Netzwerk aus rund 400.000 Mitarbeitenden weltweit bietet dir alle Möglichkeiten zu wachsen, dich zu entwickeln, dich zu spezialisieren sowie deine Stärken und Interessen beruflich zu verfolgen. Wir glauben daran, dass der richtige Karriereweg so individuell ist wie du. Deine Aufgaben Als Teil unseres Finance-Teams in Berlin, Hamburg, Stuttgart, Frankfurt/Main, Köln, Düsseldorf oder München berätst du unsere Kund:innen bei der Digitalisierung, Automatisierung und Optimierung von Prozessen im Rechnungswesen und Controlling. Dabei übernimmst du vielfältige Aufgaben: Beratung nationaler und internationaler Unternehmen zu allen Fragen des Corporate-Treasury-Managements (Cash Management, Zahlungsverkehr, Bankenstrategie, Risikomanagement, Liquiditätsplanung, etc.) sowie bei Working Capital Fragestellungen (Credit, DSO Optimierung, etc.) Weiterentwicklung der Organisation und bestehender Prozesse im Corporate Treasury der Kund:innen Konzeption und Implementierung von Treasury-Management-Systemen unter Berücksichtigung neuester digitaler Technologien Begleitung der Kund:innen bei der Umsetzung der Zentralisierung- und Reporting-Strategien der Finanz- und Treasuryeinheiten Verantwortung für die eigenen (Teil-)Projektfortschritte Dein Skillset Abgeschlossenes Studium in Wirtschaftswissenschaften, Wirtschaftsingenieurwesen oder Wirtschaftsinformatik, idealerweise mit einer Schwerpunktsetzung im Finanzwesen Technologieaffinität sowie grundlegende Erfahrungen in SAP und in der Rechnungslegung nach HGB und IFRS, ergänzt durch mindestens zwei Jahre Berufserfahrung in der Beratung oder Industrie mit Fokus auf Corporate Treasury Begeisterung für die Arbeit in einem agilen Projektumfeld und die Bereitschaft, Verantwortung zu übernehmen, verbunden mit hoher Flexibilität, sehr guten Deutsch- und Englischkenntnissen sowie Reisebereitschaft für internationale Herausforderungen Dein Mindset Agil: Du bist der Meinung, dass eine flexible Denkweise genauso wichtig für den Erfolg ist wie Wissen und Fähigkeiten. Neugierig: Du bist ambitioniert und engagiert. Wir suchen Menschen, die in Chancen und nicht in Herausforderungen denken und durch gezielte Fragen bessere Lösungen finden. Teamorientiert : Du schätzt vielfältige Perspektiven und arbeitest gerne im Team. Wir suchen Menschen, die gemeinsam mit uns etwas erreichen und ein vertrauensvolles Arbeitsumfeld schaffen wollen. Deine Benefits Bei EY arbeitest du in leistungsstarken, interdisziplinären Teams mit innovativen Technologien. In einem flexiblen und inklusiven Arbeitsumfeld unterstützen wir dich in deinen unterschiedlichen Lebenssituationen. Inspirierende Kolleg:innen sowie Trainings- und Entwicklungsmöglichkeiten on- und off-the-Job helfen dir dabei, über dich hinauszuwachsen und die Fähigkeiten weiterzuentwickeln, die du zukünftig brauchst. Eine steile Lernkurve ist dir garantiert. Mehr über unsere Benefits . Bewirb dich noch heute! Mehr Informationen zum Bewerbungsprozess bei EY findest du auf unserer Karriereseite . Bei EY leben wir Vielfalt und begrüßen alle Bewerbungen. Sag uns gerne frühzeitig Bescheid, wenn wi"
07a01001d447ba54,Referentin Corporate Finance / Treasury (a*) - befristet für 2 Jahre,Hamburger Energienetze GmbH,,,Unrated,Germany,"Hamburg, Hamburg, DE",https://www.arbeitsagentur.de/jobsuche/jobdetail/13755-44459039-922-S,2026-09-23,arbeitsagentur-de,72,"Positive: corporate finance / valuation, treasury / FP&A",corporate finance; corporate treasury,Treasury / Markets,,"Corporate Finance & Treasury-Referentenstelle, befristet auf 2 Jahre. Aufgaben: Finanzierungsstrategien, Analyse von Finanzierungsinstrumenten, Liquiditätsplanung und Fördermittelmanagement. Voraussetzung: BWL-Studium mit Finance-Schwerpunkt, Treasury-Erfahrung sowie SAP FI und MS-Office-Kenntnisse."
33c79f01b2129901,Investment Manager Infrastructure Equity Transactions (m|f|d),MEAG,meag,Public Markets & Asset Management,Unrated,Germany,"München, DE",https://www.stellenanzeigen.de/job/investment-manager-infrastructure-equity-transactions-m-f-d-muenchen-jim-300638/,2026-08-02T10:44:56.835668+00:00,stellenanzeigen-de,70,"Positive: transactions / M&A, investments / portfolio / asset management",investment manager,Investments / PE,"Asset Management / Insurance Investments · Institutional asset manager tied to Munich Re with fixed-income, investment and insurer-balance-sheet relevance.","Location Munich, Germany Job type Full-Time Work mode Hybrid Job level Professional Job ID 6604-2142 Company MEAG Employment type Not available Area of expertise Asset & Investment Management MEAG is part of Munich Re Group and one of the world's foremost asset managers. MEAG Infrastructure Equity invests across Energy Transition, Sustainable Transport, Digital Infrastructure and Essential Infrastructure in Europe and the USA, following a long-term buy-and-build strategy. You join our Transaction Team in Munich as the execution engine of our deal teams, with direct exposure to every stage of the investment lifecycle. Shape the future with us: Build, own and quality-assure the integrated financial and project finance models (cash flow, returns, capital structure, tax) that underpin valuation and investment decisions Run valuations and scenario, sensitivity and stress analyses (DCF, trading comparables, precedent transactions) to test each opportunity Manage the transaction process end to end: timetable, workstreams, data room, issue log and investment committee calendar Coordinate the full due diligence set (commercial, technical, financial, tax, insurance, legal, ESG) and steer external advisors and internal stakeholders Prepare and quality-check investment committee materials and support the structuring and negotiation of transaction documents (term sheets, SPA, financing) Support the post-closing handover to asset management, keep the pipeline decision-ready and monitor market and regulatory trends across our four investment themes Your talents: Degree in finance, economics, engineering or a related field; MBA, CFA or a comparable qualification is a strong plus 4 to 8 years of relevant experience with an infrastructure or private equity investor, investment bank, corporate finance function or transaction advisory environment; direct infrastructure equity execution experience is an advantage Strong financial and project finance modelling skills and analytical rigour, with hands-on Excel and PowerPoint; VBA and comfort with AI-assisted analysis tools (e.g. Claude, Copilot) are a plus Proven ability to run several workstreams in parallel and drive a transaction to closing under deadline pressure: structured, organised and detail-oriented Hands-on mentality, ownership and sound judgement, with the communication skills to keep advisors, co-investors and internal stakeholders aligned Fluent English is required; German or the willingness to learn German is highly valued; an additional European language is a plus These benefits await you: Flexibility: Mobile work (option to work from home a few days a week), 30 days of vacation Asset Accumulation & Retirement Planning: Company pension system & employee savings plan Development: Intensive professional & personal development (internal & external offerings), LinkedIn Learning access Health: Comprehensive company doctor services, Urban Sports cooperation Family: pme family service, childcare allowance, care assistance, cooperation with daycare centers, flexible working hours Other: Daily free lunch in our cafeteria, Free hot drinks & water, ""Deutschland Ticket Job"" subsidy, Events, Underground parking garage with e-charging infrastructure & much more! Please note that this list is based on current collective agreements. These may change. The list is for information purposes only. We do not accept any liability for individual points. MEAG stands not only for a partnership-based relationship with c"
40323bc3a241fa7f,Investment Manager – Infrastructure Equity Transactions (m|f|d),MEAG MUNICH ERGO AssetManagement GmbH,,,Unrated,Germany,"München, Bayern, DE",https://www.arbeitsagentur.de/jobsuche/jobdetail/10001-1001333822-S,2025-04-09,arbeitsagentur-de,70,"Positive: transactions / M&A, investments / portfolio / asset management",financial modelling; investment manager; private equity,Investments / PE,,"MEAG, the asset manager of Munich Re and ERGO, contributes significantly to the success of the Munich Re Group. Our employees combine unique know-how in all relevant asset classes and are the driving force behind our success as one of the top asset managers worldwide. As a team, we are unbeatable – we have impressively proven this even in times of Corona. MEAG – All Assets. One Team. We are looking to further strengthening our highly motivated Transaction Team in the Infrastructure Equity division. Dynamic capital markets meet a strong team spirit and a modern working environment in Munich Schwabing. The Infrastructure Equity portfolio reflects MEAG's expertise in all major infrastructure sectors in Europe and the USA. MEAG IE follows a long-term orientated buy & build investment strategy within four main investment themes: Energy Transition, Sustainable Transport, Digital Infrastructure and Essential Infrastructure. We acquire minorities, co-control and majorities in mid-market companies in line with our core/ core+ investment approach and strive to grow them throughout our ownership with an pro-active asset management approach With your endurance, decision-making strength and performance orientation, you make a significant contribution to our team's success. You are keen to actively shape the future in the infrastructure equity sector and have several years of professional experience in the field of alternative investments on the equity side. You like to get to the bottom of things and appreciate the diverse and very demanding requirements for direct investments. You are spurred on by challenges and have a hands-on mentality. You have identified the enormous, worldwide need for infrastructure investments and the transformation towards carbon neutrality as a highly attractive field of activity in which you would like to get involved with outstanding commitment. Your responsibilities: Screen, identify and evaluate suitable equity direct investment opportunities within the infrastructure sector, with a focus on energy transition, sustainable transport, digital and essential infrastructure Conduct financial modelling, valuations, and due diligence to assess the viability of potential investment opportunities As part of a dealteam, lead comprehensive due diligence workstreams, including commercial, technical, financial, tax, insurance and ESG, among other Prepare and present investment committee materials and coordinate the investment process with internal stakeholders Assist in structuring processes and negotiating transaction documents, working closely with senior investment managers, co-investors, and external advisors Collaborate with the asset management team, particularly during the post-closing handover and throughout sell-side processes Contribute to the further development of investment strategies and fundraising of infrastructure equity products for institutional clients Stay informed on market trends and regulatory changes, proactively organizing regular catch-up and pipeline calls with key partners and external advisors to ensure timely insights and strategic alignment Your profile: Degree in economics, finance, engineering, or a related field (additional qualifications such as CFA or equivalent are a strong advantage) At least 3 years of professional experience in the investment sector, preferably with an investment bank, infrastructure or private equity investor, consulting firm or audit company Strong financial modelling and"
465c43c6f18f6916,Treasury Specialist (m/f/d),tesa,,,Unrated,Germany,"Hamburg, DE",https://www.stellenanzeigen.de/job/treasury-specialist-m-f-d-hamburg-jim-257563/,2026-07-24T23:52:29.678696+00:00,stellenanzeigen-de,67,"Positive: treasury / FP&A, plausible level; verify responsibilities",treasury specialist,Treasury / Markets,,"Location: Germany, Hamburg - Headquarter tesa SE Level: Professionals Function: Finance / Controlling Working Hours: Full-time What you will do Join a newly forming Corporate Treasury team and help shape the future treasury landscape at tesa. In this role, you will contribute to treasury transformation initiatives, including optimizing the global banking structure, enhancing cash management processes, improving worldwide cash visibility, and supporting key projects such as the ISO 20022 migration and intercompany funding process improvements. This is a unique opportunity for someone who enjoys identifying efficiencies, driving change, and building scalable treasury processes in an international environment. Key responsibilities: Manage daily cash disposition, including monitoring liquidity and determining financial status Prepare and monitor short- and mid-term financial planning for tesa SE Execute and oversee treasury bank activities, including payment processing, confirmations, and issue resolution Monitor and manage financial transactions related to money market activities, foreign exchange, intercompany financing, and financial instruments Handle bank guarantees and letters of credit, including preparation and application processes Support onboarding of new banks and integration of accounts into treasury management systems, including managing banking authorizations Act as key contact for accounting and global subsidiaries on treasury-related topics and systems Drive continuous improvement of treasury processes with a focus on automation, efficiency, and risk control What you will need Bachelor’s degree in Finance, Economics, Business Administration, or a related field Several years of experience in finance, treasury, or the banking sector Strong understanding of treasury processes, including cash management and foreign exchange Solid understanding of SWIFT, host-to-host connectivity, API-based interfaces, and global payment standards (e.g., ISO 20022) Hands-on experience with treasury systems and ERP platforms (preferably SAP/S/4HANA) Strong analytical and problem-solving skills with a structured and detail-oriented working style Ability to work independently while collaborating effectively with cross-functional and international teams Strong communication skills with the ability to explain complex financial topics clearly Fluency in English and German What you can expect tesa is one of the world's leading manufacturers of adhesive tape solutions, with a range of more than 7,000 products. With passion for technology, we drive innovation, reliability, and sustainability to shape a better future. Our solutions make a difference in the work, products, and lives of our customers across a variety of industries, including Automotive, Electronics, and Home applications. With this, we address a broad segment of business customers, but also you as a private consumer. You might be surprised to discover the many places where our adhesive solutions are at work, from the battery in your electric car, to the display of your mobile phone, and even in the elevator in your building. Wherever you look, you'll find tesa - holding the world together since more than 125 years. Do you think tesa ? Please submit your resume and other required information. Last updated on Sep 19, 2026"
f381a4af41f4a4f3,Treasury Specialist Cash Management (m/w/d),OGL - Food Trade Lebensmittelvertrieb GmbH,,,Unrated,Germany,"Oberding, DE",https://www.stellenanzeigen.de/job/treasury-specialist-cash-management-m-w-d-oberding-jim-267304/,2026-07-28T06:40:47.902580+00:00,stellenanzeigen-de,67,"Positive: treasury / FP&A, plausible level; verify responsibilities",cash management; treasury specialist,Treasury / Markets,,"Team: Aus Leidenschaft für frische Ideen. Lebensmittel sind unsere Leidenschaft! Qualität und Nachhaltigkeit sind die Säulen unserer Philosophie, welche von jedem einzelnen Mitarbeiter getragen wird. Das persönliche Interesse und die Kompetenz unseres Teams tragen grundlegend dazu bei, dass OGL stets den Anforderungen des Lebensmitteleinzelhandels und der Verbraucher gerecht wird. Darauf können Sie sich verlassen. OGL arbeitet mit Erzeugern und Exporteuren auf 6 Kontinenten in über 40 Ländern dieser Welt. Sollten auch Sie Interesse an einem internationalen Arbeitsumfeld im Handel mit frischen Lebensmitteln haben, dann bietet OGL Ihnen einen vielseitigen und anspruchsvollen Arbeitsplatz in einem jungen und motivierten Team. Das erwarten wir von Ihnen. Professionalität und Liebe zum Detail kennzeichnen Ihren Arbeitsstil? Qualität und Nachhaltigkeit sind Ihnen genauso wichtig wie Kontinuität und Teamgeist? Sie haben Interesse an einem internationalen kaufmännischen Arbeitsumfeld und können sich für Obst und Gemüse begeistern? Das sind die besten Voraussetzungen für eine Bewerbung bei der OGL. Unsere freien Stellen. Lust auf Arbeiten in unserem Team? Dann senden Sie uns einfach Ihre vollständigen Bewerbungsunterlagen. Sie haben Fragen zu unseren Stellenangeboten? Ein Anruf genügt, wir helfen Ihnen gerne weiter. bewerbung@ogl-foodtrade.com +49 8122 892040 Treasury Specialist Cash Management (m/w/d) Was Dich erwartet: Eigenständige Verbuchung der täglichen Kontoauszüge in SAP und SAGE Verantwortung für die Kontenabstimmung und -klärung von Bankverrechnungskonten sowie Währungspositionen Tägliche Liquiditätsplanung und aktive Steuerung der Unternehmensliquidität Vorbereitung und Abwicklung des in- und ausländischen Zahlungsverkehrs (täglich bzw. wöchentlich) Erstellung von Auswertungen und Analysen zur Liquiditätssteuerung und Finanzübersicht Ansprechpartner für interne und externe Anfragen rund um den Zahlungsverkehr Mitarbeit an der kontinuierlichen Optimierung von Treasury-Prozessen Was Du mitbringst: Erfolgreich abgeschlossene kaufmännische Berufsausbildung mit fundierten Kenntnissen in der Finanzbuchhaltung oder vergleichbare Ausbildung / Studium Mehrjährige Berufserfahrung im Zahlungsverkehr / Cash Management sind ein Plus Zuverlässigkeit, Analytisches Denken, Zahlenaffinität und strukturierte Arbeitsweise Zuverlässigkeit, hohe Motivation und Verantwortungsbewusstsein Sicherer Umgang mit SAP und MS Office Was wir Dir bieten: Vereinbarkeit von Beruf und Familie durch flexible Arbeitszeiten mit 50% Homeoffice-Möglichkeit nach der Einarbeitungszeit Attraktive Vergütung mit 13 Monatsgehältern und 30 Tagen Jahresurlaub Moderner Arbeitsplatz mit einem ergonomischen Stuhl und höhenverstellbarem Tisch Bezuschusstes Mittagsangebot aus frischen, regionalen und saisonalen Produkten sowie kostenfreier Kaffee & Wasser Mitarbeiterbenefits (z.B. kostenlose Tiefgaragenparkplätze, Corporate Benefits) Angenehme Unternehmenskultur durch flache Hierarchien mit positivem und wertschätzendem Arbeitsklima und einer „Du“-Kultur Gute Betreuung und Einarbeitung durch ein individuelles Onboarding mit einem Mentor an deiner Seite Umfassende Weiterbildungsmöglichkeiten durch individuelle und fachliche Schulungsangebote, (z.B. Sprachkurse, MS Office-Kurse, etc.) Sicherer Arbeitsplatz in einem wachsenden und nachhaltig agierenden Unternehmen in der Lebensmittelbranche Anspruchsvolle Tätigkeit in einem internationalen Arbeitsumfeld mit Entwicklungspotential und dem Fre"
d77fc5a5520bfaa1,Treasury Specialist (all genders) part-time,ANDRITZ AG,,,Unrated,Germany,"Göppingen, DE",https://www.stellenanzeigen.de/job/treasury-specialist-all-genders-part-time-goeppingen-jim-288744/,2026-08-01T08:35:04.718494+00:00,stellenanzeigen-de,67,"Positive: treasury / FP&A, plausible level; verify responsibilities",treasury specialist,Treasury / Markets,,"As ANDRITZ Metals Forming, we shape the future of an entire industry. As an employer, we give you the chance to shape your own future. You experience freedom and stand on solid ground. Together we transform engineering in the digital age - and develop your future. At ANDRITZ Metals Forming. What we offer: Conducting credit checks and maintaining and monitoring credit limits Contributing to credit risk reporting Supporting guarantee management in national and international contexts, particularly regarding sureties and bank-side processing Contributing to trade finance (e.g., letters of credit, guarantees) Contributing to central cash management, particularly in liquidity planning and payment control Collaborating with internal departments as well as banks and external partners What we are looking for: Business education, ideally with a focus on finance or treasury Several years of professional experience in treasury, finance, or banking In-depth knowledge of cash management and payment transactions Proficiency in MS Office Business-level English Analytical, structured, and independent work style Strong communication skills and ability to work in a team Flexibility, a sense of responsibility, and the ability to work independently All qualified applicants will receive consideration for employment without regard to race, color, religion, sex, sexual orientation, gender identity, national origin, or disability."
bccd6f21ee8066c5,Treasury & Cash Management Specialist (w/m/d),Peek&Cloppenburg KG,,,Unrated,Germany,"Hamburg, DE",https://www.stellenanzeigen.de/job/treasury-cash-management-specialist-w-m-d-hamburg-jim-306599/,2026-08-02T12:12:08.042394+00:00,stellenanzeigen-de,67,"Positive: treasury / FP&A, plausible level; verify responsibilities",cash management; treasury specialist,Treasury / Markets,,"Mit Peek&Cloppenburg*, VAN GRAAF und unserem Online-Shop VANGRAAF.COM vereinen wir als unabhängige Unternehmensgruppe Peek&Cloppenburg* KG Hamburg europaweit erfolgreiche Retailkonzepte. Unser Ziel: Wir bauen unsere Position als führender Marktplatz für Mode und Lifestyle weiter aus. Als Team verbindet uns die Leidenschaft für Mode und Menschen. Wir lieben, was wir tun und setzen dabei auf Eigenverantwortung, Mut und Neugier. Für welchen Weg Du Dich bei Peek&Cloppenburg* auch entscheidest – wir begleiten Dich. Individuell und persönlich. Für unsere Zentrale in Hamburg suchen wir Dich als Treasury & Cash Management Specialist (w/m/d) in Teilzeit (min. 20 Std./ Woche) Als Teil unseres Treasury Teams unterstützt Du insbesondere im Cash Management und der Liquiditätsplanung. Ergänzend übernimmst Du Aufgaben im Bereich Zahlungsverkehr und Bankbuchhaltung. Deine Rolle Du ermittelst den Tagesfinanzstatus für mehrere Legal Entities im In- und Ausland und bearbeitest die tägliche Finanzdisposition Du unterstützt bei der Erstellung und Aktualisierung der rollierenden Liquiditätsplanung Du wirkst am Finanzreporting mit und unterstützt die kontinuierliche Weiterentwicklung des Cash- und Liquiditätsmanagements sowie die Optimierung bestehender Prozesse Du wickelst den täglichen Zahlungsverkehr sowie alle anfallenden Buchungen in diesem Bereich ab Du unterstützt das Finanz- und Rechnungswesen bei ausgewählten Aufgaben der Buchhaltung Das bist Du Du hast eine erfolgreich abgeschlossene kaufmännische Ausbildung, beispielsweise als Bankkaufmann, Versicherungskaufmann, Steuerfachangestellte, Finanzbuchhalter, Bilanzbuchhalter Du verfügst über Berufserfahrung im Bereich Cash Management, Treasury, Zahlungsverkehr oder Bankbuchhaltung Deine MS-Office und idealerweise SAP-FI/CO-Kenntnisse wendest Du praxissicher an Du bist analytisch konzeptionell und hast ein gutes Zahlenverständnis Du bist als Teamplayer:in flexibel und kommunikativ und hast ein verbindliches Auftreten Das sind Deine Benefits Ein leidenschaftliches Team, Spaß im Job und viel Platz für Deine persönliche Entwicklung Flexible Arbeitszeit & die Möglichkeit zum mobilen Arbeiten Sechs Wochen Erholungsurlaub Attraktive Rabatte stationär und online auf VANGRAAF.COM Zuschuss für das bundesweit gültige Deutschlandticket für Deine individuelle Mobilität und vieles mehr! Du bist noch nicht in allen Bereichen Profi? Das macht nichts! Wir setzen auf Persönlichkeit, Mindset und Deine individuellen Stärken. Komm an Bord und entwickle Dich gemeinsam mit uns weiter! * mit P&C* Standorten in Hamburg, Norderstedt, Kiel, Flensburg, Lübeck, Bremen, Lüneburg, Hannover, Braunschweig, Bielefeld, Paderborn, Osnabrück, Münster, Stralsund, Dresden, Chemnitz, Rostock und mit VAN GRAAF Standorten in Ungarn, Polen, Lettland und der Schweiz."
6b5d1adfa2b5a6fa,(Senior) Consultant Treasury Management (m/w/d),BearingPoint Germany,,,Unrated,Germany,"Stuttgart, DE",https://www.stellenanzeigen.de/job/senior-consultant-treasury-management-m-w-d-stuttgart-jim-269098/,2026-07-28T07:02:48.850158+00:00,stellenanzeigen-de,67,"Positive: treasury / FP&A, plausible level; verify responsibilities",treasury manager,Treasury / Markets,,"Deine Benefits Corporate Benefits: Dazu zählen beispielsweise WellYou Gesundheitsbudget, JobRad-Leasing oder Firmenfitness mit EGYM Wellpass Flexibles Arbeiten: Ob bei Kund:innen vor Ort, im Büro, von zu Hause oder unterwegs – bei uns hast du die Möglichkeit, Arbeitsort und -zeiten so zu gestalten, wie es am besten zu deinen Beratungsprojekten und dir passt Mentorship: Erfahrene Kolleg:innen stehen dir bei deinem Start und deiner Entwicklung zur Seite Persönliche Weiterentwicklung: Dich erwarten vielfältige Karriereperspektiven in einem unbefristeten Arbeitsvertrag sowie individuelle Förderung durch ein umfangreiches Trainings- und Coachingangebot Teamspirit: Bei uns werden flache Hierarchien und eine teamorientierte Unternehmenskultur gelebt – darüber hinaus sind ökologische Verantwortung und gesellschaftliches Engagement Teil unserer DNA Vertrauensurlaub: Unser innovatives Konzept ermöglicht es dir, deine Erholungszeiten in Abstimmung mit deinem Team eigenverantwortlich und selbstbestimmt festzulegen Vergütungsmodell: Du profitierst von unserem attraktiven Modell inklusive eines erfolgsabhängigen Bonus Work-Life-Choice: Wir bieten dir hierzu umfangreiche Angebote – dazu zählen u. a. Sabbaticals oder Workation innerhalb der EU Deine zukünftigen Aufgaben Treasury & Cash Management Projekte : Du agierst als Partner unserer Kunden in unterschiedlichen Branchen in nationalen oder internationalen Treasury- und Cash-Management-Projekten, gestaltest zukunftsfähige Treasury-Organisationen, führst Treasury-Systeme ein und integrierst Prozesse Organisations- und Zielbetriebsmodelle : Gemeinsam im Team – aber weitgehend eigenverantwortlich – entwickelst du die neue Ausrichtung und Organisation der Treasury-Bereiche international tätiger Konzernunternehmen Treasury Health Checks : Auf Basis kompakter IST-Analysen identifizierst du Nutzenpotenziale und Kosteneinsparungen und leitest konkrete Optimierungsempfehlungen ab Dein Profil Du hast ein Studium in Wirtschaftswissenschaften, (Wirtschafts‑)informatik, (Wirtschafts‑)mathematik, (Wirtschafts‑)ingenieurwesen oder eines vergleichbaren Studiengangs erfolgreich abgeschlossen Du bringst mindestens zwei Jahre relevante Berufserfahrung im Finanzwesen, Cash Management, Treasury oder in der entsprechenden Beratung mit Du hast sehr gute Kenntnisse in SAP Cash Management , SAP Inhouse Cash (IHC), SAP Inhouse Bank (IHB), SAP Advanced Payment Management (APM), oder Liquiditätsplanung (z.B. SAC) oder im Bereich Bankenkommunikation, Treasury z.B. SAP Transaction and Rick Management (TRM) oder ähnlicher Lösungen wie Simcorp, TIS Zusätzliche Kenntnisse aus dem Bereich SAP FSCM (z. B. Credit & Dispute Management) sind von Vorteil Um unsere Kunden vor Ort optimal zu beraten, bist du bist bereit, national und international zu reisen Sehr gute deutsche und englische Sprachkenntnisse runden dein Profil ab Together, we are more than Business Dare more. Thrive together. BearingPoint ist eine unabhängige Management- und Technologieberatung mit europäischen Wurzeln und globaler Reichweite. Gemeinsam mit unseren Kund:innen gehen wir mutig neue Wege und führen sie zuverlässig ans Ziel – mit exzellenter Beratung, technischer Expertise und echter Begeisterung für Innovation. Doch bei uns zählt nicht nur Know-how, sondern ebenfalls das Team. Denn bei BearingPoint gilt: Ohne Miteinander geht NIX. Was uns verbindet, ist die Haltung, mehr zu wagen und gemeinsam zu wachsen. Wir geben NIX auf Vorurteile! Vielfalt ist für uns kein E"
2f8b1be0be72c807,Treasury Specialist (m/w/d),WOLFFKRAN Werk Brandenburg GmbH,,,Unrated,Germany,"Luckau, Brandenburg, DE",https://www.arbeitsagentur.de/jobsuche/jobdetail/10001-1003825176-S,2026-10-08,arbeitsagentur-de,67,"Positive: treasury / FP&A, plausible level; verify responsibilities",corporate treasury; treasury; treasury manager; treasury specialist,Treasury / Markets,,"WOLFFKRAN ist ein international agierender Hersteller, Vermieter und Serviceprovider von Turmdrehkranen mit Niederlassungen in Europa, im Nahen Osten und in den USA. Als Technologie- und Qualitätsführer erarbeiten wir für jeden Kunden und jede Baustelle die optimale Lösung. Dies gelingt uns mit engagierten Mitarbeiter\*innen, die an der ständigen Innovation und strategischen Expansion arbeiten. Du denkst in Cashflows, behältst Liquidität und Finanzströme im Blick und möchtest Treasury-Prozesse nicht nur verwalten, sondern aktiv gestalten? Du hast Erfahrung mit Treasury-Systemen und möchtest die Einführung eines neuen Treasury Management Systems von der Anforderungsdefinition bis zum Go-Live begleiten? Dann übernimm eine zentrale Rolle bei der Weiterentwicklung unseres Group Treasury und gestalte gemeinsam mit unseren internationalen Finance-Teams moderne, transparente und effiziente Treasury-Prozesse. Werde Mitglied der WOLFFKRAN Family. Welche Aufgaben erwarten Sie? TMS-Implementierung: Einführung eines Treasury Management Systems inklusive Anforderungsdefinition, Prozessaufnahme, Testing und Begleitung des Go-Live Treasury-Prozesse: Analyse, Aufbau, Standardisierung und kontinuierliche Weiterentwicklung von Treasury-Prozessen auf Gruppenebene Cash Management: Weiterentwicklung und Optimierung unserer Cash-Management-Prozesse sowie Unterstützung bei der Steuerung der konzernweiten Liquidität Liquiditätsplanung: Weiterentwicklung der Liquiditätsplanung und des Cashflow Forecastings mit dem Ziel, Transparenz und Planungsqualität kontinuierlich zu erhöhen Treasury Operations: Unterstützung im operativen Treasury und bei der Weiterentwicklung effizienter und verlässlicher Abläufe Bankenanbindungen: Unterstützung bei der Einrichtung und Optimierung von Bankanbindungen sowie bei der Zusammenarbeit mit unseren Banken Projekte: Mitarbeit und eigenständige Übernahme von Treasury-Projekten sowie Unterstützung bei der Weiterentwicklung der Treasury-Organisation Reporting: Erstellung, Analyse und Weiterentwicklung von Treasury-Reports und Management-Auswertungen Schnittstellenarbeit: Enge Zusammenarbeit mit dem Head of Treasury, CFO, Accounting und Controlling in der Schweiz, dem Shared Service Center in Großbritannien sowie der IT Externe Partner: Zusammenarbeit und Abstimmung mit Banken, Systemanbietern und weiteren externen Dienstleistern Was ist Ihr Anforderungsprofil? Erfahrung: Berufserfahrung im Corporate Treasury eines international tätigen Unternehmens Treasury-Systeme: Erfahrung mit Treasury Management Systemen und der Umsetzung von Treasury-Projekten; Kenntnisse in G-Treasury sind von Vorteil, alternativ Erfahrung mit Systemen wie ION/ITS, Coupa oder Kyriba Treasury Know-how: Solide Kenntnisse in Cash Management, Liquiditätsplanung, Cashflow Forecasting und Treasury Operations Projektkompetenz: Erfahrung bei der Einführung oder Weiterentwicklung von Systemen und Prozessen, idealerweise von der Anforderungsdefinition über Testing bis zum Go-Live Prozessverständnis: Fähigkeit, bestehende Abläufe zu analysieren, Verbesserungspotenziale zu erkennen und Prozesse strukturiert weiterzuentwickeln Analytik: Sicherer Umgang mit Finanzdaten sowie die Fähigkeit, aussagekräftige Reports und Management-Auswertungen zu erstellen Arbeitsweise: Selbstständig, strukturiert und pragmatisch mit einem ausgeprägten Verständnis für Zusammenhänge und Prioritäten Kommunikation: Sicheres Auftreten und Freude an der Zusammenarbeit mit unterschiedlichen internen u"
a609bf4239810f52,"Treasury Specialist (m/w/d) in Hamburg, Hamburg",HOYER GmbH,,,Unrated,Germany,"Hamburg, Hamburg, DE",https://www.arbeitsagentur.de/jobsuche/jobdetail/12811-2352323-S,2026-10-07,arbeitsagentur-de,67,"Positive: treasury / FP&A, plausible level; verify responsibilities",treasury; treasury manager; treasury specialist,Treasury / Markets,,"Wir gehören zu den weltweit führenden Anbietern von Logistiklösungen fur die Chemie-, Mineralöl-, Gas- und Lebensmittelindustrie, aufbauend auf unseren Kernkompetenzen. Als Familienunternehmen stehen wir hinter jedem einzelnen unserer weltweit 3.800 Mitarbeiter. Ihr Können, Engagement und Know-how sind die Basis dafür, dass wir immer einen Schritt weiter gehen und unseren Kunden stets die beste Lösung liefern. Machen auch Sie aus Ihrem Können etwas Besonderes. Für den Bereich Corporate Finance suchen wir einen Treasury Specialist (m/w/d) am Standort Hamburg, der täglich lebt, was unser Anspruch ist: in Logistik führend voranzugehen. Ihre Aufgaben Sie pflegen und entwickeln unsere Bankbeziehungen weiter und stehen im regelmäßigen Austausch mit den Geschäftsbanken Zudem steuern Sie aktiv die Liquidität unserer Unternehmensgruppe und stellen ein effizientes Cash Management sicher Gleichzeitig übernehmen Sie eine zentrale Rolle im Bankkontenmanagement der Gruppe und gewährleisten strukturierte Abläufe Darüber hinaus erarbeiten Sie Finanzierungs- und Liquiditätslösungen und setzen diese erfolgreich um Als interne wie externe Ansprechperson beantworten Sie treasury-relevante Fragestellungen kompetent und serviceorientiert Weiter gestalten Sie die Treasury-Reportings, entwickeln es fort und übernehmen dessen regelmäßige Erstellung Außerdem unterstützen Sie den Head of Treasury bei fachlichen Themen und strategischen Fragestellungen Nicht zuletzt planen und führen Sie eigenständig Treasury-Projekte durch - etwa im Rahmen von Prozessoptimierungen oder Systemeinführungen Ihr Können Sie verfügen über eine Bankausbildung oder ein Studium mit Schwerpunkt Finanzen, Treasury oder einer vergleichbaren Qualifikation Mehrjährige Berufserfahrung im Treasury, Cash Management oder Corporate Finance ist wünschenswert Sie bringen fundierte Kenntnisse im Liquiditätsmanagement, im Bankwesen sowie im Umgang mit Finanzierungsinstrumenten mit Sehr gute Deutsch- sowie gute Englischkenntnisse in Wort und Schrift setzen wir voraus Ein sicherer Umgang mit MS Excel sowie idealerweise Erfahrungen mit Treasury- und ERP-Systemen runden Ihr Profil ab Sie überzeugen durch Kommunikationsstärke und ein sicheres Auftreten gegenüber internen und externen Stakeholdern Sie verfügen über ausgeprägte analytische Fähigkeiten und eine hohe Zahlenaffinität Eine gelegentliche Reisebereitschaft bringen Sie ebenfalls mit Benefits Möglichkeit zum mobilen Arbeiten Arbeitgeberzuschuss zur betrieblichen Altersvorsorge Deutschlandticket-Zuschuss Vergünstigte Konditionen bei Sport- und Fitnessangeboten sowie beim Shoppen und Kultur durch unseren Partner Corporate Benefits Leasingfahrrad Betriebsrestaurant an unseren Standorten Hamburg, Dormagen und Schkopau Wertschätzende und teamorientierte Unternehmenskultur Anspruchsvolle und eigenverantwortliche Aufgabenbereiche Personalentwicklung, die Fort- und Weiterbildungen fördert Fachlicher Austausch in einem hochmotivierten Team Machen Sie mehr möglich Piyathip Kaewta freut sich über Ihre Bewerbung unter Angabe der Referenznummer: CC2026-05"
b166d9529807e691,Specialist (m/w/d) E-Payment & Corporate Treasury,Delticom AG,,,Unrated,Germany,"Sehnde, Niedersachsen, DE",https://www.arbeitsagentur.de/jobsuche/jobdetail/12288-4950471394-S,2026-09-28,arbeitsagentur-de,67,"Positive: treasury / FP&A, plausible level; verify responsibilities",corporate treasury; treasury; treasury specialist,Treasury / Markets,,"Über uns Die Delticom AG ist eines der führenden europäischen E-Commerce-Unternehmen für Reifen in Europa. Wir sind mit unseren Kernmarken ReifenDirekt und Tirendo sowie unseren Plattformen in über 70 Ländern aktiv. Millionen Transaktionen, internationale Zahlungsströme und digitale Geschäftsmodelle machen ein leistungsfähiges E-Payment und Corporate Treasury zu einem entscheidenden Erfolgsfaktor. Du möchtest Verantwortung übernehmen und dazu beitragen, unsere internationalen Zahlungs- und Treasury-Prozesse effizient, sicher und zukunftsorientiert aufzustellen? Dann erwartet Dich eine abwechslungsreiche Aufgabe an der Schnittstelle von Finance, E-Commerce und Digitalisierung – mit kurzen Entscheidungswegen und viel Raum für eigene Ideen. Specialist (m/w/d) E-Payment & Corporate Treasury Deine Aufgaben Du betreust und entwickelst unsere internationalen Bankenbeziehungen im Tagesgeschäft weiter. Du entwickelst unser Portfolio nationaler und internationaler Zahlungsarten kontinuierlich weiter und identifizierst Lösungen zur Reduzierung von Betrugs- und Forderungsausfallrisiken. Du gestaltest die Weiterentwicklung unseres Cash Pooling sowie des Cashflow-Managements aktiv mit. Du arbeitest im Währungsmanagement mit, analysierst Währungsrisiken und unterstützt bei der Entwicklung geeigneter Absicherungsstrategien. Du setzt regulatorische Anforderungen im Zahlungsverkehr um und sorgst für deren Einhaltung. Du betreust unsere externen Dienstleistenden im Bereich E-Payment. Du identifizierst Automatisierungs- und Optimierungspotenziale und bringst diese aktiv in Projekte und Prozessverbesserungen ein. Du unterstützt bei der rollierenden Liquiditätsplanung sowie bei Monats- und Jahresabschlüssen. Du erarbeitest Richtlinien und Verfahrensanweisungen und entwickelst bestehende Prozesse kontinuierlich weiter. Das zeichnet Dich aus Du hast ein erfolgreich abgeschlossenes Studium der Betriebswirtschaftslehre oder eine vergleichbare kaufmännische Qualifikation. Du bringst relevante Berufserfahrung mit – idealerweise im Bereich Treasury, Zahlungsverkehr, E-Payment oder Cash-Management eines international tätigen Unternehmens. Du verfügst über Kenntnisse im nationalen und internationalen Zahlungsverkehr sowie über gängige Zahlungsverfahren, Erfahrungen mit SEPA-, SWIFT- oder Treasury-Prozessen sind von Vorteil. Du hast ein gutes Verständnis für E-Commerce-Prozesse und digitale Geschäftsmodelle und die Anforderungen an moderne Zahlungsprozesse. Du arbeitest sicher mit MS Excel und hast Freude daran, Finanzprozesse datenbasiert und mithilfe digitaler Tools kontinuierlich weiterzuentwickeln. Du besitzt analytisches Verständnis, arbeitest strukturiert und handelst pragmatisch und proaktiv. Du bringst kommunikative Kompetenz, auch auf Englisch, mit. Teamgeist, Eigeninitiative und ein souveränes Auftreten runden Dein Profil ab. Darauf kannst du Dich freuen Gestaltung und Entwicklung Eine verantwortungsvolle Position mit viel Gestaltungsspielraum in einem international agierenden Unternehmen. Schnittstellenfunktion zwischen Finance, IT und Vertrieb mit viel Raum, unsere internationale Payment-Landschaft aktiv weiterzuentwickeln. Direkter Austausch mit internationalen Banken, Payment-Service-Providern und weiteren externen Partnern. Individuelle Förderung Deiner fachlichen und persönlichen Weiterentwicklung. Flexibilität Flexible Arbeitszeiten und die Möglichkeit, an mehreren Tagen pro Woche mobil zu arbeiten. 30 Tage Urlaub im Jahr für eine ausgewogene Work-Lif"
e447acf060506ab6,Senior Specialist Finanzen und Treasury (m/w/d),Rheinmetall AG,,,Unrated,Germany,"Aschau am Inn, Bayern, DE",https://www.arbeitsagentur.de/jobsuche/jobdetail/15939-BB-632343-7878-6215-S,2025-12-15,arbeitsagentur-de,67,"Positive: treasury / FP&A, plausible level; verify responsibilities",corporate treasury; treasury; treasury specialist,Treasury / Markets,,"WOFÜR WIR SIE SUCHEN Als Senior Specialist Finanzen und Treasury unterstützen Sie unsere Leitung der Abteilung Finanzen und Treasury am Standort Aschau bei fachlichen Führungsaufgaben und übernehmen folgenden Verantwortungsbereich: Berichtswesen und Accounting Monats-, Quartals- und Jahresabschluss, sowie Prognosen und Unternehmensplanung Debitoren-, Kreditoren-, und Anlagenbuchhaltung Reporting und Berichtswesen inkl. Geschäftsbericht Zahlungsfreigaben, Rechnungslegung nach IFRS/HGB, Reisekostenmanagement Treasury Cash Management und Liquiditätsplanung Devisenmanagement Steuern Erstellung der Steuerberechnung/Steuererklärung Meldewesen für das Finanzamt Betreuung von Betriebs- und Lohnsteuerprüfungen Investitionsmanagement Projektwesen Unterstützung des Abteilungsleiters bei Großprojekten Umsetzung von IT Projekten Pflege und Weiterentwicklung der IT-Systemlandschaft Versicherungsmanagement Abstimmung und Bewertung des Versicherungsschutzes Aufnahme, Bewerbung und Bearbeitung von Schadenfällen Versicherungsmeldewesen & Reporting Erfolgreich abgeschlossenes wirtschaftswissenschaftliches Studium und idealerweise die fachspezifische Weiterbildung zum Bilanzbuchhalter (m/w/d) (IHK) Einschlägige Berufserfahrung im Bereich Finanzen und Treasury insbesondere Fachkenntnisse im Bereich IFRS, HGB, Steuerrecht und Controlling Führungskompetenz in Verbindung mit ausgeprägter Kommunikationsstärke und Teamfähigkeit Sicherer Umgang mit MS Office und SAP R/3 Sehr gute Deutsch- und Englischkenntnisse in Wort und Schrift An unserem Standort in Aschau am Inn bieten wir Ihnen u.a.: Attraktive Vergütung Subventioniertes Betriebsrestaurant Betriebliche Altersvorsorge Aktienkaufprogramm Fitness- & Gesundheitsangebote Corporate Benefits Plattform Individuelle und vielfältige externe sowie interne Weiterentwicklungsmöglichkeiten, u.a. in der Rheinmetall Academy Professioneller Einarbeitungsprozess begleitet durch ein digitales Onboarding-Tool"
45846b136184b0ca,Specialist (m/w/d) Treasury Operations & Controls,Diehl Stiftung & Co. KG,,,Unrated,Germany,"Nürnberg, Bayern, DE",https://www.arbeitsagentur.de/jobsuche/jobdetail/10001-1003795001-S,2026-10-05,arbeitsagentur-de,67,"Positive: treasury / FP&A, plausible level; verify responsibilities",treasury; treasury specialist,Treasury / Markets,,"Das sind Ihre Aufgaben: Fachliche Unterstützung der Tochtergesellschaften bei der Erstellung der rollierenden, währungsdifferenzierten Liquiditätsplanung Erstellung des Monatsreportings „Liquiditätsplanung“ auf Divisions- und Gruppenebene Monitoring der finanziellen Kontrahenten- sowie Fremdwährungsrisiken (Cashflow@Risk) Mitwirkung an der Sicherstellung des gruppenweiten Zahlungsverkehrs Maßgebliche Projektarbeit zur Weiterentwicklung des Treasury-Bereichs Das bringen Sie mit: Erfolgreich abgeschlossene kaufmännische Ausbildung und/oder ein Studium der Betriebswirtschaftslehre oder eine vergleichbare Qualifikation. Mehrjährige Berufserfahrung in einer Unternehmenstreasury, im Bank- oder sonstigen Finanzdienstleistungsbereich. Sehr gute MS Office- und Englischkenntnisse sowie Erfahrung mit treasuryspezifischer Software (bevorzugt SAP Treasury oder TIP). Analytische Fähigkeiten mit einer hohen Affinität für Zahlen sowie eine sorgfältige und zielorientierte Arbeitsweise. Ausgeprägte Kommunikations- und Organisationsfähigkeiten, hohe Einsatzbereitschaft, Begeisterungsfähigkeit und Freude an der Arbeit im Team."
22dbb4b3482e53c0,Consultant Corporate Treasury (m/w/d),Deloitte GmbH,,,Unrated,Germany,"Stuttgart, Baden-Württemberg, DE",https://www.arbeitsagentur.de/jobsuche/jobdetail/15794-468527_49214-1-S,2025-06-03,arbeitsagentur-de,67,"Positive: treasury / FP&A, plausible level; verify responsibilities",corporate treasury; treasury,Treasury / Markets,,"Deloitte bietet führende Prüfungs- und Beratungsleistungen in Audit & Assurance, Tax & Legal, Consulting und Advisory – für nahezu 90 % der Fortune Global 500® und zahlreiche private Unternehmen. Wir liefern innovative Denkansätze, lösen komplexe Herausforderungen und fördern nachhaltiges Wachstum. Mit rund 470.000 Mitarbeitenden weltweit eröffnen wir hervorragende Karrierechancen – getragen von einem starken „Wir“ und einer Vielfalt an Perspektiven und Fähigkeiten. Du willst im Bereich Global Treasury Advisory Kunden dabei unterstützen, die Transformation ihrer Corporate Treasury Funktion voranzutreiben? Unser Team entwickelt hierfür ganzheitliche Konzepte und berät zu Cash & Liquiditätsmanagement, Finanzrisikomanagement und der bilanziellen Abbildung von Finanzinstrumenten, Treasury M&A, SAP Treasury, Treasury Technologie sowie der Digitalisierung der Treasury & Finanzfunktion. Sichere unseren gemeinsamen Erfolg und mach mit uns den Unterschied: als Consultant Corporate Treasury (m/w/d). Standorte: Düsseldorf, Frankfurt, Hamburg, München und Stuttgart. Dein Impact: Als Consultant Corporate Treasury (m/w/d) berätst du Industrie- und Handelsunternehmen sektorübergreifend rund um alle Belange des Corporate Treasury: Von der strategischen Ausgestaltung von Treasury Organisationen, über Zahlungsverkehr, Cash- und Liquiditätsmanagement, Finanzrisikomanagement sowie Treasury Accounting bis hin zur vollumfänglichen Beratung rund um Treasury Technology und SAP Treasury. Begleitung: Du stehst unseren Kunden beim Aufbau fortschrittlicher Treasury-Funktionen im Umfeld von Unternehmensakquisitionen, Neugründungen und Carve-out-Projekten zur Seite. Beratung: Kompetent berätst du unsere Kunden auf dem Weg zur Digitalisierung der Corporate Treasury Funktion sowie bei der Auswahl und Einführung von Treasury Management Systemen und SAP Treasury. Support: Zudem unterstützt du bei der Beratung von Unternehmen bei der bilanziellen Abbildung von Finanztransaktionen bzw. der Einführung relevanter Rechnungslegungsstandards. Kontaktperson: Unseren Kunden aus einer Vielzahl verschiedener Sektoren der Industrie stehst du mit deinem Know-how zur Verfügung. Entwicklung: Und nicht zuletzt bringst du dich in die Weiterentwicklung unserer Beratungsleistungen sowie dem Aus- und Aufbau von Kundenbeziehungen ein. Dein Skillset: Abschluss in Wirtschaftswissenschaften, Wirtschaftsingenieurwesen, Wirtschaftsinformatik oder vergleichbar Idealerweise erste Kenntnisse in Corporate Treasury, Rechnungswesen oder IT Tools und Systemen Spaß am selbstständigen Arbeiten in einem motivierten Team und einem professionellen Umfeld Hohe Kommunikationsstärke und sicheres Auftreten Deutsch und Englisch sehr gut in Wort und Schrift Deine Chance: Spannende Aufgaben in einem innovativen Umfeld mit hochmotivierten Kolleg:innen, die sich schon jetzt auf deine Impulse freuen Gute Rahmenbedingungen mit attraktivem Gehalt und zahlreichen Zusatzleistungen, z. B. Firmen-Smartphone zur privaten Nutzung, Fahrradleasing und Corporate Benefits Work-Life-Balance durch Mobile Working & Teilzeit, EU Remote Working, Sabbaticals, Mitarbeiter:innen-Events, Well-being Angebote wie z. B. Gesundheitstage, Kooperationen mit Fitness-Anbietern und den Familienservice, der dich bei privaten Herausforderungen unterstützt Exzellente Weiterbildung an der Deloitte University, in On- und Offline-Seminaren und im Rahmen der Berufsqualifikation Vielfältige Gestaltungsspielräume und aktive Förderung einer inklusiven Unte"
9c46b3f5cd095d4f,Treasury Specialist (w/m/d) Teilzeit,DIS AG - Office & Management -,,,Unrated,Germany,"Stühlingen, Baden-Württemberg, DE",https://www.arbeitsagentur.de/jobsuche/jobdetail/12633-8ed09fb9_JB5260615-S,2026-10-01,arbeitsagentur-de,67,"Positive: treasury / FP&A, plausible level; verify responsibilities",corporate treasury; treasury specialist,Treasury / Markets,,"Für unseren Mandanten, ein erfolgreiches und international aufgestelltes Familienunternehmen im R aum Stühlingen , suchen wir im Rahmen einer Elternzeitvertretung einen engagierten Treasury Specialist (w/m/d) in Teilzeit (50 %, 18,75 Stunden pro Woche). In dieser abwechslungsreichen Position arbeiten Sie eng mit dem Finance Management zusammen, unterstützen bei konzernweiten Finanzierungsprojekten und treiben innovative Themen rund um Digitalisierung, Automatisierung und KI im Finanzbereich aktiv voran. Die vorliegende Stelle ist im Rahmen der Arbeitnehmerüberlassung zu besetzen. Treasury Specialist (w/m/d) Teilzeit Ihre Aufgaben: • Enge Zusammenarbeit mit dem Head of Finance, internationalen Gesellschaften sowie externen Partnern und Wirtschaftsprüfern • Analyse, Optimierung und Weiterentwicklung bestehender Treasury-Prozesse und Strukturen • Unterstützung bei konzernweiten Finanzierungs- und Liquiditätsmaßnahmen • Erstellung fundierter Entscheidungsgrundlagen für CFO, Vorstand und Finance-Leitung • Mitarbeit in spannenden Projekten rund um Digitalisierung, Automatisierung und KI-Anwendungen im Finanzumfeld Ihre Qualifikationen: • Abgeschlossenes Studium im Bereich Wirtschaftswissenschaften, Wirtschaftsinformatik oder eine vergleichbare Qualifikation • Berufserfahrung im Treasury, Finanzwesen, Consulting oder alternativ im Technologie- bzw. IT-Umfeld • Hohe Affinität für digitale Prozesse, Automatisierung und innovative Technologien • Strukturierte, eigenverantwortliche und lösungsorientierte Arbeitsweise • Sehr gute Deutsch- und Englischkenntnisse sowie ausgeprägte Kommunikationsstärke • Befristete Elternzeitvertretung mit abwechslungsreichen und verantwortungsvollen Aufgaben • Attraktive Vergütung von ca. 30.000 € bis 35.000 € Jahresgehalt in Teilzeit (50 %) • Flexible Arbeitszeiten sowie die Möglichkeit auf bis zu 2 Homeoffice-Tage pro Woche • Individuelle Weiterbildungsangebote sowie persönliche und fachliche Entwicklungsmöglichkeiten • Zusätzliche Benefits wie betriebliche Altersvorsorge, Gesundheitsangebote, Fahrradleasing und Corporate Benefits Der Masterplan für Ihre Karriere: Wir finden genau den Job, der zu Ihnen passt. Jetzt auf ""Jetzt bewerben"" klicken! Wir freuen uns über die Bewerbung von Menschen, die zur Vielfalt unseres Unternehmens beitragen."
8f13b3ffeb4ca006,Treasury Back Office Specialist (m/f/d),OSI International Holding GmbH,,,Unrated,Germany,"Gersthofen, Bayern, DE",https://www.arbeitsagentur.de/jobsuche/jobdetail/10001-1003493793-S,2026-08-05,arbeitsagentur-de,67,"Positive: treasury / FP&A, plausible level; verify responsibilities",corporate treasury; derivatives; treasury english; treasury specialist,Treasury / Markets,,"Our European Headquarter in Gersthofen is looking for a Treasury Back Office Specialist (m/f/d). What your job includes Process and validate domestic and international payments multiple entities in multiple currencies cross boarder incl. issue resolution Participate in automation and process improvement initiatives to enhance straight-through processing (STP) Coordinate with IT / banks / Treasury front office to resolve rejected, returned, or blocked payments. Support daily cash positioning for multiple OSI entities Process and confirm daily treasury transactions including FX, MM, derivatives and cash movements and execute end-to-end settlement activities thereof Manage payment systems incl. ERP platforms (e.g., SAP), payment terminals (e.g. Sumup), treasury management systems (e.g. Coupa) and credit cards to process transactions and maintain data integrity Maintain relevant data records, e.g. authorized signatory records, payment templates etc. What we expect from you Bachelor's degree in Finance or similar education background Work experience in a similar position Understanding of treasury transactions and cash management principles Familiarity with global payment methods and formats Strong Excel skills Strong experience with SAP and treasury management systems is a must Attention to detail and accuracy in a high-volume environment Organizational, analytical, and problem-solving skills Ability to manage multiple priorities and meet deadlines Fluency in written and spoken English What we offer you We are a company with flat hierarchies, value-based corporate culture and a pronounced customer orientation in a special market. We know that the commitment of our employees is the basis of our success. We therefore support you by quickly giving you responsibility and developing you according to your talents. Other benefits: Attractive salary package including vacation and special annual pay Company pension scheme 30 vacation days per calendar year Special vacation days Flexible Working time in a hybrid working model Work in a modern and future-oriented working environment Experienced management, friendly international colleagues and respectful cooperation Good public transport connections and free parking on site Job Bike Bike lovers will find shower facilities, as well as changing rooms and lockers Possibility for screening by company doctor Fantastic canteen"
9c99386593ab7aad,Junior Treasury Analyst (m/w/d),DIS AG Stuttgart,,,Unrated,Germany,"Stuttgart, Baden-Württemberg, DE",https://www.arbeitsagentur.de/jobsuche/jobdetail/12633-2b8fed5c_JB5250695-S,2026-09-21,arbeitsagentur-de,67,"Positive: treasury / FP&A, plausible level; verify responsibilities",investment analyst; treasury analyst,Treasury / Markets,,"Du hast ein abgeschlossenes Studium im Bereich Wirtschaft oder Finanzen und möchtest den Einstieg in die Welt des Treasury Managements finden? Du bist zahlenaffin und möchtest in einem dynamischen Umfeld deine Fähigkeiten ausbauen? Dann haben wir die perfekte Chance für dich! Für unseren renommierten Kunden im Großraum Stuttgart suchen wir einen motivierten Junior Treasury Analyst (m/w/d), der das Team bei der Verwaltung der finanziellen Ressourcen unterstützt Die vorliegende Stelle ist im Rahmen der Arbeitnehmerüberlassung zu besetzen. Junior Treasury Analyst (m/w/d) Ihre Aufgaben: • Unterstützung bei der Verwaltung der Liquidität und Cashflows unseres Unternehmens • Analyse und Überwachung von Bankkonten und Finanztransaktionen • Mithilfe bei der Erstellung von Liquiditätsprognosen und Cash-Management-Reports • Mitarbeit bei der Implementierung von Finanzierungsstrategien und Risikomanagement-Maßnahmen • Erstellung von Berichten und Präsentationen für das Management • Enge Zusammenarbeit mit verschiedenen Abteilungen, wie Controlling, Accounting und Treasury Ihre Qualifikationen: • Abgeschlossenes Studium der Betriebswirtschaftslehre, Wirtschaftswissenschaften oder einer vergleichbaren Fachrichtung • Erste praktische Erfahrungen oder Praktika im Finanz- oder Treasury-Bereich sind von Vorteil • Sehr gute Kenntnisse in MS Office, insbesondere Excel; erste Erfahrungen mit Treasury-Software sind von Vorteil • Analytische Denkweise, Zahlenaffinität und eine strukturierte Arbeitsweise • Interesse an Finanzthemen und Motivation, dich in diesem Bereich weiterzuentwickeln • Unbefristete Einstellung/ unbefristeter Arbeitsvertrag • Übertarifliches Fixgehalt/ Ein monatliches Festgehalt bei übertariflicher Bezahlung • Vermögenswirksame Leistungen • Urlaubs- und Weihnachtsgeld • Flexible Arbeitszeiten • Sicherer Arbeitsplatz • Eine engagierte Betreuung im Rahmen des Bewerbungsprozesses ist für uns selbstverständlich Der Masterplan für Ihre Karriere: Wir finden genau den Job, der zu Ihnen passt. Jetzt auf ""Direkt bewerben"" klicken! Wir freuen uns über die Bewerbung von Menschen, die zur Vielfalt unseres Unternehmens beitragen."
03895b25763ebb4d,Junior Specialist Treasury - Back Office (m/f/d) - Hybrid Option GER,BASF Services Europe GmbH,,,Unrated,Germany,"Berlin, Berlin, DE",https://www.arbeitsagentur.de/jobsuche/jobdetail/16852-44472713-929-S,2026-09-30,arbeitsagentur-de,67,"Positive: treasury / FP&A, plausible level; verify responsibilities",derivatives; treasury english; treasury specialist,Treasury / Markets,,"WELCOME TO BASF In Global Business Services, we support BASF's divisions with a cross-functional network and offer modern solutions tailored to the needs of the business. As a specialized service unit we ensure a high level of customer orientation and we design our services to be cooperative, efficient and future-oriented. WHAT YOU CAN EXPECT Our unit Treasury & Master Data is responsible for the Treasury and Cash Management activity of BASF entities in the EMEA region. Within our Back Office team, we offer you a chance to learn about corporate finance in a diverse, international team. You ensure the proper accounting and reconciliation of derivatives, securities, as well as short- and long-term financing and clarify any differences that arise with both, group internal stakeholders and banks. In doing so, you carry out counter confirmations and are responsible for the maintenance of business partners for financial transactions within the SAP Treasury Management System (TRM). In addition, you are involved in compliance with the reporting regulations, e. g. EMIR. As global Netting Center, you manage and administer the framework for smooth Intercompany Netting processes. Solution-oriented cooperation, including group-wide interfaces with Treasury and Accounting teams as well as auditors, rounds off your task profile. commercial business training or a degree in Business Administration first knowledge of Cash Management, Treasury and/or Corporate Finance analytical skills along with an interest in and experience with technical and practical business process optimization in SAP FI/TRM as well as MS Office fluent in English, further language skills are a plus organized and self-reliant way of working to create innovative driving solutions open-minded personality, self-confident communication and a distinct feedback mindset WHAT WE OFFER Gross annual salary (full-time): 35.000 - 39.000 €, depending on qualifications and professional experience - In addition, you can expect a bonus dependent on the company's success 30 days of paid vacation, special leave and sabbatical options Flexible working hours so that you can organize your working and private life according to your needs Location-independent working models with defined days of presence in Berlin and residence in Germany - here a first impression Work mobile from other EU countries for up to six weeks HOW TO REACH US Katarina Borisov (Talent Acquisition), Tel: +49 30 2005-59269 will be happy to answer your questions for this position. You are welcome to book an online appointment. You can also reach our recruiting team here. First information about our application process can be found here and in our Q&A video.﻿"
e1aff428af0c91fc,"Treasury Back Office Specialist (m/w/d), OSI Foods GmbH & Co. KG",OSI Foods GmbH & Co. KG,,,Unrated,Germany,"Gersthofen, Bayern, DE",https://www.arbeitsagentur.de/jobsuche/jobdetail/12811-2304351-S,2026-07-29,arbeitsagentur-de,67,"Positive: treasury / FP&A, plausible level; verify responsibilities",treasury specialist,Treasury / Markets,,"Über OSI OSI Europe ist ein führendes Unternehmen in der Nahrungsmittelindustrie, das sich auf die Herstellung hochwertiger Lebensmittelprodukte spezialisiert hat. Mit mehreren Produktionsstandorten in Europa und einem globalen Vertriebsnetzwerk, bieten wir erstklassige Lösungen für Kunden weltweit. Unser europäisches Headquarter in Gersthofen sucht eine/n Treasury Back Office Specialist (m/w/d). Was Ihre Aufgaben umfassen Bearbeitung und Validierung von inländischen und internationalen Zahlungen für mehrere Einheiten in verschiedenen Währungen grenzüberschreitend Teilnahme an Automatisierungs- & Prozessverbesserungsinitiativen zur Verbesserung der Straight-Through-Processing (STP) Koordination mit IT / Banken / Treasury Front Office zur Lösung von abgelehnten, zurückgesandten oder blockierten Zahlungen Unterstützung bei der täglichen Liquiditätsplanung für mehrere Geschäftseinheiten Bearbeitung und Bestätigung täglicher Treasury-Transaktionen, einschließlich FX, MM, Derivate und Geldbewegungen, sowie Durchführung von End-to-End-Abwicklungsaktivitäten Verwaltung von Zahlungssystemen, einschließlich ERP-Plattformen (z. B. SAP), Zahlungsterminals (z. B. Sumup), Treasury-Management-Systemen (z. B. Coupa) und Kreditkarten, um Transaktionen zu bearbeiten und die Datenintegrität zu gewährleisten Pflege relevanter Datenaufzeichnungen, z. B. autorisierte Zeichnungsberechtigungen, Zahlungsvorlagen usw. Was wir von Ihnen erwarten Bachelor-Abschluss in Finanzen oder ähnliche Ausbildung Berufserfahrung in einer ähnlichen Position Verständnis von Treasury-Transaktionen und Prinzipien des Cash-Managements Vertrautheit mit globalen Zahlungsmethoden und -formaten Starke Excel-Kenntnisse Erfahrung mit SAP und Treasury-Management-Systemen ist ein Muss Aufmerksamkeit für Details und Genauigkeit in einem hochvolumigen Umfeld Organisations-, Analyse- und Problemlösungsfähigkeiten Fähigkeit, mehrere Prioritäten zu managen und Fristen einzuhalten Fließende Englischkenntnisse in Wort und Schrift Was wir Ihnen bieten Wir sind ein Unternehmen mit flachen Hierarchien, wertebasierter Unternehmenskultur und ausgeprägter Kundenorientierung in einem besonderen Markt. Wir wissen, dass das Engagement unserer Mitarbeiter die Grundlage unseres Erfolgs ist. Daher unterstützen wir Sie, indem wir Ihnen schnell Verantwortung übertragen und Sie entsprechend Ihrer Talente entwickeln. Weitere Vorteile: Attraktives Gehaltspaket inklusive Urlaubs- und Sonderjahresvergütung Betriebliche Altersvorsorge 30 Urlaubstage pro Kalenderjahr Sonderurlaubstage Flexible Arbeitszeiten in einem hybriden Arbeitsmodell Arbeiten in einem modernen und zukunftsorientierten Arbeitsumfeld Erfahrenes Management, freundliche internationale Kollegen und respektvolle Zusammenarbeit Gute Anbindung an öffentliche Verkehrsmittel und kostenlose Parkplätze vor Ort Job Bike Fahrradliebhaber finden Duschmöglichkeiten sowie Umkleideräume und Schließfächer Möglichkeit zur Untersuchung durch den Betriebsarzt Fantastische Kantine"
0187b3e5502b94b3,Senior Consultant Payments & Liquidity Management (m/w/d),syracom AG,,,Unrated,Germany,"Wiesbaden, Hessen, DE",https://www.arbeitsagentur.de/jobsuche/jobdetail/12288-4931602323-S,2026-09-07,arbeitsagentur-de,67,"Positive: treasury / markets / derivatives (risk), plausible level; verify responsibilities",liquidity management,Treasury / Markets,,"syracom ist ein Business- und IT-Beratungshaus, spezialisiert auf digitale Prozesse. Seit fast 25 Jahren ebnet das mehrfach als Beste Berater ausgezeichnete Unternehmen seinen Kunden den Weg in die digitale Transformation. Dabei richtet es die Informationstechnologie am Kerngeschäft der Kunden aus und steigert so dessen Effizienz: business efficiency engineering für nachhaltigen Erfolg. Verstärke unser Team in Wiesbaden, München und freue dich auf Abwechslung! Senior Consultant Payments & Liquidity Management (m/w/d) Standort Wiesbaden, München bee part Nachhaltig, innovativ, positiv geladen, wertschätzend, sozial, authentisch, leidenschaftlich Deine Aufgaben Planung und Durchführung komplexer Organisations- und Prozessmanagementprojekte im Kontext Zahlungsverkehr und Treasury/Liquiditätsmanagement Fachliche Beratung im Massen-, Individual- und Firmenkundenzahlungsverkehr Beratung bei der Einführung neuer, innovativer Bezahlmethoden (Instant Payments, Mobile Payments, Request-to-Pay) einschließlich Umsetzung, d. h. Erstellung von Anforderungsanalysen und Fachkonzeptionen sowie Begleitung von IT-Implementierungen Unterstützung bei der Akquisition von Projekten und bei der Erstellung von Angeboten (Teil-)Verantwortung für die Entwicklung von Themen und Beratungsprodukten im Payments- und Cash-Management-Umfeld (Instant Payments, NextGen Payments, Invisible Payments, IoT, Real-time Liquidity Management, Digitaler Euro) Dein Profil Mehrjährige Berufserfahrung in der Beratung, bei einem Finanzdienstleister, FinTech oder ähnlichem Ausgeprägte Erfahrung im Bereich Zahlungsverkehr oder Treasury, in mindestens einer der nachfolgenden Themenstellungen: Internationaler Zahlungsverkehr, Clearing, bankseitiges Cash Management oder Payments-Innovationen Sehr gute Kenntnisse im Projekt- und Geschäftsprozessmanagement Expertise im agilen Umfeld von Vorteil (z. B. in der Rolle Product Owner) Breites Kontaktnetzwerk als Basis für vertriebliche Erfolge von Vorteil Deine Vorteile Sozial abgesichert: Altersvorsorge gehört dazu, zusätzlich erhältst du bei uns auch eine Berufsunfähigkeitsversicherung. Smartes Arbeiten: Flexible Arbeitszeiten und mobiles Arbeiten, damit du deine Work-Life-Balance optimal gestalten kannst. Finanzielle Anreize: Dein Einsatz lohnt sich! Du erhältst einen variablen Gehaltsanteil, der deine Leistung direkt widerspiegelt – und on top attraktive Prämien für Mitarbeiterempfehlungen. Gemeinsam engagiert: Aktiv soziales Engagement mitgestalten und sich für den Klimaschutz einsetzen, damit wir auch noch morgen erfolgreich sind. Gesunde Mobilität: Egal, ob klassisches Fahrrad oder modernes E-Bike. Lease dein Wunschrad zu attraktiven Konditionen – das ist gut für dich und für die Umwelt. Team erleben, Erfolge feiern: Unvergessliche Sommerfeste, Weihnachtsfeiern, Afterwork-Events, Solution Jam uvm. stärken unseren Teamgeist. Weitere Benefits: Hier kannst du dir noch weitere Benefits anschauen. Hast du Fragen? Wir freuen uns auf deine Bewerbung! Katrin Streit Leiterin Personal & Organisationsentwicklung +49 6122 9176-19 Nachricht Deine Bewerbung kannst du uns ganz schnell und einfach über das Bewerberformular zukommen lassen. Da die Sicherheit deiner Daten uns besonders wichtig ist, werden sie durch eine SSL-Verschlüsselung übertragen. Alternativ kannst du uns deine Bewerbung auch gerne per E-Mail zukommen lassen. syracom AG Otto-von-Guericke-Ring 15 | 65205 Wiesbaden www.syracom.de"
cfa4804234b59985,Financial Analyst (w/m/d) / Controlling,Fielmann AG,,,Unrated,Germany,"Hamburg, Hamburg, DE",https://www.arbeitsagentur.de/jobsuche/jobdetail/13006-66676_61420-1-S,2026-10-02,arbeitsagentur-de,67,"Positive: treasury / FP&A, plausible level; verify responsibilities",equity analyst; investment analyst; investment research; valuation,Corporate Finance / M&A,,"Als Financial Analyst (w/m/d) im Controlling der Fielmann Group AG arbeitest Du an zentralen finanziellen und strategischen Fragestellungen zur Steuerung und Weiterentwicklung unseres Familienunternehmens. In enger Zusammenarbeit mit dem VP Controlling arbeitest du direkt an den wesentlichen Fragestellungen der Fielmann Unternehmensgruppe – mit hoher Sichtbarkeit und viel Eigenverantwortung. Du bereitest entscheidungsrelevante Erkenntnisse für das Senior Management und den Vorstand auf. Dich erwarten anspruchsvolle Analytik und Controllingprojekte mit echter Relevanz für das Business. Du beherrschst Analysen und Finanzmodelle und kannst aus ihnen Handlungsempfehlungen ableiten. Somit trägt dein Know-how maßgeblich dazu bei, Wachstum, Profitabilität und Innovation voranzutreiben. Die Rolle eignet sich besonders für Talente aus Investment Banking, Strategy Consulting, Transaction Services, Valuation oder Equity Research, die ambitioniert sind, den nächsten Schritt zu gehen und unternehmerisch arbeiten wollen. Sie bietet dir die Möglichkeit, unser Unternehmen in kurzer Zeit tiefgreifend zu verstehen, eng mit Entscheidungsträgern zusammenzuarbeiten und dich innerhalb der Organisation sichtbar zu positionieren. Wer hier erfolgreich ist, entwickelt sich schnell weiter – im Controlling oder darüber hinaus. Das erwartet dich bei uns. Deine Aufgaben. Du arbeitest an einer Vielzahl finanzieller, strategischer und operativer Fragestellungen – sei es die Entwicklung gruppenweiter KPI- und Steuerungslogiken, die Performanceanalyse einzelner Länderorganisationen oder das Modellieren von Business Cases zu neuen Wachstums- und Investitionsideen. Deine Themen sind zum Beispiel: Analyse und Bewertung von Business Cases, Investitionen und strategischen Projekten Erstellung von Finanzmodellen, Szenarioanalysen und Wirtschaftlichkeitsberechnungen Analyse operativer und finanzieller Entwicklungen in unseren internationalen Gesellschaften Entwicklung von Entscheidungsvorlagen sowie Handlungsempfehlungen für das Senior Management Unterstützung bei Budgetierung, Forecasting und der Erstellung von Mehrjahresplanungen Weiterentwicklung von Controlling-Methoden, Prozessen und Reporting-Tools Enge Zusammenarbeit mit zentralen Fachbereichen sowie internationalen Tochtergesellschaften Warum wir uns auf dich freuen. Dein Profil. Hervorragend abgeschlossenes Studium der Betriebswirtschaftslehre, Wirtschaftswissenschaften oder eines vergleichbaren Studiengangs mit Schwerpunkt Finanzen / Controlling Erste Berufserfahrung in einem analytisch geprägten Umfeld Starke Priorisierungs- und Umsetzungsfähigkeit in einem schnelllebigen Umfeld Fähigkeit, komplexe Geschäftsmodelle und Fragestellungen schnell zu fassen und mit steiler Lernkurve strukturiert umzusetzen Kommunikationsstarkes und sicheres Auftreten –mit einer teamorientierten, pragmatischen Arbeitsweise Sehr gute Kenntnisse in Finanzmodellierung, Investitionsrechnung und Unternehmensbewertung Hohe Eigeninitiative und der Anspruch, Verantwortung zu übernehmen Fähigkeit, auch unter hoher Dynamik mehrere Themen gleichzeitig zu priorisieren und umzusetzen Sicherer Umgang mit MS Excel, MS Powerpoint sowie BI-Tools (z. B. Power BI, SAP Analytics Cloud) Ausgeprägtes analytisches Denkvermögen, strukturierte Arbeitsweise und hohes Zahlenverständnis Sehr gute Deutsch- und Englischkenntnisse Wir geben alles. Deine Vorteile. Attraktive Vergütung, 13. Gehalt Jährliches Budget: 1.080 € für Fielmann Produkte für dich und deine Famili"
0ad80b55baf4aaf6,Analyst M&A / Debt Advisory (m/w/d),Deloitte GmbH,,,Unrated,Germany,"München, Bayern, DE",https://www.arbeitsagentur.de/jobsuche/jobdetail/15794-468489_48746-1-S,2025-06-03,arbeitsagentur-de,65,"Positive: transactions / M&A, plausible level; verify responsibilities",capital advisory; deal advisory; debt advisory; equity analyst; investment analyst,Investments / PE,,"Deloitte bietet führende Prüfungs- und Beratungsleistungen in Audit & Assurance, Tax & Legal, Consulting und Advisory – für nahezu 90 % der Fortune Global 500® und zahlreiche private Unternehmen. Wir liefern innovative Denkansätze, lösen komplexe Herausforderungen und fördern nachhaltiges Wachstum. Mit rund 470.000 Mitarbeitenden weltweit eröffnen wir hervorragende Karrierechancen – getragen von einem starken „Wir“ und einer Vielfalt an Perspektiven und Fähigkeiten. Du willst im Bereich Strategy, Risk & Transactions – Advisory – Mergers & Acquisitions Kunden entlang des gesamten M&A-Deal-Zyklus begleiten – von Strategie und Due Diligence über Finanzierungs- und Technologiefragen bis hin zur erfolgreichen Umsetzung und Integration von Transaktionen? Unser Team unterstützt Mandanten beim Kauf, Verkauf oder Zusammenschluss von Unternehmen - strategisch, finanziell und rechtlich. Sichere unseren gemeinsamen Erfolg und mach mit uns den Unterschied: als Analyst M&A / Debt Advisory (m/w/d). Standorte: München und Frankfurt (Main). Dein Impact: Als Analyst M&A / Debt Advisory (m/w/d) berätst du Mandanten bei der Vorbereitung und Durchführung anspruchsvoller Transaktionen – und trägst so zu nachhaltigen Entscheidungen und Umsetzungen von Unternehmensstrategien bei. Hands-on-Mentalität: Du führst M&A- bzw, Finanzierungs-Transaktionen durch, aber auch Unternehmensbewertungen unter Anwendung verschiedener Methoden, z.B. LBO oder DCF. Durchblick: Mit deinem Team erarbeitest du Betriebs- / Finanzmodelle und Prozessunterlagen, wie z. B. Information Memoranden, Management Präsentationen und Term Sheets. Überzeugen: Um potenzielle Mandanten zu gewinnen, erstellst du ansprechende Pitch Unterlagen, aber auch Kurzprofile von Unternehmen und Management Präsentationen. Sorgfalt: Während du an Analysen von Jahresabschlüssen, Finanzierungsstrukturen, Kreditdokumentationen und Verschuldungskapazitäten arbeitest, behältst du den Überblick. Interaktion: Als Ansprechpartner:in pflegst du Kontakt mit potenziellen Investoren und betreust Mandanten im Rahmen von laufenden Projekten. Dein Skillset: Abschluss in Wirtschaftswissenschaft mit den Schwerpunkten Finanzierung, Unternehmensbewertung, Controlling oder internationale Rechnungslegung Erste praktische Erfahrungen in relevanten Bereichen (Private Equity, M&A oder Investment Banking) Kenntnisse im Umgang mit Bloomberg, Capital IQ und Mergermarket oder ähnlichen externen Quellen sind von Vorteil, sicherer Umgang mit MS-Office, Flexibilität und gute Fähigkeiten in der Präsentation von Ergebnissen Ausgeprägtes analytisches und konzeptionelles Denkvermögen und hohe Belastbarkeit Reisebereitschaft sowie Deutsch und Englisch sehr gut in Wort und Schrift Deine Chance: Spannende Aufgaben in einem innovativen Umfeld mit hochmotivierten Kolleg:innen, die sich schon jetzt auf deine Impulse freuen Gute Rahmenbedingungen mit attraktivem Gehalt und zahlreichen Zusatzleistungen, z. B. Firmen-Smartphone zur privaten Nutzung, Fahrradleasing und Corporate Benefits Work-Life-Balance durch Mobile Working & Teilzeit, EU Remote Working, Sabbaticals, Mitarbeiter:innen-Events, Well-being Angebote wie z. B. Gesundheitstage, Kooperationen mit Fitness-Anbietern und den Familienservice, der dich bei privaten Herausforderungen unterstützt Exzellente Weiterbildung an der Deloitte University, in On- und Offline-Seminaren und im Rahmen der Berufsqualifikation Vielfältige Gestaltungsspielräume und aktive Förderung einer inklusiven Unternehmenskult"
51c619fb5a7debac,Junior Data Analyst Controlling (m/w/d),Richter Pharma AG,,,Unrated,Austria,"Wels, Oberösterreich, AT",https://www.karriere.at/jobs/10029228,2026-10-08T00:00:00+02:00,karriere-at,77,"Positive: treasury / FP&A, finance transformation / analytics, plausible level; verify responsibilities",credit analyst,FP&A / Performance,,"karriere.at/jobs/10029228 Junior Data Analyst Controlling (m/w/d) Vollzeit, Dienstort Wels Über den Job Anstellungsart Vollzeit (Festanstellung) Gehalt ab 42.000 EUR jährlich Positionsebene Berufserfahrung Arbeitsmodell Hybrid Dienstort Wels Berufsfelder IT, EDV, Rechnungswesen, Controlling Offene Stellen 1 Stelle offen für diese Position Über das Unternehmen Arbeitgeber Richter Pharma AG Mitarbeiter*innenanzahl 101 - 500 Mitarbeiter*innen Standorte Wels Wir sind ein erfolgreicher Gesundheitsdienstleister und Hersteller in einer wachsenden Branche im oberösterreichischen Zentralraum und zeichnen uns durch internationale Ausrichtung aus. Zur Verstärkung unseres Teams suchen wir eine(n): Junior Data Analyst Controlling (m/w/d) In dieser Position berichten Sie direkt an den Leiter Controlling und verstärken unser engagiertes Controlling-Team. Sie leisten einen wesentlichen Beitrag zur transparenten Darstellung der Finanz-, Ertrags- und Vermögenslage unserer Unternehmensgruppe sowie einzelner strategischer Geschäftseinheiten. Als Schnittstelle zwischen Controlling, Accounting und operativen Einheiten arbeiten Sie eng mit verschiedenen Fachbereichen zusammen und übernehmen schrittweise eigenverantwortlich definierte Aufgabenbereiche. Darüber hinaus wirken Sie aktiv an zukunftsweisenden Transformations- und Digitalisierungsprojekten mit. Was wir Ihnen zutrauen: Durchführung von Business Analysen für unsere strategischen Geschäftseinheiten Mitarbeit und eigenständige Übernahme von Aufgaben in Controlling- und Finanzprojekten Projektleitung bei der Umstellung unseres BI-Systems auf IBM TM1 (Planung, Testing, Weiterentwicklung) Mitwirkung bei der S 4 Hana-Transformation, insbesondere aus Controlling-Sicht (Prozessanalyse, Datenvalidierung, Reporting-Anforderungen) Investcontrolling Mitarbeit bei der Weiterentwicklung unserer BI- und Reporting-Landschaft Analyse von Werteflüssen und Kostenstrukturen in SAP Mitarbeit in der SAP-Kostenrechnung Was wir von Ihnen erwarten: Abgeschlossenes wirtschaftl. Studium mit Schwerpunkt Controlling, Finanz- oder Wirtschaftsinformatik Erste praktische Erfahrungen im Controlling, idealerweise in einem internationalen Umfeld Kenntnisse in SAP (idealerweise CO) sowie Interesse an BI-Tools (zB TM1, Power BI, Qlik, oä) Ausgeprägte Affinität zu Daten, Systemen und Prozessen Analytisches Denkvermögen sowie strukturierte und eigenständige Arbeitsweise Teamorientierung, Kommunikationsstärke und ein ausgeprägter Servicegedanke Freude an der Mitgestaltung von System- und Prozesslandschaften im Zuge von Transformationen Wir bieten Ihnen: Eine langfristige Anstellung in einer Branche mit hohem Zukunftspotenzial Ein angenehmes offenes Betriebsklima in einem engagierten Team Einen fundierten Grundeinschulungsprozess zur Vorbereitung auf den Aufgabenbereich Zahlreiche Benefits, wie z.B. Vergünstigte Einkaufsmöglichkeiten, Lebensmittelgutscheine sowie diverse Sport- und Gesundheitsangebote Fachliche und persönliche Weiterbildungsmöglichkeiten Möglichkeit zur teilweisen Tätigkeit im Home Office und Vereinbarkeit von Familie & Beruf Detaillierte Angaben zur Stelle Vollzeit (Festanstellung) Montag bis Freitag 38,5 Stunden Dienstort Wels Erforderliche Kenntnisse SAP (idealerweise CO) BI-Tools Erforderliche Ausbildung Abgeschlossenes wirtschaftl. Studium mit Schwerpunkt Controlling, Finanz- oder Wirtschaftsinformatik Detaillierte Angaben zur Stelle Vollzeit (Festanstellung) Montag bis Freitag 38,5 Stunden Dienstort Wels Erforderliche "
641c394d46e12ac3,Manager (all genders) M&A Restructuring,Deloitte,deloitte,Big Four,A,Austria,"Wien, Wien, AT",https://www.karriere.at/jobs/7873735,2026-10-07T05:30:06+02:00,karriere-at,70,"Positive: transactions / M&A, restructuring / working capital",M&A; corporate finance; restructuring,Corporate Finance / M&A,"Consulting / Deals / Finance Transformation · Prior consulting experience and contacts make Deloitte a high-value test across M&A, valuation, restructuring, treasury and finance transformation.","Manager (all genders) M&A Restructuring Wien, Austria Vollzeit Jetzt bewerben Unternehmensbeschreibung Deloitte Österreich ist der führende Anbieter von Professional Services. Das gelingt uns mit unseren rund 1.900 engagierten Mitarbeiterinnen und Mitarbeitern an 17 Standorten, die Unternehmen und Institutionen in verschiedenen Bereichen betreuen. Wir schätzen die Vielfalt unserer Mitarbeitenden und sehen sie als essenziellen Schlüssel für Innovation und Erfolg. Deshalb setzen wir uns dafür ein, dass bei uns jede:r die gleichen Chancen erhält. Stellenbeschreibung Unsere global führenden Corporate Finance Teams unterstützen bei M&A-Transaktionen und Unternehmens(re-)finanzierungen . Seit mehr als 100 Jahren sorgen unsere Deloitte Expert:innen dafür, nachhaltiges Wachstum zu fördern und Wettbewerbsvorteile für unsere Geschäftspartner:innen zu realisieren. Was dich erwartet Projektleitung sowie aktive Mitarbeit in anspruchsvollen Projekten in den Bereichen Mergers & Acquisitions, Restrukturierung und Financial Due Diligence Beratung unserer Kund:innen bei der Entwicklung von Transaktionsstrategien und -strukturen sowie bei der erfolgreichen Umsetzung von Verkaufsprozessen Erstellung, Plausibilisierung und Analyse integrierter Unternehmensplanungen und Finanzierungsmodelle Koordination von Anfragen, Angebotsprozessen und internen Expertise-Teams im M&A- und Restrukturierungsumfeld Projektabhängige Führung, Entwicklung und Coaching von Mitarbeitenden , inklusive Performance-Feedback und Vorbildwirkung durch gelebte Deloitte Werte Qualifikationen Mindestens 5 Jahre einschlägige Berufserfahrung in der Corporate-Finance- und/oder Restrukturierungsberatung Abgeschlossenes Studium mit Schwerpunkt Finanzierung, Corporate Finance oder Rechnungswesen Zusätzliche Qualifikationen wie Wirtschaftsprüfer:in, Steuerberater:in, CFA, CPA oder CVA von Vorteil Team- und klient:innenorientierte Persönlichkeit mit Erfahrung in der interdisziplinären Führung und Weiterentwicklung von Mitarbeitenden Sehr gute Kommunikations- und Präsentationsfähigkeiten in Deutsch und Englisch sowie ein professionelles Auftreten Zusätzliche Informationen Jahresbruttogehalt ab EUR 70.000,- (Level Manager:in, All-In). Deine Vergütung orientiert sich selbstverständlich an deiner individuellen Qualifikation und positionsrelevanten Berufserfahrung. Darüber hinaus erwarten dich attraktive Zusatzleistungen und Benefits. Make an impact that matters. Wir ermutigen dich, neue Verantwortungen zu übernehmen, dich aktiv in spannende Projekte einzubringen und wertvolle Erfahrungen zu sammeln. Im Gegenzug bieten wir dir exzellente Trainingsprogramme (Deloitte Academy, Deloitte University), strukturierte Karrierepfade, fachspezifische Ausbildungen und Trainings sowie persönliche Weiterbildungsmöglichkeiten, damit du deine Karriereziele erreichst und dein volles Potenzial entfalten kannst. Unsere Unternehmenskultur ist geprägt von starkem Zusammenhalt und unseren gemeinsamen Werten . Dabei ist uns das Wellbeing unserer Mitarbeitenden besonders wichtig. Außerdem bieten wir flexible Arbeitszeiten sowie die Möglichkeit im Home Office oder im Büro im Stadtzentrum zu arbeiten. Auf deine Bewerbung freut sich : Marlene Pirker, Tel.: +43 1 53700-2570 Für Fragen oder konkrete Unterstützung zur Barrierefreiheit wende dich bitte Für Fragen oder konkrete Unterstützung zur Barrierefreiheit wende dich bitte an barrierefreiheit@deloitte.at."
776a3cce0a5cf626,Controlling & Finance Analyst (m/w/d),Sotreq Handels GmbH,,,Unrated,Austria,"Wien 3. Bezirk (Landstraße), Wien, AT",https://www.karriere.at/jobs/10033211,2026-10-07T00:00:00+02:00,karriere-at,67,"Positive: treasury / FP&A, plausible level; verify responsibilities",credit analyst,FP&A / Performance,,"karriere.at/jobs/10033211 Controlling & Finance Analyst (m/w/d) Über den Job Anstellungsart Vollzeit (Festanstellung) Gehalt 3.500 EUR bis 4.000 EUR monatlich Positionsebene Berufserfahrung Arbeitsmodell On-site Dienstort Wien 3. Bezirk (Landstraße) Berufsfelder Rechnungswesen, Controlling Offene Stellen 1 Stelle offen für diese Position Über das Unternehmen Arbeitgeber Sotreq Handels GmbH Mitarbeiter*innenanzahl 11 - 30 Mitarbeiter*innen Standorte Wien Die Sotreq Handels GmbH ist ein international tätiges Handelsunternehmen mit Sitz in Wien und Teil der brasilianischen Sotreq-Gruppe. Sotreq wurde 1941 gegründet und blickt auf eine fast 85-jährige Unternehmensgeschichte zurück und zählt zu den führenden Anbietern von Maschinen, Dienstleistungen und Technologielösungen in Brasilien. Über ihre internationalen Handelsaktivitäten unterstützt die Sotreq Handels GmbH weltweite Handels- und Logistiktransaktionen für Kunden und Geschäftspartner rund um den Globus. Seit 2011 in Wien ansässig, verbindet unser Team Europa, Lateinamerika und internationale Lieferanten durch effiziente kommerzielle, finanzielle und logistische Lösungen. Wir arbeiten in einem internationalen Umfeld mit kurzen Entscheidungswegen und bieten die Möglichkeit, früh Verantwortung zu übernehmen und sich fachlich weiterzuentwickeln. Aufgaben In dieser Position unterstützen Sie die Geschäftsführung bei Controlling-, Finance- und Reporting-Themen. Sie übernehmen zunächst operative und analytische Aufgaben und entwickeln sich schrittweise in weiterführende Finanz- und Abschlussthemen. Zu Ihren Aufgaben gehören insbesondere: Erstellung und Weiterentwicklung des monatlichen Management-Reportings Analyse von Umsatz-, Margen-, Kosten- und Ergebnisentwicklungen Mitarbeit bei Budget-, Forecast- und Planungsprozessen Cashflow-Planung und Liquiditätsanalysen Erstellung von Ad-hoc-Analysen und Entscheidungsgrundlagen für die Geschäftsführung und den Konzern Unterstützung bei Monats-, Quartals- und Jahresabschlüssen Schrittweise Mitarbeit bei Bilanzierungs- und Bewertungsthemen Durchführung und Dokumentation von Intercompany-Abstimmungen innerhalb der Unternehmensgruppe Unterstützung bei Wirtschaftsprüfungen und Bearbeitung von Audit-Anfragen Zusammenarbeit mit Wirtschaftsprüfern, Steuerberatern und Behörden Weiterentwicklung von Reporting-Lösungen mit Excel, Power Query und Power BI Mitarbeit bei der Digitalisierung und Automatisierung von Finanzprozessen Dokumentation und Optimierung von Controlling- und Finance-Prozessen Anforderungen Abgeschlossene kaufmännische Ausbildung (HAK, FH, Universität oder vergleichbare Ausbildung) Erste relevante Berufserfahrung im Bereich Controlling, Finance, Accounting oder Audit, idealerweise 2 bis 5 Jahre Erfahrung bei Monatsabschlüssen, Jahresabschlüssen oder vergleichbaren Abschlussprozessen Solides Verständnis von Accounting-, Bilanzierungs- und Finanzthemen Gute Excel-Kenntnisse Gutes Verständnis für betriebswirtschaftliche Zusammenhänge und Finanzkennzahlen Analytisches Denkvermögen sowie eine strukturierte und selbstständige Arbeitsweise Genauigkeit, Verlässlichkeit und hohe Lernbereitschaft Eigeninitiative und Interesse daran, schrittweise zusätzliche Verantwortung zu übernehmen Gute Deutsch- und Englischkenntnisse in Wort und Schrift Von Vorteil, aber nicht erforderlich: Ausbildung zum geprüften Buchhalter oder Bilanzbuchhalter Erfahrung mit UGB-Abschlüssen Erfahrung im Audit- oder Beratungsumfeld Erfahrung mit Power BI, Power Query oder vergl"
4a12e874537c6767,Liquidity and Market Risk Specialist (all genders),Erste Bank,,,Unrated,Austria,"Wien, Wien, AT",https://www.karriere.at/jobs/7871374,2026-10-05T05:30:04+02:00,karriere-at,67,"Positive: treasury / markets / derivatives (risk), plausible level; verify responsibilities",liquidity management; liquidity risk; market risk; market risk english; valuation,Treasury / Markets,,"Working with us means believing in the future; in the great people who are shaping it together every day and in the wide-ranging career paths it opens up. #believeinyourself Liquidity and Market Risk Specialist (all genders) Location: Vienna Working Hours: Full-time Occupation Area: Risk management Company: Erste Group Bank AG Benefits Culinary delights Learning & Development Health Center Interest groups and events Employee Share Program Erste Group was founded in 1819 as the first Austrian savings bank and is today one of the largest stock-listed banking groups in Central Europe. As an attractive employer, Erste Group offers interesting career opportunities in an international environment. Within Group Risk Management, the Market & Liquidity Risk Analytics team is responsible for the calculation, monitoring and further development of market and liquidity risk measures across Erste Group. The team ensures the reliable processing of risk data and provides key inputs for risk management, reporting and regulatory requirements. Your Tasks Operate and monitor daily market risk processes covering PnL, risk measurement and market data management Produce and validate risk metrics used for Independent Price Verification (IPV), internal risk steering and regulatory purposes Ensure the quality and consistency of market data across pricing and risk management platforms Analyze, reconcile and resolve data and valuation issues in cooperation with Risk, Finance and IT teams Support the enhancement of market and liquidity risk analytics and reporting capabilities Your Background University degree in Mathematics, Statistics, Finance, Economics, IT or a related quantitative field First exposure to valuation principles and reporting standards for capital market products Interest in developing your expertise in Market and Liquidity Risk Management Strong communication skills, a reliable working style and fluent English; German or another CEE language is an advantage Solid IT and data management skills, including Python and/or SQL Our Offer A diverse role at the intersection of risk management, data and financial markets The opportunity to gain hands-on experience with market and liquidity risk methodologies in an international banking environment A collaborative team with plenty of opportunities to learn and develop professionally Flexible working arrangements with a combination of office and home office For this position, we offer a gross annual salary starting at EUR 52,200.00 (full-time, including overtime allowance). Your actual salary will be based on your qualifications, experience, and individual fit for the role. Discover and enjoy the benefits of Erste Group We consider the diversity of our employees as key to innovation and success. As employer we are proud to offer everyone equal chances, irrespective of age, skin colour, religious belief, gender, sexual orientation or origin. Interested? Join our Market & Liquidity Risk Analytics team and contribute to the reliable measurement and management of risk across Erste Group. #believeinyourself Contact Barbara Mateju Apply online"
285845ffcd05a2b9,Market & Liquidity Risk Analyst *,BAWAG Group,bawag,Banking & Financial Services,A,Austria,"Vienna, Wien, AT",https://www.karriere.at/jobs/7875580,2026-10-03T05:30:06+02:00,karriere-at,67,"Positive: treasury / markets / derivatives (risk), plausible level; verify responsibilities",ALM; FX risk; derivatives; liquidity management; liquidity risk; market risk; market risk english; treasury analyst; treasury english,Treasury / Markets,"Banking / Treasury / Risk · Vienna-based source for treasury, risk, FP&A, corporate development and banking analytics.","Market & Liquidity Risk Analyst * BAWAG Group is the listed holding company of BAWAG, one of Austria´s largest banks with more than 4 million customers. As a dynamic employer, we promote talent and drive technological innovation forward at a rapid pace. Flat hierarchies, a flexible working environment and equal opportunities for our employees are particularly important to us. As part of our Market & Liquidity Risk Analysis team within the Enterprise Risk Management & Analytics division, you will play an active role in the ongoing management, analysis, and reporting of market and liquidity risks across the bank. This position is aimed at professionals with several years of hands-on experience in a banking risk environment, who are ready to take ownership of analyses, contribute to methodological development, and work closely with senior stakeholders Your Responsibilities Analyze and interpret market and liquidity risk exposures (e.g. IRRBB, FX risk, funding profiles), supporting management and ALCO decisions Monitor key risk indicators and limits, investigate limit breaches, and perform in-depth ad hoc analyses in response to market events or balance sheet changes Prepare, review, and further develop regular management and ALCO reporting, including commentary and interpretation of results Contribute to the development, enhancement, and automation of risk reports and dashboards, using SQL, R, and visualization tools Actively support regulatory risk assessments and internal risk processes (e.g. ICAAP, ILAAP, stress testing, scenario analysis) Participate in cross functional projects to implement regulatory changes, improve methodologies, and enhance risk systems and data flows Serve as a competent contact for internal stakeholders (Treasury, Finance, Risk Management) on market risk topics Your Profile University degree in finance, economics, mathematics, statistics or a comparable quantitative field At least 3 years of professional experience in a bank or financial institution in Market Risk Management, Liquidity Risk, or Asset & Liability Management (ALM) Solid understanding of banking balance sheets, financial instruments including derivatives and core market risk concepts Hands‑on experience with data analysis using R and SQL in a professional environment Experience with risk or ALM systems, such as OneSumX (Risk / ALM), Moody's RiskAuthority, QRM, Sungard / FIS, Murex, or comparable platforms Experience with Power BI or similar visualization tools is a strong asset Confident handling of large datasets and strong ability to translate analysis into clear, decision relevant insights Structured, proactive, and independent working style, combined with strong teamwork skills Very good command of English (spoken and written); German is an advantage Our Offer You will spend 50% of your working time in our modern and easily accessible office at Vienna Central Station. We support your personal development and career planning with an individual and attractive training program. Visit our BAWAG Academy and use our GoodHabitz elearning platform for both your professional and personal growth. In addition, we offer a range of interesting and valuable additional benefits. For this position, the collective agreement stipulates a minimum monthly gross salary of EUR 3.275,40 on a full-time basis. Depending on your experience and qualifications, we are willing to offer a higher salary. Your contact person: Jutta Durstberger +43 664 80998 22099 We value peo"
0462d0828e3d6632,Senior Business Analyst Controlling (m/f/d),GATX Rail Austria GmbH,,,Unrated,Austria,"Wien, Wien, AT",https://www.karriere.at/jobs/10031908,2026-10-03T00:00:00+02:00,karriere-at,67,"Positive: treasury / FP&A, plausible level; verify responsibilities",business controller; credit analyst,FP&A / Performance,,"karriere.at/jobs/10031908 Senior Business Analyst Controlling (m/f/d) About this job Employment type Full Time (Permanent employment) Salary from 3,345.10 EUR monthly Seniority level Professional Experience Work model Hybrid Place of work Wien Field of work Banks, Finance Services, Accounting, Controlling Unfilled vacancies 1 vacancy unfilled for this position About the company Employer GATX Rail Austria GmbH Number of employees 31 - 50 employees Locations Wien GATX Rail Europe is a leading, full-service railcar lessor offering a high quality and diversified fleet to over 20 European countries. With an experienced, service-oriented team, we are focused on making railcar leasing and rail transport simple, efficient, and seamless thus we have strategically located offices across Europe. At GATX we empower, develop, and recognize our people, building a culture of excellence, accountability, and respect. We value diversity and open communication to create a collaborative environment. Together, we achieve more and embrace change by challenging the status quo. To support our growing organisation we are currently looking for Senior Business Analyst Controlling (m/f/d) Role Overview: We are on a transformation journey. Our ambition is to further develop our Controlling function by increasing automation, improving process efficiency, and leveraging modern reporting and analytics solutions. To strengthen our team, we are looking for an experienced and ambitious professional who combines strong controlling expertise with project management and systems know-how. In this role, you will initially focus on driving strategic optimization initiatives across our European Controlling organization. Over time, you will progressively take on additional operational and business partnering responsibilities. Your main responsibilities: Drive the implementation of our controlling development roadmap and identify further improvement opportunities Analyze, redesign and optimize controlling processes with a clear focus on automation, standardization and leveraging efficiency Identify and implement digital solutions that reduce manual effort and improve data quality and transparency Lead cross-functional improvement projects and coordinate stakeholders from Controlling, IT and the business. Design and implement new reporting solutions, dashboards and performance management tools. Further develop budgeting, forecasting and management reporting processes and tools As our transformation journey progresses, you will increasingly assume operational Controlling responsibilities, including: Participation in monthly closing, budgeting and forecasting processes Preparation of management reports, business analyses and decision support Business partnering with management and operational stakeholders Identification of risks, opportunities and performance improvement measures You are a good fit if you have: University degree in Finance, Controlling, Business Administration, Business Informatics or a comparable field 7-10+ years of professional experience in Controlling, Finance Transformation, Business Analysis or comparable functions Proven track record in process optimization, automation initiatives and project management Strong understanding of controlling processes, planning, forecasting and management reporting Experience working with ERP and BI systems, ideally SAP and Power BI Knowledge of data modeling, reporting architecture or business intelligence solutions Basic acco"
1d5ca73eb6b8dcaa,Credit & Treasury Analyst (m/w/d),eXperts consulting center,,,Unrated,Austria,"Schwertberg, Oberösterreich, AT",https://www.karriere.at/jobs/7864903,2026-10-02T05:30:04+02:00,karriere-at,67,"Positive: treasury / FP&A, plausible level; verify responsibilities",credit analyst; treasury; treasury analyst; treasury manager,Treasury / Markets,,"Die besten Jobs für Fach- und Führungskräfte. Credit & Treasury Analyst (m/w/d) Für unseren Kunden suchen wir im Bezirk Perg nach Verstärkung. Das sind wir! Das eXperts consulting center, eine Business Unit der I.K. Hofmann GmbH, fungiert als Schnittstelle zwischen Unternehmen und qualifizierten Spitzenkräften. Von der Suche bis zur Anstellung unterstützen wir beide Seiten, damit am Ende eine Partnerschaft entsteht, die alle voranbringt. Ihr Erfolg ist uns wichtig und dafür nehmen wir uns Zeit. Profitieren Sie von unserem globalen Netzwerk und werden Sie Teil der Erfolgsgeschichte. Wen suchen wir? Abgeschlossenes Studium im Bereich Finance, BWL, Wirtschaftsinformatik oder einer vergleichbaren Fachrichtung Analytisches Denkvermögen, solides Finanz-Know-how sowie Interesse an der Weiterentwicklung von Prozessen Sicherer Umgang mit digitalen Systemen und Tools Gute Deutsch- und Englischkenntnisse sowie Kommunikationsstärke in der Zusammenarbeit mit internationalen Kolleg*innen Teamfähigkeit, Eigeninitiative und ein selbstständiger, proaktiver Arbeitsstil Was erwarten wir? Erstellung und Beurteilung von Bilanzen und Risikoanalysen als Basis für Entscheidungen über Finanzierungsanfragen, Kreditlimits und Sicherheiten Erste Anlaufstelle für den Vertrieb bei allen Fragen zur Finanzierung von Kunden Weiterentwicklung der konzernweiten Prozesse im Kreditrisikomanagement, von der Bonitätsprüfung bis zum Mahnwesen Vorantreiben der Digitalisierung im Treasury-Bereich, inklusive Einsatz neuer KI-gestützter Lösungen Mitarbeit an der Liquiditätsplanung sowie Unterstützung bei Konzernfinanzierung und Veranlagung Das erwartet Sie bei uns! Für diese Position ist ein Bruttomonatsgehalt von mindestens EUR 3 700,00 vorgesehen. Abhängig von Ihren Qualifikationen und Erfahrungen ist eine Überzahlung möglich. Wir sind gerne für Sie da Zögern Sie nicht und bewerben Sie sich noch heute. Gerne beantworten wir Ihre Fragen telefonisch oder per E-Mail. Alexander Gruber +43 7224 675004314 karriere.nord@ecc-experts.at EXPRESSBEWERBUNG"
062551b1fd040a20,Credit & Treasury Analyst,eXperts consulting center (eine Business Unit der I. K. Hofmann GmbH),,,Unrated,Austria,"St. Florian, Österreich",https://www.willhaben.at/jobs/job/credit-treasury-analyst-m-w-d/13260761,2026-10-05,willhaben-at,67,"Positive: treasury / FP&A, plausible level; verify responsibilities",credit analyst; treasury; treasury analyst; treasury manager,Treasury / Markets,,"Credit & Treasury Analyst (m/w/d) * Ort: 4311 Schwertberg * JOB-ID: 27671 Credit & Treasury Analyst Für unseren Kunden suchen wir im Bezirk Perg nach Verstärkung. Das sind wir! Das eXperts consulting center, eine Business Unit der I.K. Hofmann GmbH, fungiert als Schnittstelle zwischen Unternehmen und qualifizierten Spitzenkräften. Von der Suche bis zur Anstellung unterstützen wir beide Seiten, damit am Ende eine Partnerschaft entsteht, die alle voranbringt. Ihr Erfolg ist uns wichtig und dafür nehmen wir uns Zeit. Profitieren Sie von unserem globalen Netzwerk und werden Sie Teil der Erfolgsgeschichte. Wen suchen wir? * Abgeschlossenes Studium im Bereich Finance, BWL, Wirtschaftsinformatik oder einer vergleichbaren Fachrichtung * Analytisches Denkvermögen, solides Finanz-Know-how sowie Interesse an der Weiterentwicklung von Prozessen * Sicherer Umgang mit digitalen Systemen und Tools * Gute Deutsch- und Englischkenntnisse sowie Kommunikationsstärke in der Zusammenarbeit mit internationalen Kolleg*innen * Teamfähigkeit, Eigeninitiative und ein selbstständiger, proaktiver Arbeitsstil Was erwarten wir? * Erstellung und Beurteilung von Bilanzen und Risikoanalysen als Basis für Entscheidungen über Finanzierungsanfragen, Kreditlimits und Sicherheiten * Erste Anlaufstelle für den Vertrieb bei allen Fragen zur Finanzierung von Kunden * Weiterentwicklung der konzernweiten Prozesse im Kreditrisikomanagement, von der Bonitätsprüfung bis zum Mahnwesen * Vorantreiben der Digitalisierung im Treasury-Bereich, inklusive Einsatz neuer KI-gestützter Lösungen * Mitarbeit an der Liquiditätsplanung sowie Unterstützung bei Konzernfinanzierung und Veranlagung Das erwartet Sie bei uns! * Für diese Position ist ein Bruttomonatsgehalt von mindestens EUR 3 700,00 vorgesehen. Abhängig von Ihren Qualifikationen und Erfahrungen ist eine Überzahlung möglich. Wir sind gerne für Sie da: Zögern Sie nicht und bewerben Sie sich noch heute. Gerne beantworten wir Ihre Fragen telefonisch oder per E-Mail. * Herr Alexander Gruber * +43 7224 67500 * karriere.nord@ecc-experts.at - Download als PDF * Jobs * Standorte * Für Bewerber * Region Nord * Region Ost * Region Süd * Für Unternehmen * Region Nord * Region Ost * Region Süd * Für Bewerber * Kaufmännische Jobs * Finance, Controlling * Human Resources & Administration * Management & Project Management * Marketing & Sales * Technik-Jobs * Engineering * IT & Software * Product Development & Product Management * Research and Development * Absolventen * Praktika & Werkstudenten * Initiativbewerbung * Für Unternehmen * Arbeitnehmerüberlassung * Personalvermittlung * Einstellungsprozess * Ferialprojekte * Über eXperts * Kontakt * News Rückruf Service × Telefon* E-Mail* Herr / Frau* - Anrede -FrauHerr Vorname* Nachname* PLZ* Ort* Tageszeit* Möglichst zeitnahVormittagMittagNachmittagAbend Die Datenschutzhinweise habe ich zur Kenntnis genommen Jetzt absenden Bitte dieses Feld NICHT ausfüllen! Consent solution by Olli machts * Zustimmung * Details * Über Cookies Cookie Einstellungen Diese Webseite verwendet Cookies (auch von Drittanbietern), um Informationen über die Nutzung der Webseite durch unsere Besucher zu sammeln. Diese Cookies helfen uns, die Informationen und Angebote auf unserer Webseite stetig im Sinne der Benutzer zu optimieren. Mit Klick auf den Button Alle zulassen erklären Sie sich mit der Verwendung aller Cookies einverstanden. Andernfalls können Sie einzelne Cookies ablehnen, indem Sie auf Einstellungen speichern klicken."
f6350635b31178a9,Senior Consultant (all genders) Valuation Services,Deloitte,deloitte,Big Four,A,Austria,"Wien, Wien, AT",https://www.karriere.at/jobs/7873741,2026-10-08T05:30:06+02:00,karriere-at,65,"Positive: corporate finance / valuation, plausible level; verify responsibilities",valuation,Corporate Finance / M&A,"Consulting / Deals / Finance Transformation · Prior consulting experience and contacts make Deloitte a high-value test across M&A, valuation, restructuring, treasury and finance transformation.","Senior Consultant (all genders) Valuation Services Wien, Austria Vollzeit Jetzt bewerben Unternehmensbeschreibung Deloitte Österreich ist der führende Anbieter von Professional Services. Das gelingt uns mit unseren rund 1.900 engagierten Mitarbeiterinnen und Mitarbeitern an 17 Standorten, die Unternehmen und Institutionen in verschiedenen Bereichen betreuen. Wir schätzen die Vielfalt unserer Mitarbeitenden und sehen sie als essenziellen Schlüssel für Innovation und Erfolg. Deshalb setzen wir uns dafür ein, dass bei uns jede:r die gleichen Chancen erhält. Stellenbeschreibung Im Bereich Valuation Services betreut Deloitte namhafte Klient:innen bei der (gutachterlichen) Bewertung von Unternehmen, Erstellung von Fairness Opinions/Second Opinions sowie bei der Bewertung von immateriellen Vermögenswerten und Erstellung von PPAs. Was dich erwartet: Eigenständige Bewertung von Unternehmen und Unternehmensteilen mittels unterschiedlicher Bewertungsmethoden (DCF-Verfahren, Multiplikatoren, Börsenkursanalysen, etc.) Erstellung von Kaufpreisallokationen im Rahmen von Mergers & Acquisitions und Durchführung von Werthaltigkeitsprüfungen gemäß IFRS (International Financial Reporting Standards) Analyse und Plausibilisierung von Jahresabschlüssen, Business-Plänen und Kennzahlen sowie Erstellung von integrierten Planungsrechnungen Bewertung immaterieller Vermögenswerte (z.B. Marken und Patente) Erläuterung, Zusammenführung und Review der Analysetätigkeiten in Form eines Fachgutachtens zur Unternehmensbewertung (KFS/BW1) Qualifikationen Mehrjährige Berufserfahrung in den Bereichen Unternehmensbewertung, Valuation oder Wirtschaftsprüfung Abgeschlossenes Studium in Wirtschaftswissenschaften mit den Schwerpunkten Unternehmensbewertung, Finance und / oder Accounting Zusätzliche Ausbildungen wie z.B. Steuerberater, CFA, CPA, CVA von Vorteil MS Office Anwenderkenntnisse (insbesondere MS Excel) Einsatzbereitschaft, Teamfähigkeit und ausgezeichnete Kommunikationsfähigkeiten in Deutsch und Englisch Erfüllst du nicht alle genannten Kriterien? Kein Problem! Uns ist bewusst, dass nicht jede:r alle Anforderungen erfüllen kann, deshalb sind wir bereit, in deine Entwicklung zu investieren. Zusätzliche Informationen Jahresbruttogehalt ab EUR 50.400,- (Level Senior Consultant, nicht All In). Deine Vergütung orientiert sich selbstverständlich an deiner individuellen Qualifikation und positionsrelevanten Berufserfahrung. Darüber hinaus erwarten dich attraktive Zusatzleistungen und Benefits. Make an impact that matters. Wir ermutigen dich, neue Verantwortungen zu übernehmen, dich aktiv in spannende Projekte einzubringen und wertvolle Erfahrungen zu sammeln. Im Gegenzug bieten wir dir exzellente Trainingsprogramme (Deloitte Academy, Deloitte University), strukturierte Karrierepfade, fachspezifische Ausbildungen und Trainings sowie persönliche Weiterbildungsmöglichkeiten, damit du deine Karriereziele erreichst und dein volles Potenzial entfalten kannst. Unsere Unternehmenskultur ist geprägt von starkem Zusammenhalt und unseren gemeinsamen Werten . Dabei ist uns das Wellbeing unserer Mitarbeitenden besonders wichtig. Außerdem bieten wir flexible Arbeitszeiten sowie die Möglichkeit im Home Office oder im Büro im Stadtzentrum zu arbeiten. Auf deine Bewerbung freut sich : Marlene Pirker, Tel.: +43 1 53700-2570 Für Fragen oder konkrete Unterstützung zur Barrierefreiheit wende dich bitte an barrierefreiheit@deloitte.at. Focus on: Corporate Finance, Valuation, Unternehmensbewertung, "
889cd0e6b3bdea50,Senior Consultant | Manager (all genders) Financial Modelling,Deloitte,deloitte,Big Four,A,Austria,"Wien, Wien, AT",https://www.karriere.at/jobs/7863052,2026-10-07T05:30:05+02:00,karriere-at,65,"Positive: corporate finance / valuation, plausible level; verify responsibilities",financial modelling; valuation,Corporate Finance / M&A,"Consulting / Deals / Finance Transformation · Prior consulting experience and contacts make Deloitte a high-value test across M&A, valuation, restructuring, treasury and finance transformation.","Senior Consultant | Manager (all genders) Financial Modelling Wien, Österreich Vollzeit Jetzt bewerben Unternehmensbeschreibung Deloitte Österreich ist der führende Anbieter von Professional Services. Das gelingt uns mit unseren rund 1.900 engagierten Mitarbeiterinnen und Mitarbeitern an 17 Standorten, die Unternehmen und Institutionen in verschiedenen Bereichen betreuen. Wir schätzen die Vielfalt unserer Mitarbeitenden und sehen sie als essenziellen Schlüssel für Innovation und Erfolg. Deshalb setzen wir uns dafür ein, dass bei uns jede:r die gleichen Chancen erhält. Stellenbeschreibung Im Bereich Valuation Services & Financial Modelling unterstützt Deloitte namhafte Klient:innen bei komplexen finanziellen Fragestellungen. Unser Financial Modelling-Team entwickelt integrierte Finanzmodelle im Rahmen von Transaktionen, Investitions- und Finanzierungsprojekten und unterstützt das Management bei der Evaluierung strategischer Entscheidungen. Was dich erwartet: Erstelle integrierte Finanzmodelle im Rahmen von Transaktionen, Investitions- und Finanzierungsprojekten sowie zur Unternehmensplanung und -steuerung Unterstütze bei der Entwicklung und Analyse von Businessplänen und führe Szenarioanalysen durch zur Evaluierung der finanziellen Auswirkungen strategischer Entscheidungen Analysiere bestehende Finanzmodelle hinsichtlich Logik, Struktur und Plausibilität Bereite Ergebnisse verständlich auf in Präsentationen und Berichten für das Management sowie weitere Stakeholder Abhängig von deinem Erfahrungslevel übernimmst du Verantwortung für einzelne Workstreams oder gesamte Projekte und bist Ansprechpartner:in für unsere Klient:innen Koordiniere Aufgaben innerhalb des Projektteams und unterstütze die fachliche Entwicklung jüngerer Kolleg:innen Qualifikationen Abgeschlossenes Studium mit Schwerpunkt Finance, Controlling, Rechnungswesen oder einer vergleichbaren Fachrichtung Mindestens drei Jahre einschlägige Berufserfahrung in Financial Modelling, Valuation oder Corporate Finance-Beratung; für den Einstieg auf Manager-Level Erfahrung in der eigenständigen Steuerung von Projekten und Projektteams Sehr gute MS-Excel-Kenntnisse; Erfahrung mit Power BI, VBA oder ähnlichen Tools von Vorteil Ausgeprägte analytische Fähigkeiten , unternehmerisches Denkvermögen und die Fähigkeit, komplexe Zusammenhänge nachvollziehbar abzubilden Selbstständige und strukturierte Arbeitsweise Sehr gute Deutsch- und Englischkenntnisse sowie Freude an der Zusammenarbeit mit Kund:innen und Kolleg:innen Erfüllst du nicht alle genannten Kriterien? Kein Problem! Uns ist bewusst, dass nicht jede:r alle Anforderungen erfüllen kann, deshalb sind wir bereit, in deine Entwicklung zu investieren. Zusätzliche Informationen Jahresbruttogehalt ab EUR 50.400 (nicht All In) auf Level Senior Consultant sowie ab EUR 70.000 (All-In) auf Level Manager. Deine Vergütung orientiert sich selbstverständlich an deiner individuellen Qualifikation und positionsrelevanten Berufserfahrung. Darüber hinaus erwarten dich attraktive Zusatzleistungen und Benefits. Make an impact that matters. Wir ermutigen dich, neue Verantwortungen zu übernehmen, dich aktiv in spannende Projekte einzubringen und wertvolle Erfahrungen zu sammeln. Im Gegenzug bieten wir dir exzellente Trainingsprogramme (Deloitte Academy, Deloitte University), strukturierte Karrierepfade, fachspezifische Ausbildungen und Trainings sowie persönliche Weiterbildungsmöglichkeiten, damit du deine Karriereziele erreichst und dein volles Potenzial en"
9ae910195aaf339d,Senior Consultant | Manager (all genders) M&A Transaction Services,Deloitte,deloitte,Big Four,A,Austria,"Wien, Wien, AT",https://www.karriere.at/jobs/7873183,2026-10-06T05:30:04+02:00,karriere-at,65,"Positive: transactions / M&A, plausible level; verify responsibilities",M&A; corporate treasury; transaction services,Treasury / Markets,"Consulting / Deals / Finance Transformation · Prior consulting experience and contacts make Deloitte a high-value test across M&A, valuation, restructuring, treasury and finance transformation.","Senior Consultant | Manager (all genders) M&A Transaction Services Wien, Österreich Vollzeit Jetzt bewerben Unternehmensbeschreibung Deloitte Österreich ist der führende Anbieter von Professional Services. Das gelingt uns mit unseren rund 1.900 engagierten Mitarbeiterinnen und Mitarbeitern an 17 Standorten, die Unternehmen und Institutionen in verschiedenen Bereichen betreuen. Wir schätzen die Vielfalt unserer Mitarbeitenden und sehen sie als essenziellen Schlüssel für Innovation und Erfolg. Deshalb setzen wir uns dafür ein, dass bei uns jede:r die gleichen Chancen erhält. Stellenbeschreibung Du willst im Bereich M&A Transaction Services bei Unternehmenskäufen und -verkäufen, Finanzierungen, Integrationen von Zukäufen oder Separierungen von Geschäftsbereichen beraten? Dann werde Teil der führenden M&A Beratung in Österreich. Was dich erwartet: Arbeite an Financial Due Diligence-, Vendor Due Diligence- und Carve-out-Projekten sowie an SPA-Beratungen mit Analysiere Businesspläne, Jahresabschlüsse und finanzielle Kennzahlen und erstelle integrierte Planungsrechnungen Entwickle und modelliere Planungsrechnungen, Szenarioanalysen und Carve-out-Modelle Unterstütze bei Unternehmensbewertungen und der Bewertung einzelner Vermögensgegenstände Bereite Ergebnisse für Kund:innen auf und erstelle Berichte sowie Präsentationen Qualifikationen Abgeschlossenes Studium mit einschlägiger Spezialisierung (Controlling, Finanzierung, BWL) Einschlägige Berufserfahrung im Bereich (Financial) Due Diligence, M&A Transaktionen, Financial Advisory, Unternehmensbewertung, Wirtschaftsprüfung, Beteiligungsmanagement oder Treasury Sehr gute MS Office Kenntnisse (insbesondere Excel) Analytische, strukturierte Arbeitsweise sowie Teamfähigkeit und Einsatzbereitschaft Sehr gute Kommunikationsfähigkeiten in Wort und Schrift auf Deutsch und Englisch Erfüllst du nicht alle genannten Kriterien? Kein Problem! Uns ist bewusst, dass nicht jede:r alle Anforderungen erfüllen kann, deshalb sind wir bereit, in deine Entwicklung zu investieren. Zusätzliche Informationen Jahresbruttogehalt ab EUR 50.400,- (Level Senior Consultant, Nicht All In) bzw. EUR 70.000,- (Level Manager, All In). Deine Vergütung orientiert sich selbstverständlich an deiner individuellen Qualifikation und positionsrelevanten Berufserfahrung. Darüber hinaus erwarten dich attraktive Zusatzleistungen und Benefits. Make an impact that matters. Wir ermutigen dich, neue Verantwortungen zu übernehmen, dich aktiv in spannende Projekte einzubringen und wertvolle Erfahrungen zu sammeln. Im Gegenzug bieten wir dir exzellente Trainingsprogramme (Deloitte Academy, Deloitte University), strukturierte Karrierepfade, fachspezifische Ausbildungen und Trainings sowie persönliche Weiterbildungsmöglichkeiten, damit du deine Karriereziele erreichst und dein volles Potenzial entfalten kannst. Unsere Unternehmenskultur ist geprägt von starkem Zusammenhalt und unseren gemeinsamen Werten . Dabei ist uns das Wellbeing unserer Mitarbeitenden besonders wichtig. Außerdem bieten wir flexible Arbeitszeiten sowie die Möglichkeit im Home Office oder im Büro im Stadtzentrum zu arbeiten. Auf deine Bewerbung freut sich : Marlene Pirker, Tel.: +43 1 53700-2570 Für Fragen oder konkrete Unterstützung zur Barrierefreiheit wende dich bitte an barrierefreiheit@deloitte.at. Focus on: Transaktionsberatung, Corporate Finance, Financial Due Diligence, Wien, Vollzeit"
837f38bb32903055,Junior Consultant Direktansprache (w/m/d) Unternehmens-Verkauf (M&A),Mayer GmbH,,,Unrated,Austria,"Mondsee, Oberösterreich, AT",https://www.karriere.at/jobs/7857962,2026-10-06T05:30:04+02:00,karriere-at,65,"Positive: transactions / M&A, plausible level; verify responsibilities",M&A,Corporate Finance / M&A,,"Wollen Sie Kaufinteressenten für österreichische Familienunternehmen gewinnen? Mayer & Partner unterstützt Unternehmer-Familien dabei, strategische Käufer für ihre Betriebe zu finden. Indem wir Kaufmotivatoren genau analysieren und abgleichen, setzen wir neue Qualitäts-Standards bei Nachfolge-Beratung und Unternehmens-Verkauf (M&A). Für die aktive Direktansprache von Kaufinteressenten engagieren wir eine(n): Junior Consultant Direktansprache (w/m/d) Unternehmens-Verkauf (M&A) 20-30h / Mondsee IHRE MOTIVATION: Neben einem abgeschlossenen Studium (BWL/JUS) bringen Sie einige Jahre Erfahrung als Consultant, Makler oder Personalvermittler oder Vertriebsinnendienst mit. Ihre Leidenschaft ist die anspruchsvolle Direktansprache: Sie lieben es, aktiv auf strategische Kaufinteressenten für österreichische KMUs zuzugehen - telefonisch wie über Aussendungen, Online- Marketing und LinkedIn - verwandeln Sie Erstkontakte in echte Beziehungen. Sie bauen ein Multiplikatoren-Netzwerk sowie eine schlagkräftige Käuferdatenbank auf, indem Sie die Akquisitionswünsche sowie das Budget Ihrer Gesprächspartner analysieren. IHRE AUFGABEN & HERAUSFORDERUNGEN: Direktansprache ist Ihr Kerngeschäft: Sie kontaktieren Kaufinteressenten und Multiplikatoren (Makler, Berater usw.) aktiv per Telefon und gewinnen sie für unsere Verkaufsprojekte. Gleichzeitig steuern Sie die Marketingmaßnahmen zur Interessenten-Gewinnung, indem Sie Aussendungen, Inserate, Online-Werbung, LinkedIn-Kampagnen usw. effektiv koordinieren. Indem Sie Kaufinteressenten systematisch sourcen und qualifizieren, erweitern Sie unsere Käuferdatenbank und legen den Grundstein für zukünftige Unternehmens-Verkäufe. UNSER ANGEBOT: Sie arbeiten 20-30 Wochenstunden , vorrangig vormittags in unserer Zentrale in Mondsee. Für Ihren Einsatz erhalten Sie ein sicheres Fixum von EUR 4000,- brutto/Monat (auf Vollzeitbasis) zuzüglich attraktiver Projektprovisionen von EUR 8.000,- bis EUR 16.000,- pro Jahr. Bei uns lernen Sie in kurzer Zeit unterschiedlichste Unternehmen und Branchen kennen! Spricht Sie diese Herausforderung an? Dann senden Sie ein Motivationsschreiben inkl. Lebenslauf an Mag. Thomas Mayer via smart bewerben Wir freuen uns auf Ihre Bewerbung! Unternehmer-Coaching GmbH, Herzog-Odilo-Str. 34A, 5310 Mondsee www.thomas-mayer.at"
1b793ffe9e1b28c8,Senior Consultant | Manager M&A Transaction Services,Deloitte Österreich,,,Unrated,Austria,"Wien, Österreich",https://www.willhaben.at/jobs/job/senior-consultant-manager-all-genders-m-a-transaction-services/13266140,2026-10-07,willhaben-at,65,"Positive: transactions / M&A, plausible level; verify responsibilities",business controller; corporate finance; corporate treasury; transaction services; treasury; treasury manager,Treasury / Markets,,"Senior Consultant | Manager (all genders) M&A Transaction Services Deloitte Österreich Wien Senior Consultant | Manager (all genders) M&A Transaction Services Unternehmensbeschreibung Deloitte Österreich ist der führende Anbieter von Professional Services. Das gelingt uns mit unseren rund 1.900 engagierten Mitarbeiterinnen und Mitarbeitern an 17 Standorten, die Unternehmen und Institutionen in verschiedenen Bereichen betreuen. Wir schätzen die Vielfalt unserer Mitarbeitenden und sehen sie als essenziellen Schlüssel für Innovation und Erfolg. Deshalb setzen wir uns dafür ein, dass bei uns jede:r die gleichen Chancen erhält. Stellenbeschreibung Du willst im Bereich M&A Transaction Services bei Unternehmenskäufen und -verkäufen, Finanzierungen, Integrationen von Zukäufen oder Separierungen von Geschäftsbereichen beraten? Dann werde Teil der führenden M&A Beratung in Österreich. Was dich erwartet: * Arbeite an Financial Due Diligence-, Vendor Due Diligence- und Carve-out-Projekten sowie an SPA-Beratungen mit * Analysiere Businesspläne, Jahresabschlüsse und finanzielle Kennzahlen und erstelle integrierte Planungsrechnungen * Entwickle und modelliere Planungsrechnungen, Szenarioanalysen und Carve-out-Modelle * Unterstütze bei Unternehmensbewertungen und der Bewertung einzelner Vermögensgegenstände * Bereite Ergebnisse für Kund:innen auf und erstelle Berichte sowie Präsentationen Qualifikationen * Abgeschlossenes Studium mit einschlägiger Spezialisierung (Controlling, Finanzierung, BWL) * Einschlägige Berufserfahrung im Bereich (Financial) Due Diligence, M&A Transaktionen, Financial Advisory, Unternehmensbewertung, Wirtschaftsprüfung, Beteiligungsmanagement oder Treasury * Sehr gute MS Office Kenntnisse (insbesondere Excel) * Analytische, strukturierte Arbeitsweise sowie Teamfähigkeit und Einsatzbereitschaft * Sehr gute Kommunikationsfähigkeiten in Wort und Schrift auf Deutsch und Englisch Zusätzliche Informationen Jahresbruttogehalt ab € 50.400,- (Level Senior Consultant, Nicht All In) bzw. € 70.000,- (Level Manager, All In). Deine Vergütung orientiert sich selbstverständlich an deiner individuellen Qualifikation und positionsrelevanten Berufserfahrung. Darüber hinaus erwarten dich attraktive Zusatzleistungen und Benefits. Make an impact that matters. 💚 Wir ermutigen dich, neue Verantwortungen zu übernehmen, dich aktiv in spannende Projekte einzubringen und wertvolle Erfahrungen zu sammeln. Im Gegenzug bieten wir dir exzellente Trainingsprogramme (Deloitte Academy, Deloitte University), strukturierte Karrierepfade, fachspezifische Ausbildungen und Trainings sowie persönliche Weiterbildungsmöglichkeiten, damit du deine Karriereziele erreichst und dein volles Potenzial entfalten kannst. Unsere Unternehmenskultur ist geprägt von starkem Zusammenhalt und unseren gemeinsamen Werten. Dabei ist uns das Wellbeing unserer Mitarbeitenden besonders wichtig. Außerdem bieten wir flexible Arbeitszeiten sowie die Möglichkeit im Home Office oder im Büro im Stadtzentrum zu arbeiten. Auf deine Bewerbung freut sich: Marlene Pirker, Tel.: +43 1 53700-2570 Für Fragen oder konkrete Unterstützung zur Barrierefreiheit wende dich bitte an barrierefreiheit@deloitte.at. Focus on: Transaktionsberatung, Corporate Finance, Financial Due Diligence, Wien, Vollzeit Jetzt bewerben"
2a9d8e9859bf90ec,Senior Expert* Market Risk Modelling,BAWAG Group,bawag,Banking & Financial Services,A,Austria,"Wien, Wien, AT",https://www.karriere.at/jobs/7870456,2026-10-08T05:30:06+02:00,karriere-at,62,Positive: treasury / markets / derivatives (risk),ALM; interest rate risk; liquidity risk; market risk; market risk english,Treasury / Markets,"Banking / Treasury / Risk · Vienna-based source for treasury, risk, FP&A, corporate development and banking analytics.","Senior Expert* Market Risk Modelling BAWAG Group is the listed holding company of BAWAG, one of Austria´s largest banks with more than 4 million customers. As a dynamic employer, we promote talent and drive technological innovation forward at a rapid pace. Flat hierarchies, a flexible working environment and equal opportunities for our employees are particularly important to us. Role Purpose The Senior Expert serves as technical lead and model owner for behavioural, ALM, and stress testing models, ensuring methodological robustness, stability under stress, and regulatory defensibility across their full lifecycle. Your Responsibilities Development, calibration, and maintenance of: Prepayment models for loan portfolios Replication and behavioural maturity models for NMD Customer behaviour models for liquidity risk and stress testing IRRBB and VaR‑based interest rate and credit spread risk models Design and implementation of stress testing methodologies , including: Translation of macroeconomic and rate shock scenarios into model inputs Development of stress‑specific overlays and expert judgements Analysis of non‑linearities and behavioural shifts under stress Execution of: Backtesting, sensitivity analyses, and stability testing (baseline vs stressed) Periodic recalibration triggered by stress test findings or model performance Preparation of comprehensive model documentation , including stress test usage, limitations, and assumptions Primary technical interface to: Internal model validation Stress testing reviews and remediation processes Support supervisory examinations, ICAAP/ILAAP submissions, and ad‑hoc stress analyses Your Profile Master's or PhD degree in a quantitative field Several years of hands‑on experience in quantitative modelling within a banking context Strong expertise in: Statistical and behavioural modelling ALM, IRRBB, liquidity risk, and stress testing frameworks Advanced programming skills (e.g. Python, R, SQL) Solid understanding of regulatory expectations Excellent English skills Key Competencies Strong sense of model ownership across baseline and stress usage High analytical rigour and attention to methodological consistency Ability to clearly explain base and stress test model impacts Our Offer You will spend 50% of your working time in our modern and easily accessible office at Vienna Central Station. We support your personal development and career planning with an individual and attractive training program. Visit our BAWAG Academy and use our GoodHabitz elearning platform for both your professional and personal growth. In addition, we offer a range of interesting and valuable additional benefits. For this position, the collective agreement stipulates a minimum annual gross salary of EUR 47255,60 on a full-time basis. Depending on your experience and qualifications, we are willing to offer a higher salary. Your contact person: Jutta Durstberger +43 664 80998 22099 We value people. Would you like to work in a team where good cooperation and diversity are actively practiced? Then you've come to the right place. Equal opportunity is important to us - regardless of age, gender, sexual orientation, physical impairment, religion or origin. Your career with us | BAWAG | Xing | LinkedIn | Facebook | | Instagram Apply now Vienna BAWAG Group"
984192ce71b12b1a,Treasury & Investor Relations*,KTM AG,,,Unrated,Austria,"Mattighofen, Oberösterreich, AT",https://www.karriere.at/jobs/7890256,2026-10-07T09:46:15+02:00,karriere-at,62,Positive: treasury / FP&A,corporate treasury; treasury,Treasury / Markets,,"Treasury & Investor Relations＊ in einem internationalen Umfeld (Ref.Nr.:4432) KTM AG Mattighofen Voll-/Teilzeit ab Jänner 2027 Treasury & Investor Relations ＊Als Global Player mit österreichischen Wurzeln leben wir Vielfalt. Egal welches Geschlecht du hast. Egal woher du kommst. Egal welche Hautfarbe du hast. Egal welcher Kultur du angehörst. Bei uns zählst einfach DU! The opportunities are endless when you are fearless In deiner Rolle im Treasury & Investor Relations verantwortest du die Liquiditätssteuerung, betreust Finanzierungsinstrumente und arbeitest aktiv mit SAP Finance sowie dem Coupa Treasury System. Zudem unterstützt du im Reporting und bei Investor-Relations-Themen. Du punktest mit strukturierter, selbstständiger Arbeitsweise, hoher Zuverlässigkeit und ausgeprägter Zahlenaffinität? Dann bist du bei uns genau richtig. Diese Aufgaben erwarten dich bei uns Liquiditätssteuerung sowie Verwaltung der internationalen Cashpools Unterstützung beim Abschluss und der Verwaltung von konzerninternen und externen Finanzierungsinstrumenten (Investitionskredite, Factoring, Supply Chain Finance Programme, Leasing, Bankgarantien) Management von Zins- und Währungsrisiken Betreuung des SAP Finance Moduls Administration des Treasury Management Systems Coupa Treasury Unterstützung bei der Erstellung des Treasury-Reportings (Tagesfinanzstatus, Liquiditätsplanung, Bankenspiegel, u.v.m.) Koordination und Begleitung von Investorenmeetings (Vorbereitung, Teilnahme und Nachbereitung) Betreuung des Investor-Relations-Bereichs auf der Unternehmenswebsite Mitarbeit an der Kapitalmarktkommunikation in enger Zusammenarbeit mit Corporate Communications Womit du uns begeistern kannst abgeschlossene kaufmännische Ausbildung (HAK Matura, Studium oder vergleichbare Qualifikation) Berufserfahrung im Finanzbereich von Vorteil eigenständige und strukturierte Arbeitsweise ausgeprägte Zahlenaffinität sowie hohe Genauigkeit und Sorgfalt Erfahrung mit SAP-ERP-Lösungen (idealerweise Customizing-Kenntnisse im Bereich FI/CO) von Vorteil sehr gute MS-Office Kenntnisse ausgezeichnete Deutsch- und Englischkenntnisse Worauf du dich freuen kannst die Möglichkeit, den Neustart und die Zukunft von einem der führenden Motorradhersteller Europas aktiv mitzugestalten die Möglichkeit, teilweise aus dem Home-Office zu arbeiten attraktive Sozialleistungen und interessante Weiterbildungsangebote sowie eine einzigartige Unternehmenskultur geprägt von Kollegialität und Teamspirit ein attraktives und leistungsgerechtes Gehalt, je nach Qualifikation und Berufserfahrung ab EUR 47.546,94 brutto pro Jahr (Überzahlung möglich). Benefits Flexible Arbeitszeiten Angepasst an Aufgabenbereich, Standort und Abteilung bieten wir dir diverse Arbeitszeitmodelle passend zu deiner privaten und beruflichen Situation. KTM_academy Unsere KTM_academy bietet vielseitige und didaktisch hochwertige Trainings, kombiniert aus On-Site-Seminaren, Workshops, online Trainings und vielem mehr. Gesundheit und Fitness Wir organisieren Events und die gemeinsame Teilnahme an sportlichen Aktivitäten. Betriebsärzte und Arbeitspsychologen stehen dir auf Wunsch zur Seite, um dich im Alltag bestmöglich zu unterstützen. Kinderbetreuung Kinder werden im Alter von 1-3 in den firmeneigenen Krabbelstuben betreut. Für Kinder im Alter von 5 bis 10 Jahren bietet die KTM AG in den Sommerferien eine fünfwöchige, kostenlose Kinderbetreuung. Sonderkonditionen für Mitarbeiter Sonderkonditionen für unsere Mitarbeiter beim Kauf unserer Prod"
edf030228e069daa,Controller:in (Financial Planning & Reporting) (m/w/x),Julius Meinl Austria GmbH,,,Unrated,Austria,"Wien 16. Bezirk (Ottakring), Wien, AT",https://www.karriere.at/jobs/10030223,2026-10-06T00:00:00+02:00,karriere-at,62,Positive: treasury / FP&A,financial modelling,FP&A / Performance,,"karriere.at/jobs/10030223 Controller:in (Financial Planning & Reporting) (m/w/x) Vollzeit 38,5 Std. | 1160 Wien | Start: ab sofort Über den Job Anstellungsart Vollzeit (Festanstellung) Gehalt ab 2.535 EUR monatlich Positionsebene Berufserfahrung Arbeitsmodell On-site Dienstort Wien 16. Bezirk (Ottakring) Berufsfelder Finanzen, Bankwesen, Rechnungswesen, Controlling Offene Stellen 1 Stelle offen für diese Position Über das Unternehmen Arbeitgeber Julius Meinl Austria GmbH Mitarbeiter*innenanzahl 101 - 500 Mitarbeiter*innen Standorte Wien Zur Verstärkung unseres Finance Teams suchen wir eine:n Controller:in (Financial Planning & Reporting) (m/w/x) Vollzeit 38,5 Std. | 1160 Wien | Start: ab sofort Was dich erwartet : Verantwortung für Abschlüsse, Forecasts, Budget und langfristige Finanzplanung Verbesserung der Forecast-Qualität sowie frühzeitige Identifikation von Risiken und Chancen Steuerung von Kosten-, Payroll- und Headcount-Controlling Sicherstellung von Bilanz-Governance, Rückstellungen, Abgrenzungen und Working Capital Analyse von KPIs, Abweichungen und Profitabilität sowie Unterstützung bei Pricing und Financial Modelling Gewährleistung von Reporting-Qualität, internen Kontrollen und Compliance Kontinuierliche Optimierung von Finance-Prozessen sowie Unterstützung bei Audits, Ad-hoc-Analysen und strategischen Projekten Was du mitbringst: Abgeschlossenes Studium mit Schwerpunkt Finance, Accounting, Economics oder vergleichbare Ausbildung Mindestens 3 Jahre Erfahrung im Controlling, Financial Planning, Kostencontrolling oder Financial Governance Sehr gutes Verständnis von Bilanzmanagement, Rückstellungen, Abgrenzungen und Finanzreporting-Prozessen Erfahrung in internationalen FMCG- oder HORECA-Unternehmen von Vorteil Sehr gute Kenntnisse in MS Office (insbesondere Excel), SAP sowie BI-/Reporting-Tools Sehr gute Deutsch- und Englischkenntnisse in Wort und Schrift Was wir dir bieten : Ein internationales Arbeitsumfeld in einem familiengeführten Unternehmen mit einer 163-jährigen Geschichte SCA-Barista und Latte Art Ausbildungen in unserer hauseigenen Kaffeeakademie Mitarbeiter:innenrabatte auf unsere Produkte Einen abwechslungsreichen und verantwortungsvollen Aufgabenbereich Sehr gute öffentliche Erreichbarkeit und Firmenparkplatz … und natürlich Kaffee und Tee den ganzen Tag lang! Detaillierte Angaben zur Stelle Vollzeit (Festanstellung) Montag bis Freitag 38,5 Stunden Dienstort Wien 16. Bezirk (Ottakring) Erforderliche Kenntnisse Bilanzmanagement Rückstellungen Abgrenzungen Finanzreporting-Prozesse MS Office SAP BI-Tools Reporting-Tools Nice-To-Have Kenntnisse Erfahrung in internationalen FMCG- oder HORECA-Unternehmen Erforderliche Sprachen Deutsch B2 Englisch B2 Erforderliche Ausbildung Abgeschlossenes Studium mit Schwerpunkt Finance, Accounting, Economics oder vergleichbare Ausbildung Detaillierte Angaben zur Stelle Vollzeit (Festanstellung) Montag bis Freitag 38,5 Stunden Dienstort Wien 16. Bezirk (Ottakring) Erforderliche Kenntnisse Bilanzmanagement Rückstellungen Abgrenzungen Finanzreporting-Prozesse MS Office SAP BI-Tools Reporting-Tools Nice-To-Have Kenntnisse Erfahrung in internationalen FMCG- oder HORECA-Unternehmen Erforderliche Sprachen Deutsch B2 Englisch B2 Erforderliche Ausbildung Abgeschlossenes Studium mit Schwerpunkt Finance, Accounting, Economics oder vergleichbare Ausbildung Gehalt Das kollektivvertragliche Mindestgehalt für diese Position beträgt EUR 2.535 brutto pro Monat (Vollzeit). Unser Vergütungspaket orienti"
1b41f5316bb9c79b,Project Performance & Strategic Controlling (m/w/d),SCHULMEISTER Management Consulting GmbH,,,Unrated,Austria,"Eferding, Oberösterreich, AT",https://www.karriere.at/jobs/7888303,2026-10-05T09:45:11+02:00,karriere-at,62,Positive: treasury / FP&A,strategic finance,FP&A / Performance,,"Project Performance & Strategic Controlling (m/w/d) Projekte & Unternehmensentwicklung | Prozessoptimierung & Steuerung | Umsetzung Eferding Teilzeit und Vollzeit EUR 70.000 + JOB ID: 13066-KA JETZT BEWERBEN Du steuerst mit Zahlen und bringst Projekte erfolgreich voran: Du übernimmst eine zentrale Rolle bei der Steuerung und Umsetzung operativer & strategischer Projekte innerhalb der Unternehmensgruppe Du behältst Projektfortschritte, Termine und Verantwortlichkeiten im Blick und stellst eine konsequente Nachverfolgung sicher Gemeinsam mit den Fachbereichen und dem Führungsteam entwickelst du eine verlässliche Datenbasis als Basis für weitere Steuerungsmaßnahmen Du bist eine wichtige Ansprechperson für die Geschäftsführung und unterstützt bei wirtschaftlichen Fragestellungen und Entscheidungsprozessen Du bist die Schnittstelle zwischen Finance & Controlling und den jeweiligen Projektmaßnahmen bzw. -verantwortlichen Risiken, Abweichungen und Handlungsbedarfe erkennst du frühzeitig und leitest daraus konkrete Handlungsempfehlungen ab Mit aussagekräftigen Reports, Analysen und KPI-Auswertungen schaffst du Transparenz und unterstützt das Management bei wichtigen Entscheidungen Du sorgst für eine belastbare Datenbasis und stellst sicher, dass wirtschaftliche Effekte und Projekterfolge nachvollziehbar messbar sind Für diese Position bringst du mit: Du verfügst über ein abgeschlossenes Studium mit wirtschaftlichem Schwerpunkt oder eine vergleichbare Qualifikation Du bringst relevante Berufserfahrung im Business Controlling, im betriebswirtschaftlichen Projektmanagement oder in einer vergleichbaren Steuerungsfunktion mit Betriebswirtschaftliche Zusammenhänge, KPIs und Business Cases verstehst du sicher und kannst daraus relevante Erkenntnisse und Handlungsimpulse ableiten Du verfügst über gute ERP-Anwenderkenntnisse und bringst eine hohe Affinität zu digitalen Tools und Systemen mit Du überzeugst durch ausgeprägte analytische und konzeptionelle Fähigkeiten und kannst auch komplexe Themen rasch erfassen und strukturiert aufbereiten Eine eigenständige, strukturierte und lösungsorientierte Arbeitsweise zeichnet dich ebenso aus wie ein hoher Anspruch an Qualität und Verlässlichkeit Du kommunizierst klar und auf Augenhöhe und trittst im Austausch mit unterschiedlichen Fachbereichen und Hierarchieebenen souverän und verbindlich auf Folgendes wird dir geboten: Dich erwartet eine vielseitige Position an der Schnittstelle von Controlling, Projektmanagement und Unternehmensentwicklung Du hast die Möglichkeit, Prozesse und Projekte aktiv weiterzuentwickeln, Verantwortung zu übernehmen und eigene Ideen einzubringen Durch die enge Zusammenarbeit mit Management und Fachbereichen erhältst du umfassende Einblicke in zentrale Unternehmensbereiche und wirkst an relevanten Entscheidungsprozessen mit Dein Aufgabengebiet verbindet strategische Fragestellungen mit operativer Umsetzung und bietet dadurch ein abwechslungsreiches und dynamisches Arbeitsumfeld Je nach persönlicher Lebenssituation ist eine Anstellung sowohl in Vollzeit als auch in Teilzeit möglich Ein stabiles und krisensicheres Unternehmensumfeld sowie langfristige Entwicklungs- und Perspektivmöglichkeiten runden das Angebot ab Das Gehaltspaket beginnt bei einem Bruttojahresgehalt von EUR 70.000 - eine Überzahlung ist je nach Erfahrung möglich Dein zukünftiger Arbeitgeber: Unser Kunde ist eine erfolgreiche, mittelständisch geprägte Unternehmensgruppe mit mehreren Produktionsstandorten im In- und Ausland"
30c756524f392fbb,Spezialist:in Treasury Markets (m/w/d),Steiermärkische Sparkasse,,,Unrated,Austria,"Graz, Steiermark, AT",https://www.karriere.at/jobs/7876495,2026-10-04T05:30:07+02:00,karriere-at,62,Positive: treasury / FP&A,financial markets; treasury; treasury specialist,Treasury / Markets,,"#glaubandich ist nicht nur der Slogan von Erste Bank und Sparkassen, sondern unser Gründungsgedanke, weitergedacht und fest im digitalen Zeitalter verankert. Wir sind eine Bank die an sich glaubt und suchen Mitarbeiterinnen und Mitarbeiter die an sich glauben. Spezialist:in Treasury Markets (m/w/d) Dienstort: Graz Arbeitszeitausmaß: Vollzeit Berufsfeld: Financial Markets Unternehmen: Steiermärkische Sparkasse Benefits Erfolg durch Vielfalt Health Center Learning & Development Organisationen & Veranstaltungen Mitarbeiterrabatte Als Mitarbeiter:in der Steiermärkische Sparkasse-Gruppe werden Sie Teil einer 200-jährigen Erfolgsgeschichte und eines international tätigen Finanzinstituts mit mehr als 8.200 Mitarbeiter:innen an mehr als 460 Standorten. Wir begegnen Menschen mit viel Respekt, Empathie und Verständnis für ihre unterschiedlichen Lebensgeschichten. Denn es ist das Wesen der Steiermärkischen Sparkasse, Menschen in Finanzfragen zu begleiten und sie stark für eine finanziell gesunde und erfolgreiche Zukunft zu machen. Das gilt für unsere Kund:innen genauso, wie für unsere Mitarbeiter:innen. Tragen auch Sie zu unserem Unternehmenserfolg bei und werden Sie Teil unseres Teams. Gestalten Sie die finanzielle Zukunft unserer Bank aktiv mit.Sie begeistern sich für Finanzmärkte, Treasury-Produkte und die Liquiditätssteuerung? Sie analysieren Marktbewegungen nicht nur, sondern leiten daraus auch konkrete Maßnahmen ab? Dann verstärken Sie unser Treasury-Team und übernehmen eine Schlüsselrolle bei der Steuerung des Liquiditäts- und Zinsrisikos am Geldmarkt sowie bei der Abwicklung von Wertpapiertransaktionen am Kapitalmarkt. Ihre Tasks Liquiditätssteuerung: Operative Steuerung der kurzfristigen Liquidität in EUR und Fremdwährungen Kontenmanagement: Täglicher Liquiditätsausgleich sowie Optimierung von Kontoständen bei Korrespondenzbanken Refinanzierung: Durchführung von Refinanzierungsgeschäften am Geldmarkt Marktanalyse: Analyse und Bewertung von Neuemissionen im Fixed-Income-Bereich Wertpapierhandel: Durchführung von Wertpapiertransaktionen am Primär- und Sekundärmarkt Bookbuilding: Betreuung und Begleitung von Bookbuilding-Prozessen Derivatemanagement: Abschluss sowie laufende Überwachung derivativer Geschäfte für das Bankbuch Partnerbetreuung: Betreuung bestehender Handelspartner:innen und Aufbau neuer Gegenparteien Reporting: Erstellung von Reports, Analysen und Auswertungen für Management und Gremien Ihr Background Kaufmännische Ausbildung oder wirtschaftswissenschaftliches Studium Treasury- oder Finanzmarktausbildung von Vorteil AEFMA-Finanzmarktzertifizierung oder vergleichbare Qualifikation wünschenswert Mehrjährige Erfahrung im Treasury-, Handels- oder Kapitalmarktbereich Sehr gute Kenntnisse im Bereich Treasury, Devisen- und Geldmarktgeschäfte Ausgeprägtes Verständnis von Finanzmärkten und volkswirtschaftlichen Zusammenhängen Analytisches Denkvermögen sowie Freude daran, komplexe Zusammenhänge verständlich zu machen Teamspirit, Kommunikationsstärke sowie Freude an der Zusammenarbeit mit unterschiedlichen Stakeholdern Eigeninitiative, Belastbarkeit, Gestaltungswille und eine lösungsorientierte Arbeitsweise Sehr gute Deutsch- sowie gute Englischkenntnisse Unser Angebot Ein starker Start: Mit einer fundierten Ausbildung und persönlicher Begleitung durch erfahrene Kolleg:innen wachsen Sie in Ihre neue Rolle hinein. Entwicklung mit Perspektive: Bei uns gestalten Sie Ihre Karriere aktiv - mit Weiterbildung, Feedbackkultur und Chancen innerha"
d7d44969d8dd2c2b,Expert:in Treasury – Zahlungsverkehr und Reporting (m/w/d),Swietelsky AG,,,Unrated,Austria,"Linz, Oberösterreich, AT",https://www.karriere.at/jobs/7866472,2026-10-04T05:30:05+02:00,karriere-at,62,Positive: treasury / FP&A,cash management; treasury; treasury specialist,Treasury / Markets,,"Jetzt durchstarten als: Expert:in Treasury - Zahlungsverkehr und Reporting (m/w/d) Finden Sie im Team mit mehr als 12.000 Swietelskys Ihren individuellen Karriereweg. Spannende Herausforderungen in einem der vielfältigsten Bauunternehmen Zentral- und Osteuropas warten auf Sie! Stundenausmaß: Voll- und Teilzeit möglich Dienststelle: SWIETELSKY AG Dienstort: Linz Eintritt per: 27.08.2026 Was Sie erwartet In dieser Position führen Sie den nationalen und internationalen Zahlungsverkehr durch und überwachen dessen reibungslose Abwicklung. Die Kontendisposition sowie die tägliche Steuerung der Liquidität liegen in Ihrer Verantwortung. Zudem überwachen Sie die Bankkonten und tragen zur Optimierung der Kontenstruktur bei. Im Rahmen der geltenden Treasury-Richtlinien handeln und schließen Sie Termingeldgeschäfte sowie Derivate ab. Die Überwachung und das Management von Intercompany-Finanzierungen gehören ebenfalls zu Ihrem Aufgabenbereich. Für das Management bereiten Sie Finanz- und Treasury-Reports zu Liquidität, Zahlungsströmen und Finanzierungsaktivitäten auf. Mithilfe von Excel und Power BI erstellen Sie aussagekräftige Analysen und Auswertungen. Dabei stehen Sie regelmäßig mit nationalen und internationalen Tochtergesellschaften im Austausch und stimmen sich eng mit ihnen ab. Eine vertrauensvolle Zusammenarbeit mit Banken, Wirtschaftsprüfern und internen Fachabteilungen rundet Ihr Aufgabengebiet ab. Darüber hinaus überwachen und optimieren Sie Zahlungsprozesse sowie Cash-Management- und Treasury-Abläufe. Bei der Weiterentwicklung und Implementierung von Treasury-Management-Systemen bringen Sie sich aktiv ein. Auch an Treasury-Projekten, Prozessoptimierungen und Digitalisierungsinitiativen wirken Sie engagiert mit. Zusätzlich unterstützen Sie bei der Verwaltung von Bankvollmachten, Zeichnungsberechtigungen und KYC-Unterlagen. Was Sie mitbringen Mindestens drei Jahre Berufserfahrung im Treasury, Zahlungsverkehr oder Cash Management - idealerweise in einer Bank oder einem international tätigen Unternehmen Abgeschlossene kaufmännische, wirtschaftliche oder finanzwirtschaftliche Ausbildung Ausgeprägte IT-Affinität und sehr gute Kenntnisse in Microsoft Excel Erfahrung mit Power BI sowie mit SAP und Treasury-Management-Systemen Gute Kenntnisse im nationalen und internationalen Zahlungsverkehr (SEPA, SWIFT, ISO 20022) Grundkenntnisse im Bereich Termingeschäfte, Derivate und Zins- bzw. Währungsmanagement Analytische, strukturierte und genaue Arbeitsweise Hohes Verantwortungsbewusstsein und ausgeprägte Zahlenaffinität Gute Kommunikations- und Teamfähigkeit im Umgang mit internationalen Ansprechpartnern Sehr gute Deutsch- und gute Englischkenntnisse in Wort und SchriftBereitschaft, bestehende Prozesse zu hinterfragen und kontinuierlich weiterzuentwickeln Wir Bieten Das KV-Mindestbruttogehalt für diese Position beträgt EUR 3.775 (auf Vollzeitbasis). Ihr tatsächliches Gehalt hängt von Ihren Qualifikationen und Berufserfahrung ab und kann demnach auch darüber liegen. Jetzt für diese Stelle bewerben! Mehr Infos"
434554354e4b7ebc,Market & Liquidity Risk Senior Expert*,BAWAG Group,bawag,Banking & Financial Services,A,Austria,"Wien, Wien, AT",https://www.karriere.at/jobs/7876552,2026-10-04T05:30:05+02:00,karriere-at,62,Positive: treasury / markets / derivatives (risk),ALM; hedging; liquidity management; liquidity risk; market risk; market risk english; valuation,Treasury / Markets,"Banking / Treasury / Risk · Vienna-based source for treasury, risk, FP&A, corporate development and banking analytics.","Market & Liquidity Risk Senior Expert* BAWAG Group is the listed holding company of BAWAG, one of Austria´s largest banks with more than 4 million customers. As a dynamic employer, we promote talent and drive technological innovation forward at a rapid pace. Flat hierarchies, a flexible working environment and equal opportunities for our employees are particularly important to us. As part of our Market & Liquidity Risk Analysis team within the Enterprise Risk Management & Analytics division, you will play an active role in the ongoing management, analysis, and reporting of market and liquidity risks across the bank. This position is intended for senior risk professionals with extensive experience in banking risk management, who are motivated to shape risk methodologies, navigate complex regulatory requirements, and support strategic balance sheet and risk management decisions. Your Responsibility Lead the measurement, analysis and monitoring of market risks across the Group, with a particular focus on IRRBB (EVE, NII, behavioral models, hedging impacts), credit spread risk, basis risk and foreign exchange risk. Take ownership of risk methodologies, assumptions, models and limit frameworks, ensuring their ongoing adequacy, consistency, and regulatory compliance. Prepare risk analyses and management information for senior management, ALCO/SALCO and regulatory stakeholders, providing actionable insights and recommendations. Actively support regulatory risk assessments and internal risk processes (e.g. ICAAP, ILAAP, stress testing, scenario analysis) Participate in cross functional projects to implement regulatory changes, improve methodologies, and enhance risk systems and data flows Contribute to liquidity risk analysis and reporting activities, supporting a holistic view of balance sheet risks across the Group. Your Profile University degree in finance, economics, mathematics, statistics or a comparable quantitative field At least 5 years of professional experience in a bank or financial institution in Market / Liquidity Risk Management or Asset & Liability Management (ALM) Deep understanding of IRRBB, credit spread risk, valuation concepts, balance sheet risk management and relevant regulatory requirements Practical experience with SQL, R, Python, Power BI or comparable analytical tools Experience with risk or ALM systems, such as OneSumX (Risk / ALM), Moody's RiskAuthority, QRM, Sungard / FIS, Murex, or comparable platforms Confident handling of large datasets and strong ability to translate analysis into clear, decision relevant insights Structured, proactive, and independent working style, combined with strong teamwork skills Very good command of English (spoken and written); German is an advantage Our Offer You will spend 50% of your working time in our modern and easily accessible office at Vienna Central Station. We support your personal development and career planning with an individual and attractive training program. Visit our BAWAG Academy and use our GoodHabitz elearning platform for both your professional and personal growth. In addition, we offer a range of interesting and valuable additional benefits. For this position, the collective agreement stipulates a minimum annual gross salary of EUR 47.255,60 on a full-time basis. Depending on your experience and qualifications, we are willing to offer a higher salary. Your contact person: Jutta Durstberger +43 664 80998 22099 We value people. Would you like to work in a team wher"
125e601e77c3ed67,Mitarbeiter*in Treasury,SOS-Kinderdorf Österreich,,,Unrated,Austria,"Innsbruck, Tirol, AT",https://www.karriere.at/jobs/10032898,2026-10-04T00:00:00+02:00,karriere-at,62,Positive: treasury / FP&A,cash management; treasury; treasury analyst; treasury manager,Treasury / Markets,,"karriere.at/jobs/10032898 Mitarbeiter*in Treasury Innsbruck | 20h/Woche | ab sofort Über den Job Anstellungsart Teilzeit (Festanstellung) Gehalt 1.720,55 EUR bis 2.085,55 EUR monatlich Positionsebene Berufserfahrung Arbeitsmodell Hybrid Dienstort Innsbruck Berufsfelder Finanzen, Bankwesen Offene Stellen 1 Stelle offen für diese Position Über das Unternehmen Arbeitgeber SOS-Kinderdorf Österreich Mitarbeiter*innenanzahl 501+ Mitarbeiter*innen Standorte Innsbruck Als Mitarbeiter*in von SOS-Kinderdorf begleitest du Kinder und Jugendliche in ein selbstbestimmtes Leben und machst dich für ihre Rechte und Anliegen stark! In dieser Rolle bist du für die Prozesse des Vermögensmanagements sowie für die Steuerung und Sicherung der Liquidität verantwortlich. Deine Aufgaben Laufendes Monitoring, Steuerung und Optimierung der Zahlungsströme und der Liquiditätsplanung Vorbereitungsarbeiten und Unterstützung bei Finanzierungen und Veranlagungen Kommunikation und Abstimmung mit verschiedenen Banken Durchführung des Zahlungsverkehrs mittels Cash Management Software Mitarbeit an diversen Projekten, insbesondere zur Digitalisierung und Automatisierung Was du mitbringst Abgeschlossene kaufmännische Ausbildung (z. B. HAK, Studium im Bereich Wirtschaft/Finanzen) Erfahrung im Zahlungsverkehr und/oder Cash Management Kenntnisse in der Liquiditätsplanung sowie Finanzierungs- und Veranlagungsprozessen Analytisches Denken, Zahlenaffinität, Genauigkeit und strukturierte Arbeitsweise Zuverlässigkeit, Kommunikationsstärke und Teamfähigkeit Was dich erwartet SOS-Kinderdorf ist eine der größten und innovativsten NGOs mit über 2.000 Mitarbeiter*innen in allen Bundesländern Österreichs. Das eröffnet uns viele Möglichkeiten! Du profitierst von umfangreichen Vorteilen und Benefits wie betrieblicher Zukunftsvorsorge, Fort- und Weiterbildungen, Sabbatical, Kinderzulage und vielem mehr. Detaillierte Angaben zur Stelle Teilzeit (Festanstellung) 20 Stunden Dienstort Innsbruck Erforderliche Kenntnisse Finanzanalyse Risikomanagement Cashflow-Management Liquiditätsplanung Investitionsbewertung Erforderliche Ausbildung Abgeschlossene kaufmännische Ausbildung (z. B. HAK, Studium im Bereich Wirtschaft/Finanzen) Detaillierte Angaben zur Stelle Teilzeit (Festanstellung) 20 Stunden Dienstort Innsbruck Erforderliche Kenntnisse Finanzanalyse Risikomanagement Cashflow-Management Liquiditätsplanung Investitionsbewertung Erforderliche Ausbildung Abgeschlossene kaufmännische Ausbildung (z. B. HAK, Studium im Bereich Wirtschaft/Finanzen) Gehalt Das kollektivvertragliche Monatsbruttogehalt beträgt bei 20 Wochenstunden (inklusive Ruhepausen) zwischen EUR 1.720,55 und EUR 2.085,50 . Für eine exakte Berechnung werden deine Vordienstzeiten berücksichtigt. Alle Infos zur Bewerbung Gewünschte Bewerbungsunterlagen: Lebenslauf Motivationsschreiben Ansprechperson Andrea Hofer Bereichsleitung Finanzmanagement www.sos-kinderdorf.at"
797d875a93f963d7,Junior SpezialistIn FMS-Treasury Service,Hypo Tirol Bank,,,Unrated,Austria,"Innsbruck, Tirol, AT",https://www.karriere.at/jobs/7856732,2026-10-03T05:30:06+02:00,karriere-at,62,Positive: treasury / FP&A,treasury; treasury manager; treasury specialist,Treasury / Markets,,"Junior SpezialistIn FMS-Treasury Service Innsbruck Vollzeit „Wachstum gestalten, Nähe leben, Entscheidungen vorantreiben - Ihre Chance bei der Hypo Tirol Bank"" Sie möchten Banking neu erleben und aktiv mitgestalten? Die Hypo Tirol ist mehr als eine Bank - wir sind ein Team, das gemeinsam die Zukunft des digitalen Bankings gestaltet. Bei uns erhalten Sie Rückenwind für Ihre Karriere und die Möglichkeit, Ihre Ideen einzubringen. Wir bieten Ihnen die Sicherheit eines Traditionsunternehmens und die Freiheit eines modernen Arbeitgebers. Ihre Zukunft bei uns Handelsabwicklung von Treasury-Geschäften (Back-Office/Settlement): Eigenverantwortliche, termingerechte operative Abwicklung im Kunden- und Eigengeschäft der Bank von Geldmarktgeschäften (z.B. Festgeldern), Devisenhandel (FX) und Derivaten (z.B. Zinsswaps, Devisentermingeschäfte, Optionen). Auslandszahlungsverkehr & Settlement: Initiierung und Freigabe von Zahlungen über internationale Clearingsysteme der Bank (zB Target) oder korrespondierende Nostro-Banken. Prüfung von ausgehenden sowie eingehenden Auslandsüberweisungen und Überwachung des bankweiten Clearings. Geschäftsabstimmung (Confirmation): Abstimmung der eigenen mit der fremden Geschäftsbestätigungen (Confirmations) mit Kontrahenten und Brokern. Bearbeitung von Reklamationen und Nachforschungen: Eigenständige Bearbeitung von Kundenreklamationen zu o.a. Handelsabwicklungen und Durchführung der weltweiten Nachforschungen bei Zahlungsverzögerungen oder Fehlleitungen über entsprechende Korrespondenzbankennetzwerke. Einleitung von Zahlungsrückrufen oder Stornierungen. Schnittstellenmanagement/Kommunikation und Korrespondenz: Enge Zusammenarbeit mit Treasury, Compliance, Geldwäsche und Rechnungswesen. Mitgestaltung bei Produktenwicklungen. Lösungs- und serviceorientierte Korrespondenz mit externen/internationalen Geschäftspartnern (Banken und Broker). Durchführung der Transaktionsmeldungen EMIR/MIFIR (Meldewesen) Termingerechte Meldung aller derivatebezogenen Handelsaktivitäten an das europäische Transaktionsregister. Laufende Kontrolle und Abgleich (Reconciliation) der gemeldeten Daten, Sicherstellung der Meldepflicht nach geltenden Vorgaben sowie Klärung von Unstimmigkeiten mit Kontrahenten. Prozessoptimierung Kontinuierliche Weiterentwicklung sämtlicher Back-Office-Prozesse zur Erhöhung von Effizienz, Revisionssicherheit und Qualitätssicherung. Ihre Stärken im Fokus Bankerfahrung (Derivate) oder Vergleichbares Berufserfahrung im Bereich Treasury-Abwicklung von Vorteil Hohe Service- und Kundenorientierung strukturierte und eigenverantwortliche Arbeitsweise Interesse an Prozessverbesserungn und neuen Arbeitsweisen Teamfähigkeit, Eigeninitiative und Umsetzungsstärke abgeschlossene bankfachliche oder kaufmännische Ausbildung Unsere Angebote für Sie Sichere, attraktive sowie zukunftsorientierte Rahmenbedingungen und Benefits Ein Umfeld, in dem Ihre Expertise geschätzt wird und in dem Sie Verantwortung übernehmen können Ein sympathisches Team mit ambitionierten KollegInnen in einem wertschätzenden und kommunikativen Umfeld Für diese Position ist gem. §9 Abs.2 des Gleichbehandlungsgesetzes ein kollektivvertragliches Mindestgehalt von 45.000,-- Euro brutto/Jahr vorgesehen. Dieses dient aber nicht als Richtschnur für unsere Gespräche. Wir legen sehr großen Wert auf eine marktkonforme Bezahlung, die sich an den aktuellen Rahmenbedingungen orientiert. Zudem sind wir sind uns bewusst, dass auch Erfahrung und Qualifikation einen wesentlichen Ei"
b6393920fb229951,Junior Analyst/-in Fixed Income im Asset Management,VZ VermögensZentrum,,,Unrated,Switzerland,"Innere Güterstrasse 2, 6300 Zug, Innere Güterstrasse 2, 6300 Zug, CH",https://www.jobwinner.ch/job/14760248,2026-09-29T16:32,jobwinner-ch,65,"Positive: investments / portfolio / asset management, plausible level; verify responsibilities",asset management; fixed income analyst; investment analyst; investment research,Investments / PE,,"Du interessierst dich für die Finanzmärkte und insbesondere für Anleihen? Du möchtest Anlageideen entwickeln, Marktanalysen verfassen und mit deiner Arbeit die Anlageentscheide von Tausenden von Kundinnen und Kunden mitprägen? Dann könnte diese Stelle genau das Richtige für dich sein. Das Asset Management des VZ sucht für sein Research-Team in Zug eine/n Junior Analyst/in Fixed Income. Junior Analyst/-in Fixed Income im Asset Management Das erwartet dich bei uns Du bist Teil des Research-Teams und verfolgst die Finanzmärkte mit einem Fokus auf Anleihen. Du schreibst Marktupdates, Monats- und Quartalsberichte, Einschätzungen zur aktuellen Lage an den Finanzmärkten oder Wissensartikel. Du hilfst mit beim Betrieb unserer Anlagelösungen und bei der Ausarbeitung von Anlageideen. Optional kannst Du in den Anlageklassen Immobilien und Alternative Investments Verantwortung übernehmen. Du analysierst und überwachst die Anleihenportfolios unserer Kundinnen und Kunden und erarbeitest konkrete Anlageempfehlungen. Das bringst du mit Dich zeichnet eine hohe Kundenorientierung aus. Du hast ein grosses Interesse an dem Thema Fixed Income (inkl. ESG). Du hast einen (Fach-)Hochschulabschluss. Im Idealfall hast du bereits ein Praktikum im Asset Management absolviert oder erste Berufserfahrung in diesem Bereich gesammelt. Du hast Spass am Schreiben und Kommunizieren und bist in der Lage, komplizierte Themen klar und einfach auf den Punkt zu bringen. Du hast eine hohe Motivation und möchtest dein Wissen laufend erweitern. Du übernimmst gerne proaktiv Verantwortung. Teamgeist und Freude an Neuem zeichnen dich aus. Das bieten wir dir Die Chance, eine spannende Tätigkeit im Fixed Income in einer erfolgreichen und stark wachsenden Unternehmung auszuüben. Ein Asset Management, das hohen Wert auf wissenschaftliche Erkenntnisse legt und die Vorteile von neuer Technologien zu nutzen weiss. Eine Data-Driven-Organisation, die den Fokus auf relevante Ziele mit Kundennutzen setzt (z.B. mit unserem OKR-Framework). Ein Umfeld, das Dich bei Deiner ständigen Weiterbildung und Weiterentwicklung unterstützt und fördert. Ein innovatives, dynamisches und kollegiales Umfeld. Eine Unternehmenskultur, auf welche wir stolz sind. 2 Deine Kontaktperson"
7fe4d40bade8bb12,Senior Analyst Schweizer Aktien (Buy-Side) (w/m/d),Raiffeisen Schweiz,raiffeisen-schweiz,Banking & Financial Services,Unrated,Switzerland,"Zürich-Flughafen (The Circle), Zürich-Flughafen (The Circle), CH",https://www.jobwinner.ch/job/14736726,2026-09-11T03:02,jobwinner-ch,65,"Positive: investments / portfolio / asset management, plausible level; verify responsibilities",investment analyst; investment research,Other finance,"Cooperative banking group · Third-largest Swiss banking group with treasury, ALM, trading and market-risk functions.","Die Aktienanalyse ist Teil des Investment & Vorsorge Centers und verantwortlich für die Analyse und die Empfehlungen von Schweizer Aktien bei Raiffeisen. Für die Aktienanalyse mit Standort Zürich-Flughafen (The Circle) suchen wir per sofort oder nach Vereinbarung eine engagierte, zuverlässige und teamorientierte Persönlichkeit als Senior Buy-Side Analyst für Schweizer Aktien (w/m/d). Senior Analyst Schweizer Aktien (Buy-Side) (w/m/d) Was erwartet Sie? Eigenständige Analyse und Bewertung von Schweizer Unternehmen anhand fundamentaler Research-Methoden Abdeckung von Schweizer Aktien in mindestens einem der folgenden Sektoren: Industrie, Finanzen oder Konsumgüter Erstellung, Weiterentwicklung und Pflege von Finanzmodellen sowie Unternehmensbewertungen (DCF, Multiples etc.) Entwicklung, Überwachung und Aktualisierung von Anlageempfehlungen für Schweizer Aktien Präsentation und Kommunikation von Analysen und Empfehlungen (schriftlich und mündlich, intern und extern) Durchführung von Unternehmensbesuchen und Management-Meetings sowie Teilnahme an relevanten Branchenkonferenzen Was bringen Sie mit? Hochschulabschluss (Uni/FH) sowie abgeschlossene fachspezifische Weiterbildung (CFA oder CIIA) Mind. 10 Jahre Berufserfahrung als Aktienanalyst mit Schwerpunkt auf Schweizer Aktien (Buy-Side oder Sell-Side) Fundierte Expertise in mind. einem der Sektoren Industrie, Finanzen (Banken und Versicherungen) und/oder Konsumgüter Ausgezeichnete Kenntnisse in Unternehmensbewertung, Finanzanalyse und Financial Modeling (insbesondere Excel und Bloomberg) Teamorientierte Persönlichkeit mit hoher Glaubwürdigkeit, professionellem Auftreten und ausgeprägten Kommunikationsfähigkeiten Hohe analytische und konzeptionelle Kompetenz sowie ausgeprägte Eigeninitiative Sehr gute Deutschkenntnisse, Französisch- oder Italienischkenntnisse von Vorteil Wir bieten flexible Arbeitsmodelle Die Work-Life-Balance unserer Mitarbeitenden ist uns wichtig. Deshalb schaffen wir die Voraussetzungen dafür, dass die Arbeitszeit flexibel gestaltet werden kann – mit Angeboten für mobiles Arbeiten, Homeoffice und Teilzeit-Pensen. Wir pflegen ein familiäres Umfeld Die genossenschaftlichen Werte sind unsere Grundpfeiler: Miteinander. Füreinander. Sie prägen unsere Zusammenarbeit und unseren Umgang miteinander. Die Du-Kultur schafft persönliche Nähe und Augenhöhe über alle Funktionsstufen hinweg. Wir leben Vielfalt und Chancengleichheit Wir fördern die unterschiedlichen Perspektiven, Erfahrungen und Kompetenzen in unseren Teams. Denn diese Vielfalt macht uns besonders und trägt entscheidend zu unserem Erfolg bei. Wir bieten eine kollektive Erfolgsbeteiligung statt individuellen Boni Wir rücken die kollektive Leistung in den Vordergrund. Deshalb gibt es bei uns eine kollektive Erfolgsbeteiligung anstelle individueller Bonuszahlungen. Das fördert eine gesunde Unternehmenskultur, in der übergeordnete Ziele gemeinsam verfolgt werden. Wir fördern persönliche und berufliche Entwicklung Lebenslanges Lernen ist Teil unserer Kultur. Wir schaffen Raum für individuelle fachliche und persönliche Entwicklung und unterstützen unsere Mitarbeitenden gezielt – mit einem vielfältigen internen Bildungsangebot sowie einer Kostenbeteiligung für externe Weiterbildungen. Wir machen «gesund leben & arbeiten» zum Programm Mit unserem ganzheitlichen Angebot «gesund leben & arbeiten» unterstützen wir unsere Mitarbeitenden dabei, eine gesunde Balance zwischen Beruf und Privatleben zu finden und langfristig zu erhalten. Ha"
920ece8b2b8f4325,RFP Data Analyst,LGT Capital Partners AG,,,Unrated,Switzerland,"Schützenstrasse 6, 8808 Pfäffikon, Schützenstrasse 6, 8808 Pfäffikon, CH",https://www.jobwinner.ch/job/14735111,2026-09-11T11:03,jobwinner-ch,65,"Positive: finance transformation / analytics, plausible level; verify responsibilities",investment analyst; investment analyst english; portfolio analyst,Asset Management,,"Job Description The RFP Data Analyst is part of LGT Capital Partners' Product and Client Solutions (PACS) team in Pfäffikon SZ and plays an active role in both the firm's client engagement activities and its data infrastructure. The successful candidate is expected to start as soon as possible . The role has a strong focus on data analysis within a client servicing and investor relations context. The successful candidate will work with fund, performance, portfolio and firm-level data that supports RFPs, RFIs, DDQs and other investor-facing materials. This is a role for someone who enjoys working analytically with data, understands the importance of accuracy in client-facing communication, and is able to translate quantitative inputs into clear, reliable and well-structured content. The person will also help improve the team's workflows by using AI and other tools to maintain the knowledge base and strengthen content and data processes. A key expectation is that the person acts as a bridge between the data and the wider PACS team, ensuring that analytical inputs are accurate, consistent and suitable for use in external client and investor communication. As part of the PACS team, the successful candidate will contribute to data-driven client servicing across the following areas: Take ownership of the analytical inputs used in RFPs, RFIs, DDQs and investor materials, including pulling, cross-checking, analyzing and formatting performance, fund, portfolio and firm-level data from multiple sources; Complete RFP, RFI and DDQ processes from prospective and existing clients across private and public markets, working within stated deadlines; Generate high-quality, tailored responses and continuously improve the firm's standard content library; Collaborate directly with business development, investment management and other internal teams to gather inputs and ensure responses reflect LGT CP's current positioning accurately; Act as the link between client-facing teams and the PACS Data team, translating investor relations and client servicing needs into clear data requirements and helping ensure timely, accurate delivery; Operate as a power user of the firm's RFP platform (Responsive), data workflows and AI-assisted tools, contributing to the continuous improvement of data quality, content maintenance, automation and process efficiency. Requirements University degree in quantitative finance, finance, business analytics, economics or a related field; CFA, CAIA or an equivalent qualification is a plus; Minimum two years of relevant experience in data analysis, ideally within investor relations, RFP/DDQ, product management, or a related function in asset management; Excellent written English; French, German or other languages an asset; Prior exposure to data workflows or digital tools, with eagerness to develop these skills further; Curiosity and confidence in using AI-assisted tools; Ability to work under pressure and manage multiple concurrent deadlines without losing precision and attention to detail; Clear, proactive communicator with the confidence to flag issues and ask clarifying questions across teams; Team-oriented, with a high sense of ownership and follow-through. What you can expect We provide modern working conditions , including work-from-home options, flexible hours and a home office allowanceto ensure staff members have awork environmentequippedwith the latest technology; A diverse culture founded onmutual respect, teamwork and appreci"
0be14f1b03547d61,Management Company Risk Specialist (Asset Management) in Basel,Albedis,,,Unrated,Switzerland,"Basel, CH",https://www.jobwinner.ch/job/14766590,2026-10-05T07:32,jobwinner-ch,65,"Positive: investments / portfolio / asset management, plausible level; verify responsibilities",asset management,Asset Management,,"Description of the company Our client is a well-established international financial services organisation operating in a highly regulated environment. The company is recognised for its robust governance framework, strong risk culture and long-term stability. With an international footprint, it values independent thinking, professionalism and constructive dialogue across all management levels. To strengthen its Management Company oversight and control framework, we are currently seeking an analytical and technology-oriented professional to join the team in Basel. Role & Responsibilities As Management Company Risk Specialist (Asset Management), you will contribute to the continuous enhancement of the company's control, monitoring and governance framework. This position is embedded within a regulated asset management environment and focuses on management company oversight, risk management, internal controls, fund governance and process automation.Working closely with various stakeholders across the organization, you will play a key role in improving processes, strengthening oversight activities and utilizing data more effectively to support decision-making. Your key responsibilities will include: Maintaining and further enhancing the Internal Control System (ICS) within a regulated asset management and management company environment Monitoring and assessing the effectiveness of key controls across fund, management company and operational processes Supporting and coordinating Risk & Control Self-Assessments (RCSA), including the follow-up of identified findings and remediation measures Monitoring Key Risk Indicators (KRIs) and supporting the ongoing oversight of operational and business risks Preparing regular risk and management reporting for senior management, committees and governance bodies Supporting the continued development of the company's operational risk framework, including incident management, risk assessments and control monitoring Contributing to fund oversight activities and supporting the monitoring of fund-related risks and processes Supporting Business Continuity Management (BCM) activities, framework maintenance and periodic testing Identifying opportunities to strengthen controls, improve data quality and increase process transparency across the organization Designing and enhancing automated controls, monitoring tools and reporting processes to improve risk oversight and operational efficiency Applying data analysis and automation techniques to support risk monitoring, control testing and management reporting Collaborating closely with stakeholders across Risk, Compliance, Operations, Fund Management and other business functions Candidate Profile We are looking for a proactive and intellectually curious professional who combines strong analytical skills with a genuine interest in governance, risk oversight, data management and process improvement. Your qualifications and experience include: University degree in Finance, Economics, Business Administration, Mathematics, Data Analytics or a related field Several years of professional experience within asset management, a fund management company (ManCo), fund administration or a comparable investment-fund environment Experience in risk management, internal controls, operational risk, oversight functions or audit within the asset management or fund industry is considered particularly valuable Professional qualifications such as CFA, FRM or comparable risk-focused certificatio"
0fdd3c0679686bd9,Analyst Risk & Valuation (m/w/d),BGP AG,,,Unrated,Switzerland,"Vaduz, CH",https://www.jobwinner.ch/job/14730349,2026-09-07T06:33,jobwinner-ch,65,"Positive: corporate finance / valuation, plausible level; verify responsibilities",valuation,Corporate Finance / M&A,,"Vorsorge für Risiko und Alter Demographie, volatile Finanzmärkte, unsichere Sozialsysteme: Die Versicherungswirtschaft wird in der Absicherung von Risiken und in der Vorsorge für das Alter zukünftig von zentraler Bedeutung sein. Umso wichtiger ist es, dass die Finanz- und Versicherungsprodukte auf einer solider Berechnungsgrundlage basieren. Unsere Auftraggeberin ist ein in Liechtenstein ansässiges Finanzdienstleistungsunternehmen, das Vorsorgelösungen für Privatkunden entwickelt und vertreibt. Für die versicherungsmathematische Bewertung der Produkte und die Berechnung regulatorischer Kennzahlen suchen wir einen Analyst Risk & Valuation (m/w/d) In dieser Funktion arbeiten Sie an den quantitativen Modellen für die Bewertung bestehender und neuer Produkte. Sie führen Berechnungen im Zusammenhang mit Solvency II, ORSA und den Jahresabschlüssen durch, erstellen Planungsrechnungen und bereiten die Ergebnisse für interne Entscheidungsprozesse auf. Bei Produkteinführungen und Produktanpassungen übernehmen Sie die versicherungsmathematischen Berechnungen und begleiten die Überführung in den operativen Betrieb. Für kurzfristige Fragestellungen erstellen Sie Auswertungen mit Python und Excel. Voraussetzung für diese Aufgabe ist eine höhere Ausbildung in Mathematik oder Wirtschaftsmathematik oder einer vergleichbaren quantitativen Fachrichtung. Erste Berührungspunkte mit versicherungsmathematischen Berechnungen, Modellierung oder Bewertung erleichtern Ihnen den Einstieg. Sie verfügen über Programmierkenntnisse und möchten diese in der Praxis einsetzen und weiter ausbauen. Eine sorgfältige und selbständige Arbeitsweise ist ebenso wichtig wie die Bereitschaft, Verantwortung zu übernehmen und sich aktiv in ein kleines Fachteam einzubringen. Sehr gute Deutschkenntnisse und gute Englischkenntnisse setzen wir voraus. Interesse an einer anerkannten Aktuarsausbildung oder eine bereits begonnene Weiterbildung in diesem Bereich ist von Vorteil. Die Position bietet einen fundierten Einstieg in die versicherungsmathematische Praxis und verbindet Modellierung, regulatorische Berechnungen und produktbezogene Fragestellungen. Sie übernehmen von Beginn an konkrete Aufgaben und können Ihre Kenntnisse im Aktuariat systematisch vertiefen. Gerne informieren Sie Hannes Grabher oder Christof Becker über nähere Einzelheiten. Ihre Bewerbung reichen Sie bitte online ein. Volle Diskretion ist zugesichert."
2c639b026fbd6c80,Leiter/in Finanzen & Controlling,Rudolf Geiser AG,,,Unrated,Switzerland,"Chasseralstrasse 12, 4901 Langenthal, Chasseralstrasse 12, 4901 Langenthal, CH",https://www.jobwinner.ch/job/14763251,2026-10-01T14:32,jobwinner-ch,62,Positive: treasury / FP&A,cash management,FP&A / Performance,,"Das dürfen Sie managen Gesamtverantwortung für Finanz- und Rechnungswesen sowie Führung und Entwicklung des Teams Monats-, Quartals- und Jahresabschlüsse nach OR; Zusammenarbeit mit Revision und externen Partnern Budgetierung, Forecast, Liquiditätsplanung, Cash-Management und Working-Capital-Steuerung Analyse von Umsatz, Margen, Kosten, Lager und Rentabilität; Ableitung konkreter Massnahmen Weiterentwicklung von Management-Reporting und Finanzkennzahlen Beratung von CEO und Geschäftsleitung bei Investitions-, Finanzierungs- und Wirtschaftlichkeitsentscheiden Weiterentwicklung der Kostenstellen- und Profitcenter-Rechnung sowie Aufbau weiterer Profitcenter Sicherstellung von Finanzbuchhaltung, Debitoren, Kreditoren, MWST und Mahnwesen Koordination von Banken, Revision, Versicherungen, Vorsorgeeinrichtungen und weiteren Finanzpartnern Digitalisierung und Automatisierung der Finanzprozesse vorantreiben Aktive Unterstützung des Teams im Tagesgeschäft Das bringen Sie mit Kaufmännische oder betriebswirtschaftliche Ausbildung mit Weiterbildung in Finanz- und Rechnungswesen oder Controlling Praxis im Finanz- und Rechnungswesen sowie sichere Kenntnisse der Abschlüsse nach OR Analytisches, unternehmerisches Denken und Fähigkeit, aus Zahlen konkrete Massnahmen abzuleiten Erfahrung in Budgetierung, Finanzplanung, Liquiditätssteuerung und Controlling Führungserfahrung und Freude an der Entwicklung von Mitarbeitenden und Prozessen Strukturierte, selbstständige und lösungsorientierte Arbeitsweise – auch in anspruchsvollen Situationen Sehr gute Excel- und MS-Office-Kenntnisse sowie ERP-Erfahrung Klare, überzeugende Kommunikation und sicheres Vertreten der eigenen Position gegenüber CEO und Geschäftsleitung Sehr gutes Deutsch in Wort und Schrift; Französisch ist ein Plus Gestalten Sie die Zukunft mit uns! Bei er Rudolf Geiser AG erwartet Sie mehr als ein Arbeitsplatz - Sie werden Teil eines Teams, das Innovation lebt und Zusammenarbeit schätzt. Unsere moderne IT-Infrastruktur und flexible Homeoffice-Optionen geben Ihnen die Freiheit, Ihre Ideen einzubringen und Verantwortung zu übernehmen. Wir fördern Eigeninitiative, kurze Entscheidungswege und eine Kultur des Miteinanders. Neben einer umfassenden Einarbeitung profitieren Sie von attraktiven Benefits: Flexible Arbeitszeiten 5 - 6 Wochen Ferien Gratisparkplatz Zahlreiche weitere Vorteile, die Ihren Arbeitsalltag bereichern"
bbd55e710e596715,"Sachbearbeiterin / Sachbearbeiter Rechnungswesen & Controlling, 80-100%",Obwaldner Kantonalbank,,,Unrated,Switzerland,"6060 Sarnen, 6060 Sarnen, CH",https://www.jobwinner.ch/job/1542502537,2026-10-06T16:20,jobwinner-ch,62,Positive: treasury / FP&A,cash management,FP&A / Performance,,"Einfach vertraut, kompetent und dynamisch, die Kundinnen und Kunden im Zentrum – das ist die Obwaldner Kantonalbank. Als Universalbank fördern wir die volkswirtschaftliche Entwicklung Obwaldens und handeln dabei verantwortungsvoll und nachhaltig. Suchst du eine Tätigkeit, bei der du deine zuverlässige, exakte und selbstständige Arbeitsweise tagtäglich unter Beweis stellen kannst? Dann bist du bei uns genau richtig. Unsere Abteilung Rechnungswesen & Controlling am Hauptsitz in Sarnen sucht per 1. Februar 2027 oder nach Vereinbarung eine engagierte Persönlichkeit als Sachbearbeiterin / Sachbearbeiter Rechnungswesen & Controlling, 80-100% Dein Tätigkeitsbereich Mitarbeit bei Monats-, Quartals-, Halbjahres- und Jahresabschlüssen Allgemeine Aufgaben im Rechnungswesen & Controlling Mitarbeit bei der Mehrwertsteuerabrechnung Unterstützung beim täglichen Cash-Management Kontrolle der eingehenden Rechnungen Administration der Vorsorgestiftung Sparen 3 und Freizügigkeitsstiftung Mitarbeit in der zentralen Geldversorgung Dein Profil Abgeschlossene kaufmännische Grundausbildung Erfahrung im Bereich Rechnungswesen sowie eine Weiterbildung als Sachbearbeiter/-in Rechnungswesen von Vorteil Flair für Zahlen und Freude an administrativen Aufgaben Gute MS-Office-Kenntnisse, insbesondere in Excel Engagierte Persönlichkeit mit hoher Teamfähigkeit Zuverlässige, exakte und selbstständige Arbeitsweise Deine Perspektive Es erwartet dich eine abwechslungsreiche und interessante Tätigkeit in einem motivierten Team. Attraktive Anstellungsbedingungen und eine fortschrittliche Unternehmenskultur gehören ebenso dazu wie die Möglichkeit, dich fachlich und persönlich weiterzuentwickeln. Zudem arbeitest du an unserem Hauptsitz in Sarnen in einem modernen Arbeitsumfeld mit kurzen Entscheidungswegen und einem kollegialen Miteinander. Wir freuen uns auf deine Bewerbung. Obwaldner Kantonalbank Im Feld 2, 6060 Sarnen Kontakt Tanja Rohrer, HR Business Partnerin, 041 666 21 19 tanja.rohrer@okb.ch"
a96e5e1267c43422,Commodity Buyer (m/f/x),Liebherr Maschinen Bulle AG,,,Unrated,Switzerland,"Rue Hans-Liebherr 7, 1630 Bulle, Rue Hans-Liebherr 7, 1630 Bulle, CH",https://www.jobwinner.ch/job/1677338068,2026-09-24T07:06,jobwinner-ch,62,Positive: treasury / markets / derivatives (risk),commodity risk; market risk english,Treasury / Markets,,"Your Responsibilities You have the ability to define and deploy the purchasing strategy for the assigned product categories You are able to analyze supplier markets, cost trends, industrial capabilities, and technological developments, as well as to develop and maintain a comprehensive supplier and procurement risk mapping You have the ability to identify, assess, and select new suppliers based on technical, commercial, quality, and logistical requirements and to build strong relationships with them You have the ability to anticipate risks related to capacity, supplier dependency, raw materials, and geopolitical developments You have the ability to negotiate and implement framework agreements and commercial contracts, challenging supplier requests for price increases You have a strong understanding of supplier commitments and ensure their alignment with the company’s objectives You are able to monitor key portfolio performance indicators, including costs, savings, quality, OTD, lead times, capacity, and risks You are committed to continuously improving purchasing and supply chain processes Your Profile You have successfully completed a degree in Business Administration, Economics or equivalent and you have a solid technical understanding, complemented by additional training or qualifications in purchasing You have more than 3 years of experience in project purchasing or strategic procurement You have an excellent command of English, French and/or German You have an excellent command of MS Office, Share Point, and you are familiar with Infor You define yourself as a strong team player with resilience, flexibility, and a high degree of reliability and autonomy You are well organized, able to manage multiple priorities, and comfortable working effectively in stressful situations Our Offer Can we inspire you to take on a responsible position in a dynamic and independent family business? We offer you room for ideas, a secure job, modern and family-friendly employment conditions such as flexible working hours, home office, a company restaurant, training opportunities as well as many benefits. The workplace is located in Bulle, surrounded by the wonderful nature of the Gruyère region. Start planning your personal and professional development with us. In order to ensure a fair application process, we cannot accept applications by post or email. Have we awoken your interest? Then we look forward to receiving your online application. If you have any questions, please contact Anna KOMARDINA. One Passion. Many Opportunities. The company ​Liebherr Machines Bulle SA is the centre of excellence for combustion engines (diesel and gas engines) and hydraulic components (axial piston pumps and motors). The company develops and produces various products, which find their use in building construction and civil engineering, mining, agriculture, decentralised energy, machine and plant engineering, as well as aerospace. Location Liebherr Machines Bulle SA 7, Rue Hans-Liebherr 1630 Bulle Switzerland (CH) Contact Anna KOMARDINA +41 26 913 31 11"
008c045db92552f3,Senior Multi Asset Portfolio Manager/in mit Schwerpunkt Aktien (100%),Lienhardt & Partner Privatbank Zürich AG,,,Unrated,Switzerland,"Rämistrasse 23, 8001 Zürich, Rämistrasse 23, 8001 Zürich, CH",https://www.jobwinner.ch/job/1216850652,2026-10-01T12:42,jobwinner-ch,60,Positive: investments / portfolio / asset management,investment manager,Treasury / Markets,,"Lienhardt & Partner Privatbank Zürich AG besteht seit 1868 als eigenständige und unabhängige Bank an zentraler Lage beim Bellevue. Wir betreuen sowohl anspruchsvolle Schweizer Privatkunden als auch institutionelle Investoren in den Bereichen Private Banking, Immobilien und Vorsorge. Zur Ergänzung unseres kleinen und dynamischen Investment Office Teams suchen wir eine engagierte Persönlichkeit als Senior Multi Asset Portfolio Manager/in mit Schwerpunkt Aktien (100%) In dieser Schlüsselfunktion übernehmen Sie die Verantwortung für strategisch bedeutende und sehr grosse BVG-Kundenmandate. Hauptaufgaben und Verantwortungsbereich Bewirtschaftung von Multi Asset Spezialmandaten inklusive Performance Verantwortung Verantwortung für die Auswahl von Einzelaktien als PM in globalen Multi Asset Mandaten mit Schwerpunkt Schweiz und USA Verwaltung (inklusive Trading) von BVV 2 Mandaten (PK und Stiftungs-Spezialmandate) Verwalten von ausserhalb der Bank gebuchten Spezialmandaten Erstellung von Performance Reports inklusive deren Präsentation und Besprechung mit dem Kunden Betreuung von anspruchsvollen Vermögensverwaltungskunden Mitverantwortung für die Auswahlliste Aktien Schweiz Verfassen von druckreifen Markt Reports Führung und Überwachung von Portfolios in Bloomberg PORT sowie Durchführung von Pre Trade Checks (Excel) Repräsentation des Investment Office nach innen und aussen Ihr fachliches Profil Abgeschlossenes Studium Uni/FH oder Banklehre mit Zusatzausbildung (AZEK oder CFA) Mindestens 15 Jahre Berufserfahrung in einer vergleichbaren Position. Idealerweise befinden Sie sich in der Mitte Ihres Berufslebens. Versierter Portfolio Manager mit profunden Kenntnissen der Finanzmärkte, der gerne Performanceverantwortung für die ihm zugeteilten Spezialmandate übernimmt Fundiertes Knowhow im Verwalten von Freizügigkeitsmandaten mit Einzeltiteln Hohe Eigenmotivation sowie grosses Interesse an der Entwicklung der Finanzmärkte Hohe Einsatzbereitschaft und verantwortungsbewusste Arbeitsweise Technisches Flair und hohe IT-Affinität im Umgang mit externen Systemen Sehr gute Deutschkenntnisse Nehmen Sie die Herausforderung an? Diese abwechslungsreiche und interessante Tätigkeit in einem überschaubaren Umfeld wird auch Sie begeistern. Wir bieten ein leistungsorientiertes Umfeld mit einer offenen Unternehmenskultur, die den Beitrag jedes Einzelnen schätzt und belohnt. Haben wir Ihr Interesse geweckt? Dr. Andreas Bickel, Leiter Investment Office, freut sich auf Ihr Bewerbungsdossier per E-Mail. Anfragen von Stellenvermittlern werden nicht berücksichtigt."
cde490afdd640586,Lead Maker/ Callcenter-Agent/ Investor Acquisition (m/w/d),Landmark Equity Partners AG,,,Unrated,Switzerland,"Zürich, CH",https://www.jobwinner.ch/job/14759510,2026-09-29T11:32,jobwinner-ch,60,Positive: transactions / M&A,private equity,Investments / PE,,"Ihr Aufgabenbereich Der Schwerpunkt Ihrer Tätigkeit liegt klar auf der telefonischen Kontaktaufnahme mit potenziellen Investoren und Interessenten. Sie sprechen aktiv neue Kontakte an, führen professionelle Erstgespräche, erkennen Interesse und Bedarf und qualifizieren die Kontakte für unsere Investmentberater und Partner. Dabei geht es nicht darum, komplexe Investments am Telefon abzuschliessen, sondern darum, Interesse zu wecken, Vertrauen aufzubauen und einen hochwertigen nächsten Gesprächstermin zu vereinbaren. Sie arbeiten strukturiert mit unserem CRM, dokumentieren sämtliche Kontakte und Follow-ups und entwickeln Interessenten konsequent vom Erstkontakt bis zum qualifizierten Lead weiter. Das bringen Sie mit Sie telefonieren gerne und viel und fühlen sich in einer vertriebsorientierten Call-Center- beziehungsweise Inside-Sales-Umgebung wohl. Idealerweise verfügen Sie bereits über Erfahrung im Call Center, Telesales, Outbound Sales, Finanzvertrieb, Versicherungsvertrieb oder einer vergleichbaren telefonischen Vertriebsfunktion. Entscheidend ist für uns weniger Ihr bisheriger Titel als Ihre Fähigkeit, am Telefon schnell Zugang zu Menschen zu finden. Sie bringen eine sehr gute Ausdrucksweise in Deutsch mit, treten selbstbewusst und verbindlich auf und lassen sich auch von einem Nein nicht aus der Ruhe bringen. Sie arbeiten zielorientiert, haben Freude an messbaren Ergebnissen und verstehen, dass erfolgreicher Vertrieb aus Konsequenz, hoher Aktivität und professionellem Follow-up entsteht. Erfahrung im Bereich Investments oder Private Equity ist von Vorteil, aber keine Voraussetzung. Die fachlichen Grundlagen vermitteln wir Ihnen. Gute Französisch- und Englischkenntnisse sind von großem Vorteil, um unsere Kunden in der Westschweiz und im internationalen Umfeld kompetent und auf Augenhöhe zu beraten. Was wir bieten Ein für vergleichbare Call-Center- und Telesales-Positionen überdurchschnittliches Fixgehalt sowie eine zusätzliche attraktive, erfolgsabhängige Vergütung. Sie arbeiten aus unserem modernen Office in Zürich in einem unternehmerischen Umfeld mit kurzen Entscheidungswegen und direktem Zugang zu unseren Partnern und Investmentteams. Sie erhalten eine strukturierte Einarbeitung in unsere Investmentprodukte, klare Leads und Prozesse sowie die Möglichkeit, sich bei entsprechender Leistung vom Lead Maker in weiterführende Sales- und Investor-Relations-Funktionen zu entwickeln. *** Entscheidend für Ihren Erfolg bei uns ist nicht, wie lange Sie bereits im Private-Equity-Bereich tätig sind. Entscheidend ist, ob Sie telefonieren können, konsequent dranbleiben und aus einem kalten Kontakt eine echte Opportunity entwickeln können. *** Wenn Sie sich in dieser Beschreibung wiedererkennen und zu den Menschen gehören, die lieber zum Telefon greifen, als auf den nächsten Lead zu warten, freuen wir uns auf Ihre Bewerbung mit vollständigem Bewerbungsdossier (inkl. Foto) an: Landmark Equity Partners AG Bellerivestrasse 241 8008 Zürich"
46f1966262e859ae,Senior- Mandatsleiter M&A (80–100%) (m/w/d),Axtradia AG,,,Unrated,Switzerland,"Rössliweg 29b, 4852 Rothrist, Rössliweg 29b, 4852 Rothrist, CH",https://www.jobwinner.ch/job/2045668622,2026-08-31T14:44,jobwinner-ch,60,Positive: transactions / M&A,corporate development; corporate finance; deal advisory; private equity,Treasury / Markets,,"Senior-Mandatsleiter M&A (80–100%) (m/w/d) Einführung Die Axtradia AG begleitet Unternehmer beim Verkauf ihres Lebenswerks, bei Nachfolgelösungen und bei strategischen Unternehmenszukäufen. Unser Fokus liegt auf anspruchsvollen M&A-Transaktionen mit Unternehmenswerten zwischen CHF 2 und 100 Mio. im Schweizer Mittelstand. Wir verbinden unternehmerisches Denken mit einem strukturierten M&A-Prozess, einem breiten Käufernetzwerk und dem Anspruch, für unsere Kunden die bestmögliche Lösung zu erzielen. Dabei begleiten wir Unternehmer oft durch eine der wichtigsten Entscheidungen ihres Lebens. Über den Job Zur Verstärkung unseres Teams suchen wir am Standort Rothrist ab sofort oder nach Vereinbarung eine erfahrene Persönlichkeit als Senior-Mandatsleiter M&A / Senior M&A Advisor . Unternehmer überzeugen. Mandate entwickeln. Transaktionen führen. Viele können M&A-Prozesse begleiten. Nur wenige gewinnen das Vertrauen von Unternehmern. Genau diese Persönlichkeiten suchen wir. Wir suchen keine reinen Prozessabwickler und keine klassischen Verkäufer. Wir suchen Persönlichkeiten, die Unternehmer überzeugen, Beziehungen aufbauen und daraus eigenständig hochwertige Mandate entwickeln können. Deine Aufgabe Du begleitest Unternehmer durch eine der wichtigsten Entscheidungen ihres Lebens – vom ersten Gespräch über die Mandatsentwicklung bis zum erfolgreichen Closing. Dabei bewegst du dich auf Augenhöhe mit Unternehmern, Verwaltungsräten, Investoren, Family Offices und strategischen Käufern. Zu deinen Aufgaben gehören insbesondere: Aufbau und Pflege von Unternehmerbeziehungen Entwicklung und Gewinnung neuer Mandate Führung von Unternehmensverkäufen und Nachfolgeprozessen Bewertung und Positionierung von Unternehmen Ansprache und Verhandlung mit Kaufinteressenten Begleitung von Due Diligence, Signing und Closing Je nach Erfahrung und Interesse übernimmst du zusätzlich Verantwortung beim Aufbau von Teams, Standorten oder strategischen Initiativen. Wen wir suchen Wir interessieren uns weniger für Titel als für Persönlichkeit. Möglicherweise arbeitest du heute: bei einer M&A-Boutique im Corporate Development eines Unternehmens bei einem Private-Equity-Investor in einem Corporate-Finance- oder Lead-Advisory-Team oder in einer vergleichbaren Rolle mit direktem Bezug zu Unternehmenstransaktionen Entscheidend ist, dass du Unternehmer auf Augenhöhe begleiten kannst, unternehmerisch denkst und in der Lage bist, eigene Mandate zu entwickeln. Du bringst mit: Erfahrung im M&A-, Corporate-Finance-, Private-Equity-, Corporate-Development- oder Nachfolgeumfeld Freude am Aufbau von Beziehungen und an der Gewinnung neuer Mandate hohe Eigeninitiative und unternehmerisches Denken professionelles Auftreten und starke Kommunikationsfähigkeit strukturierte, zuverlässige und selbständige Arbeitsweise sehr gute Deutschkenntnisse sowie Verständnis für Schweizerdeutsch Was dich bei uns erwartet Unternehmerische Verantwortung Du arbeitest direkt mit Eigentümern, Unternehmern und Entscheidern. Qualität statt Volumen Unser Anspruch sind hochwertige Mandate, strukturierte Prozesse und nachhaltige Lösungen. Dealmaking statt Silodenken Du kombinierst Unternehmerberatung, Business Development, Verhandlung und Transaktionsführung. Teamwork statt Einzelkämpfertum Wir arbeiten als Team, unterstützen uns gegenseitig und teilen Wissen und Verantwortung. Denn die besten Ergebnisse entstehen bei uns nicht im Alleingang, sondern gemeinsam. Entwicklung statt Stillstand Axtradia befindet sich in ein"
3bfc8f54be625d33,Rechtsanwältin/Rechtsanwalt M&A (80-100%),Kellerhals Carrard Bern,,,Unrated,Switzerland,"Effingerstrasse 1, 3001 Bern, Effingerstrasse 1, 3001 Bern, CH",https://www.jobwinner.ch/job/14759855,2026-09-29T14:03,jobwinner-ch,60,Positive: transactions / M&A,private equity,Investments / PE,,"Ihre Hauptaufgaben Sie beraten nationale und internationale Unternehmen sowie weitere interessante Klientinnen und Klienten in sämtlichen Fragen des Gesellschafts- und Vertragsrechts. Ein besonderer Schwerpunkt Ihrer Tätigkeit liegt in der rechtlichen Begleitung von nationalen und grenzüberschreitenden M&A-Transaktionen. Dabei wirken Sie über den gesamten Transaktionsprozess hinweg mit, von der rechtlichen Due Diligence über die Strukturierung und Vertragsgestaltung bis hin zu den Vertragsverhandlungen sowie dem Signing und Closing. Darüber hinaus beraten Sie bei Umstrukturierungen, gesellschaftsrechtlichen Fragestellungen sowie (je nach Interesse und Erfahrung) in den Bereichen Private Equity und Venture Capital. Sie arbeiten eng mit unseren Klientinnen und Klienten sowie mit Kolleginnen und Kollegen aus verschiedenen Rechtsgebieten und Standorten zusammen und übernehmen zunehmend eigenständig Verantwortung für Mandate und Projekte. Was Sie mitbringen Sie verfügen über einen sehr guten juristischen Studienabschluss und ein Schweizer Anwaltspatent. Sie interessieren sich für M&A-Transaktionen sowie für gesellschafts- und vertragsrechtliche Fragestellungen. Erste einschlägige Berufserfahrung ist von Vorteil, aber keine Voraussetzung. Sie haben Freude an wirtschaftlichen Zusammenhängen und daran, komplexe rechtliche Fragestellungen in praxisorientierte Lösungen zu übersetzen. Sie arbeiten sorgfältig, strukturiert und lösungsorientiert und übernehmen gerne Verantwortung. Sie schätzen die Zusammenarbeit im Team und überzeugen durch eine aufgeschlossene, engagierte und sympathische Persönlichkeit. Sie verfügen über ausgezeichnete Deutschkenntnisse sowie sehr gute Englischkenntnisse. Französischkenntnisse oder weitere Sprachkenntnisse sind von Vorteil. Was wir Ihnen bieten EIN STARKES TEAM – kollegiale Zusammenarbeit auf Augenhöhe und flache Hierarchien ATTRAKTIVE MANDATE – direkt, abwechslungsreich und mit engem Klientenkontakt MODERNE INFRASTRUKTUR – stilvolle Büroräumlichkeiten im Herzen von Bern RAUM FÜR ENTWICKLUNG – fachliche und persönliche Förderung individueller Stärken FLEXIBILITÄT – Arbeitsmodelle, die zu Ihrem Leben passen WEITERBILDUNG – vielfältige Chancen für Spezialisierung und Wachstum ÜBERDURCHSCHNITTLICHE VORSORGELÖSUNG – wir übernehmen 60 % der BVG-Beiträge LANGFRISTIGE PERSPEKTIVEN – in einer etablierten und zukunftsorientierten Kanzlei"
001b89373cb1d7c3,Portfolio Manager (m/w/d),BGP AG,,,Unrated,Switzerland,"Vaduz, CH",https://www.jobwinner.ch/job/14750992,2026-09-22T14:33,jobwinner-ch,60,Positive: investments / portfolio / asset management,portfolio management,Treasury / Markets,,"Ihre Entwicklungschance im Asset Management In Zeiten volatiler Finanzmärkte zeigt sich, wer als Kunde auf eine stabile Performance seines Vermögensverwalters zählen kann. Dies gilt ganz besonders für die hochkarätigen Kunden unserer Auftraggeberin, einer unabhängigen Vermögensverwaltungsgesellschaft mit Sitz in Liechtenstein. Sie hat sich über Jahrzehnte das Vertrauen von UHNWI- und Family Office Kunden aufgebaut und gehört mit einem Kundenvolumen von mehreren Milliarden Assests under Management zu den führenden Anbietern auf unserem Finanzplatz. Wir suchen einen engagierten Nachwuchskandidaten als Portfolio Manager (m/w/d) Sie starten als Junior mit dem Ziel, zunehmend Mandatsverantwortung im Portfolio Management zu übernehmen und sich zum Senior zu entwickeln. Am Anfang liegt der Fokus auf Aufgaben im Bereich Portfolio-, Performance- und Risikoanalyse. Mit zunehmender Erfahrung steigen Sie dann in den gesamten Wertschöpfungsprozess von der Bedarfsanalyse über die Konzeption und Umsetzung der strategischen und taktischen Asset Allokationen bis zu Fonds-Selektion ein. Hinzu kommt die Mitwirkung im Anlageausschuss. Es handelt sich um eine tolle Entwicklungschance für eine/n Bachelor- oder Masterabsolventen/in (BWL, Banking, Finance) Sie sind die motivierte, geistig bewegliche Nachwuchskraft mit einer raschen Lernkurve, die nach beruflicher Weiterentwicklung, Kompetenz und Verantwortung strebt. Ihre Interessen liegen im Bereich Anlageprodukte, Investments, Börse, Kapitalmärkte. Wenn Sie schon erste Erfahrungen im Portfoliomanagement mitbringen, wäre das ideal. Sie sind stark in der Zahlenanalyse, zeigen eine sehr sorgfältige Arbeitsweise, Einsatzbereitschaft, Teamfähigkeiten und niveauvolle Umgangsformen im Kontakt mit der gehobenen Klientschaft. In Englisch kommunizieren Sie fliessend. Vom Junior zum Senior: Reizt Sie diese Entwicklungschance? In einem hochprofessionellen Umfeld profitieren Sie von der Expertise erfahrener Fachspezialisten. Gerne informieren Sie Christof Becker und Florian Pfab über nähere Einzelheiten. Ihre Bewerbung reichen Sie bitte online eine. Volle Diskretion ist zugesichert."
da397c11aa2e4a0d,Leiter/in Asset Management Schweiz,HIAG Immobilien Schweiz AG,,,Unrated,Switzerland,"Bahnhofplatz 14, 8001 Zürich, Bahnhofplatz 14, 8001 Zürich, CH",https://www.jobwinner.ch/job/14757698,2026-09-28T11:03,jobwinner-ch,60,Positive: investments / portfolio / asset management,asset management,FP&A / Performance,,"Lebensräume zukünftiger Generationen realisieren. HIAG ist eine führende, an der SIX Swiss Exchange kotierte Immobiliengesellschaft. Das Geschäftsmodell von HIAG umfasst die gesamte Wertschöpfungskette von Immobilien: Portfolio-/ Asset-Management, Arealentwicklung und Transaktions-Management. Wir investieren in Wohn-, Gewerbe- und Industrieflächen an attraktiven Standorten in der Deutsch- und Westschweiz und legen grossen Wert auf Nachhaltigkeit. Gemeinsam schaffen wir auf unseren Arealen für Menschen und Unternehmen ganzheitliche Lebensräume der Zukunft. Wir vereinen die Stärken eines Familienunternehmens mit der finanziellen Schlagkraft einer börsenkotierten Firmengruppe. Unsere Unternehmenskultur ist geprägt von Vertrauen, Transparenz und Dialog. Wir kommunizieren auf Augenhöhe und pflegen einen respektvollen Umgang. Deine Aufgaben Strategie & Portfolio Strategische und finanzielle Steuerung des Rendite- und Entwicklungsportfolios Erarbeitung, Umsetzung und kontinuierliche Weiterentwicklung von Objekt- und Portfoliostrategien in enger Abstimmung mit der Areal- und Projektentwicklung zur nachhaltigen Optimierung der Performance Erkennen von Markt-, Chancen- und Risikotrends im Schweizer Immobilienmarkt und eigenständige Ableitung geeigneter Massnahmen Kreativer und lösungsorientierter Input bei Liegenschaftskäufen und -verkäufen Führung & Organisation Disziplinarische und fachliche Führung sowie Weiterentwicklung des gesamten Asset-Management-Teams über die ganze Schweiz Führung und Koordination interner und externer Bewirtschafter, Verwaltungsorganisationen und weiterer Dienstleister Enge Zusammenarbeit mit Bewirtschaftung, Vermarktung, Realisation, Projektentwicklung, Nachhaltigkeit, Transaktionen, Finanzen und Legal Finanzen, Controlling & Reporting Konsolidierung der Budgetierung, Forecasting, Mehrjahresplanung und Controlling der Liegenschaftserträge, Leerstände, Betriebs- sowie Instandhaltungs- und Instandsetzungskosten in Zusammenarbeit mit dem Leiter Bewirtschaftung Definition, Überwachung und Weiterentwicklung relevanter Portfoliokennzahlen Aufbau und Pflege von Management-Cockpits und Reportingtools für die Geschäftsleitung Aufbereitung von Datengrundlagen sowie Controlling der Bewertungsergebnisse externer Immobilienbewerter Investitionen & Governance Verantwortung für die Ausarbeitung, Prüfung und Präsentation von Investitionsanträgen als Entscheidungsgrundlage für die jeweiligen Investitionsausschüsse Wahrnehmung der Eigentümer- und Portfoliointeressen gegenüber Behörden, Nachbarn, Mietern, Miteigentümern und weiteren Anspruchsgruppen Vermietung & Mieterbeziehungen Definition, Steuerung und Überwachung des Leerstandsmanagements Aktives und strategisches Mieter-Relationship-Management, inkl. Verhandlungen mit Schlüssel- und Ankermietern sowie möglichen Neumietern Nachhaltigkeit Verantwortung für die Umsetzung von Nachhaltigkeits- und ESG-Themen auf Objektebene Sicherstellung der Erreichung des definierten CO?-Absenkpfads auf Portfolioebene Dein Profil Master-Studium in Betriebswirtschaft oder Ingenieurwissenschaften (FH/Uni) mit Weiterbildung im Immobilienbereich (z. B. MAS Real Estate, CUREM oder gleichwertig) Mehrjährige (mind. 5 Jahre), fundierte Berufserfahrung im Real Estate Asset Management (Gewerbe und Wohnen), zwingend in einer leitenden Funktion Ausgewiesene fachliche und disziplinarische Führungserfahrung von mind. 5 Mitarbeitenden, unterstützender und befähigender Führungsstil Ausgeprägte analytische Fähigkeiten"
6456234c07cd4f5a,Fachspezialist*in Asset Management und Asset Analytics,Energie 360° AG,,,Unrated,Switzerland,"Aargauerstrasse 182, 8010 Zürich, Aargauerstrasse 182, 8010 Zürich, CH",https://www.jobwinner.ch/job/14744748,2026-09-18T07:32,jobwinner-ch,60,Positive: investments / portfolio / asset management,asset management,Asset Management,,"Zur Verstärkung unseres Teams suchen wir eine motivierte Persönlichkeit, die mit Engagement und Fachwissen unsere Netzinfrastruktur aktiv mitgestalten möchte. Wenn du innovative Lösungen und interdisziplinäre Zusammenarbeit schätzt, bist du bei uns genau richtig. Fachspezialist*in Asset Management und Asset Analytics Dein Aufgabengebiet Du sorgst für eine hoch verfügbare, sichere und wirtschaftliche Netzinfrastruktur für Gas, Wärme und Kälte - immer unter Berücksichtigung von Markt-, Umwelt- und Regulierungsaspekten. Du analysierst Asset-, Netz- und Geodaten (GIS, Data Analytics) und erstellst daraus fundierte Entscheidungsgrundlagen für das Asset Management, die Netzentwicklung und die Asset-Strategie. Du bist verantwortlich für das operative und strategische Asset Management, die Netzentwicklung und die Zielnetzplanung. Du übernimmst die Auslegung und Optimierung der Netze im Transformationsprozess und sorgst für die Datenlieferungen im Kontext der Transformation gemeinsam mit Gemeinden und der Stadt Zürich. Du führst eine rollierende Netzplanung durch und entwickelst anhand von Szenarien Modelle für die zukünftige Entwicklung der Netzinfrastruktur. Daraus leitest du passende Handlungsstrategien ab. Du erstellst Netzberechnungen, führst netztopologische Analysen und Modellierungen von Gasnetzen durch. Du stellst das Risikomanagement für Netze und Assets sicher und priorisierst Bau- und Instandhaltungsmassnahmen im Rahmen der Lang- und Mittelfristplanung. Du erarbeitest Standards, Normen und Richtlinien und stimmst diese mit internen Fachabteilungen und externen Stakeholdern ab. Du bist Ansprechpartner für interne und externe Partner rund um Asset Management, Netzentwicklung, Netzberechnung und Netzplanung. Du sorgst für die Einhaltung gesetzlicher Anforderungen im Bereich Anlagen-, Arbeits- und Umweltschutz. Du wirkst aktiv bei der Entwicklung und Umsetzung der Netz- und Unternehmensstrategie mit. Dein Profil Du hast einen Hochschul- oder Universitätsabschluss (z.B. in Energy Science and Technology, Ingenieurwissenschaften, Data Science oder einem ähnlichen Bereich). Du bringst Erfahrung in der Energiewirtschaft, im Asset Management oder in der Netzplanung mit. Du denkst ganzheitlich und hast Freude an interdisziplinärer Zusammenarbeit. Du überzeugst durch sehr gute analytische und konzeptionelle Fähigkeiten und gehst mit Eigeninitiative an neue Aufgaben heran. Du verfügst über eine hohe Kommunikationskompetenz, Durchsetzungsvermögen und Teamgeist. Du hast gute IT-Fähigkeiten und arbeitest gerne mit modernen Tools und Daten. Unser Angebot Bei uns gestaltest du die Energiezukunft aktiv mit und übernimmst Verantwortung in einem der spannendsten Bereiche der Energiewende. Du arbeitest in einem engagierten Team, das Wert auf Offenheit, Innovation und Zusammenarbeit legt. Wir bieten dir ein inspirierendes Arbeitsumfeld mit viel Gestaltungsfreiraum, modernen Arbeitsmitteln und flexiblen Arbeitsmodellen, die zu deinem Leben passen. Neben attraktiven Anstellungsbedingungen setzen wir auf eine Unternehmenskultur, in der deine Ideen zählen und du dich persönlich und fachlich weiterentwickeln kannst. Online-Bewerbung Unser soziales Engagement Energie 360° stellt allen Mitarbeitenden einen Arbeitstag pro Jahr zur Verfügung, um sich bei einer sozialen Aktivität zu engagieren. Gemeinsam setzen wir uns für eine nachhaltige Zukunft ein."
561dc9235c23675c,Business Development Manager (m/w/d) M&A / Corporate Finance,Oaklins Switzerland AG,,,Unrated,Switzerland,"Zeughausgasse 20, 3011 Bern, Zeughausgasse 20, 3011 Bern, CH",https://www.jobwinner.ch/job/1950562192,2026-10-01T06:13,jobwinner-ch,58,"Positive: transactions / M&A, corporate finance / valuation. Check: sales / client acquisition heavy",corporate development; corporate finance; finance business partner; private equity,Investments / PE,,"Deine Aufgaben Als Teil unseres Teams unterstützt du den Ausbau unserer Marktpräsenz und trägst aktiv zur Generierung neuer Mandate und Opportunitäten bei. Du arbeitest eng mit unseren Partnern und Projektteams zusammen und entwickelst systematisch neue Geschäftsmöglichkeiten im Bereich M&A und Corporate Finance. Dein Tätigkeitsbereich umfasst u.a.: Systematische Identifikation und Generierung neuer Leads und Projektopportunitäten Entwicklung proprietärer Dealflow-Ansätze Pflege von Beziehungen zu Unternehmern, Corporates, Private Equity Investoren und weiteren Marktteilnehmern Betreuung und Weiterentwicklung von Kontakten zu Intermediaries wie Anwaltskanzleien, Steuerberatern, Treuhändern, Banken und weiteren Multiplikatoren Unterstützung der Partner bei der Akquisition neuer Mandate und der Vorbereitung von Pitches und Kundenpräsentationen Weiterentwicklung und Professionalisierung von Pitch-Prozessen, CRM-Strukturen und Business-Development-Aktivitäten Koordination und Pflege von Key Relationships sowie Organisation von Meetings, Touchpoints und Netzwerkaktivitäten für die Partner Unterstützung bei Thought Leadership Aktivitäten, Branchenanalysen, Industrieberichten, Konferenzen und Messeauftritten Mitarbeit bei und Weiterentwicklung unserer internationalen Zusammenarbeit und der Koordination grenzüberschreitender Geschäftsmöglichkeiten innerhalb der Oaklins Organisation Du übernimmst Verantwortung, arbeitest selbständig und bist direkt in den Dialog mit Unternehmern, Investoren und Entscheidungsträgern eingebunden. Der Umfang deines Verantwortungsbereichs entwickelt sich mit deinen Fähigkeiten, deiner Erfahrung und deinem Beitrag zum Geschäftserfolg. Dein Profil Abschluss in Betriebswirtschaftslehre, Finance, Economics oder vergleichbarer Ausbildung Langjährige Berufserfahrung im Bereich M&A, Corporate Finance, Private Equity, Business Development, Strategy Consulting oder einem vergleichbaren Umfeld Starkes Interesse an M&A-Transaktionen, Unternehmertum und der Entwicklung von Geschäftsbeziehungen Ausgeprägte kommunikative Fähigkeiten und Freude am Aufbau langfristiger Beziehungen, ein Gespür für Menschen und die emotionalen Aspekte von Nachfolge- und Verkaufssituationen sowie die Fähigkeit, über Jahre hinweg Vertrauen aufzubauen Unternehmerische, strukturierte und proaktive Persönlichkeit mit hoher Eigeninitiative Analytische Fähigkeiten sowie Interesse an Märkten, Unternehmen und Branchenentwicklungen Sehr gute Deutsch- (idealerweise Schweizerdeutsch-) und Englischkenntnisse in Wort und Schrift; Französischkenntnisse oder weitere Sprachen sind von Vorteil Sehr gute Anwenderkenntnisse in PowerPoint, Excel und CRM-Tools sowie eine Affinität für KI-Anwendungen. Professionelles Auftreten, Diskretion und Integrität im Umgang mit sensiblen Eigentümersituationen, hohe Zuverlässigkeit sowie selbständige und teamorientierte Arbeitsweise Was wir dir bieten Eigenständiges Denken, agile Zusammenarbeit und persönliche Leidenschaft für die Aufgabe stehen bei uns im Zentrum. Wir arbeiten an vielen spannenden Themen und bieten dir hervorragende Entwicklungsmöglichkeiten in einem dynamischen und internationalen Umfeld. Unsere Teamgrösse ermöglicht flache Hierarchien, abwechslungsreiche Aufgaben und die Übernahme von Verantwortung mit direkter Sichtbarkeit im Markt. Du profitierst von der Kombination aus lokalem Unternehmertum und den Vorzügen einer global führenden M&A-Organisation mit internationalen Kontakten rund um den Globus. Wir erwarten vo"
2daefe521d6dad1f,Senior Consultant- Financial Accounting Advisory Services - Transaction Accounting and IPO Services,EY (Ernst & Young AG),,,Unrated,Switzerland,"Maagplatz 1, 8005 Zurich, Maagplatz 1, 8005 Zurich, CH",https://www.jobwinner.ch/job/1546445201,2026-10-03T05:17,jobwinner-ch,56,"Positive: transactions / M&A, plausible level; verify responsibilities. Check: accounting / audit-heavy",transaction services,Treasury / Markets,,"At EY, we're all in to shape your future with confidence. We'll help you succeed in a globally connected powerhouse of diverse teams and take your career wherever you want it to go. Join EY and help to build a better working world. Senior Consultant- Financial Accounting Advisory Services - Transaction Accounting and IPO Services Die Welt verändert sich stärker und schneller denn je. Unser globales Versprechen: ""Building a better working world"" leitet dabei unsere mehr als 300'000 Mitarbeiter und Mitarbeiterinnen rund um den Globus und bietet die Basis für die Arbeit die wir jeden Tag leisten. Mit unseren innovativen Dienstleistungen in der Wirtschaftsprüfung, Steuerberatung, Transaktions- und Managementberatung führen wir unsere Mandanten in die Zukunft. Unser Financial Accounting Advisory Services Team erbringt Beratungsdienstleistungen in der gesamten Breite der Finanzfunktion. Für die weitere Verstärkung unseres Transaction Accounting and IPO Services Team in Zürich, suchen wir eine erfahrene, teamorientierte, motivierte und engagierte Persönlichkeit als Senior Consultant (80-100%). Das erwartet dich bei uns — Erfahrungen, von denen Du ein Leben lang profitierst Du unterstützt und beratest unsere internationalen und nationalen Kunden aus Industrie, Handel und dem Dienstleistungssektor in Rechnungslegungsfragen (OR, Swiss GAAP FER, IFRS und US GAAP) Du unterstützt und beratest unsere Kunden im Rahmen von komplexen Transaktionen bei Akquisitionen, Verkäufen und dem Gang an den Kapitalmarkt. Du hilfst bei der Abbildung von Akquisitionen und der Erstellung von Pro-Forma und Carve-out Berichterstattungen. Du unterstützt und beratest unsere Kunden in Rechnungslegungsänderungen und -umstellungen (GAAP Conversions) sowie bei der Erstellung von konsolidierten Jahresrechnungen. Du wirst durch Learning-on-the-Job gefördert und gefordert. Dabei vertiefest Du von Mandat zu Mandat dein Wissen und dein Netzwerk. EY fördert dich bei deiner Weiterbildung ebenso wie bei deiner Karriereplanung. Das bringst Du mit — Fähigkeiten, mit denen u die Zukunft gestaltest Bachelor- oder Masterabschluss in Wirtschaftswissenschaften setzen wir voraus. Mindestens zwei bis drei Jahre Erfahrung in der Revision oder Finanzbuchhaltung/Controlling. Gute Kenntnisse betreffend Rechnungslegung nach IFRS, Swiss GAAP FER und dem Schweizer Obligationenrecht. Fliessen in Deutsch und Englisch sind Voraussetzung. Interesse für kontinuierliche Weiterbildung in Rechnungslegung und/oder Corporate Finance. Erfolgsgaranten, die dich bei uns weiterbringen: Teamfähigkeit, Zielstrebigkeit, Einsatzbereitschaft und schnelle Auffassungsgabe. Freude in einem jungen, dynamischen Team zu arbeiten und einer neuen beruflichen Herausforderung Hochfliegende Pläne? Halte an ihnen fest und verwirkliche Deine Ziele mit uns! Gestalte Deine Karriere bei EY: in einer Kultur, die Vielfalt und Weiterbildung fördert in einem Umfeld, das Dir durch Wissensaustausch, Flexibilität und Anerkennung ständig neue Türen öffnet an einem modernen Arbeitsort welcher die nötige Flexibilität bietet in einer offenen und gemeinschaftlichen Arbeitskultur basierend auf Ehrlichkeit, Integrität und gegenseitigem Respekt Während Deiner Anstellung bie EY kannst Du einen anerkannten, firmeneigenen MBA (EY Tech MBA) in Kooperation mit der Hult International Business School erwerben - kostenlos. * Was ist für dich drin Hier bei EY hast du die Chance, eine wirklich außergewöhnliche Erfahrung zu machen. Wir statten dich mit der ne"
fe6a2a8afaa332df,Financial Reporting Specialist 80–100% (gn),SPS Switzerland AG,,,Unrated,Switzerland,"Mattenstrasse 6, 3073 Gümligen, Mattenstrasse 6, 3073 Gümligen, CH",https://www.jobwinner.ch/job/1744580312,2026-09-17T15:15,jobwinner-ch,55,Positive: plausible level; verify responsibilities,treasury specialist,Treasury / Markets,,"WIR VERBINDEN DIE PHYSISCHE UND DIE DIGITALE WELT SPS ist ein führender Outsourcing-Anbieter für Business Process Services, innovativer Dienstleistungen im intelligenten Datenmanagement sowie für die hybride Arbeitswelt. Schweizer Qualität, kombiniert mit globaler Präsenz, tiefer Branchenkenntnis und neusten Technologien, machen SPS zu einem verlässlichen Partner für die Transformation von Unternehmen. Mit ganzheitlichen End-to-End-Lösungen unterstützt SPS Unternehmen dabei, ihre Geschäftsprozesse effizienter, agiler und zukunftsorientiert zu gestalten. Über 8.500 Mitarbeitende und spezialisierte Partner betreuen Kunden in mehr als 20 Ländern – mit einem Schwerpunkt auf den Branchen Banken, Versicherungen und Gesundheit. DEINE AUFGABEN Werde Teil unseres Group Finance Teams und übernimm eine wichtige Rolle bei der Sicherstellung einer transparenten und qualitativ hochwertigen Finanzberichterstattung innerhalb der SPS-Gruppe. In enger Zusammenarbeit mit dem Head of Global Financial Reporting wirkst du an der IFRS-Konzernberichterstattung, Konsolidierung sowie an Finance-Transformation-Initiativen mit. Darüber hinaus erhältst du wertvolle Einblicke in die Bereiche Treasury, Steuern, Risikomanagement und M&A und trägst durch Automatisierung sowie kontinuierliche Verbesserungen aktiv zur Weiterentwicklung unserer Finanzorganisation bei. Wenn du gerne in einem internationalen Umfeld arbeitest, Verantwortung übernimmst, eigene Ideen einbringst und deine fachliche Expertise weiterentwickeln möchtest, freuen wir uns darauf, dich kennenzulernen. Deine Hauptaufgaben: Unterstützung des monatlichen, quartalsweisen und jährlichen Konzernabschluss- und Konsolidierungsprozesses nach IFRS Erstellung, Prüfung und Analyse der konsolidierten Jahresabschlüsse sowie des Group Reportings Durchführung von Finanzanalysen und Qualitätsprüfungen zur Sicherstellung einer korrekten und verlässlichen Berichterstattung Mitarbeit beim Group Internal Control System (ICS) und Beitrag zur Einhaltung hoher Governance-Standards Vorantreiben der Automatisierung, Standardisierung und kontinuierlichen Optimierung von Reporting- und Abschlussprozessen Unterstützung bei externen Prüfungen sowie Vorbereitung der erforderlichen Dokumentationen für Auditoren Fachliche Unterstützung der internationalen Business Units und Corporate Functions in Bilanzierungsfragen Mitarbeit an Finance-Transformation-Projekten, IFRS-Implementierungen sowie weiteren strategischen Projekten im Group Finance Bereich Enge Zusammenarbeit mit Senior Finance Stakeholdern innerhalb der internationalen SPS-Organisation DEIN PROFIL Abgeschlossenes Studium in Accounting, Finance oder einem vergleichbaren Fachgebiet Mindestens drei Jahre Berufserfahrung im Group Accounting, Financial Reporting oder in der externen Wirtschaftsprüfung; Erfahrung bei einer Big Four Gesellschaft ist von Vorteil Fundierte Kenntnisse der internationalen Rechnungslegungsstandards (IFRS) Erfahrung mit Konsolidierungs- und Reporting-Tools wie Lucanet sowie SAP R/3 oder SAP S/4HANA ist ein Plus Analytische Denkweise sowie eine hohe Detailgenauigkeit Sehr gute Kenntnisse in MS Excel und eine hohe Affinität zu digitalen Finanzsystemen Ausgeprägte Kommunikationsfähigkeiten sowie Erfahrung im Stakeholder-Management in einem internationalen Umfeld Eine berufliche Zusatzqualifikation wie CPA, ACCA, ACA oder eine vergleichbare Zertifizierung ist von Vorteil Sehr gute Deutsch- und Englischkenntnisse in Wort und Schrift Ein einwandfreier Strafreg"
edb1894eaa807c7c,Senior Specialist Risk Management Quantitative Research (m/f/d),BASF Intertrade AG,,,Unrated,Switzerland,"Grafenauweg 8, 6300 Zug, Grafenauweg 8, 6300 Zug, CH",https://www.jobwinner.ch/job/1289122168,2026-10-02T14:09,jobwinner-ch,55,Positive: plausible level; verify responsibilities,commodity risk; hedging; market risk,Treasury / Markets,,"Are you passionate about quantitative analysis, commodity markets and sophisticated risk management strategies? Do you enjoy translating complex market data into actionable insights and contributing to effective hedging decisions? In this role, you will contribute to the design, implementation and monitoring of hedging, trading and position management strategies and work closely with relevant internal and external stakeholders. Your responsibilities Provide quantitative and analytical support for BASF Group hedging programs and risk management strategies. Validate analytical models and hedging frameworks, including backtesting and stress testing. Lead and contribute to projects related to quantitative price risk management, commodity markets and hedging. Collaborate with relevant internal and external stakeholders. Your profile Degree in Mathematics or a related quantitative field. Extensive professional experience in quantitative research and risk management. Strong expertise in quantitative modelling, hedging strategies and price risk management. Excellent analytical skills and a structured, solution-oriented approach. Strong communication and stakeholder management skills. What we offer A dynamic, international working environment with short decision-making processes Attractive compensation and comprehensive social benefits Opportunities for professional and personal development A modern workplace with digitalized processes and flexible working models If you are passionate, professional, and eager to learn and grow in a vibrant and enjoyable setting, we encourage you to apply for this exciting opportunity. Apply today and become part of the BASF Intertrade AG team."
a5a644cdd1596ad7,Credit Analyst for CB & PB credit exposures - Loan Administrator (m/f/d),"oprandi & partner ag, zürich",,,Unrated,Switzerland,"Zürich, CH",https://www.jobwinner.ch/job/14774195,2026-10-09T11:03,jobwinner-ch,55,Positive: plausible level; verify responsibilities,credit analyst; market risk,Corporate Finance / M&A,,"Exclusive Mandate-Leverage your strong analytical & operational & administrative credit skills. Introduction Our principal is the flagship of a global financial group that has its roots in Switzerland. It is providing tailor-made banking services across different business lines such as Wealth Management, Commercial Banking & Trade Finance. The thereof resulting credit exposures are managed globally within the Zurich based Credit Department. We are mandated on an exclusive basis to screen the market for a younger, talented Credit Analyst for CB & PB credit exposures - Loan Administrator (m/f/d) Your responsibilities In this challenging role, you are responsible for evaluating lending proposals to ensure sound credit decisions. This second line of defence requires in-depth credit & financial analysis for deals sourced by all business lines, preparing recommendations for the Credit Committee approval, and supporting the lending initiatives in line with internal policies and regulatory standards. You must form your independent credit worthiness opinion and defend your decision to the different stakeholders. Besides your risk assessment responsibilities, you are also managing related loan administration & control tasks. Your identity We are seeking a younger, ambitious credit risk professional capable of assessing credit risk exposure across the different businesses and geographies. You have a strong educational background (Bachelor, Master, CFA etc.) and five to seven years of practical working experience within the Risk Department of an international bank. You have a strong skill set in assessing the diverse types of credit risks both in Corporate Banking & Private Banking. This ranges from cash flow to asset-based lending, which includes standard Lombard Credits & international Real Estate Financing in financial hot spots such as London or Dubai. You have thus ideally worked both in credit risk management of Commercial & Private Banking but are also deeply familiar with standard loan administration & control processes. Your prospects You are eager to join the Swiss Head Office of a large international group in the credit field? You would like to assume broad responsibilities across the entire credit risk spectrum, with a special focus on Private Banking related collateralized credit transactions? Do you seek the blend of Swiss and international banking, working in a truly international business environment? You would like to become recognized as a key decision maker for all credit related matters? Are you ready to make the next move in your career? If you can identify yourself with the requirements of this challenging position, we kindly ask you to send us your application and CV indicating the reference 3144036. For further information please contact Jürg Knecht. Contact oprandi & partner ag, executive search, Steinstrasse 21, CH-8003 Zürich Phone +41 79 435 89 03, knecht@oprandi.ch , www.oprandi.ch oprandi & partner is an international group with numerous branches in Europe and the UAE / Dubai Apply"
3fcfc52276309ce9,Senior FIX Engineer Specialist,Finders SA,,,Unrated,Switzerland,"Zürich, 8001 Zürich, Zürich, 8001 Zürich, CH",https://www.jobwinner.ch/job/14771646,2026-10-07T16:32,jobwinner-ch,55,Positive: plausible level; verify responsibilities,FX risk; derivatives,Treasury / Markets,,"Company Description: Location: Zurich, Switzerland Workload: 100% Our client, a leading Swiss private bank, is looking for an experienced (Senior) FIX Engineer Specialist to join its Front Office Technology team. This is an exciting opportunity to work on mission-critical trading systems, FIX connectivity, and electronic trading solutions in an international banking environment. Job Description: Customize, implement and maintain FIX interfaces for electronic trading platforms. Configure and enhance order routing, market connectivity and trading workflows across Front Arena AMS, Avaloq and related systems. Analyse business requirements and translate them into robust technical solutions. Implement, configure and test new functionalities across trading platforms. Support business users and troubleshoot production issues. Define and optimize IT processes and workflows for execution and settlement. Produce and maintain technical documentation. Collaborate with internal stakeholders, vendors and project teams to deliver strategic initiatives. Your Profile : EU Passport or a Swiss Visa. University degree in Computer Science, Information Technology or a related discipline. At least 5 years of hands-on experience working with FIX Protocol in a banking or electronic trading environment. Strong understanding of electronic trading across Equities, Fixed Income, FX and Derivatives. Experience with FIX Protocol, TLS, encryption, TCP/IP networking and Windows environments. Knowledge of Front Arena AMS, FIS Cross-Asset Trading & Risk Suite and/or Avaloq is highly desirable. Python scripting experience is considered an advantage. Strong analytical and problem-solving skills with the ability to work independently. Excellent communication and stakeholder management skills. Fluent English is essential. German is an advantage. What's on Offer Join one of Switzerland's leading private banks with a strong international presence. Work on business-critical trading technology within a highly skilled engineering team. Exposure to complex trading platforms and cutting-edge financial technology. Collaborative and international working environment. Long-term career development and continuous learning opportunities. If you are passionate about electronic trading technology and FIX connectivity and are looking for your next challenge within a prestigious financial institution, we would be delighted to hear from you. #LI-RR1"
b8bae8f8efda7fd1,Finanial Analyst - Category Profitability 80% (m/f/d),Coca-Cola HBC Schweiz AG,,,Unrated,Switzerland,"Thurgauerstrasse 134, 8152 Glattpark (Opfikon), Thurgauerstrasse 134, 8152 Glattpark (Opfikon), CH",https://www.jobwinner.ch/job/1397188335,2026-09-17T08:46,jobwinner-ch,55,Positive: plausible level; verify responsibilities,FP&A; finance business partner; investment analyst; investment analyst english,Investments / PE,,"At Coca‑Cola HBC, finance plays a critical role across the entire value chain — from brand and customer profitability to production, logistics and supply chain efficiency. Our Finance team is looking for a talented, versatile Financial Analyst who is eager to grow their careers in Commercial Finance. This opportunity is well suited for professionals with 1-2 years of experience in Controlling or FP&A in multinational environments, looking to move closer to business decision‑making. YOUR NEW KEY RESPONSIBILITIES: Be the Finance Business Partner to Marketing, providing financial expertise to support investment decisions. You support the DME budget implementation and implement effective cost controlling procedures Be the SPOC for The Coca Cola Company and other Brand owners: You interact on marketing investment plans between CCH & brand owners and lead the settlement of such plans Financial ownership for the business units Direct Marketing Expenses (DME): Closely collaborating with relevant business partners, you manage the month end close process, cost settlements Own the Fiscal year Marketing budget plan and rolling forecast processes, ensuring robust assumptions, timely submissions, and alignment with overall financial targets Drive DME governance and continuous improvement, strengthening processes, controls, reporting, and ways of working to improve transparency, accountability, and decision-making. In this capacity you will lead the local roll out and adoption of group wide DME tools Establish and monitor DME ROI and effectiveness, developing financial analyses and performance insights to assess the return on marketing investments and support data-driven investment decisions Ensure accurate allocation and reporting of DME at brand and customer level, providing transparency on spend, profitability impact, variances, and key business drivers ARE THESE YOUR SECRET INGREDIENTS? University or FH degree in Finance, Accounting, Business Administration or Economics 1-2 years of relevant experience in Finance, Controlling, FP&A, or Finance Business Partnering ideally within FMCG, Consumer Goods, or another marketing-driven environment, is a plus Analytical and entrepreneurial way of thinking and acting Enjoyment in dealing with internal and external customers/partners Quick comprehension as well as precise and independent way of working Dedicated, resilient and ambitious personality with excellent planning and organizational skills Ability to adapt quickly to changing environments Very good written and spoken English, German is a plus Very good knowledge of MS Office products (especially Excel), SAP knowledge is an advantage Apply today and send us your complete application documents including letter of motivation, job references, etc. in a single PDF file. We do not consider applications coming in via e-mail. At Coca-Cola HBC, we are an inclusive employer that thrives on diversity. This means our environment provides equal opportunities for all, regardless of race, color, religion, age, disability, sexual orientation, or gender identity. Join us in nurturing a culture where everyone belongs and contributes to our collective success."
0b50e030c36fd9d3,Senior Credit Risk Specialist,Vallum,,,Unrated,United Kingdom,"London, England, United Kingdom","https://www.jobserve.com/gb/en/search-jobs-in-London,-London,-United-Kingdom/SENIOR-CREDIT-RISK-SPECIALIST-AB9D9E18278BF62F80/?utm_source=50&utm_medium=job&utm_content=1&utm_campaign=JobSearchLanding",2026-10-09T11:34+00:00,jobserve-uk,55,Positive: plausible level; verify responsibilities,catalog,Corporate Finance / M&A,,"Job Title: Senior Credit Risk Specialist/Credit Risk Review Consultant Location: Moorgate, London (50% hybrid) Security Clearance: SC clearance required End Client: Confidential - Central Banking/Financial Regulatory Sector Role Overview We are seeking an experienced Senior Credit Risk Specialist to support a major organisation within the UK financial regulatory sector. The successful candidate will lead independent reviews of credit risk management frameworks and credit asset quality across UK retail and SME banking institutions. This position requires extensive experience in credit risk management, portfolio analysis, regulatory assessment and the evaluation of credit risk models. Essential Skills and Experience Extensive experience in UK Retail Banking and/or SME Banking credit risk. Strong background in Credit Asset Quality Reviews and Credit Risk Management Framework Reviews. Credit portfolio risk management experience gained within a bank, financial regulator or similar institution. Good understanding of IFRS 9, IRB models, credit stress testing and credit risk forecasting. Experience assessing credit provisioning methodologies and loan portfolio quality. Strong knowledge of credit risk governance, risk appetite, Three Lines of Defence and regulatory frameworks. Excellent quantitative and qualitative analytical capabilities. Strong stakeholder management, reporting and communication skills. Ability to lead independent reviews and communicate findings to senior stakeholders. SC security clearance required."
d3ccb6ec0263f00e,Finance Manager,NES Fircroft Engineering Services,,,Unrated,United Kingdom,"Knutsford, Cheshire, United Kingdom","https://www.jobserve.com/gb/en/search-jobs-in-Knutsford,-Cheshire,-United-Kingdom/FINANCE-MANAGER-4B800D887B1C69D7B2/?utm_source=50&utm_medium=job&utm_content=1&utm_campaign=JobSearchLanding",2026-10-09T10:03+00:00,jobserve-uk,50,Exploration: no strong signal yet,catalog,Treasury / Markets,,"Finance Manager - Permanent - Knutsford Hybrid working, 3 days on site Must be able to drive Part-time 20 hours per week Required:- Proven experience in a Finance Manager, Management Accountant, Company Accountant, or senior finance role within an SME environment. Strong working knowledge of QuickBooks and Microsoft Excel. Experience managing payroll, VAT, cash flow, credit control, and management accounts. Experience preparing budgets, forecasts, and business plans. Strong commercial awareness and an ability to support business decision-making. Experience analysing profitability, margins, and financial performance. Excellent analytical, organisational, and problem-solving skills Finance Manager Opportunity This is an excellent opportunity for an experienced finance professional to lead the day-to-day finance operations of a growing technology company. The successful candidate will be responsible for financial reporting, cash management, budgeting, payroll, financial planning, and business support, whilst acting as the primary liaison with the company's external accountants. In addition, the role will provide commercial financial insight to support product pricing, profitability analysis, and strategic business decisions. Financial Management & Accounting Management Reporting Budgeting, Forecasting & Financial Planning Commercial Finance & Pricing Analysis Business Support Qualifications . AAT Qualified . Part-Qualified ACCA, CIMA, or ACA . Qualified by Experience (QBE) . Fully Qualified ACCA, CIMA, or ACA Practical experience, commercial acumen, and the ability to successfully manage a finance function are considered more important than holding a specific qualification. With over 90 years' combined experience, NES Fircroft (NES) is proud to be the world's leading engineering staffing provider spanning the Oil & Gas, Power & Renewables, Chemicals, Construction & Infrastructure, Life Sciences, Mining and Manufacturing sectors worldwide. With more than 80 offices in 45 countries, we are able to provide our clients with the engineering and technical expertise they need, wherever and whenever it is needed. We offer contractors far more than a traditional recruitment service, supporting with everything from securing visas and work permits, to providing market-leading benefits packages and accommodation, ensuring they are safely and compliantly able to support our clients."
d771f85098fc2b57,AI Labs Software Engineer Python Developer Finance London,Joseph Harry Ltd,,,Unrated,United Kingdom,"London, England, United Kingdom","https://www.jobserve.com/gb/en/search-jobs-in-London,-London,-United-Kingdom/AI-LABS-SOFTWARE-ENGINEER-PYTHON-DEVELOPER-FINANCE-LONDON-65A138C011DFB85259/?utm_source=50&utm_medium=job&utm_content=1&utm_campaign=JobSearchLanding",2026-10-09T12:42+00:00,jobserve-uk,39,Check: pure IT / data engineering,catalog,Other finance,,"AI Labs Software Engineer (Programmer Software Engineer Developer Python Amazon Web Services AWS Strands Agents AI LangChain LangGraph CrewAI Google AutoGen Pydantic AI PydanticAI Bedrock AgentCore ADK Azure GCP Cloud Asset Manager Buy Side Investment Management Fund Hedge Fund Finance Financial Services Banking Front Office Trading Asset Manager) required by our client in finance in London. You MUST have the following: Strong experience as a Python Software Engineer/Programmer/Developer Advanced Python Experience for the delivery of projects from beginning to end- inception to production Excellent interpersonal skills Good design and architecture ability Creating Agentic AI solutions, collaborating with business stakeholders to understand their needs The following is DESIRABLE, not essential: Experience taking Agentic AI solutions into production AWS AWS Strands Agents, LLM, Pydantic AI, Bedrock, AgentCore, ADK, CrewAI, AutoGen LangChain and LangGraph Finance Role: AI Labs Software Engineer (Programmer Software Engineer Developer Python Amazon Web Services AWS Strands Agents AI LangChain LangGraph CrewAI Google AutoGen PydanticAI LLM Pydantic AI Bedrock AgentCore ADK Azure GCP Cloud Asset Manager Buy Side Investment Management Fund Hedge Fund Finance Financial Services Banking Front Office Trading Asset Manager) required by our client in finance in London. You will one of two senior engineers, working with a manager and a technical lead in the AI labs team for the company's UK office. The company has an existing list of UK requirements from its investment, sales and marketing departments that need to be fulfilled with Agentic AI solutions. In the next 6 months, the team is expected to grow out further with another lead and two more seniors, distributing the departments between the teams. You will have experience in building Agentic AI solutions and ideally, taken them to production. In the role, you will be working with AWS, AWS Strands Agents, LangChain and LangGraph, although you do not need experience of these particular tools. Nor do you need experience in finance. The timeframes for delivering these solutions in the role will be about 3 months at a time. Once in production, the solutions will be transferred to the departmental tech teams. As many of the company's clients are going through their own AI journeys, from time to time, you will also showcase the team's solutions to clients. This may also lead to some partnerships with clients to build solutions. Your background will be as a Python Developer. The interview process will include a Python pair-programming round and an architectural interview. Hybrid working is 3 days/week in the office. Hours are 9am-5pm. Salary: £110k - £140k + 20% Bonus + 10% Pension"
560a3ea9606c81c4,Lead AI Labs Software Engineer Python Developer Finance London,Joseph Harry Ltd,,,Unrated,United Kingdom,"London, England, United Kingdom","https://www.jobserve.com/gb/en/search-jobs-in-London,-London,-United-Kingdom/LEAD-AI-LABS-SOFTWARE-ENGINEER-PYTHON-DEVELOPER-FINANCE-LONDON-6641203D12CDF823D8/?utm_source=50&utm_medium=job&utm_content=1&utm_campaign=JobSearchLanding",2026-10-09T12:42+00:00,jobserve-uk,39,Check: pure IT / data engineering,catalog,Other finance,,"Lead AI Labs Software Engineer (Programmer Software Engineer Developer Python Amazon Web Services AWS Strands Agents AI LangChain LangGraph CrewAI Google AutoGen Pydantic AI PydanticAI Bedrock AgentCore ADK Azure GCP Cloud Asset Manager Buy Side Investment Management Fund Hedge Fund Finance Financial Services Banking Front Office Trading Asset Manager) required by our client in finance in London. You MUST have the following: Advanced experience as a Python Software Engineer/Programmer/Developer Leadership experience for the delivery of projects from beginning to end- inception to production Excellent interpersonal skills Advanced design and architecture ability Creating Agentic AI solutions, collaborating with business stakeholders to understand their needs The following is DESIRABLE, not essential: Experience taking Agentic AI solutions into production AWS AWS Strands Agents, LLM, Pydantic AI, Bedrock, AgentCore, ADK, CrewAI, AutoGen LangChain and LangGraph Finance Role: Lead AI Labs Software Engineer (Programmer Software Engineer Developer Python Amazon Web Services AWS Strands Agents AI LangChain LangGraph CrewAI Google AutoGen Pydantic AI Bedrock AgentCore ADK Azure GCP Cloud Asset Manager Buy Side Investment Management Fund Hedge Fund Finance Financial Services Banking Front Office Trading Asset Manager) required by our client in finance in London. You will be a lead engineer, working with a manager and two seniors to run the AI labs for the company's UK office. The company has an existing list of UK requirements from its investment, sales and marketing departments that need to be fulfilled with Agentic AI solutions. In the next 6 months, the team is expected to grow out further with another lead and two more seniors, distributing the departments between the teams. You will have experience in building Agentic AI solutions and taking them to production. In the role, you will be working with AWS, AWS Strands Agents, LangChain and LangGraph, although you do not need experience of these particular tools. Nor do you need experience in finance. The timeframes for delivering these solutions in the role will be about 3 months at a time. Once in production, the solutions will be transferred to the departmental tech teams. As many of the company's clients are going through their own AI journeys, from time to time, you will also showcase the team's solutions to clients. This may also lead to some partnerships with clients to build solutions. Your background will be as a Python Developer. The interview process will include a Python pair-programming round and an architectural interview. Hybrid working is 3 days/week in the office. Hours are 9am-5pm. Salary: £150k - £180k + 25% Bonus + 10% Pension"
9a6af1303bfd3c24,Oracle Financials Developer,Gravitas Recruitment Group Ltd,,,Unrated,United Kingdom,"London, England, United Kingdom","https://www.jobserve.com/gb/en/search-jobs-in-City-of-London,-London,-United-Kingdom/ORACLE-FINANCIALS-DEVELOPER-7643B12E6609654983/?utm_source=50&utm_medium=job&utm_content=1&utm_campaign=JobSearchLanding",2026-10-09T09:40+00:00,jobserve-uk,39,Check: pure IT / data engineering,catalog,Other finance,,"Oracle Financials Developer Location: City of London (3 days onsite) Contract Length: 12-month initial contract Day Rate/Pay: £700-£800/DAY INSIDE IR35 IR35 Status: Inside IR35 Start Date: ASAP The Oracle Technical Financials Developer role supports a leading financial services organisation's Oracle EBS environment, with an emphasis on supporting and contributing to cloud migration projects. This position involves hands-on development within Oracle Financials modules, including AP, AR, GL, FA, PO, iProc, and iExp, and requires strong stakeholder management skills. The contract offers the opportunity to work on strategic Oracle Cloud Infrastructure (OCI) transformation initiatives alongside BAU support within a hybrid working environment. The successful candidate will be expected to provide production support and enhancements, ensuring seamless integration and migration efforts. Key Skills & Experience Oracle EBS Development (R12.2.x) Oracle Financials (AP, AR, GL, FA, PO, iProc, iExp) Oracle Cloud Infrastructure (OCI) Production Support & Enhancements Oracle Migration & Integration Projects Strong Stakeholder Management Financial Services or Investment Banking experience IS NOT ESSENTIAL. Role Overview This role involves delivering support and development enhancements for Oracle Financials within a large Oracle EBS environment. The developer will engage in a major cloud migration project, working closely with stakeholders to ensure delivery success. The position requires hybrid working arrangements in London and involves a mix of BAU support and strategic project involvement. Manage and support Oracle Financials modules across the environment, MODULES INCLUDE (AP, AR, GL, FA, PO, iProc, iExp) Contribute to Oracles Cloud Infrastructure (OCI) cloud migration and integration activities. Collaborate with stakeholders to gather requirements and deliver solutions. Support the existing Oracle EBS environment in a production setting. If you have the required skills and availability, please apply with an updated CV."
db2dbe7740f8ef56,Treasury Specialist,Nordic Investin Group Aktiebolag,,,Unrated,Sweden,"Stockholm, Stockholms län, Sverige",https://arbetsformedlingen.se/platsbanken/annonser/31484110,2026-09-16T12:44:32,platsbanken-se,67,"Positive: treasury / FP&A, plausible level; verify responsibilities",cash management; corporate treasury; funding; hedging; liquidity risk; treasury; treasury analyst; treasury english; treasury specialist,Treasury / Markets,,"Nordic Investin is recruiting a Treasury Specialist on behalf of one of our partner companies. You understand how daily liquidity decisions connect with funding, risk and the confidence that the wider business places in finance. The partner is strengthening cash management and treasury operations across several entities. You will improve liquidity visibility, banking processes and financial risk control while supporting funding, forecasting and treasury system development. The finance environment values accuracy, traceability and practical improvement. Work should withstand review, make ownership clear and reduce the recurring manual effort or uncertainty that weakens later reporting and decisions. How you will work You will collaborate across entity finance, shared services and business teams while owning defined parts of the financial cycle. The partner expects issues to be investigated to root cause, conclusions to be documented and improvements to remain workable at the next close. As a specialist, you will own a defined professional area and be trusted to move work forward independently. You are expected to recognise when a question requires wider expertise, explain recommendations clearly and improve the methods or tools used by colleagues around you. What you will do Manage daily liquidity and short term cash positioning. Coordinate cash forecasting with business and finance teams. Administer banking structures, mandates and payment controls. Support foreign exchange and interest risk management. Prepare treasury reporting and covenant information. Improve treasury systems, policies and process documentation. What you will bring Experience in corporate treasury, banking or financial operations. Strong cash flow and financial instrument understanding. Advanced analytical and spreadsheet capability. High control awareness and attention to detail. Confidence coordinating banks and internal stakeholders. Professional English and clear documentation skills. Experience that would add value Treasury management systems. International cash pools and intercompany funding. ISDA, hedging or debt capital exposure. A background that can succeed here You may come from a corporate treasury team, transaction banking, audit or finance operations with substantial liquidity responsibility. The partner values accuracy, but also curiosity about why forecasts move and how financial risk can be managed more intelligently. What makes the opportunity interesting You will have direct visibility into the organisation’s financial pulse. The role offers broad treasury exposure, meaningful improvement work and a platform for deeper responsibility in funding and financial risk. The exact partner, employment model, compensation, start date and working arrangement will be explained openly during the process. Nordic Investin will make sure you understand the context, expectations and decision path before you are asked to commit significant time. The recruitment conversation During the process, Nordic Investin will focus on concrete decisions you have made: the context you received, the alternatives you considered, the result you observed and what you would change today. You do not need every optional credential if your core experience transfers and you can explain how you would close the gap. How to apply Apply with your CV or LinkedIn profile and a short note describing the most relevant organisation, service, project or financial process you have helped improve."
9d71137f16abfa48,Treasury Analyst,Stegra AB,,,Unrated,Sweden,"Stockholm, Stockholms län, Sverige",https://arbetsformedlingen.se/platsbanken/annonser/31073577,2026-05-22T15:59:33,platsbanken-se,67,"Positive: treasury / FP&A, plausible level; verify responsibilities",corporate treasury; treasury; treasury analyst; treasury english; treasury specialist,Treasury / Markets,,"Studies show that women and underrepresented groups often hesitate to apply unless they meet every requirement. At Stegra, we’re building an impact-driven, sustainable company - and we need a diverse, inclusive team to make it happen. If you share our passion but don’t meet every qualification, we encourage you to apply anyway. You might be the perfect fit for this role, or another as we grow. At Stegra, we’re not just building a plant, we’re proving that sustainable industry is possible. And to do that, we need people like you. Join a team where safety comes first. Where we support each other, learn as we go, and make space for everyone to grow and contribute. This is your chance to be part of something big - while being closer to nature and leading a balanced, purposeful life. Treasury AnalystWhat you’ll do Right now, we are looking for a Treasury Analyst for our Treasury team. In this role you will report to our Head of Treasury and sit within our Finance function. The team is responsible for managing liquidity, financial risks, treasury reporting, and supporting the development of treasury operations as Stegra continues to grow. Specific to this role, the day-to-day tasks will include the following but as we are a growing company with very little silos between teams, other tasks might be included as well. Support daily treasury operations, including cash positioning, payment monitoring, and internal funding activities to ensure accurate liquidity management. Prepare cash forecasts and liquidity reports to support short- and medium-term planning. Supervise market data feeds and ensure correct market valuations of financial instruments. Support the development and maintenance of treasury reports, including risk reports and treasury dashboards. Contribute to treasury projects such as process improvements, system enhancements, and documentation updates. Act as a superuser for the Treasury Management System and support continuous system optimization. Analyze banking structures and support initiatives to improve treasury efficiency and effectiveness. Collaborate with treasury, energy trading, and other finance teams to support treasury-related activities and information sharing. What you’ll bring You’re curious and believe that real progress happens when we work together. You’re not afraid to challenge old ways of thinking - and you treat others with respect while doing it. At Stegra, we value people who take initiative, build trust, and help create a workplace where everyone can do their best. Specific to this role, we would like to see that you can tick off a fair amount of the boxes below Bachelor’s degree in Finance, Economics, Business Administration, or a related field. 2–5 years of experience within treasury, finance, or a related field. Understanding of treasury processes and financial instruments. Experience working with treasury systems, trading platforms, or similar tools. Strong Excel skills and experience working with financial data analysis. Strong analytical, organizational, and problem-solving skills. Ability to collaborate effectively across teams and functions. Understanding of risk models, energy markets, Power BI, or working with large datasets is considered an advantage. Benefits at Stegra At Stegra, you’ll join a company where your work has real impact on the climate, the industry, and future generations. We’re building a culture rooted in safety, trust, and inclusion, where people feel supported to grow and thrive. "
2cc64a6c24f26a8f,Treasury Front Office Specialist,Stegra AB,,,Unrated,Sweden,"Stockholm, Stockholms län, Sverige",https://arbetsformedlingen.se/platsbanken/annonser/31073556,2026-05-22T15:57:51,platsbanken-se,67,"Positive: treasury / FP&A, plausible level; verify responsibilities",cash management; corporate treasury; hedging; treasury; treasury analyst; treasury english; treasury specialist,Treasury / Markets,,"Studies show that women and underrepresented groups often hesitate to apply unless they meet every requirement. At Stegra, we’re building an impact-driven, sustainable company - and we need a diverse, inclusive team to make it happen. If you share our passion but don’t meet every qualification, we encourage you to apply anyway. You might be the perfect fit for this role, or another as we grow. At Stegra, we’re not just building a plant, we’re proving that sustainable industry is possible. And to do that, we need people like you. Join a team where safety comes first. Where we support each other, learn as we go, and make space for everyone to grow and contribute. This is your chance to be part of something big - while being closer to nature and leading a balanced, purposeful life. Treasury Front Office SpecialistWhat you’ll do Right now, we are looking for a Treasury Front Office Specialist for our Treasury team. In this role you will report to our Head of Treasury and sit within our Finance function. The team is responsible for managing liquidity, financial risks, funding activities, and treasury operations while supporting Stegra’s continued growth and operational readiness. Specific to this role, the day-to-day tasks will include the following but as we are a growing company with very little silos between teams, other tasks might be included as well. Execute daily liquidity management activities, including cash positioning across entities and currencies to ensure optimal use of available funds. Monitor and manage financial risks such as FX, interest rate, and commodity exposures, including executing hedging transactions in line with Treasury Policies. Analyze market developments and provide insights and recommendations to support treasury decision-making. Maintain and develop relationships with banks and financial counterparties, including coordinating transactional and operational matters. Support funding activities including loan drawdowns, repayments, and related documentation processes. Develop and improve treasury processes, controls, and front office procedures to enhance efficiency and risk management. Drive or contribute to treasury-related projects such as system implementations, process automation, and infrastructure improvements. Collaborate with internal stakeholders across finance and other functions to provide treasury expertise and support business needs. What you’ll bring You’re curious and believe that real progress happens when we work together. You’re not afraid to challenge old ways of thinking - and you treat others with respect while doing it. At Stegra, we value people who take initiative, build trust, and help create a workplace where everyone can do their best. Specific to this role, we would like to see that you can tick off a fair amount of the boxes below Bachelor’s degree in Finance, Economics, Business Administration, or a related field. At least 5 years of experience within treasury, including front office activities such as liquidity management and FX, interest rate, and commodity trading. Strong understanding of financial instruments such as FX forwards, interest rate products, commodity futures, and cash management tools. Experience working with treasury management systems and financial reporting tools. Strong analytical and quantitative skills with the ability to interpret market developments and financial risks. Experience collaborating with cross-functional stakeholders and external financial instit"
db58bba007c6ff19,Interim M&A Specialist Göteborg,Soros Consulting AB,,,Unrated,Sweden,"Göteborg, Västra Götalands län, Sverige",https://arbetsformedlingen.se/platsbanken/annonser/31567048,2026-10-07T15:15:20,platsbanken-se,65,"Positive: transactions / M&A, plausible level; verify responsibilities",FP&A; M&A; corporate finance,Investments / PE,,"Soros Consulting söker en analytiskt stark M&A Specialist till vår kunds team i Göteborg. Det här är ett interimsuppdrag. Vi söker dig som är mycket skicklig i Excel, har en god förståelse för ekonomi och corporate finance och kan omsätta finansiell data till konkreta analyser och beslutsunderlag inför potentiella företagsförvärv. Om rollen Som M&A Specialist kommer du att arbeta med analys av bolag som Soros Consulting och vår kund utvärderar som potentiella förvärv. En viktig del av arbetet är att ta emot finansiell och operationell data från bolagen, strukturera och kvalitetssäkra informationen samt applicera den i våra Excel- och förvärvsmodeller. Du behöver kunna gå längre än att bara bearbeta siffror. Vi söker någon som kan förstå ett bolag genom siffrorna – vad som driver lönsamheten, hur resultatet omvandlas till kassaflöde och vilka finansiella risker och möjligheter som finns i verksamheten. Du kommer bland annat att: analysera historisk finansiell data från potentiella förvärvsbolag strukturera, kvalitetssäkra och applicera data i Soros Consultings Excel-modeller analysera resultaträkning, balansräkning och kassaflöde förstå sambanden mellan EBITDA, working capital, CAPEX, skatt, skuldsättning och cash flow analysera hur förändringar i balansräkningen påverkar framtida kassaflöden identifiera avvikelser, risker och svagheter i bolagens finansiella utveckling bedöma kvaliteten och uthålligheten i resultat och kassaflöde identifiera normaliseringar och engångsposter som påverkar den underliggande lönsamheten genomföra scenario- och känslighetsanalyser bidra till värdering och analys av potentiella förvärv identifiera frågor och riskområden som behöver undersökas vidare inför ett investeringsbeslut Vem söker vi? Vi söker framför allt en person med stark analytisk förmåga och mycket goda kunskaper i Excel. Du behöver ha en god förståelse för grundläggande ekonomiska begrepp och kunna se sambanden mellan resultaträkning, balansräkning och kassaflöde. Det innebär exempelvis att du förstår hur förändringar i omsättning, marginaler, kundfordringar, lager, leverantörsskulder, CAPEX och finansiering påverkar ett bolags framtida cash flow. Vi tror att du har: mycket goda kunskaper i Excel och finansiell modellering god förståelse för redovisning och finansiella rapporter förståelse för corporate finance, företagsvärdering och M&A god förståelse för cash flow och working capital förmåga att snabbt sätta dig in i stora mängder finansiell data förmåga att upptäcka avvikelser och ifrågasätta siffror som inte verkar rimliga förmåga att identifiera både styrkor och risker i ett potentiellt förvärvsbolag ett strukturerat, noggrant och analytiskt arbetssätt Erfarenhet från exempelvis M&A, Transaction Services, Corporate Finance, Private Equity, Investment Banking, revision eller kvalificerad finansiell analys är meriterande. Det viktigaste för oss Vi söker inte bara någon som är bra på Excel. Vi söker någon som är nyfiken på företag och affärer och som vill förstå vad som faktiskt ligger bakom siffrorna. När Soros Consulting får data från ett bolag som vår kund överväger att förvärva ska du kunna strukturera informationen i vår modell, analysera utvecklingen och identifiera de styrkor, svagheter och risker som är relevanta för investeringsbeslutet. Dina analyser kommer att vara en viktig del av Soros Consultings och kundens beslutsunderlag inför framtida förvärv. Uppdragsform: Interimsuppdrag Placering: Göteborg Område: M&A / Corporate Finance "
c111331c75f07baa,Analyst People M&A Transaction Diligence | EY-Parthenon | Stockholm,Ernst & Young Aktiebolag,,,Unrated,Sweden,"Stockholm, Stockholms län, Sverige",https://arbetsformedlingen.se/platsbanken/annonser/31561391,2026-10-06T16:25:50,platsbanken-se,65,"Positive: transactions / M&A, plausible level; verify responsibilities",M&A; transaction services,Corporate Finance / M&A,,"Will you shape the future or will the future shape you? Are you curious, driven, and eager to dive into the world of M&A? At EY-Parthenon, our People M&A team plays a key role in helping clients unlock value and manage risk throughout their M&A journeys. We advise on complex people matters across the entire deal cycle, including HR and pension due diligence, day one readiness, and achieving synergies in integrations. Working across geographies and disciplines, you’ll gain exposure to a wide range of sectors and collaborate with diverse teams. We’re currently looking for ambitious graduates and professionals with up to two years of experience to join us in August 2027. The office location is flexible across the Nordics, with a preference for our main offices in Stockholm or Copenhagen. The opportunity: your next adventure awaits As part of EY-Parthenon, you’ll work on both buy-side and sell-side transactions. You’ll assess financial performance, identify risks and opportunities, and support clients in making informed decisions. Your responsibilities will include, for example: Support people-related due diligence, including e.g. analysis of target company data to identify key people-related financial exposures, such as workforce costs and future liabilities, retention risks, benefits comparison, and assessment of incentives programs Address people-related issues in signing-to-closing and post-deal integration phases (e.g., HR operating model implementation, organizational design, union consultation strategies, compensation planning) Support the evaluation and development of retention strategies for executives and key employees What we look for We’re looking for curious and driven individuals who thrive in fast-paced environments and enjoy solving complex problems. You bring strong business acumen, an analytical mindset, and a collaborative spirit. You’re adaptable, eager to learn, and passionate about working with people-related matters in M&A environment. Whether through studies, work, or extracurriculars, you’ve shown initiative and a genuine interest in M&A. Qualifications Master’s degree in e.g. Finance, Accounting, Economics, Industrial Management, Human Resources Strong academic performance Fluency in English Are you ready to shape your future with confidence? Apply today. Please submit your application now including your CV, cover letter, and university transcripts. Selection and interviews will be conducted on an ongoing basis. If you have questions about the role, please contact Claire.Danielsson@parthenon.ey.com. For questions regarding the recruitment process, please contact Amanda.Hederstedt@se.ey.com. Please note that a background check will be conducted as part of the recruitment process. At EY, we value diversity and encourage applications from individuals of all backgrounds. If you have any questions, need support, or require adjustments to the recruitment process due to a disability, don’t hesitate to contact us at recruitmentsweden@se.ey.com. We are here to support you. EY | Building a better working world EY is building a better working world by creating new value for clients, people, society and the planet, while building trust in capital markets. Enabled by data, AI and advanced technology, EY teams help clients shape the future with confidence and develop answers for the most pressing issues of today and tomorrow. EY teams work across a full spectrum of services in assurance, consulting, tax, strategy and transaction"
5a1faa9a982c5f5f,Interim Treasury,SJR in Sweden AB,,,Unrated,Sweden,"Göteborg, Västra Götalands län, Sverige",https://arbetsformedlingen.se/platsbanken/annonser/31575604,2026-10-09T09:41:18,platsbanken-se,62,Positive: treasury / FP&A,corporate treasury; treasury; treasury analyst; treasury english; treasury specialist,Treasury / Markets,,"SJR söker nu en Treasurykonsult för ett interimsuppdrag hos en av våra kunder i Göteborgsområdet. Uppdraget är på heltid med start under november eller december och löper under en begränsad period. Om tjänsten I rollen arbetar du med löpande och dagligt Treasuryarbete. Fokus ligger på daglig hantering kopplat till likviditet, kassaflöde, valuta och övriga dagliga flöden. Du arbetar självständigt och har löpande kontakt med både interna funktioner och externa parter. Du är tillgänglig för start under november eller början av december. Lämplig bakgrund Vi söker dig som har erfarenhet av en operativ roll inom Treasury. Du är trygg i arbete kopplat till risk, likviditet och valuta och kan snabbt sätta dig in i nya processer, system och arbetssätt. Som person är du självgående, strukturerad och noggrann. Du har lätt för att prioritera i det dagliga arbetet och trivs i ett uppdrag där du förväntas bidra från start. Du kommunicerar väl på både svenska och engelska. Ansökan Vid frågor om tjänsten är du välkommen att kontakta ansvarig Konsultchef Liina Fagerberg via mail: liina.fagerberg@sjr.se. Vi intervjuar löpande och tjänsten kan komma att tillsättas innan ansökningstiden har gått ut. Sista ansökningsdag är 2026-10-19. Varmt välkommen med din ansökan! Konsult hos SJR Att arbeta som konsult hos SJR innebär att du blir en del av en dedikerad organisation med kompetens att ge dig perfekta förutsättningar att utvecklas både inom din yrkesroll och på ett personligt plan. Du får tillgång till vårt stora nätverk av intressanta företag och uppdragsgivare och därmed en unik möjlighet att ta din karriär till nästa steg. Vi på SJR bryr oss om vår personal och tillsammans med oss får du en långsiktig partner som ger dig trygghet och stöd. Vi är lyhörda för dina behov och du kommer att ha en nära relation med din konsultchef som stöttar dig i din utveckling. #Bildlänk https://media.sjr.se/wp-content/uploads/2023/12/konsult_interim__natur_annons-55-1.png"
8ca34e029d0a9f99,Financial Controlling Lead (Senior Financial Controller),Stegra AB,,,Unrated,Sweden,"Stockholm, Stockholms län, Sverige",https://arbetsformedlingen.se/platsbanken/annonser/30960353,2026-04-27T11:56:03,platsbanken-se,62,Positive: treasury / FP&A,catalog; financial markets; financial modelling,Investments / PE,,"Studies show that women and underrepresented groups often hesitate to apply unless they meet every requirement. At Stegra, we’re building an impact-driven, sustainable company - and we need a diverse, inclusive team to make it happen. If you share our passion but don’t meet every qualification, we encourage you to apply anyway. You might be the perfect fit for this role, or another as we grow. At Stegra, we’re not just building a plant, we’re proving that sustainable industry is possible. And to do that, we need people like you. Join a team where safety comes first. Where we support each other, learn as we go, and make space for everyone to grow and contribute. This is your chance to be part of something big - while being closer to nature and leading a balanced, purposeful life. Financial Controlling Lead We are looking for an experienced Senior Financial Controller to join our team as Financial Controlling Lead. In this role, you will be responsible for ensuring high-quality financial reporting, compliance with Swedish legislation and IFRS, and driving continuous improvements across our financial processes. You will balance operational excellence with strategic insights, supporting business leaders in making informed decisions. As Financial Controlling Lead, you will: • Lead and coordinate Group reporting as required, ensuring timely, accurate, and compliant delivery. • Manage and improve and variance analysis in close collaboration with the other finance team members. • Act as subject-matter expert on IFRS, Swedish GAAP (K3), and other relevant accounting standards, as well as all audit-related matters. • Ensure effective internal controls and compliance with group accounting manuals, Swedish financial regulations, and tax legislation. • Run and quality-assure inter-company charge-out and allocation models, ensuring transparency, fiscal compliance and harmonization. • Ownership for annual reports. • Coordinate the audit process in collaboration with others. • Support productivity improvements, investment analysis, and KPI follow-up to drive financial results. • Contribute financial expertise in corporate tax and transfer pricing matters. • Collaborate on system development projects and implement improvements in ERP, BI, and financial reporting tools. • Act as business partner to key stakeholders, supporting strategy execution. You have: • A degree in Finance and Accounting. • Extensive, multi-year experience from senior accounting and/or financial controlling roles, ideally in an international environment. • Excellent expertise in IFRS, Swedish GAAP, and Swedish financial/tax legislation. • Solid experience in inter-company charge-out models, governance structures, and financial compliance. • Proven track record in leading audits, developing financial controls, and driving process improvements. • Experience from system implementation and following changes. • Experience from working in a changing environment and establishing routines, documenting processes to set structures that are currently not in place. • Experience from larger investments and manufacturing industries (CAPEX) is meriting. • Strong expertise in ERP preferably SAP S4/Hana Public Cloud, and other systems such as Business Central, Aaro, HFM/OneStream, MS BI, Excel. • Proven track record of leadership and project management experience, including change management. • Excellent communication and advisory skills, with fluency in English and Swedish. For you to thrive with u"
a542dcfa47cb3cfe,Group FP&A Manager,Instabee Group AB,,,Unrated,Sweden,"Stockholm, Stockholms län, Sverige",https://arbetsformedlingen.se/platsbanken/annonser/31388911,2026-08-24T13:20:50,platsbanken-se,62,Positive: treasury / FP&A,FP&A,Treasury / Markets,,"Shape how Instabee plans, prioritises and grows. Instabee has come a long way in a short time. We've built one of Europe's leading delivery companies through strong growth, acquisitions and continuous innovation. But we're still early in our journey, and the next chapter will require even better planning, sharper execution and smarter decision-making. That's where you come in. We're looking for an ambitious, analytical and hands-on person to shape the next chapter of FP&A at Instabee. You'll work closely with our Director of Group FP&A & Treasury, the CFO and the Group Management Team and take ownership of some of Instabee's most important planning, performance management and strategic finance priorities. Success in this role isn't measured by the analyses you produce, but by the decisions you help make. What you'll do You will: Drive strategic planning, including our long-term plan, OKRs and initiatives. Partner with the CFO on analyses, Board material, presentations and other high-impact projects. Set direction and raise standards for how the Group approaches planning, forecasting, performance management and business steering. Develop our FP&A capabilities, processes and tools - leveraging AI to fundamentally rethink how FP&A operates and creates value. Build the models, analyses and management reporting that turn financial information into better decisions. This isn't a role where everything is already in place. Some days you'll work on long-term strategy. Other days you'll improve forecasting, prepare management material or solve a business problem. We think the best finance leaders enjoy both. Who you are You likely have experience from a top-tier strategy consulting firm (McKinsey, BCG, Bain or similar), or another highly analytical environment, with a track record of independently owning complex problems and influencing senior stakeholders. You probably thrive if you: Have a genuine interest in finance, strategy and value creation. Enjoy solving difficult problems and creating structure from ambiguity. Like building and improving things - not just recommending them. Take ownership and are comfortable rolling up your sleeves. Communicate clearly and work well with senior stakeholders. Previous FP&A experience isn't required. Analytical ability, curiosity and drive matter more. Why join? You'll help shape both a company and a Finance function during an exciting stage of our journey. You'll work directly with senior leadership, take ownership and help shape how Instabee plans, prioritises and creates value. For the right person, this role offers an excellent opportunity to broaden their impact across Finance and grow into broader finance leadership. What you’ll get We can promise you that you will be challenged, develop your skills and have the opportunity to work with truly amazing and competent colleagues. If you like changes and want to set new processes and ways of working - this is the place for you! Of course, we have all the necessary and standard benefits in place, but in addition to this, we can also offer: 🌇 Sky-High Office: Modern and newly renovated with a 360-degree view around Stockholm. 🐶 Puppy Friendly: Bring your dog to work - we've got a whole floor for our furry friends! 🏓 Fun & Games: Ping pong, Shuffleboard, Foosball, and even a Karaoke Room for your leisure time. 👶 Parental Pay for Six Months: Step away from work and provide the best care and love to your little one. 🎂 A Day Off on Your Birthday: We love to cel"
8939f3858eff1983,"Proaktiv FP&A Controller, Solna",PostNord Group AB,,,Unrated,Sweden,"Stockholm, Stockholms län, Sverige",https://arbetsformedlingen.se/platsbanken/annonser/31503547,2026-09-22T07:08:29,platsbanken-se,62,Positive: treasury / FP&A,FP&A,FP&A / Performance,,"Lockas du av att arbeta inom controlling och rapportering – och samtidigt bidra till en verksamhet med ett viktigt samhällsuppdrag? PostNord är Sveriges mest anlitade leverans- och logistikpartner för privatpersoner och företag. Vi levererar lösningar för kommunikation, post, logistik och e-handel till, från och inom Norden. Nu söker vi en nyfiken och ambitiös FP&A Controller som vill vara med och utveckla vår rapportering och datadrivna transformation. Som FP&A Controller får du både analysera dagens resultat och vara med och bygga morgondagens sätt att arbeta med finansiell styrning.Vill du vara med och forma framtidens PostNord? Välkommen till oss!Du, vi och jobbetSom FP&A Controller får du en viktig roll i hjärtat av PostNord Sveriges finansiella styrning. Tillsammans med dina kollegor inom FP&A teamet håller du ihop bokslut, analys och rapportering för hela den svenska verksamheten, en verksamhet med 20 miljarder i omsättning. Men rollen handlar inte bara om att förstå vad som hänt, utan du får också vara med att utveckla hur vi arbetar framåt. Där får du en viktig roll i att driva utveckling inom automationer, AI och Power-BI, för att skapa effektivare analyser och bättre underlag. Du kommer vara del av att skapa internativa dashboards, visualisera komplex data och bidra till bättre beslutsfattande. Du samarbetar med seniora stakeholders både inom PostNord Sverige och PostNord Group. Du driver utveckling av KPI:er och är delaktig i arbetet kring affärsplan och budget. Tjänsten är placerad på vårt häftiga huvudkontor Arken i Solna och du rapporterar till Head of FP&A - Sylvia. Vad du kommer att göra Ansvara för uppföljning och analys av utfall och avvikelser Ansvara för budget, prognoser och långsiktig planering Driva månads-, kvartal och årsbokslut och analysera orsaker och åtgärder Koncern- och management rapportering Presentera analyser och rapporter på ett pedagogiskt sätt Initiera och driva kontinuerliga förbättringar i budget, prognos och rapporteringsprocesser Utveckla och följa upp KPI:er och säkra datakvalitet Ta fram beslutsunderlag till ledning och ledningsgrupper Var med och bidra till digitaliseringsarbetet och framtida BI-lösningar Vem du är Analytisk & faktabaserad: Du har hög integritet och motiveras av att förstå och förbättra din omgivning. Nyfiken & teknikintresserad: Du håller dig alltid uppdaterad om nya verktyg och blir inspirerad av nya arbetssätt som skapar värde. Kommersiellt inriktad: Du har alltid en affärsmässig baktanke med det du både utvecklar och förbättrar. Samarbetsorienterad: Du trivs bäst att arbeta i team där vi lyfter varandra för en bättre gemensam helhet. Proaktiv & lösningsorienterad: Du identifierar möjligheter i verksamheten och agerar på dem. Noggrann & duktig i detaljer: Du har förmågan att se mönster i större dataflöden och göra kopplingen till vad som behöver göras. Du är unik: Vi lägger stor vikt vid dina personliga egenskaper Vad du tar med dig Akademisk examen inom ekonomi, management eller teknik/IT 2–3 års erfarenhet av arbete inom Controlling, rapportering eller dataanalys eller bakgrund inom revision Erfarenhet av att arbeta nära seniora chefer Mycket goda kunskaper i Excel och PowerPoint Goda kunskaper i BI-verktyg, gärna Power BI eller motsvarande verktyg Kunskaper i AI-verktyg, SQL, Python eller andra databehandlingsspråk är meriterande Mycket goda språkkunskaper i svenska och engelska Varför vi finnsVi tar saker framåt, genom paket- och logistiklösningar hjälper vi människor"
58e8efe45d9832a9,"Biträdande universitetslektor, Corporate Finance",Göteborgs Universitet,,,Unrated,Sweden,"Göteborg, Västra Götalands län, Sverige",https://arbetsformedlingen.se/platsbanken/annonser/31423028,2026-09-01T11:46:45,platsbanken-se,60,Positive: corporate finance / valuation,corporate development; corporate finance; corporate treasury; valuation,Corporate Finance / M&A,,"Göteborgs universitet erbjuder en forskningsmiljö där internationellt erkänd forskning i världsklass förenas med en öppen och samarbetsdriven akademisk kultur. Här får forskare i början av karriären möjlighet att utvecklas, bygga internationella nätverk och bidra till forskning med global betydelse.Denna anställning är en del av universitetets satsning University of Gothenburg Global Scholars Initiative. Läs mer om satsningen och Göteborgs universitet här: https://www.gu.se/node/190161/ Vetenskapsrådet kommer att utlysa en attraktiv finansiering för biträdande universitetslektorer med internationell bakgrund i slutet av 2026. Universitetets ambition är att nominera konkurrenskraftiga kandidater från denna satsning till Vetenskapsrådet. Handelshögskolan vid Göteborgs universitet har cirka 3 700 heltidsstudenter, 470 medarbetare, 160 internationella partneruniversitet och fyra institutioner. Handelshögskolan är Triple Crown-ackrediterad genom EQUIS, AACSB och AMBA. Institutionen för företagsekonomi är Handelshögskolans största institution och bedriver omfattande forskning och utbildning på grundnivå, avancerad nivå och forskarnivå. Anställningen är placerad vid sektionen för Industrial and Financial Management & Logistics (IFEL), som bedriver forskning och utbildning inom bland annat corporate finance och har nära samarbeten med forskningsmiljöer såsom Centre for Finance (CFF), Northern Lead och Lighthouse. Ämne Företagsekonomi med inriktning mot Corporate Finance. Ämnesbeskrivning Corporate Finance behandlar företags finansiella beslutsfattande med fokus på investeringsbeslut, finansieringsstrategier och mekanismer för att säkerställa en marknadsmässig avkastning för både ägare och långivare. Centralt för området är utveckling av teoretiskt och empiriskt grundade ramverk som möjliggör lönsamma investeringar och effektiv finansiering med beaktande av risk och kapitalkostnad. Särskild vikt läggs vid analys av faktorer som påverkar företags val av kapitalstruktur och investeringsstrategier, särskilt i miljöer som präglas av asymmetrisk information och transaktionskostnader. En tydlig förankring i finansiell teori är central för att förstå, förklara och analysera dessa beslut och deras konsekvenser. Ämnesområdet har en stark metodinriktning där kvantitativa verktyg, såsom diskonteringsmodeller, reala och finansiella optionsmodeller samt statistiska och ekonometriska metoder, används för att analysera hur externa marknadsförhållanden påverkar företags finansiella beslut. Arbetsuppgifter Anställningen omfattar högst 50 procent undervisning och minst 50 procent forskning. Forskningen ska huvudsakligen bedrivas inom Corporate Finance, ligga i linje med ämnesbeskrivningen ovan och hålla sådan kvalitet att resultaten kan publiceras i högkvalitativa internationella vetenskapliga tidskrifter. Forskningen förväntas också aktivt presenteras och diskuteras vid forskningsseminarier och i akademiska nätverk. Undervisning sker på grundnivå och avancerad nivå, och den anställde förväntas även bidra till forskarutbildning och uppdragsutbildning samt till kursutveckling och administrativa uppgifter. Undervisningen avser främst kurser inom Corporate Finance, exempelvis Corporate Valuation, Advanced Corporate Finance och Financial Management eller motsvarande kurser, samt handledning av kandidat- och masteruppsatser inom finans och Accounting and Financial Management. I arbetsuppgifterna ingår även att aktivt söka externa forskningsmedel under anställningsperi"
95971df487bbdfc0,Senior Credit Investment Manager,Gilion AB,,,Unrated,Sweden,"Stockholm, Stockholms län, Sverige",https://arbetsformedlingen.se/platsbanken/annonser/31484598,2026-09-16T13:38:01,platsbanken-se,60,Positive: investments / portfolio / asset management,credit analyst; investment manager,Investments / PE,,"About Gilion At Gilion, we’re transforming the world of growth financing with technology and data. Our platform provides modern, non-dilutive capital to Europe’s most ambitious tech companies - helping them grow without giving up equity. Backed by world-class investors and a rapidly growing customer base, we’re building something unique - and we’re just getting started. Senior Credit Investment Professional As a Senior Credit Investment Professional at Gilion, you will lead and structure innovative credit transactions with some of Northern Europe’s most ambitious technology companies - including tomorrow’s category leaders and potential unicorns. You will get exposure to multiple markets, business models and financing structures. You will take ownership of the full deal process - from credit assessment and modelling to structuring, negotiation and underwriting of tailored, non-dilutive loans for a diverse customer base. At your support, you will have a commercially driven origination team, a very experienced and professional credit investment team (which you will be part of), a highly experienced legal team and last but not least, the Gilion Analytics Platform and our best-in-class data scientists. As Gilion itself is a fast-growing fintech company and lending is at the core of what you do, you will also be expected to work on improving Gilion’s credit products, underwriting models, including AI models, and internal processes as we scale our lending platform. Key responsibilities include Lead end-to-end deal execution including analysis, structuring, negotiation and underwriting. Project-lead internal teams and ensure smooth coordination across Origination, Analytics and Legal. Present and discuss investment cases at investment committees. Contribute to the development of Gilion’s credit products, AI-driven analysis tools and underwriting processes. About you You have a strong background in credit and structuring and enjoy working on complex transactions in a fast-moving environment. Must-have Experience in debt structuring and credit analysis - typically 3+ years (e.g. Leveraged Finance, Private Debt, Venture Debt, or similar). Experience evaluating risk, structuring deals and helping drive transactions to completion. Comfortable engaging with senior stakeholders (founders, CFOs, boards). A commercial, analytical, and collaborative mindset, thriving in a fast-paced fintech environment. Excellent written and verbal communication skills in English. Eager to learn and to question old beliefs A solid team player If you don’t tick every single box but believe you would thrive in this role, we’d still love to hear from you. At Gilion, we’re all about Growth - of our customers, our platform and our people. We believe that diverse perspectives lead to better investment decisions and stronger outcomes, and we are committed to building an inclusive environment where everyone can thrive and develop. We welcome applicants from all backgrounds and experiences. Are you ready to shape the future of growth financing? We look forward to your application."
a32ae2483e48d702,Reliability Engineer / Asset Management Engineer,Addilon Professionals AB,,,Unrated,Sweden,"Göteborg, Västra Götalands län, Sverige",https://arbetsformedlingen.se/platsbanken/annonser/31572929,2026-10-08T15:36:53,platsbanken-se,60,Positive: investments / portfolio / asset management,asset management,Asset Management,,"Drive Strategic Maintenance Excellence in Gothenburg Join a large-scale industrial project as a Senior Reliability Engineer, where you will take both strategic and operational responsibility for asset structures and maintenance tactics. This hybrid contract role offers the opportunity to influence long-term reliability for critical infrastructure while collaborating with a global engineering team. The Role and Your Impact Reporting to the Asset Management Project Manager, you will act as the technical linchpin between our global project resources and the local Gothenburg site. Your focus will be on building a robust foundation for asset performance through structured data and proactive strategies. Key Responsibilities Establish and optimize technical asset hierarchies and Bill of Materials (BOM). Define maintenance tactics utilizing RCM, FMEA, or PMO methodologies. Ensure all maintenance strategies comply with ISO 55000 standards and local regulations. Manage technical interfaces and present deliverables to diverse stakeholder groups. Verify the accuracy of technical data within CMMS/EAM environments. Professional Requirements We are looking for a senior specialist with a B.Sc. or M.Sc. in Mechanical or Maintenance Engineering. You must have at least 5 years of experience in Reliability Engineering within large-scale industrial environments. Proficiency in English is mandatory for managing international stakeholders, alongside advanced skills in systems like SAP PM, IBM Maximo, or IFS. Deep knowledge of ISO 55000 is a prerequisite for success in this role. Preferred Qualifications Certified Maintenance & Reliability Professional (CMRP) status. Experience working with remote international teams. Knowledge of Spare Parts Optimization and Life Cycle Cost (LCC) analysis. What We Offer Senior contract position in a high-profile industrial project. Hybrid work arrangement based in Gothenburg. Collaboration with an international team of 5 dedicated engineers. Ready to optimize? Apply now to become our next Asset Management expert."
c17ef8f0ff759433,M&A Manager Nordics,COWI AB,,,Unrated,Sweden,"Göteborg, Västra Götalands län, Sverige",https://arbetsformedlingen.se/platsbanken/annonser/31441317,2026-09-04T16:23:50,platsbanken-se,60,Positive: transactions / M&A,FP&A; M&A; valuation,Investments / PE,,"Do you want to shape COWI's future growth through strategic acquisitions and partnerships in the Nordics? Can you originate, evaluate, and execute complex M&A transactions from opportunity to closing? And are you a commercially minded M&A professional with solid financial and stakeholder management skills? Then, we would love to hear from you. Create the solutions that will enable a better tomorrow At COWI, we create sustainable solutions that shape a better future for people, communities, and societies across the world. To enable COWI's strategic growth ambitions through acquisitions and partnerships, we are looking for an M&A Manager to join our team. In this role, you will identify and evaluate new growth opportunities, lead complex transactions from origination to closing, and help shape the future direction of one of the leading consulting engineering companies in the Nordics. You will work in our key markets and geographies; including Sweden, Norway and Denmark. You will work closely with senior leaders across the business and report to Bojan Gujic, Group Head of M&A and Strategy. Your key responsibilities will be: Drive COWI's M&A pipeline by identifying, assessing, and engaging acquisition targets aligned with our strategic growth ambitions across Sweden, Norway and Denmark. Lead end-to-end M&A transactions, managing the full deal lifecycle from initial screening and valuation through due diligence, negotiation, signing, and closing. Deliver strategic and financial analyses, developing business cases, valuations, and investment recommendations to support executive decision-making. Partner closely with country leadership teams, business units, and external advisors to identify and develop acquisition opportunities, build organizational alignment, and ensure successful execution and long-term value creation from M&A activities. Your skills. Our team. Together we design the future The first step to success in this role is that you are eager to collaborate with the people around you, whether they are colleagues, partners or customers. Developing ties with others is something you do by acting respectfully and delivering on your promises. And you never get set in your ways, but keep exploring new insights and ways to improve. On top of that, you will have: A Master's or Bachelor's degree in Finance, Economics, Business Administration, Strategy, Accounting, or a related discipline. Strong financial modelling, valuation, and business case development skills. Experience leading or supporting M&A transactions, corporate development initiatives, or strategic investments. Effective stakeholder management skills and the ability to influence senior decision-makers. An ability to manage complex projects and drive results across multiple workstreams and stakeholders. Proficiency in English and Swedish and/or another Nordic language is considered an advantage. A place to work and so much more At COWI, we work together with our customers to shape a sustainable and liveable world. We do it by applying our knowledge and curiosity – and sometimes even our courage – to create the solutions the world needs today to enable a better tomorrow. That is why we say no to fossil-based projects and aspire to have 100% of our revenue come from activities that move our customers towards sustainability. We value differences and development and cultivate an environment of belonging and having fun. Because that is what brings out the best in you, at work and at ho"
b3cba70242c6a3a8,M&A Origination Management Professional,Aktiebolaget Sandvik Coromant,,,Unrated,Sweden,"Stockholm, Stockholms län, Sverige",https://arbetsformedlingen.se/platsbanken/annonser/31504055,2026-09-22T09:02:55,platsbanken-se,60,Positive: transactions / M&A,M&A,Corporate Finance / M&A,,"Turn strategic opportunities into acquisition themes, qualified target pipelines and robust business cases. As Origination Management Professional, you lead the front end of the acquisition lifecycle and help Sandvik Coromant identify opportunities that support profitable growth, strengthen strategic positioning and build valuable capabilities. Working at the intersection of corporate strategy, market intelligence and business development, you combine analytical depth with commercial curiosity. Close collaboration with business owners and functional experts enables you to shape clear recommendations and bring the strongest opportunities forward. About the job You translate strategic priorities, value pools, capability gaps and business development opportunities into focused acquisition themes. From market mapping and target origination to qualification and business case validation, you create transparency and structure throughout the front end of the acquisition process. Job responsibilities Develop and maintain evidence-based acquisition themes, including strategic rationale, scope, target profiles, screening criteria and preliminary value creation logic. Build structured market maps and target universes, then identify and prioritize companies based on strategic fit, market position, ownership and economic attractiveness. Create proactive deal flow through company and owner outreach, industry networks, advisors, investors and internal stakeholders. Assess targets, identify risks and dependencies, and recommend whether opportunities should progress, be held or rejected. Lead the development and validation of strategic business cases together with intended business owners and relevant functional experts. Improve origination methods, assessment criteria, decision gates and pipeline governance using analytics, AI, external intelligence and learning from previous opportunities. Location & flexibility This position is flexible within Europe, with a strong preference for Sweden or another location close to one of our key office sites. Your profile You bring strong experience from strategy, corporate development, M&A origination, business development, investment analysis or management consulting. With advanced analytical and commercial capabilities, you move confidently between strategic questions, market and company intelligence, senior stakeholder dialogue and detailed business case development. Your background includes The ability to translate strategic priorities into investable themes and company-specific value creation hypotheses. Advanced capability in market analysis, target screening, strategic business cases, financial logic and executive decision support. Strong commercial understanding of business models, competitive advantage, customer value and growth drivers. Credibility in senior internal and external discussions, together with sound judgement when handling sensitive relationships and confidential information. The ability to work independently and create structure while contributing effectively across functions and stakeholder groups. Strategic judgement, curiosity and analytical rigor guide your work. You’re persistent in building relationships and comfortable progressing complex opportunities without relying on formal authority. Integrity, follow-through and a collaborative, pragmatic approach help you turn open questions into clear and actionable recommendations. Our culture Innovation is in our DNA and we’re proud to shape "
41ed3d1050fca7d0,Senior koncerncontroller - M&A och bolagsstyrning,Västerås kommun,,,Unrated,Sweden,"Västerås, Västmanlands län, Sverige",https://arbetsformedlingen.se/platsbanken/annonser/31552916,2026-10-05T11:35:08,platsbanken-se,60,Positive: transactions / M&A,M&A,Corporate Finance / M&A,,"1 plats(er). Vill du arbeta i en strategisk nyckelroll där du får kombinera affärsmässighet, analys och samhällsnytta? Här får du bidra till utvecklingen av en stark och hållbar kommunkoncern. Du arbetar nära både bolagsledningar, stadsdirektör och politiska beslutsfattare i frågor som rör förvärv, affärsupplägg, styrning och långsiktig ekonomisk utveckling. Rollen passar dig som drivs av komplexa affärer, strategiskt arbete och att skapa värde i en verksamhet med stor påverkan på samhället. Dina arbetsuppgifter Som Senior koncerncontroller har du en central roll i att säkerställa affärsmässigheten inom Västerås stads koncern. Rollen innebär ett nära arbete med koncernens bolag där du både strategiskt och operativt bidrar med analyser, ekonomiska bedömningar och utveckling av affärsupplägg. Du arbetar med frågor som rör förvärv, avyttringar och andra affärstransaktioner, främst inom fastighets- och energisektorn, men även inom andra verksamhetsområden. Du analyserar bolagens ekonomiska förutsättningar och affärsplaner utifrån både verksamheternas olika behov och ägarnas långsiktiga krav och mål. I uppdraget ingår även att utveckla ägarstyrningen av bolagen samt bidra med förslag kring bolagsbildningar, koncernstrukturer och servicefunktioner. Du samordnar olika ledningsfunktioner och arbetar nära både politik, styrelser och bolagsledningar i olika affärsupplägg och utvecklingsfrågor. En viktig del av rollen är att pedagogiskt kunna presentera komplexa ekonomiska analyser och beslutsunderlag för mottagare som inte alltid har ekonomisk bakgrund. Du deltar aktivt i ägarmöten och andra forum inom hel- och delägda bolag samt bygger och utvecklar interna och externa nätverk. Du är bra på att se det som ”hamnat mellan stolarna” genom att du överbryggar glapp i organisationen vilket gör att vi tillsammans kan skapa bättre kvalité och ekonomi i våra processer. Din kompetens Vi söker dig som har en högskoleutbildning inom ekonomi eller motsvarande. Du har flerårig erfarenhet av kvalificerat ekonomiarbete och erfarenhet av M&A. Inom M&A har du arbetat med värdering av bolag och tillgångar och det är mycket meriterande om du har varit projektledare för hela M&A-processen. Det är meriterande om du har arbetat med styrning av dotterbolag i en större koncern. Du har erfarenhet av långsiktig finansiell analys och mycket goda kunskaper i MS Office verktyg som Excel och Powerpoint. Det är meriterande med erfarenhet av projektledning och att samordning av olika intressenter samt av erfarenhet av att jobba nära bolagsledning och ägare. Om du har en vana att presentera underlag på ett pedagogiskt sätt både i skrift och tal så är det en styrka, liksom om du har arbetet med verksamhetsstyrning och har erfarenhet av att framgångsrikt jobbat med förändringsledning. Du uttrycker dig mycket väl på svenska i både tal och skrift. Som person är du strategisk och har förmåga att se helheter och långsiktiga konsekvenser. Du är mål- och resultatorienterad och trivs i en roll där du får driva frågor framåt och skapa utveckling tillsammans med andra. Du har lätt för att samarbeta och att bygga förtroendefulla relationer. Vi erbjuder En möjlighet att arbeta i en utvecklande och samhällsviktig roll med stor strategisk påverkan. Du blir en del av en organisation där affärsmässighet och långsiktighet kombineras med samhällsansvar och hållbar utveckling. Här erbjuds du ett kvalificerat och varierat arbete där du får samarbeta nära erfarna kollegor, bolagsledningar och besluts"
91fe9b05f69308d7,Seniorrådgiver lisensforvaltning og Software Asset Management (SAM),Departementenes digitaliseringsorganisasjon,,,Unrated,Norway,Norway,https://jobbsafari.no/jobb/seniorradgiver-lisensforvaltning-og-software-asset-management-sam-489744,2026-10-08T15:55:52.000Z,jobbsafari-no,60,Positive: investments / portfolio / asset management,asset management,Asset Management,,"Om stillingen Departementenes digitaliseringsorganisasjon (DIO) er i gang med en omfattende modernisering av de digitale tjenestene som brukes av regjeringen og departementene. Vi samler flere teknologiplattformer til én felles løsning og videreutvikler forvaltningen av programvare, skytjenester og digitale arbeidsflater. DIO har ansvar for innkjøp, tildeling og forvaltning av programvarelisenser til departementene, og lisensteamet er en sentral bidragsyter til god styring, kostnadskontroll og etterlevelse av avtaler. Vi søker nå en erfaren og engasjert seniorrådgiver innen lisensforvaltning og Software Asset Management (SAM). I denne rollen får du bidra til å videreutvikle DIOs arbeid med lisensforvaltning, Software Asset Management (SAM) og kostnadsoptimalisering. Du vil jobbe med rådgivning, analyser, avtaleforvaltning og samarbeid med både interne fagmiljøer og eksterne leverandører. Lisensteamet består av tre medarbeidere som forvalter lisenser fra om lag 130 forskjellige programvareleverandører. Arbeidsoppgaver: videreutvikle DIOs arbeid med lisensforvaltning, Software Asset Management (SAM) og kostnadsstyring analysere lisensbruk, avtaler og kostnader for å identifisere gevinster og optimaliseringsmuligheter forvalte og følge opp Microsoft-avtaler og andre sentrale programvareavtaler sikre etterlevelse av lisensvilkår, kontrakter og regelverk, samt utvikle relevant rapportering og styringsinformasjon være en faglig rådgiver og samarbeidspartner for departementsfellesskapet innen lisensforvaltning og programvareøkonomi Bidra med å etablere gode løsninger for FinOps i samarbeid med relevante avdelinger i DIO Arbeidsoppgavene og rollen vil utvikles over tid i tråd med din motivasjon, kompetanse og DIOs behov. Vi ser etter deg som: relevant høyere utdanning på minimum bachelornivå innen IKT, teknologi, økonomi eller administrasjon. Lang og relevant erfaring kan kompensere for manglende formell utdanning erfaring med lisensforvaltning og Software Asset Management erfaring med leverandøroppfølging og avtaleforvaltning god forståelse for teknologi, IT-tjenester og sammenhengen mellom økonomi, avtaler og virksomhetsstyring gode kommunikasjonsferdigheter både skriftlig og muntlig på norsk. Det er en fordel om du også har: erfaring med Microsoft-lisenser eller andre større programvareavtaler erfaring med lisensetterlevelse, revisjoner og kostnadsoptimalisering erfaring med FinOps, skytjenester eller annen økonomioppfølging knyttet til IT-tjenester erfaring med offentlig anskaffelse og kontraktsforvaltning erfaring med tjenesteforvaltning, med relevante sertifiseringer innen ITIL og SAM gode engelskkunnskaper Utdanning og erfaring må dokumenteres med CV, vitnemål og attester. For å lykkes og trives i DIO og i stillingen må du: være engasjert og faglig nysgjerrig like å analysere komplekse problemstillinger og omsette innsikt til praktiske løsninger arbeide strukturert, selvstendig og metodisk kommunisere tydelig og gjøre komplekst innhold forståelig bygge tillit og gode relasjoner på tvers av fagmiljøer være initiativrik, samarbeidsorientert og opptatt av kontinuerlig forbedring trives med å kombinere strategiske vurderinger og operativ oppfølging motiveres av å bidra til utvikling av et sterkt fagmiljø Personlig egnethet vil bli tillagt stor vekt. Arbeidsspråk er norsk. Gode grunner til å velge DIO Tett på beslutningene: I DIO jobber vi med tjenester og løsninger som er viktige for at regjeringsapparatet fungerer. Fleksibilitet og balanse:"
626fee00aadd45f7,Seniorrådgiver – lisensforvaltning og Software Asset Management (SAM),Ida Marie Holen,,,Unrated,Norway,Norway,https://jobbsafari.no/jobb/seniorradgiver-lisensforvaltning-og-software-asset-management-sam-489409,2026-10-06T00:00:00.000Z,jobbsafari-no,60,Positive: investments / portfolio / asset management,asset management,Asset Management,,"Om stillingen Departementenes digitaliseringsorganisasjon (DIO) er i gang med en omfattende modernisering av de digitale tjenestene som brukes av regjeringen og departementene. Vi samler flere teknologiplattformer til én felles løsning og videreutvikler forvaltningen av programvare, skytjenester og digitale arbeidsflater. DIO har ansvar for innkjøp, tildeling og forvaltning av programvarelisenser til departementene, og lisensteamet er en sentral bidragsyter til god styring, kostnadskontroll og etterlevelse av avtaler. Vi søker nå en erfaren og engasjert seniorrådgiver innen lisensforvaltning og Software Asset Management (SAM). I denne rollen får du bidra til å videreutvikle DIOs arbeid med lisensforvaltning, Software Asset Management (SAM) og kostnadsoptimalisering. Du vil jobbe med rådgivning, analyser, avtaleforvaltning og samarbeid med både interne fagmiljøer og eksterne leverandører. Lisensteamet består av tre medarbeidere som forvalter lisenser fra om lag 130 forskjellige programvareleverandører. Arbeidsoppgaver: videreutvikle DIOs arbeid med lisensforvaltning, Software Asset Management (SAM) og kostnadsstyring analysere lisensbruk, avtaler og kostnader for å identifisere gevinster og optimaliseringsmuligheter forvalte og følge opp Microsoft-avtaler og andre sentrale programvareavtaler sikre etterlevelse av lisensvilkår, kontrakter og regelverk, samt utvikle relevant rapportering og styringsinformasjon være en faglig rådgiver og samarbeidspartner for departementsfellesskapet innen lisensforvaltning og programvareøkonomi Bidra med å etablere gode løsninger for FinOps i samarbeid med relevante avdelinger i DIO Arbeidsoppgavene og rollen vil utvikles over tid i tråd med din motivasjon, kompetanse og DIOs behov. Vi ser etter deg som: relevant høyere utdanning på minimum bachelornivå innen IKT, teknologi, økonomi eller administrasjon. Lang og relevant erfaring kan kompensere for manglende formell utdanning erfaring med lisensforvaltning og Software Asset Management erfaring med leverandøroppfølging og avtaleforvaltning god forståelse for teknologi, IT-tjenester og sammenhengen mellom økonomi, avtaler og virksomhetsstyring gode kommunikasjonsferdigheter både skriftlig og muntlig på norsk. Det er en fordel om du også har: erfaring med Microsoft-lisenser eller andre større programvareavtaler erfaring med lisensetterlevelse, revisjoner og kostnadsoptimalisering erfaring med FinOps, skytjenester eller annen økonomioppfølging knyttet til IT-tjenester erfaring med offentlig anskaffelse og kontraktsforvaltning erfaring med tjenesteforvaltning, med relevante sertifiseringer innen ITIL og SAM gode engelskkunnskaper Utdanning og erfaring må dokumenteres med CV, vitnemål og attester. For å lykkes og trives i DIO og i stillingen må du: være engasjert og faglig nysgjerrig like å analysere komplekse problemstillinger og omsette innsikt til praktiske løsninger arbeide strukturert, selvstendig og metodisk kommunisere tydelig og gjøre komplekst innhold forståelig bygge tillit og gode relasjoner på tvers av fagmiljøer være initiativrik, samarbeidsorientert og opptatt av kontinuerlig forbedring trives med å kombinere strategiske vurderinger og operativ oppfølging motiveres av å bidra til utvikling av et sterkt fagmiljø Personlig egnethet vil bli tillagt stor vekt. Arbeidsspråk er norsk. Gode grunner til å velge DIO Tett på beslutningene: I DIO jobber vi med tjenester og løsninger som er viktige for at regjeringsapparatet fungerer. Fleksibilitet og balanse:"
56f84ad303b9fa1c,Business Controller - Service,Kone Norway,,,Unrated,Norway,Norway,https://jobbsafari.no/jobb/business-controller-service-skson-20530593,2026-09-07T22:00:01.000Z,jobbsafari-no,50,Exploration: no strong signal yet,business controller; finance business partner; treasury,Treasury / Markets,,"KONE is a global leader in the elevator and escalator industry: our job is to make the world's cities better places to live. At KONE, our mission is to improve the flow of urban life. As a global leader in the elevator and escalator industry, KONE provides elevators, escalators, and automatic building doors, as well as solutions for maintenance and modernization, which add value to the life cycle of any building. KONE Finance professionals are responsible for corporate controlling and reporting, treasury, taxes, investor relations, as well as finance development and alliances and acquisitions. We support our business colleagues by driving a financially sound business direction and providing relevant intelligence for decision-making. With dedicated roles and global communities for support, our Finance function is a community with a high level of professionalism and ample opportunities for learning and growth. We are seeking a highly motivated Business Controller, Service to join the Nordics Finance Team. In this role, you will play a key part in supporting key business leaders and the Head of Business Control, Nordics in driving and monitoring the business performance by providing financial insight. The purpose of the role is also to ensure that business KPIs are logical and add value, actions are defined based on performance, and that benefit realizations are delivered. Business Controller is also accountable for executing the planning process according to global guidelines with the business leaders. Responsibilities and Key Activities: Business partnering with strong outside-in mindset understanding of the business logic and dependencies between key operational processes, relationships and metrics, challenging the business leaders to enhance decision making and business performance Being the key finance professional and trusted advisor of finance matters in the organization and promote and ensure adequate finance understanding in the business organization Evaluating industry, economic, financial, and market trends to forecast the organization's short, medium, and long-term financial and competitive position Providing actionable insights, key findings, and conclusions to business, not just numbers Performing or organizing the execution of the business controlling tasks as defined in KONE Financial Control Model to ensure that key reporting principles have been implemented and followed for Service business Drive the development of Service business controlling activities within Nordic Business Controller team Drive and analyze the weekly/monthly actual performance of the business, as well as the deviations compared to planned (budget/forecast) performance Provide and share the executive summary of the performance of FL Service business including opportunities and risk with business leaders. Participating in more general analysis tasks that support the Business Line, e.g., analyzing the opportunity funnel, and producing scenario analyses for versatile purposes (e.g., market demand vs. pricing in different scenarios). Maintaining strong connections with other stakeholders and other Finance colleagues within KONE to share best practices and to understand current and future trends Requirements for the role: At least 5-7 years of relevant work experience, preferably in a finance function and including top management finance business partnering responsibility Strong analytical skills and ability to work under pressure Solution-focused with abil"
d5f62bbf5a230da9,Group Controller,Konserncontroller,,,Unrated,Norway,Norway,https://jobbsafari.no/jobb/group-controller-481268,2026-09-22T00:00:00.000Z,jobbsafari-no,50,Exploration: no strong signal yet,FP&A; cash management,Treasury / Markets,,"Mercell is the leading SaaS platform for public procurement in Europe. We deliver digital solutions for public tenders and procurement across Europe and have built a large, subscription-based business with a strong Annual Recurring Revenue (ARR) foundation. Headquartered in Oslo, Mercell is backed by Thoma Bravo, one of the world's leading software and technology investors. At Mercell, we're on a mission to transform public procurement by making it more accessible and effortless for everyone involved. We envision a world where public buyers and suppliers work seamlessly together to make “a great deal easier” and help shape the future. Our culture is built on continuous growth, trust and collaboration. We offer an international environment where talented people can thrive alongside ambitious colleagues who are passionate about creating value for our customers and shareholders. Your Mission As Group Controller, you will join our Group Finance team in a broad, hands-on role spanning financial controlling, FP&A and finance operations. Your work will cover areas such as cost controlling, reporting, forecasting, cash management and working capital. You will work closely with colleagues across Finance and the business, taking ownership and contributing where needed. This is an opportunity to build on your accounting or audit experience, broaden your operational understanding and grow across several areas of finance. Core Responsibilities Contribute to financial reporting, analysis and controls, ensuring reliable numbers and useful insights. Support cost controlling, budgeting and forecasting in certain areas in close dialogue with the business. Support with cash management, cash forecasting and working capital to support day-to-day financial operations. Contribute to effective operations around transfer pricing and inter-company financing; internal cost allocation, internal funding and other financial management on legal entity level Improve processes and ways of working, combining attention to detail with a practical, hands-on approach. Required Qualifications Bachelor’s or master’s degree in Accounting, Finance or similar. Strong experience (ideally a minimum of 3-5 years) in accounting, auditing or financial or business controlling, with a solid understanding of financial reporting and analysis. Big4 background is an advantage. An interest in moving closer to the business and developing broader experience in financial reporting and operations. Good Excel skills and confidence working with financial systems and data. Experience with Oracle Netsuite is an advantage. Good communication skills in English and the ability to collaborate across teams. Preferred Qualifications You are curious, structured and enjoy getting things done. You take responsibility for the quality of your work, ask questions and are keen to understand how the numbers connect to everyday operations. You enjoy variety and working in a small team where colleagues support each other. You bring a sound technical foundation and a willingness to learn; experience across every part of the role is not expected. Cash management and other operational finance activities offer opportunities to develop as you grow in the role. You are proactive and thrive in a fast- paced environment where we set ambitious goals and continuously improve how we work You have high professional standards. Start date: As soon as possible Duration: Full time Workplace type: Hybrid - working onsite at the of"
ec658cba61bba029,Group Controller,Anita Berg,,,Unrated,Norway,Norway,https://jobbsafari.no/jobb/group-controller-479891,2026-09-20T00:00:00.000Z,jobbsafari-no,50,Exploration: no strong signal yet,FP&A; cash management,Treasury / Markets,,"Mercell is the leading SaaS platform for public procurement in Europe. We deliver digital solutions for public tenders and procurement across Europe and have built a large, subscription-based business with a strong Annual Recurring Revenue (ARR) foundation. Headquartered in Oslo, Mercell is backed by Thoma Bravo, one of the world's leading software and technology investors. At Mercell, we're on a mission to transform public procurement by making it more accessible and effortless for everyone involved. We envision a world where public buyers and suppliers work seamlessly together to make “a great deal easier” and help shape the future. Our culture is built on continuous growth, trust and collaboration. We offer an international environment where talented people can thrive alongside ambitious colleagues who are passionate about creating value for our customers and shareholders. Your Mission As Group Controller, you will join our Group Finance team in a broad, hands-on role spanning financial controlling, FP&A and finance operations. Your work will cover areas such as cost controlling, reporting, forecasting, cash management and working capital. You will work closely with colleagues across Finance and the business, taking ownership and contributing where needed. This is an opportunity to build on your accounting or audit experience, broaden your operational understanding and grow across several areas of finance. Core Responsibilities Contribute to financial reporting, analysis and controls, ensuring reliable numbers and useful insights. Support cost controlling, budgeting and forecasting in certain areas in close dialogue with the business. Support with cash management, cash forecasting and working capital to support day-to-day financial operations. Contribute to effective operations around transfer pricing and inter-company financing; internal cost allocation, internal funding and other financial management on legal entity level Improve processes and ways of working, combining attention to detail with a practical, hands-on approach. Required Qualifications Bachelor’s or master’s degree in Accounting, Finance or similar. Strong experience (ideally a minimum of 3-5 years) in accounting, auditing or financial or business controlling, with a solid understanding of financial reporting and analysis. Big4 background is an advantage. An interest in moving closer to the business and developing broader experience in financial reporting and operations. Good Excel skills and confidence working with financial systems and data. Experience with Oracle Netsuite is an advantage. Good communication skills in English and the ability to collaborate across teams. Preferred Qualifications You are curious, structured and enjoy getting things done. You take responsibility for the quality of your work, ask questions and are keen to understand how the numbers connect to everyday operations. You enjoy variety and working in a small team where colleagues support each other. You bring a sound technical foundation and a willingness to learn; experience across every part of the role is not expected. Cash management and other operational finance activities offer opportunities to develop as you grow in the role. You are proactive and thrive in a fast- paced environment where we set ambitious goals and continuously improve how we work You have high professional standards. Start date: As soon as possible Duration: Full time Workplace type: Hybrid - working onsite at the of"
67045468224fd26b,"Interim Global Portfolio Lead, GBS Communication, Oslo",Fathia Omer,,,Unrated,Norway,Norway,https://jobbsafari.no/jobb/interim-global-portfolio-lead-gbs-communication-oslo-479942,2026-09-18T00:00:00.000Z,jobbsafari-no,50,Exploration: no strong signal yet,portfolio management,Investments / PE,,"We are looking for an experienced consultant for a six-month assignment with a large international company based in Oslo. The role sits at the intersection of communication, digital development and business. You will help turn communication and channel strategy into clear concepts, priorities, governance, processes and actionable work packages for internal teams and external vendors. This is not a traditional communications role, nor is it a purely technical or project management role. We are looking for someone who understands digital communication environments and who is strong at creating structure, alignment and progress in a complex global organisation. The assignment You will act as a key link between communication teams, digital development teams, the business and external vendors. A central part of the assignment will be to strengthen governance and ways of working across the digital communication portfolio, helping the organisation move from strategic direction to clear priorities and execution. You will, among other things: support owners of communication and channel strategies in turning strategic priorities into actionable initiatives translate business and communication needs into clear concepts, roadmaps and work packages help structure, prioritise and govern the digital communication portfolio across teams, channels and vendors establish and improve processes, governance and ways of working coordinate initiatives across communication, technology and business functions drive progress and ensure alignment across key stakeholders prepare and present recommendations and decision material coordinate and follow up external digital vendors and partners ensure that solutions and initiatives are viewed in a broader cross-functional context Who are we looking for? We are looking for an experienced consultant who combines strong communication and digital understanding with the ability to drive execution. You are likely to have experience within: digital communication, transformation, programme, project or portfolio management communication governance and process development digital communication platforms such as web, intranet, digital workplace or similar environments translating strategy and complex business needs into concrete concepts and deliverables stakeholder management in large and complex organisations working across communication, technology and business teams coordinating internal teams and external vendors preparing and presenting recommendations to senior stakeholders and steering groups Experience from large global companies and complex international matrix organisations is a strong advantage. You do not need to be a technical specialist or developer, but you must understand how digital solutions are developed and managed, and be able to translate business and communication needs into something technical teams can act on. Experience with digital workplace, intranet, web platforms, governance, vendor management, analytics or digital transformation is also an advantage. Personal qualities The personal fit will be important in this assignment. We are looking for someone who is: Professionally confident and comfortable providing clear recommendations Diplomatic , with the ability to navigate different priorities and perspectives Strong in stakeholder management and able to build trust across functions and seniority levels Structured , with the ability to manage several initiatives and dependencies at the same time Able to"
c073732efbaf93c5,PhD Candidate in Finance,BI Norwegian Business School,,,Unrated,Norway,Norway,https://jobbsafari.no/jobb/phd-candidate-in-finance-478240,2026-10-01T15:17:32.000Z,jobbsafari-no,50,Exploration: no strong signal yet,asset management; corporate finance,Other finance,,"BI Norwegian Business School is one of Europe's largest educational institutions, with over 20.000 students. As Norway's leading business school, BI builds on a unique tradition of combining academic rigour and professional relevance. Our programmes range from bachelor's to master's and PhD programmes. BI is also known for its many customized executive education programmes. BI boasts some of Europe's leading academic departments within the fields of economics, finance, strategy, marketing, and management. As an employee at BI Norwegian Business School you will meet exciting challenges in an engaging and international environment, with over 1000 colleagues who continuously push the frontiers of knowledge. The Department of Finance at BI Norwegian Business School is inviting applications for doctoral scholarships, start date August 2026. Department of Finance The department is committed to research at the highest international level. There are currently over 30 faculty members, and they represent about 20 nationalities. Faculty come from some of the world's best institutions such as University of Texas at Austin, UCLA, Ohio State University, Carnegie Mellon, University of Southern California, London Business School, and London School of Economics. Faculty members publish their research regularly in the top Finance and Economics journals. These publications have appeared in Journal of Finance, Review of Financial Studies, Journal Financial Economics, American Economic Review, Econometrica, Journal of Political Economy, and Review of Economic Studies. The strong commitment to research has earned the department a top 10 rank in Europe based on research output in top-tier academic Finance journals. The department runs an international weekly research seminar series in which academics from the world's best research institutions present their work. These seminars and other visits by international researchers give PhD candidates an excellent opportunity to reflect and receive feedback on their own research. The department also regularly organizes conferences and workshops. The department has access to all the commonly used international databases. Many faculty members also work with unique Norwegian micro data on firms and individuals obtained from official registers. The department hosts the Centre for Asset Pricing Research (CAPR) and the Centre for Corporate Governance Research (CCGR). These centres sponsor and support faculty research groups, conferences, and seminars. PhD specialization in Finance The PhD specialization in Finance prepares candidates for careers in the world's leading academic institutions, research-oriented international and national organizations, and the industry. Job market candidates from the department have found employment at premier universities, including London Business School, Tilburg University, University of Melbourne, and NOVA University Lisbon. Local placements in Norway include the Norwegian School of Economics, Financial Supervisory Authority, Boston Consulting Group, and Storebrand. The four-year program offers rigorous training for candidates with strong analytical skills and intellectual curiosity. It follows a standard structure in place at all comparable programs around the world. The first year is devoted to course work that covers all the major fields in Finance and core topics in Economics relevant for a Finance PhD. These courses are mainly taught by BI faculty. The candidates can also take special"
89623c6a7d8b0195,Chefkonsulent med overordnet forretningsansvar for udvikling og drift af clearinginfrastrukturen,Finans Danmark,,,Unrated,Denmark,"København K, DK",https://www.jobunivers.dk/job/finans-oekonomi-og-regnskab/?job=8440&offset=0,2026-10-09 07:38:00,jobunivers-dk,50,Exploration: no strong signal yet,catalog,Other finance,,"Finans Danmark har en stærk position i arbejdet med at forme rammevilkårene for den danske finanssektor og er i gang med at styrke denne rolle yderligere og ruste både organisationen og sektoren til en tid, hvor udfordringerne vokser nationalt og globalt, og hvor finanssektoren er en helt afgørende alliancepartner for samfundet, når det kommer til at finde fremtidens løsninger. Vi søger en chefkonsulent, der skal være med til at styrke vores udvikling og drift af den finansielle infrastruktur. Om stillingen Du får et centralt ansvar for den samlede udvikling og drift af clearingsinfrastrukturen. Du er med til at sikre, at clearingerne fungerer stabilt og sikkert i dag, samtidig med at de udvikles og tilpasses fremtidige krav fra sektoren, myndigheder og internationale samarbejdspartnere. Clearing Services er den fælles ramme for clearinginfrastruktur for betalinger i Danmark og fastlægger vilkår og regelsæt for konto-til-kontoinfrastrukturen, herunder STEP2 DKK (nyt), Intradagclearing og Sumclearing. Formålet er at sikre, at clearingerne kan afvikles sikkert, stabilt og effektivt. I teamet arbejder vi målrettet for robuste og fremtidssikrede løsninger, hvor stabil drift og beredskab er integreret i både udvikling og drift. Du bliver en del af teamet Udvikling og kritisk infrastruktur i Finans Danmark, hvor Clearing Services er organisatorisk forankret. Sammen sikrer I stabil drift og løbende udvikling af Clearing Services. Opgaver og ansvar Dine vigtigste opgaver og ansvar: Sætte strategisk retning for udvikling og drift af Clearing Services og omsætte denne til klare prioriteringer, beslutninger og leverancer. Sikre fremdrift på området både fagligt og på tværs af kolleger, deltagere, myndigheder, leverandører og internationale samarbejdspartnere. Agere centralt ankerpunkt og sætte retning for udviklingsprojekter, der sikrer modernisering af clearingsinfrastrukturen Udarbejde skarpe beslutningsoplæg, strategiske analyser og anbefalinger til ledelse, bestyrelse og relevante fora. Navigere i politiske og regulatoriske dagsordener og varetage Finans Danmarks og sektorens interesser i dialogen med myndigheder og øvrige interessenter. Sikre robust governance, risikostyring, compliance og beredskab omkring clearingerne, herunder håndtering af hændelser og nødprocedurer. Skabe sammenhæng mellem den eksisterende infrastruktur og transformationen mod nye danske og europæiske betalingsløsninger. Repræsentere Clearing Services i centrale samarbejds- og beslutningsfora og opbygge stærke relationer på tværs af sektoren og interessenter. Vi tilbyder Du får et job med stor indflydelse på et område, der er centralt for den danske finansielle infrastruktur. Du får mulighed for at kombinere strategi, politisk interessevaretagelse, governance og konkret eksekvering i tæt dialog med nogle af sektorens vigtigste aktører i Danmark og Europa. Vi lover en spændende, travl og udfordrende hverdag som er præget af højaktuelle sager, mediemæssigt såvel som politisk. Arbejdsdagen dækker både drift og udvikling, og det sker i tæt samspil med gode og fagligt tunge kolleger internt, såvel som hos vores medlemmer i den danske finansielle sektor. Du bliver en del af et team, der løfter i flok, og værdsætter samarbejde, sparring, godt humør, høj faglighed, et stærkt netværk og socialt samvær. Finans Danmark har til huse i Amaliegade i indre by, hvor du får ca. 110 kolleger. Vi er kendetegnet ved et højt fagligt niveau, et godt samarbejde og en uformel omgangstone. Vi læ"
334bd11f30b0d06f,Økonomer med interesse for den almene boligsektor,Social- og Boligstyrelsen,,,Unrated,Denmark,"København K, Hovedstaden, DK",https://www.jobunivers.dk/job/finans-oekonomi-og-regnskab/?job=8431&offset=0,2026-10-08 12:17:00,jobunivers-dk,50,Exploration: no strong signal yet,catalog,Treasury / Markets,,"Er du analytisk stærk, og kunne du tænke dig at arbejde med data og analyser på boligområdet? Så er du måske vores nye kollega i Kontor for Bolig i København. Kontor for Bolig Vi søger 1-2 økonomer til kontor for boliger, som beskæftiger sig bredt set med alle boligforhold i Danmark. Vi bidrager til politikudvikling og ny lovgivning med afsæt i statistik, analyser og økonomiske konsekvensberegninger. Vi har særlig fokus på udviklingen af den almene boligsektor, som udgør 20 pct. af boligmarkedet og danner rammen om 1 million menneskers hverdag. Kontor for Boliger ligger i København, hvor vi deler domicil og arbejdsdag med kollegaerne i vores søsterkontor for Byggeri. Vi er i alt ca. 70 faglige medarbejdere, heraf ca. 30 i Kontor for Boliger, der er organiseret i tre teams, som ledes af en kontorchef og to teamledere. Dine opgaver Du bliver forankret i enten team for Boligøkonomi eller team for Boligdata og områdeindsatser, hvor du skal løse dine opgaver i samarbejde med kollegerne i dit team, resten af kontoret og ministeriets departement. Dine opgaver består særligt i at udarbejde analyser og bearbejde registerdata på boligområdet herunder i relation til finansieringen af almene boliger. En væsentlig del af en opgaves løsning er at formidle dine resultater klart og præcist på skrift – og også gerne i tale. Inden for flere af kontorets områder arbejder vi strategisk med at opdatere og videreudvikle den tekniske understøttelse af kontorets data- og beregningsopgaver – herunder i nogle tilfælde for at opnå en højere grad af automatisering. Afhængig af dine interesser og kompetencer kan du også blive en del af dette arbejde. Opgaverne er typisk: Udarbejde analyser på basis af registerdata for den almene boligsektor Udarbejde beregninger, økonomiske analyser og konsekvensvurderinger af politiske initiativer på boligområdet Deltage i videreudviklingen af den tekniske understøttelse af kontorets data- og beregningsopgaver Bidrage til den løbende departements- og ministerbetjening inden for kontorets ansvarsområder, herunder lovforberedende arbejde Din profil Vi forestiller os, at du har stærke kvantitative kompetencer og en relevant samfundsvidenskabelig kandidatuddannelse, som f.eks. cand.polit, cand.oecon eller cand.scient.oecon, men andre relevante uddannelser kan også komme i betragtning. Det er en fordel, hvis du har erfaring med at programmere i SAS, R eller Python eller har erfaring med lignende programmer og mod på at lære nyt. Du må gerne have nogle års erfaring, men du kan også være nyuddannet. Desuden lægger vi vægt på, at du: Har erfaring med eller interesse for at arbejde med analyser af store datamængder/registerdata Arbejder analytisk, er detaljeorienteret og kvalitetsbevidst Kan arbejde selvstændigt og samtidig trives med at samarbejde med dygtige kollegaer med forskellige fagligheder Tager ansvar, er omhyggelig og følger opgaverne til dørs Kan formulere dig præcist og forståeligt skriftligt og mundtligt Om Social- og Boligstyrelsen Social- og Boligstyrelsen er en arbejdsplads med en spændende, relevant og travl hverdag, et stærkt kollegialt sammenhold, en uformel omgangstone og et højt ambitionsniveau. Vi tilbyder fleksible arbejdsvilkår med mulighed for hjemmearbejdsdage efter aftale. Kontorerne for Bolig- og byggeri ligger på Holmens Kanal i København. Løn og ansættelsesvilkår Vi søger 1-2 medarbejdere til kontoret. Stillingerne er faste fuldtidsstillinger med tiltrædelse den 1. januar 2027. Du ansættes i henhold til overen"
b73db5baea6abb29,Skriv dit speciale i samarbejde med Nationalbanken,Danmarks Nationalbank,,,Unrated,Denmark,"København Ø, Hovedstaden, DK",https://www.jobunivers.dk/job/finans-oekonomi-og-regnskab/?job=8422&offset=0,2026-10-08 07:56:00,jobunivers-dk,50,Exploration: no strong signal yet,catalog,Treasury / Markets,,"Er du interesseret i at skrive dit speciale inden for et af Nationalbankens interesseområder? Så har du nu muligheden. Med en specialeplads i Nationalbanken får du en enestående mulighed for daglig sparring under din specialeskrivning og samtidig indblik i, om Nationalbanken kunne være din fremtidige arbejdsplads. Vi tilbyder Specialepladser til kandidatstuderende på universiteter i Danmark, hvor du: • får din daglige gang i et udfordrende fagligt miljø • får stillet en mentor og en arbejdsplads til rådighed gennem hele din specialeskrivningsproces • får tilbud om at holde en opstarts-, midtvejs- og afsluttende præsentation, hvor du kan få sparring og nye perspektiver fra erfarne kollegaer og præsentere dine resultater. • modtager en erkendtlighed på 4.000 kr. pr. måned i de måneder, du skriver dit speciale hos os. Vær opmærksom på En specialeplads i Nationalbanken giver ikke adgang til Nationalbankens data. Afhængigt af dit specialeemne kan du via din uddannelsesinstitution i visse tilfælde få mulighed for at anvende registerdata gennem Danmarks Statistiks specialeordning . Du kan godt have et studiejob ved siden af specialeskrivningen. Afhængigt af dit specialeemne og den afdeling, du bliver tilknyttet, kan en eventuel interessekonflikt dog betyde, at du skal tage orlov fra eller opsige dit studiejob. Dette vurderer vi konkret i hvert enkelt tilfælde. Du kan godt skrive dit speciale i en gruppe, men I skal alle sende en individuel ansøgning. Hvilke emner kan jeg skrive speciale om i Nationalbanken? Som specialestuderende i Nationalbanken kan du enten skrive dit speciale inden for et af nedenstående emner, som de forskellige afdelinger beskæftiger sig med, eller du kan tage udgangspunkt i din egen idé til et emne, som du blot skal uddybe i din ansøgning. Finansiering af boligudlån i andre lande: I Danmark finansieres boligudlån typisk med realkreditlån, mens andre lande anvender andre finansieringsformer. Specialet kan sammenligne europæiske boliglånsmodellers risici, fordele og betydning for banker og finansielle markeder samt undersøge konsekvenserne for den finansielle stabilitet, hvis den danske model nærmer sig andre landes. Sammenhængen mellem kapital og vækst: Kreditinstitutternes kapitalniveau kan have betydning for både deres drift og udviklingen i realøkonomien. Specialet kan undersøge sammenhængen mellem kapital, profitabilitet, kreditgivning og økonomisk vækst med mulighed for at inddrage afkastkrav, egenkapitalforrentning og Modigliani-Miller-teoremet. Cyberrisici, AI og finansiel stabilitet: AI og avancerede AI-modeller ændrer trusselsbilledet for finansielle virksomheder. Specialet kan undersøge, hvornår cyberhændelser kan true den finansielle stabilitet, med fokus på fx angrebsformer, smittekanaler, kritiske funktioner og faktorer, der styrker virksomhedernes og det internationale samarbejdes robusthed. Generativ AI og AI-agenter i arbejdsprocesser: Generativ AI bruges allerede i Nationalbanken til at øge den personlige produktivitet og bidrager til at udvikle arbejdsprocesser. Specialet kan undersøge, hvordan generativ AI og AI-agenter kan gentænke og optimere arbejdsgange samt skabe målbar værdi i en moderne vidensorganisation. Geoøkonomisk fragmentering: Øget geoøkonomisk fragmentering kan påvirke økonomier på tværs af landegrænser. Specialet kan undersøge betydningen for fx makroøkonomiske forhold, internationale kapitalbevægelser eller den pengepolitiske transmission. Kunstig intelligens og samfundsøkonomi: Udbrede"
682af87f43d9bced,"Fuldmægtig til politiske og økonomiske processer i Kultur-, Fritids- og Borgerserviceforvaltningen","Københavns Kommune, Kultur-, Fritids- og Borgerserviceforvaltningen",,,Unrated,Denmark,"København V, DK",https://www.jobunivers.dk/job/finans-oekonomi-og-regnskab/?job=8420&offset=0,2026-10-07 15:33:00,jobunivers-dk,50,Exploration: no strong signal yet,catalog,Other finance,,"Vil du arbejde tæt på de politiske forhandlinger om budgettet i landets største kommune og sikre, at komplekse problemstillinger bliver omdannet til tydelige beslutningsoplæg? Så er du måske vores nye kollega, der kan være med til at gøre en forskel for det københavnske kultur- og fritidsliv. Grib chancen og kom med ombord Vi tilbyder en spændende stilling i kontor for Budget og Økonomistyring. Her vil du få en mangfoldig opgaveportefølje, som kræver, at du har lyst til og mod på at lære at begå dig på alle niveauer i vores politiske organisation og samarbejde med kolleger på tværs af hele Kultur-, Fritids- og Borgerserviceforvaltningen. Du får mulighed for at udvikle dig fagligt og personligt og vokse i nye ansvarsområder med højt prioriterede opgaver i snitfladen mellem politik og økonomi. Dine primære opgaver er Planlægge og styre processerne vedrørende de politiske forhandlinger om det kommende års budget Udarbejdelse af notater, indstillinger og beslutningsoplæg til ledelsen, direktion og det politiske niveau om økonomiske problemstillinger og politiske håndteringsmuligheder Formidle og rådgive på tværs af forvaltningen, hvor opgaverne varierer i kompleksitet og kræver inddragelse af samarbejdspartnere med stor faglig diversitet Er det dig? Vi søger en dygtig kollega, der trives med forskelligartede opgaver i krydsfeltet mellem politik og økonomi, er nysgerrig på organisationen som helhed og naturligt opsøger viden i samarbejde med kolleger. Du indgår let i nye relationer og trives med at indgå i et team, hvor vi udvikler os sammen fagligt, understøtter hinanden i opgaveløsningen og anvender hinandens kompetencer bedst muligt. Vi forestiller os, at du Har en relevant lang videregående samfundsvidenskabelig uddannelse, såsom cand.scient.pol., cand.polit./oecon. cand.merc., cand.scient.adm. eller tilsvarende Besidder relationelle kompetencer til at håndtere mange interessenter på tværs af fagområder Kan trives med periodisk høj arbejdsbelastning med mange bolde i luften og fart over feltet Har erfaring med eller er nysgerrig på offentlig økonomistyring og beslutningsprocesser i en offentlig, politisk styret organisation Er velbevandret i Office-pakken Om os I Budget og Økonomistyring sikrer vi gode processer og rammer omkring forvaltningens overordnede økonomistyring. Vores team koordinerer samtidigt de politiske forhandlinger om budgettet og understøtter drøftelserne i det politiske udvalg. Vi er stolte af at skabe sammenhæng mellem de politiske hensigter og økonomistyringen i forvaltningen. Som medarbejder i Budget og Økonomistyring får du indblik i hele forvaltningen og kan se, at tallene på skærmen har sammenhæng med virkeligheden ude i de københavnske gader. Vi er et kontor kendetegnet ved fleksibilitet og frihed i opgaveløsningen, stor tillid til den enkelte og en stærk fællesskabsfølelse – vi vil lykkes sammen, og det gør vi bl.a., når de usynlige processer bag de økonomiske og politiske forhandlinger fungerer. Derudover prioriterer vi sociale arrangementer og interesserer os for hinanden, både fagligt og privat, og vi har et bredt aldersspænd. Ansættelsesvilkår Stillingen er på fuld tid med løn- og ansættelsesvilkår efter kvalifikationer og i henhold til gældende overenskomst. Vi tilbyder en fleksibel arbejdstid, hvor det også vil være muligt med hjemmearbejdsdage, når opgaverne tillader det. Dit primære arbejdssted vil være Hans Nansens Gård, København V. Tiltrædelse ønskes pr. 1. december 2026 eller hurtigst muligt. Der ind"
247e4199013820a7,"Økonom til grøn omstilling, boligpolitik og finansiering",Finans Danmark,,,Unrated,Denmark,"København K, Hovedstaden, DK",https://www.jobunivers.dk/job/finans-oekonomi-og-regnskab/?job=8397&offset=0,2026-10-07 07:48:00,jobunivers-dk,50,Exploration: no strong signal yet,catalog,Treasury / Markets,,"Finans Danmark har sat en ny strategisk retning, der skal styrke vores samlede interessevaretagelse på finanssektorens vegne og sikre, at både organisationen og sektoren står stærkt i en tid med voksende nationale og globale udfordringer. Finanssektoren spiller en central rolle som alliancepartner for samfundet og i udviklingen af fremtidens løsninger. Som led i den fortsatte udvikling søger vi nu en økonom til afdelingen Realkredit og Ejendomsfinansiering. Om stillingen Du arbejder i krydsfeltet mellem økonomi, politik og finansiering, og bidrager til at positionere den finansielle sektor som en aktiv samfundspartner i den grønne omstilling. Du er med til at udvikle løsninger, der styrker mulighederne for at finansiere grøn energi, elnet, energieffektivisering, klimasikring og den bæredygtige omstilling af landbruget. Du får samtidig opgaver inden for boligmarkedet, landdistrikter og ejendomsfinansiering og bidrager til at udvikle politiske initiativer og varetage vores medlemmers interesser i Danmark og EU. Du lykkes ved at bringe din solide økonomiske faglighed i spil og omsætte analyser og viden til konkret interessevaretagelse og politiske løsninger. Det gør du i tæt samarbejde med vores medlemmer, myndighederne, europæiske institutioner og andre relevante interessenter. Opgaver og ansvar Du kommer til at arbejde med nogle af de store økonomiske og politiske dagsordener, som har betydning for den finansielle sektor og samfundet. Du skal bl.a.: Udarbejde økonomiske analyser og omsætte dem til konkrete politiske forslag og løsninger samt bidrage til beslutningsoplæg, faglige notater, høringssvar, politiske oplæg og pressemateriale. Identificere og arbejde for at fjerne barrierer for finansieringen af den grønne omstilling, f.eks. inden for energi, elnet, elektrificering, energieffektivisering og klimasikring bidrage til vores boligpolitiske arbejde og udvikle forslag der understøtter et velfungerende boligmarked med flere boliger og gode rammer for boligfinansiering arbejde med landbrugets økonomi og finansiering, herunder finansieringen af erhvervets grønne omstilling samarbejde tæt med vores medlemmer og relevante interessenter om at udvikle og drive dagsordener, der har betydning for samfundet og sektoren. Vi tilbyder Finans Danmark lover en spændende, travl og udfordrende hverdag - som for det meste er præget af højaktuelle sager, mediemæssigt såvel som politisk. Arbejdsdagen dækker både drift og udvikling, og det sker i tæt samspil med gode og fagligt tunge kolleger internt, såvel som hos vores medlemmer i den danske finansielle sektor. Du bliver del af et team, der løfter i flok, og værdsætter samarbejde, sparring, godt humør, høj faglighed, et stærkt netværk og socialt samvær. Finans Danmark har til huse i Amaliegade i indre by, hvor du får ca. 110 kolleger. Vi er kendetegnet ved et højt fagligt niveau, et godt samarbejde og en uformel omgangstone. Vi lægger vægt på udvikling og indflydelse. Om dig Vi forestiller os, at du Er en stærk økonom med en relevant økonomisk kandidatuddannelse, f.eks. cand.polit., cand.oecon. eller tilsvarende, og kan analysere komplekse problemstillinger og omsætte data og økonomisk faglighed til klare konklusioner og anbefalinger Du har nogle års relevant erhvervserfaring, fx fra en interesseorganisation, centraladministrationen, den finansielle sektor eller en anden politisk ledet organisation, og er vant til selvstændigt at drive faglige og politiske dagsordener fremad. Er god til at sætte dig ind"
e49f514272cc8459,"Student med lyst til at arbejde med data, indkøb og kontraktstyring i Økonomistyrelsen",Økonomistyrelsen,,,Unrated,Denmark,"København K, Hovedstaden, DK",https://www.jobunivers.dk/job/finans-oekonomi-og-regnskab/?job=8381&offset=0,2026-10-06 08:54:00,jobunivers-dk,50,Exploration: no strong signal yet,catalog,Other finance,,"Er du passioneret omkring at skabe værdi gennem data? Ønsker du at arbejde med nogle af de største og mest strategisk vigtige indkøbs- og udbudsprojekter i den danske stat? Så har du muligheden for at arbejde hos Økonomistyrelsen i Skt. Annæ Palæ tæt på Kongens Nytorv, Kongens Have og Marmorkirken – helt tæt på byens puls og med gode muligheder for offentlig transport. I Statens Indkøb & Jura som er en del af Økonomistyrelsen søger vi lige nu en engageret og serviceminded studerende med stærke analytiske evner og interesse for data, der kan bidrage til kommende udbud og kontraktstyringen af aftaler i Statens Indkøbsprogram og samtidig har lyst til at løse opgaver, der understøtter ledelsen og kontorets daglige drift. Få en afvekslende opgaveportefølje Statens Indkøbsprogram tæller en række fællesstatslige rammeaftaler, der anvendes af kolleger i staten og som er forankret i kontoret Statens Indkøb & Jura, hvor vi kontraktstyrer og løbende genudbyder aftalerne. Du vil indgå i et fagligt fællesskab af engagerede kollegaer, som sammen udgør et stærkt hold, der prioriterer sparring og faglig udvikling. Dine opgaver kan være: Udvikling af Excel-skabeloner der kan optimere analyse- og rapporteringsprocesser Formidling af data til brug for beslutningsprocesser, herunder gennemførelse af tilfredshedsundersøgelser Bidrage til kontraktstyring af aftaler, herunder skriftlig og telefonisk vejledning af kollegaer i staten og gennemgang og kontrol af salgsrapportering Deltagelse på udbudsprojekter, for eksempel med opgaver som udarbejdelse af beslutningsoplæg og referatskrivning Bidrage til at løse kontorets administrative driftsopgaver, så kontoret har de bedste forudsætninger for at lykkes med kerneopgaverne, for eksempel udarbejdelse af introprogram og planlægning af onboarding af nye kollegaer Det vi tilbyder dig Du bliver en del af et stærkt fagligt miljø og vil komme til at arbejde sammen med kollegaer, der vægter et højt fagligt niveau, såvel som et stærkt socialt sammenhold. Vi prioriterer, at du får spændende arbejdsopgaver samt faglig og personlig udvikling, og som student i Økonomistyrelsen vil du fuldt ud indgå i opgavevaretagelsen med egne ansvarsområder, så din tid hos os skaber et solidt springbræt til tiden efter studiet. Når du starter hos os, tager din buddy imod dig og præsenterer dig for dit onboardingforløb, ligesom du sammen med din nærmeste leder lægger en plan for din opgaveportefølje og faglige udvikling. Planen sikrer, at du arbejder med opgaver, som interesserer dig, og at du med tiden udvikler dine kompetencer. Hvem du er Vi søger en dygtig kollega med lyst til at bidrage til en velfungerende drift. Du kan godt have flere indgange til dette job. Vi forventer, at du: er i gang med en relevant samfundsvidenskabelig uddannelse, som eksempelvis cand.scient.pol., cand. scient. adm., cand.polit., cand.it., cand.merc. eller tilsvarende. har erfaring med at håndtere store datamængder i Excel er serviceminded og har gode formidlingsevner på skrift såvel som i tale er en udpræget holdspiller, der er engageret og tager et selvstændigt ansvar er social og sætter pris på et godt kollegaskab En hverdag med plads til både arbejds- og familieliv Vores kontor - der består af lidt under 30 medarbejdere med en baggrund fra både den offentlige og private sektor - er kendetegnet ved en stærk holdånd, og vi lægger stor vægt på, at arbejdsglæden skal være i top, og at vi har det sjovt i hverdagen. Vores kommunikation er åben, ligefrem og med et "
614f6b8720f908ad,Dygtige og engagerede medarbejdere søges til opgaver med at styrke det danske Forsvar i Forsvarsministeriets departement,Forsvarsministeriet,,,Unrated,Denmark,"København K, Hovedstaden, DK",https://www.jobunivers.dk/job/finans-oekonomi-og-regnskab/?job=8372&offset=0,2026-10-05 15:32:00,jobunivers-dk,50,Exploration: no strong signal yet,catalog,Other finance,,"Vil du være med til gennemførelsen af en historisk styrkelse af forsvaret? Er du den, der kan sikre den nødvendige fremdrift og finde løsninger på komplekse problemstillinger? Er du i stand til at betjene den politiske og administrative ledelse og håndtere ledelsesopgaver med overblik, selv når tempoet er højt? Så har du muligheden nu! Vi søger medarbejdere til Kontor for EU, Kontor for Internationale Forhold og Kontor for Ukraine i Forsvarsministeriets Afdeling for Sikkerhedspolitik, i Kontor for Nationalt Forsvar i Afdeling for Operationer og i hele afdelingen for styringen af Forsvarsministeriets økonomi. Om os Europa og Danmark står i en skærpet sikkerhedspolitisk situation, og det danske forsvar er i gang med en omfattende strategisk forandring, der indebærer en historisk styrkelse. Tryghed for Danmark og danskerne i et stadig mere komplekst trusselsbillede betyder, at der er behov for at øge hastigheden i opbygning af Forsvarets kampkraft, indkøbe materiel for store milliardbeløb, styrke internationale alliancer – ikke mindst NATO – samt styrke forsvaret i Arktis og Nordatlanten. Afdelingen for Sikkerhedspolitik i Forsvarsministeriets departement har til formål at sætte den strategiske retning for Danmarks sikkerheds- og forsvarspolitik efter regeringens og forsvarsministerens prioriteter. Vi arbejder med højaktuelle politiske sager med kort aftræk såvel som opgaver med et længere sigte. Kontor for EU arbejder for at skabe de bedste forudsætninger for Danmarks bidrag til og indflydelse på EU-samarbejdet på forsvarsområdet. Kontoret har også ansvaret for det sikkerheds- og forsvarspolitiske samarbejde i Norden, herunder i rammen af NORDEFCO. Kontor for Internationale Forhold arbejder bl.a. for at fremme Danmarks engagement og interessevaretagelse i NATO, Nordatlanten og Arktis. Det være sig nukleare spørgsmål, forholdet til USA, NATO-dagsordenen og den militære tilstedeværelse i Arktis m.m. I Kontor for Ukraine har vi ansvaret for at udvikle og implementere Danmarks militære bidrag til Ukraines frihedskamp. Vi står i centrum for Danmarks militære støtte til Ukraine – både nationalt og internationalt. I Kontor for Nationalt Forsvar har vi ansvaret for at den nationale forsvarsplanlægning er sammentænkt og tværministerielt understøttet. Kontoret har ansvaret for NATO’s krisestyringssystem og har også ansvar for strategisk planlægning og koordination af værtsnationsopgaver, NATO Enablement og EU Militær Mobilitet. Endelig har vi ansvaret for både IT, informations og militær sikkerhed i koncernen. I afdelingen for Koncernøkonomi arbejdes der med styringen og forhandlingerne om Forsvarets økonomi, der i disse år forøges betydeligt. Opgaverne omfatter bl.a. at forberede nye forhandlings- og beslutningsoplæg, styring og opfølgning på afsatte midler og initiativer og drøftelser med andre ministerier, Rigsrevisionen og myndighederne på Forsvarsministeriets område. Vi har fokus på godt kollegaskab og en god og varm omgangstone. Vi sparrer løbende med hinanden og samarbejder på tværs af departementet og ministerområdet. Om stillingerne i Kontor for EU Hos os er det en spændende hverdag der fylder, hvor du sammen med engagerede kollegaer vil skulle bidrage til at løse en bred vifte af opgaver, og hvor du vil få indgående kendskab til nationale såvel som internationale forsvars- og sikkerhedspolitiske problemstillinger - herunder ikke mindst det europæiske og nordiske samarbejde om sikkerhed og forsvar. Dine arbejdsopgaver kan blandt andet være"
6293aa576dd1c45b,Kontorchef til Økonomistyring og Regnskab i Forsvarsministeriet,Forsvarsministeriet,,,Unrated,Denmark,"København K, Hovedstaden, DK",https://www.jobunivers.dk/job/finans-oekonomi-og-regnskab/?job=8348&offset=0,2026-10-02 14:40:00,jobunivers-dk,50,Exploration: no strong signal yet,catalog,Other finance,,"Vil du være med til gennemførelsen af en historisk styrkelse af forsvaret? Er du den, der kan sikre den nødvendige fremdrift og finde løsninger på komplekse problemstillinger? Er du i stand til at betjene den politiske og administrative ledelse og håndtere ledelsesopgaver med overblik, selv når tempoet er højt? Så har du muligheden nu! Om os Europa og Danmark står i en skærpet sikkerhedspolitisk situation, og det danske forsvar er i gang med en omfattende strategisk forandring, der indebærer en historisk styrkelse. Tryghed for Danmark og danskerne i et stadig mere komplekst trusselsbillede betyder, at der er behov for at øge hastigheden i opbygning af Forsvarets kampkraft, indkøbe materiel for store milliardbeløb, styrke internationale alliancer – ikke mindst NATO – samt styrke forsvaret i Arktis og Nordatlanten. Kontor for Økonomistyring og Regnskab er ansvarlige for at understøtte den samlede udvikling, koordination og styring af økonomien på Forsvarsministeriets område. Om stillingen Som kontorchef for Økonomistyring og Regnskab vil du være ansvarlig for kontorets ledelse og faglige retning. Konkret bliver du chef for 11 medarbejdere, og du vil indgå i den samlede ledelse af afdeling for Koncernøkonomi, som består af en direktør og tre andre kontorchefer. Dine opgaver indebærer blandt andet, at du: leder og fordeler kontorets opgaver, herunder sætter retning, prioriterer og sikrer effektiv gennemførelse af opgaver og initiativer. sikrer høj kvalitet i policyudvikling inden for økonomistyring og regnskab varetager samarbejde og dialog med interne og eksterne aktører på området bidrager til udvikling i økonomistyring, herunder flerårige budgetter Om dig Vi forventer, at du har en relevant videregående akademisk uddannelse, f.eks. cand.scient.pol., cand.merc., cand.polit., cand.oecon. eller cand.jur. Du kan også have en militær uddannelsesbaggrund. Som kontorchef i Forsvarsministeriets departement forventes du at være bevidst om din ledelsesgerning, hvilket blandt andet betyder, at du: har solid erfaring med betjening af det politiske niveau i centraladministrationen og et skarpt blik for at skære sagerne til, både indholds- og formidlingsmæssigt, har stærke faglige og analytiske kompetencer samt vilje og evne til at sætte dig ind i komplicerede problemstillinger kan gå forrest i at skabe og vedligeholde gode samarbejdsrelationer internt i departementet, på tværs af Slotsholmen og med underliggende myndigheder, samt har stærke værdier og fokus på de klassiske embedsmandsdyder (Kodeks VII). Det er en fordel, hvis du har ledelseserfaring på kontorchefniveau, men du kan også være en stærk kandidat, hvis du har erfaring som f.eks. souschef, teamleder eller projektleder og har et klart potentiale for en større ledelsesopgave. Ansættelsesvilkår Løn- og ansættelsesvilkår forhandles efter rammeaftalen om kontraktansættelse af chefer i staten. Den endelige lønpakke vil afhænge af din baggrund og dine kvalifikationer. Stillingen er indplaceret i løngruppe 1. Derudover er der mulighed for at forhandle tillæg efter kvalifikationer, ligesom ansættelsen som udgangspunkt sker på åremål. Hvis du i forvejen er tjenestemand, er der mulighed for, at ansættelsen kan ske som tjenestemand i lønramme 37 efter en konkret vurdering. Ansøgningen skal stiles til Kongen, medmindre du allerede er indplaceret i lønramme 37. Såfremt du er udpeget til en international mission, bedes du gøre opmærksom på dette i din ansøgning. Hvis du ønsker at vide mere om løn- og ans"
f11b89c61b8da9ec,Dygtig økonom til politik- og metodeudvikling i Skatte- og Vækstministeriet,Skatte- og Vækstministeriet,,,Unrated,Denmark,"København K, Hovedstaden, DK",https://www.jobunivers.dk/job/finans-oekonomi-og-regnskab/?job=8346&offset=0,2026-10-02 13:48:00,jobunivers-dk,50,Exploration: no strong signal yet,catalog,Treasury / Markets,,"Vil du bidrage til at sikre, at politikudviklingen på skatteområdet sker på et fagligt velbelyst grundlag? Vil du indgå i et stærkt fagligt og socialt fællesskab? Arbejde i et politisk drevet miljø? Og vil du være med til at udvikle regneprincipper vedrørende selskabs-, erhvervs- og aktiebeskatning? Så er du måske vores nye kollega i kontoret Selskabsbeskatning i et af de helt centrale ministerier på Slotsholmen. Om stillingen I kontoret Selskabsbeskatning (SEB) bliver du en del af et engageret hold på syv dygtige økonomer. Vi arbejder tæt sammen med vores kollegaer i det juridiske søsterkontor på selskabsområdet, samt ministeriets øvrige kontorer på både det finansielle, økonomiske og internationale område. Vores fagområde spænder nemlig bredt, og omfatter både beskatningen af små erhvervsdrivende, multinationale selskaber og deres aktionærer. Du vil derfor arbejde med dagsordener som fx regelforenkling, vækst og iværksætteri samt en kommende kapitalbeskatningsreform. Som økonom i SEB arbejder du i spændingsfeltet mellem økonomi og politik. Du omsætter økonomisk fagkundskab til konkrete faglige vurderinger, der danner fundament under de politiske beslutningsprocesser. Du indgår samtidig i kontorets løbende arbejde med økonomisk metodeudvikling på centrale områder, herunder med adfærdseffekter af fagområdets skatter og afgifter. Vores analyser og vurderinger skal formuleres skarpt, når vi leverer input direkte til regeringens økonomiske politik. Det stiller krav til både din kreativitet og dine formidlingsevner. Til gengæld tilbyder vi et inspirerende og stærkt fagligt miljø med et tæt samarbejde på tværs af de økonomiske ministerier, hvor også din udvikling vil være i fokus. Vi løser opgaverne i fællesskab, og dine opgaver bliver blandt andet at: Udarbejde beslutningsoplæg til ministeren og regeringen. Understøtte ministeriets arbejde med regelforenkling. Betjene kommissioner og ekspertudvalg med analyser og beregninger, herunder den kommende kommission for kapitalbeskatning. Foretage provenuberegninger og drive metodeudvikling på forskellige områder, herunder fx forberedelse til regeringens kommende iværksætterpakke. Bidrage til kontorets internationale arbejde i OECD og EU. Formulere svar på spørgsmål fra Folketinget. Om dig Du er formentlig en fagligt højt kvalificeret økonom – med en uddannelse som cand.polit., cand.oecon., cand.scient.oecon. eller lignende. Men det vigtigste er, at du er analytisk tænkende, og at du hurtigt kan sætte dig ind komplekse sammenhænge, og indfange de væsentligste politiske afvejninger. Du kan være nyuddannet eller have et par års erfaring. Du skal have lyst og evner til at arbejde med analyser og metodeudvikling inden for det skattepolitiske område generelt, men især med fokus på samfundsøkonomiske virkninger af beskatningen af selskaber og aktionærer. Formidling af analyser og resultater vil være en central del af arbejdet. Du skal derfor kunne formulere dig godt på skrift, samtidig med at du har mod på at sætte dig ind i tekniske problemstillinger og lave økonomiske beregninger. Som person er du engageret og ansvarsbevidst med udpræget gode samarbejdsevner og en positiv indstilling, Også når tingene går stærkt. Du motiveres af at selvstændigt ansvar, og du har lyst til at præge kontorets faglige udvikling i fællesskab med dine nye kolleger. Vi forventer, at du trives i et afvekslende miljø, hvor nogle opgaver er præget af korte deadlines, fx i forbindelse med politiske forhandlinger, mens andre opgav"
a304a28effabd112,Departementet for Finanser søger 1-2 fuldmægtige/jurister,Grønlands Selvstyre,,,Unrated,Denmark,"Nuuk, Grønland, DK",https://www.jobunivers.dk/job/?job=8160,2026-09-14 13:13:00,jobunivers-dk,50,Exploration: no strong signal yet,catalog,Other finance,,"Har du evnen og lysten til at arbejde med både sagsbehandling, ministerbetjening og lovforberedelse? Vi søger jurister, der trives med at skabe struktur i komplekse opgaver, holde overblik over mange parallelle processer og sikre, at opgaver bliver fulgt helt til dørs. Du motiveres af at planlægge, koordinere og skabe orden i sagsforløb, lovprojekter og beslutningsprocesser. Departementet arbejder med lovgivning på skatteområdet, fysisk landsplanlægning og offentlig økonomistyring. Derudover varetages lovgivningen på det finansielle område i samarbejde med rigsmyndigheder. På skatteområdet kan arbejdet både omfatte implementering af politiske reformer og den løbende ajourføring og tilpasning af skattelovgivningen. På landsplanområdet ses der en stadig øget efterspørgsel efter arealer, og der er behov for at modernisere lovgivningen og sikre en bedre landsplanlægning. På det økonomiske område kan arbejdet bl.a. omfatte lovgivning og afgørelser i relation til Budget- og Regnskabsloven. Derudover omfatter opgaverne vejledning på disse sagsområder og sagsbehandling, herunder klagesagsbehandling over kommunernes afgørelser i medfør af planlovgivningen. Stillingen passer godt til dig, der trives med at skabe overblik i komplekse sager og processer. En væsentlig del af arbejdet består i at planlægge, koordinere og følge op på lovgivningsprojekter, politiske beslutningsprocesser og sagsbehandling, hvor præcision, struktur og rettidig levering er afgørende. Du vil blive knyttet til et af vores arbejdsområder som f.eks. skatter, afgifter eller inddrivelse, afhængigt af dine kvalifikationer, kompetencer og ønsker. Du vil primært blive beskæftiget med et af de nævnte sagsområder, men må forvente også at få juridiske opgaver inden for andre af departementets områder, f.eks. sagsbehandling af klager. Hvad kan du forvente? Du … vil få en central rolle i at planlægge, koordinere og sikre fremdrift i juridiske sager og lovgivningsprojekter, kommer til at arbejde selvstændigt med juridiske opgaver inden for lovgivning og sagsbehandling, bliver en del af en afdeling med stor juridisk erfaring – og får udviklet dine juridiske kompetencer, bliver en del af Departementet for Finanser, som er kendetegnet ved at have en uformel omgangstone, korte kommandoveje og engagerede kollegaer, kommer til at arbejde med eksperter inden for deres felt, vil komme til at rådgive den øverste ledelse, vil arbejde tæt på de politiske processer på et område med stor bevågenhed og mange interessenter, vil medvirke til at løse opgaver, som gør en forskel for borgerne. Vi tilbyder… et spændende og ansvarsfuldt job med personlige og faglige udviklingsmuligheder, en høj grad af indflydelse på dit arbejde, kurser og oplæring, så du bliver godt klædt på til rollen som ansat i Grønlands Selvstyre, en aktiv personaleforening med attraktive tilbud, sociale arrangementer og medarbejderfordele, en god kantineordning med fokus på grønlandske råvarer. Dine kvalifikationer Du er færdiguddannet cand.jur. eller cand.merc.jur. og har gerne nogle års erfaring, men en dygtig og engageret nyuddannet kan også komme i betragtning. Du… er struktureret og har et talent for at skabe overblik, systematik og orden i komplekse sagsforløb, arbejder metodisk og trives i et hektisk miljø, har kendskab eller interesse i et eller flere af de fagområder, som vi arbejder med, er velformuleret i tale og skrift, må meget gerne kunne tale og skrive grønlandsk, dansk og engelsk og have kendskab til grønlandsk kultur "
ddf2485b3df888c1,Stærk ansættelsesretsjurist til Chefer og Jura i Djøf,Djøf,,,Unrated,Denmark,"København K, Hovedstaden, DK",https://www.jobunivers.dk/job/?job=8317,2026-10-01 12:13:00,jobunivers-dk,50,Exploration: no strong signal yet,catalog,Other finance,,"I Chefer og Jura søger vi en ansættelsesretsjurist, der har lyst til at arbejde med komplekse juridiske problemstillinger og rådgive nogle af Djøfs mest erfarne medlemmer – offentlige og private chefer, direktører, advokater og advokatfuldmægtige. Du får selvstændigt ansvar for dine egne sager og kommer tæt på medlemmerne i situationer, hvor både jura, forhandling, dømmekraft og situationsfornemmelse er afgørende. Sagerne handler ikke altid kun om, hvad der juridisk kan lade sig gøre. Som rådgiver skal du også kunne forstå medlemmets rolle som chef eller direktør, den organisatoriske kontekst og de hensyn, der kan være afgørende for at kunne finde den rigtige løsning. Vi forestiller os, at du har omkring 4-5 års erfaring med ansættelsesret. Det er en fordel, hvis du har erfaring fra både det offentlige og private arbejdsmarked, men det er ikke et krav. Det afgørende er, at du har et stærkt juridisk fundament og lyst til at udvikle dig til at kunne rådgive sikkert på tværs af begge områder. Erfaring med offentlig ansættelsesret, tjenestemænd, tjenstlige sager eller embedsmandsvilkår er en fordel, men ikke et krav. Dine opgaver Du får selvstændigt ansvar for en bred portefølje af ansættelsesretlige sager med hovedvægt på rådgivning af offentlige og private chefer, direktører, advokater og advokatfuldmægtige. Du kommer blandt andet til at: rådgive og forhandle om løn-, ansættelses- og fratrædelsesvilkår samt forhold i det løbende ansættelsesforhold, rådgive om komplekse ansættelsesretlige problemstillinger på både det offentlige og private arbejdsmarked og i advokatbranchen gennemgår og forhandle ansættelseskontrakter og fratrædelsesaftaler bistå medlemmer telefonisk og skriftlige og omsætte kompleks jura til klare handlemuligheder sparre med kolleger om vanskelige juridiske og strategiske problemstillinger indgå i og bidrage til overenskomstforhandlinger og andre opgaver på det kollektive område Din profil - vi leder efter en jurist med speciale i ansættelsesret Du er uddannet jurist og har et stærkt juridisk fundament. Du trives med komplekse ansættelsesretlige problemstillinger og motiveres af at skabe gode og holdbare løsninger for medlemmerne. Du arbejder grundigt og med god dømmekraft. Du kan identificere kernen i en vanskelig sag, foretage en sikker juridisk analyse og omsætte den til konkret og anvendelig rådgivning. Samtidig kan du løfte blikket fra den enkelte juridiske problemstilling og forstå den større organisatoriske og menneskelige sammenhæng. Du trives i et fagligt miljø, hvor vi bruger hinanden aktivt. Du deler din viden, beder om sparring, når det er nødvendigt, og bidrager konstruktivt til både det faglige og sociale fællesskab. Vi lægger særligt vægt på, at du har et stærkt juridisk og analytisk niveau og kan omsætte kompleks jura til klar, præcis og anvendelig rådgivning har erfaring med ansættelsesret – gerne fra både det private og offentlige område arbejder selvstændigt, effektivt og struktureret, tager ejerskab for dine sager og sikrer fremdrift og tydelig kommunikation med medlemmet undervejs har organisatorisk tæft og en veludviklet situationsfornemmelse kommunikerer klart og overbevisende – både skriftligt og mundtligt er en dygtig rådgiver og forhandler, der kan skabe tillid hos både medlemmer og modparter er ambitiøs, kvalitetsbevidst og proaktiv og har lyst til at bidrage til udviklingen af vores juridiske fagmiljø er en god kollega, der deler viden, giver og modtager feedback og bidrager til fællesskabet. V"
db838e761962f40d,Kontorchef til Bolig- og Ejendomsområdet,Grønlands Selvstyre,,,Unrated,Denmark,"Nuuk, Grønland, DK",https://www.jobunivers.dk/job/?job=8298,2026-09-30 07:38:00,jobunivers-dk,50,Exploration: no strong signal yet,catalog,Other finance,,"Departementet for Boliger, Infrastruktur, Yderdistrikter og Beredskab søger en kontorchef til Bolig- og Ejendomsområdet i Anlægsafdelingen. Vil du stå i spidsen for et fagområde, der arbejder med boligpolitik, boligfinansiering, lovgivning og politisk-administrativ betjening på et område med stor betydning for borgere og samfund? Departementet for Boliger, Infrastruktur, Yderdistrikter og Beredskab søger en fagligt stærk og engageret kontorchef til Bolig- og Ejendomsområdet. Bolig- og Ejendomsområdet varetager en bred opgaveportefølje inden for boligpolitik, boligfinansiering og lovgivning. Området har desuden ansvar for administrationen af Selvstyrets udlejningsboliger og varetagelsen af Selvstyrets ejerrolle for ejendomme og øvrige materielle aktiver, herunder køb og salg. Herudover varetager området borgerhenvendelser og politisk-administrativ betjening. Bolig- og Ejendomsområdet er organisatorisk placeret i Anlægsafdelingen. Afdelingen varetager blandt andet den centrale bygningsmyndighed og Selvstyrets centrale bygherrerolle for nybyggeri samt opgaver inden for bolig og ejendom, yderdistrikter, forsikringer og ekstern fondsfinansiering. Afdelingen har desuden ansvar for departementets økonomiopgaver og administration af anlægsbevillinger på tværs af Selvstyrets ressortområder. Om stillingen Som kontorchef får du det faglige og personalemæssige ledelsesansvar for Bolig- og Ejendomsområdet. Bolig- og Ejendomsområdet består af en jurist, to fuldmægtige, en økonomisk sagsbehandler og en kontorfuldmægtig. Medarbejderne har forskellige faglige profiler og ansvarsområder og arbejder blandt andet med boligfinansiering, fast ejendom, lovgivning, lejeboligområdet, køb og salg af aktiver, borgerhenvendelser og politisk-administrativ betjening. Du får ansvar for at sætte retning for området, prioritere og koordinere opgaverne og sikre høj kvalitet og fremdrift i opgaveløsningen. Samtidig skal du understøtte medarbejdernes faglige udvikling og skabe gode rammer for selvstændig opgaveløsning, ansvar og samarbejde. Stillingen kombinerer personaleledelse og faglig ledelse med lovgivningsarbejde, myndighedsopgaver, økonomiske og administrative problemstillinger samt tæt politisk-administrativ betjening. Du refererer til afdelingschefen for Anlægsafdelingen og vil have et tæt samarbejde med departementets ledelse og Naalakkersuisoq samt med andre departementer, kommuner, selskaber, finansielle institutioner og øvrige samarbejdspartnere. Dine opgaver Dine opgaver vil blandt andet være: personaleledelse og faglig ledelse af medarbejderne på Bolig- og Ejendomsområdet prioritering, koordinering og kvalitetssikring af områdets samlede opgaveportefølje rådgivning og faglig sparring med medarbejderne i konkrete og principielle sager udvikling, administration og opfølgning på områdets lovgivning strategisk udvikling og opfølgning på administrationen af Selvstyrets udlejningsboliger overordnet ansvar for administration og udvikling af Selvstyrets boligfinansieringsordninger varetagelse af Selvstyrets ejerrolle for ejendomme og øvrige materielle aktiver, herunder køb, salg og overdragelse administration af reglerne om erhvervelse af adkomst eller brugsret til fast ejendom og arealer behandling og kvalitetssikring af principielle og generelle spørgsmål indenfor områdets ansvarsområdet udarbejdelse og kvalitetssikring af oplæg til Naalakkersuisut, § 37-besvarelser, høringssvar, notater og øvrigt politisk materiale rådgivning og politisk-administrativ betjening "
3e3cb9b785569faa,Økonom til International Skattepolitik i Skatte- og Vækstministeriet,Skatte- og Vækstministeriet,,,Unrated,Denmark,"København K, Hovedstaden, DK; København K, DK",https://www.jobunivers.dk/job/finans-oekonomi-og-regnskab/?job=8437&offset=0,2026-10-08 13:17:00,jobunivers-dk,36,Check: junior or graduate level,catalog,Other finance,,"Har du interesse for internationalt samarbejde, og trives du i krydsfeltet mellem økonomisk analyse og politik? Vil du være med til at præge den danske holdning til skattepolitiske forhandlinger i bl.a. EU og OECD? Trives du med en bred samarbejdsflade og forskelligartede opgaver? Så er du måske den kollega, vi søger til International Skattepolitik. Om stillingen International Skattepolitik (ISK) er Skatte- og Vækstministeriets kontor for internationalt samarbejde på skatte- og toldområdet. Som medarbejder i kontoret vil du beskæftige dig med udformningen af dansk holdning inden for skatteområdet og varetagelse af Danmarks interesser i internationale forhandlinger og fora som EU, OECD, Norden og FN. I den forbindelse vil du bl.a. komme til at bidrage til økonomiske analyser og policy-udvikling indenfor international skattepolitik. Du vil også bidrage med analyser til Skatte- og Vækstministeriets forhandlinger af dobbeltbeskatningsoverenskomster . Du vil selvstændigt skulle koordinere en række processer med andre ministerier i forbindelse med udarbejdelse af dansk holdning og tilblivelse af nye politiske udspil på bl.a. EU-niveau. Du vil derfor få en bred samarbejdsflade, både internt i ministeriet og i forhold til andre ministerier. Dine opgaver vil bl.a. være: Udformning af dansk holdning til bl.a. EU-forslag indenfor skatteområdet Beslutningsoplæg og regeringssager inden for ISK’s område Betjening af skatte- og vækstministeren og Folketinget Udarbejdelse af konsekvensvurderinger af internationale skattepolitiske initiativer Analyser til arbejdet med dobbeltbeskatningsoverenskomster Deltagelse i internationale arbejdsgrupper Besvarelse af spørgsmål fra Folketinget. Du vil blive en del af et kontor med 10 medarbejdere og to kontorchefer. Vi er både økonomer, jurister og generalister, og vi lægger stor vægt på at have det godt med hinanden og de andre kontorer i ministeriet. Vi har fokus på, at vores medarbejdere løbende udfordres, og sigter derfor efter, at både nyuddannede og erfarne oplever en stejl læringskurve i kraft af opgaver, der understøtter en fortsat faglig og personlig udvikling. Du skal være indstillet på, at der i perioder kan være en større arbejdsbyrde, hvorfor det er nødvendigt, at du er parat til at gøre en ekstra indsats, men vi prioriterer, at arbejde og fritid er i balance. Om dig Du er cand.polit./oecon. eller lignende. Du er nyuddannet eller har nogle års erfaring, og det vil være en fordel, hvis du har kendskab til arbejdet med EU- og/eller OECD-processer. Du har en stærk faglighed, forståelse for det politiske miljø, og du har gode formulerings- og kommunikationsevner på dansk og engelsk, både skriftligt og mundtligt Som person har du et stort engagement, et godt humør og en positiv indstilling. Du er grundig, selvstændig og initiativrig. Du trives med at samarbejde med andre og lægger vægt på at opbygge stærke samarbejdsrelationer. Du kan drive og agere i komplekse processer, og du føler dig hjemme i et miljø, hvor tempoet til tider er højt. Arbejd tæt på det, der tæller I Skatte- og Vækstministeriet arbejder vi tæt på de politiske processer på et område med stor bevågenhed og mange interessenter. Vi bruger alle vores kræfter på at løse vores opgaver på en ordentlig måde samtidig med, at vi sætter retning og skaber løsninger for hele vores koncern. Vi er et fagligt og ambitiøst departement med ca. 330 ansatte, der dagligt løser udfordrende opgaver på tværs af discipliner. Vi ved, at den gode løsning opstår i sa"
3b6f0b8e5f07ce16,Senior Finance Data Analyst,St1 Oy,,,Unrated,Finland,"Helsinki, FI",https://www.baronacareers.com/fi/fi/jobs/senior-finance-data-analyst-st1-nordic-oy,2026-10-09,barona-fi,65,"Positive: finance transformation / analytics, plausible level; verify responsibilities",catalog,Investments / PE,,"ABOUT THE COMPANY St1 is an energy transition company with the vision to be the leading producer and seller of CO₂-aware energy. St1 operates in Finland, Sweden, Norway, and the United Kingdom. St1’s energy portfolio encompasses oil products, biogas, Sustainable Aviation Fuel (SAF), renewable diesel (HVO), and solar power. Furthermore, St1 is advancing various major energy transition projects, including transition investments at the oil refinery in Gothenburg. St1 has 1.250 retail stations in Finland, Sweden and Norway. St1’s retail network offers marketplaces with fuels, a growing number of EV charging and biogas filling points for heavy-duty transport as well as car wash, alongside stand-alone convenience stores and restaurants. Together, we’re more than 1,000 curious, committed, and caring people here to change the game. Ready to challenge the ordinary with us? JOB SUMMARY Location: Helsinki, TriplaStart date: As agreedPosition type: Full-timeAre you a Senior Finance Data Analyst who sees opportunities where others see manual work?Do you enjoy turning business questions into practical analytics, automation and AI-enabled solutions? This is an opportunity to shape a new role at the intersection of Finance, data and technology. Finance is building stronger data foundations and investing in modern planning, reporting and analytics capabilities.Your mission is to convert those foundations into practical solutions that reduce manual work, accelerate insight and help Finance teams make better decisions. You will help shape a new role and its initial portfolio. You will work with real Finance challenges, growing data foundations and modern technology options, while keeping business value, security, governance and sustainable adoption at the centre.St1 is an energy transition company working to lead the production and sale of CO₂-aware energy across Finland, Sweden, Norway and the UK. We are driving major transition projects at our Gothenburg refinery and in other parts of the business, and we run about 1,250 retail stations in the Nordics. Together, we are more than 1,000 curious, committed and caring people here to change the game. Ready to challenge the ordinary with us?How you’ll help drive the changeJoining St1, you will be part of running and developing a profitable business that invests in long-term energy solutions. As Senior Finance Data Analyst, you will own the Finance automation and analytics opportunity pipeline and drive selected use cases from problem definition through piloting, implementation, adoption and benefit tracking.You will select the most suitable approach for each business need, whether that means analytics, business intelligence, workflow automation, robotic process automation, machine learning, large language models or other emerging capabilities. You will work closely with Finance process owners, Business Control, the Finance Data Steward and Business Technology / Data & Analytics specialists.Your daily impactIdentify repetitive, manual and insight-intensive Finance activities where automation, AI or analytics can create meaningful value.Maintain a portfolio of Finance automation, analytics and AI use cases based on business value, feasibility, data readiness and control requirements.Develop or coordinate practical solutions such as analyses, dashboards, workflow automations, forecasting support, anomaly detection and AI-assisted reporting.Lead proofs of concept and pilots, evaluate results and help successful s"
22120fa01178a016,"Financial Analyst, Vantaa",Employer not stated,,,Unrated,Finland,Vantaa,https://www.academicwork.fi/en/jobs/j/financial-analyst-vantaa/HKQE98,,academicwork-fi,55,Positive: plausible level; verify responsibilities,Academic Work finance title,Corporate Finance / M&A,,"Financial Analyst, Vantaa | Academic Work For job seekers Accelerated learning programs For companies About us EN Get Started EN Back to job list Advert ID : HKQE98 Financial Analyst, Vantaa Join a dynamic finance team as a Financial Planning & Analysis Analyst. In this role, we value a hands-on attitude and ownership. While you will be building processes and partnering with business leaders, you will also take responsibility for core operational and transactional finance activities. Apply now Location : Vantaa Start date : ASAP Extent : Full time, Full-time (37.5 hours per week) Type of work : Staffing About the role As an FP&A Analyst you will be responsible for preparing accurate and timely financial reporting, developing forecasts, and providing insights to help guide decision-making. You will also play a key role in improving financial processes and developing our systems to enhance transparency and efficiency. You will manage Group P&L processes at the system level. This requires a strong understanding of the business logic behind system inputs to ensure data accuracy. We highly value a resilient, hands-on attitude. Over time, your role offers the potential to expand into harmonizing SG&A costs across our eight business units. We place a strong emphasis on personal motivation and team fit. Beyond technical expertise, we are looking for someone who is a self-starter, willing to own and develop their domain, and of course contribute positively to our team spirit. The ideal candidate will not only bring financial skills but also demonstrate a genuine enthusiasm for continuous improvement and working closely with others to achieve success. Work tasks A versatile financial role balancing analytical process management, business partnering, and budgeting across multiple business units. Contribute to Management Reporting and conduct financial analysis in connection to month end closing and on ad-hoc basis Facilitate and contribute to monthly financial forecasting and annual planning processes Support the monthly closing processes as part of the Group Finance organization Take part in developing our processes, analysis methods, tools and systems to ensure transparency, efficiency and accuracy Collaborate with company’s Business Units and Functions teams regarding all the above-mentioned topics We are looking for Degree in Finance, Accounting, Business Administration, or a related field 3-5 years relevant work experience from e.g. FP&A, business or financial controlling, or other equivalent experience Strong analytical capabilities and financial acumen. Ability to synthesize large amounts of information into clear insights Keen interest in technology with a good understanding of how IT can be leveraged in a finance context to optimize processes and drive business outcomes Professional fluency in English; proficiency in Finnish and/or Swedish is an advantage It is meritorious if you have Good knowledge of accounting or bookkeeping principles Basic understanding of modern business technology systems such as HFM, Snowflake, or Tableau Good knowledge of Business Partnering and hands-on budgeting processes Our recruitment process This recruitment process is handled by Academic Work and it is our client’s wish that all questions regarding the position is directed to Academic Work. Our selection process is continuous and the advert may close before the recruitment process is completed if we have moved forward to the next phase. The process include"
96f1f7b47e5b374f,Associate M&A Advisory (m/w/d),Deloitte GmbH,,,Unrated,Germany,"München, Bayern, DE",https://www.arbeitsagentur.de/jobsuche/jobdetail/15794-471220_50254-1-S,2026-06-26,arbeitsagentur-de,65,"Positive: transactions / M&A, plausible level; verify responsibilities",deal advisory; debt advisory; investment associate,Investments / PE,,"Deloitte bietet führende Prüfungs- und Beratungsleistungen in Audit & Assurance, Tax & Legal, Consulting und Advisory – für nahezu 90 % der Fortune Global 500® und zahlreiche private Unternehmen. Wir liefern innovative Denkansätze, lösen komplexe Herausforderungen und fördern nachhaltiges Wachstum. Mit rund 470.000 Mitarbeitenden weltweit eröffnen wir hervorragende Karrierechancen – getragen von einem starken „Wir“ und einer Vielfalt an Perspektiven und Fähigkeiten. Du willst im Bereich Strategy, Risk & Transactions – Advisory – Mergers & Acquisitions Kunden entlang des gesamten M&A-Deal-Zyklus begleiten – von Strategie und Due Diligence über Finanzierungs- und Technologiefragen bis hin zur erfolgreichen Umsetzung und Integration von Transaktionen? Unser Team unterstützt Mandanten beim Kauf, Verkauf oder Zusammenschluss von Unternehmen - strategisch, finanziell und rechtlich. Sichere unseren gemeinsamen Erfolg und mach mit uns den Unterschied: als Associate M&A Advisory (m/w/d). Standorte: München und Frankfurt (Main). Dein Impact: Als Associate M&A Advisory (m/w/d) leitest du mit einem Projektverantwortlichen M&A-Beratungsprojekte in der Deal Execution – und trägst so zu effizientem Know-how-Transfer, reibungslosen Abläufen und optimaler Kommunikation aller Projektbeteiligter bei. Aufgabenvielfalt: Du koordinierst sämtliche Verkaufsdokumentationen wie Teaser oder Mana­gementpräsentationen und führst eigenständig Unternehmensbewertungen unter Anwendung verschiedener Methoden, einschließlich LBO, DCF und Trading / Transaction Multiples, durch. Kommunikation: In deinen Projekten bist du eine wichtige Ansprechperson für Kunden, potenzielle Investoren und deine Kolleg:innen in allen operativen Fragen der Deal Execution. Investor Relations: Für Deals und Business-Development-Aktivitäten trittst du in Kontakt mit potenziellen Investor:innen oder Unternehmen und baust die Beziehung kontinuierlich aus. Konzeption: Im Team sorgst du für die Erstellung von Markt- oder Branchenanalysen sowie Unternehmensrecherchen und erstellst Pitch-Präsentation im Rahmen von Ausschreibungen. Support: Für weniger erfahrene Kolleg:innen bist du mit deinem Know-how zu M&A-Projekten sehr gefragt und leistet so einen wesentlichen Beitrag zur Weiterentwicklung des Teams. Dein Skillset: Erfolgreicher Studienabschluss, mindestens zwei Jahre relevante Berufserfahrung in der M&A-Beratung, Leveraged Finance bzw. Investmentbanking, im Private Debt, im Private Equity oder im Corporate M&A Bereich eines Unternehmens Zahlenaffinität, sicherer Umgang mit MS Office, Lust auf anspruchsvolle Projekte in einem dynamischen Transaktionsumfeld und in einem interdisziplinären Team Hohes Engagement, Eigenverantwortung, ergebnisorientierte und agile Arbeitsweise Reisebereitschaft sowie Freude an der Kommunikation und Präsentation auf Deutsch und Englisch (sehr gut in Wort und Schrift) Deine Chance: Best-in-class Weiterbildung an der Deloitte University sowie im Rahmen individueller Qualifikationsangebote und Trainings Umfassende Entwicklungschancen durch strukturierte Karriereplanung, Inclusive Leadership, Entsendungsprogramme, projektbasierte Job-Rotation sowie Förderung sozialen Engagements und Corporate Volunteering Vereinbarkeit von Beruf & Familie dank Mobile Working & Teilzeit, Sabbaticals und Familienservice, z. B. zur Unterstützung für pflegende Angehörige, Elternzeit-Beratung und vielem mehr Gesundheit & Fitness im Fokus durch regelmäßige Gesundheitstage, Kooperationen mit Fitne"
ab48925b917005ff,Senior Associate M&A Advisory (m/w/d),Rödl GmbH RAG StBG,,,Unrated,Germany,"Hamburg, Hamburg, DE",https://www.arbeitsagentur.de/jobsuche/jobdetail/10001-1003076177-S,2026-05-15,arbeitsagentur-de,65,"Positive: transactions / M&A, plausible level; verify responsibilities",investment associate,Corporate Finance / M&A,,"für unser Team wachsendes M&A Advisory Team in Hamburg Stellen-ID 8529 Als Senior Associate übernimmst Du eine zentrale Rolle beim Aufbau unseres Hamburger M&A Advisory-Standorts. In enger Zusammenarbeit mit erfahrenen Kolleginnen und Kollegen begleitest Du die Strukturierung und Durchführung nationaler und internationale M&A-Transaktionen für unsere Mandanten. In einem unternehmerisch geprägten Umfeld mit hoher Transaktionsdynamik übernimmst Du früh Verantwortung, arbeitest in leistungsorientierten Teams nah an unseren Mandanten und trägst aktiv zur Weiterentwicklung unserer junioren Kolleginnen und Kollegen bei. Deine Aufgaben Mitgestaltung und Aufbau des Hamburger M&A Advisory-Standorts Mitarbeit an nationalen und internationalen M&A-Transaktionen Erstellung und Aufbereitung transaktionsrelevanter Mandanten- und Investorenpräsentationen Erstellung integrierter Finanzmodelle, Durchführung von Unternehmensbewertungen und Marktanalysen Koordinierung von Due-Diligence-Prozessen Aufsetzen und Management virtueller Datenräume und Koordination von Q&A-Prozessen Unterstützung bei Business-Development-Aktivitäten und der Erstellung von Marketingunterlagen Dein Profil Sehr gut abgeschlossenes Studium der Wirtschafts-, Ingenieurs-, oder Naturwissenschaften Mehrjährige Berufserfahrung im M&A Advisory / Investment Banking mit Transaktionserfahrung Ausgeprägte analytische Fähigkeiten Exzellente Finanzmodellierungs-Kenntnisse Sehr gute Kenntnisse in der Jahresabschlussanalyse Ausgeprägte Team- und Kommunikationsfähigkeit Selbstständige, strukturierte und sorgfältige Arbeitsweise sowie ein hoher Qualitätsanspruch Unser Angebot Direkt durchstarten: Strukturierte Einarbeitung, schnelle Teamintegration und frühzeitige Übernahme von Verantwortung Langfristige Perspektiven: Klares Karrieremodell, unternehmerische Möglichkeiten, Trainings zur fachlichen und persönlichen Weiterentwicklung in unserer Inhouse-Akademie Top Konditionen: Attraktive Bezahlung, mobiles Arbeiten – auch aus ausgewählten Ländern Europas, flexible Arbeitszeiten, gute Work-Life-Balance mit 30 Tagen Urlaub bei einer 5-Tage-Woche Gemeinsame Erlebnisse: Ski-Freizeit, Teamtage und Unternehmensevents Gesundheit und Mobilität: Zuzahlung zum EGYM Wellpass, breite Gesundheitsförderung, Bike-Leasing sowie ein Zuschuss zum Deutschlandticket Wegbegleiter und Wegbereiter – RÖDL steht für fachliche Exzellenz. Mit rund 6.000 Kolleginnen und Kollegen sind wir weltweit an 117 Standorten in 50 Ländern aktiv. Wir setzen auf Unternehmergeist, Eigenverantwortung und gemeinsames Wachstum. Unsere Stärke liegt in unserer Vielfalt. Wir übernehmen gesellschaftliche Verantwortung, leben eine Kultur der Offenheit und fördern individuelle Talente. Wertschätzung und Respekt prägen unser Miteinander."
8b74aa8a2228ec37,"Associate (m/w/d) M&A, Private Equity und Venture Capital, GvW Frankfurt",GvW Legal Professionals,,,Unrated,Germany,"Frankfurt am Main, Hessen, DE",https://www.arbeitsagentur.de/jobsuche/jobdetail/12811-2342187-S,2026-09-22,arbeitsagentur-de,65,"Positive: transactions / M&A, plausible level; verify responsibilities",private equity,Investments / PE,,"GvW Graf von Westphalen ist eine deutsche Wirtschaftskanzlei mit starkem internationalen Fokus und über 550 Mitarbeitenden. Mit unseren Standorten Berlin, Düsseldorf, Frankfurt a.M., Hamburg, München, Stuttgart und weiteren Büros in Brüssel, Ho-Chi-Minh-Stadt und Shanghai gehören wir zu den größten unabhängigen Kanzleien in Deutschland. Für unseren Standort Frankfurt am Main suchen wir ab sofort eine/n Associate (m/w/d) zur Unterstützung der M&A Praxis Frankfurt. Was Sie erwartet: Sie beraten unsere nationalen und internationalen Mandantinnen und Mandanten bei M&A-, Private-Equity- und Venture-Capital-Transaktionen und begleiten diese über den gesamten Transaktionsprozess hinweg. Sie arbeiten eng mit erfahrenen Partnern zusammen, die Ihnen praxisnahe Einblicke und eine Ausbildung ,,on the job"" ermöglichen. Sie unterstützen bei der gesellschaftsrechtlichen Beratung unserer Mandantinnen und Mandanten und bearbeiten abwechslungsreiche Fragestellungen rund um Unternehmen und Beteiligungen. Sie wirken bei der Vorbereitung, Strukturierung und Umsetzung von Transaktionen mit und übernehmen dabei frühzeitig Verantwortung. Sie arbeiten mit anderen Fachbereichen der Kanzlei zusammen, um eine ganzheitliche Beratung unserer Mandantinnen und Mandanten zu gewährleisten. Sie wirken aktiv bei der Mandantenakquise und dem Ausbau bestehender Mandantenbeziehungen mit. Was Sie auszeichnet: Ihre juristische Qualifikation haben Sie durch zwei überdurchschnittliche Examina unter Beweis gestellt. Eine fundierte Berufserfahrung von mindestens zwei Jahren in den Bereichen M&A, Private Equity und/oder Venture Capital zeichnet Sie aus. Ihre Englischkenntnisse sind in Wort und Schrift fließend. Sie denken unternehmerisch und arbeiten engagiert und eigenverantwortlich. Was uns auszeichnet: Neben einem spannenden Aufgabenbereich in einem tollen Team erhalten Sie eine Reihe attraktiver Benefits: Persönliche Weiterentwicklung mit echter Partnerperspektive Sie werden von Anfang an beim Aufbau eines individuellen Profils gefördert Flexible Arbeitszeiten und mobiles Arbeiten Ein modernes Büro im Zentrum von Frankfurt am Main Regelmäßige Kanzleievents, Kooperation mit JobRad, Kitazuschuss & Kinderbetreuungstage, Corporate Benefits, VWL sowie Sprach- und Sportangebote Haben wir Ihr Interesse geweckt? Dann freuen wir uns über Ihre Bewerbung über unser Bewerberformular (unter Angabe Ihres Eintrittstermins)."
e106acf5b4053b04,"Traineeship: Risikomanagement, Beteiligungssteuerung, Controlling & Organisationsentwicklung (w/m/d)",Oesterreichische Nationalbank,,,Unrated,Austria,"Wien, Wien, AT",https://www.karriere.at/jobs/7864336,2026-10-02T05:30:07+02:00,karriere-at,62,Positive: treasury / FP&A,credit analyst,FP&A / Performance,,"Das 12‑monatige Traineeship mit Schwerpunkt Betriebswirtschaft bietet einen fundierten, praxisnahen Einstieg in spezifische betriebswirtschaftliche und strategische Themen der OeNB. Das Programm startet am 1. April 2027 und ist als Rotationsmodell aufgebaut: Alle vier Monate wechseln Sie die Abteilung , sodass Sie während des Traineeships drei unterschiedliche Fachbereiche kennenlernen. Sie arbeiten von Beginn an aktiv im Tagesgeschäft mit, übernehmen eigenständige Aufgaben und erhalten Einblicke in unterschiedliche Perspektiven der OeNB, von Risikomanagement über Controlling und Organisationsentwicklung, bis hin zu Beteiligungssteuerung. Begleitend werden Sie durch fachliche Ansprechpartner:innen unterstützt und gezielt in Ihrer fachlichen und persönlichen Entwicklung gefördert. Traineeship: Risikomanagement, Beteiligungssteuerung, Controlling & Organisationsentwicklung (w/m/d) BWL | Start: 1. April 2027 | Dauer: 12 Monate | Master-Absolvent:innen Referenzbezeichnung: 5105 Ihre Aufgaben Je nach Einsatzbereich übernehmen Sie unter anderem folgende Aufgaben Mitarbeit an betriebswirtschaftlichen Analysen, Berichten und Entscheidungsgrundlagen Unterstützung bei Budgetierungs- und Monitoringprozessen, Kostenrechnung sowie Verrechnungsaktivitäten Mitarbeit bei der Weiterentwicklung von Strategien, Prozessen und Steuerungsinstrumenten Mitarbeit bei risikomanagementbezogenen Fragestellungen mit Schwerpunkt auf eigenständige Aufgaben zur Weiterentwicklung eines effektiven Risikomanagements Unterstützung bei Beteiligungssteuerung, -controlling und Bargeldstrategie Einblick in das Konzernreporting & Planung (Erfolgsprognose und Mehrjahresprognose, Geschäftsbericht, Jahresabschlusstätigkeiten uvm.) Mitwirkung bei der Vor-/Nachbereitung und Protokollierung von Aufsichtsratssitzungen sowie Durchführung von Umlaufbeschlüssen Mitarbeit an Produktentwicklungs‑, Analyse‑ und Researchprojekten Mitwirkung an Projekten, Veränderungs- und Innovationsprozessen Stationen des Traineeships Abteilung Risikomanagement Die Abteilung Risikomanagement ist die zentrale Second Line im Risikomanagement der OeNB und ihren Beteiligungen im Rahmen des Enterprise Risk Management (ERM). Sie ist insbesondere verantwortlich für das finanzielle Risiko der Geldpolitik und der eigenen Veranlagung. Abteilung Controlling, Organisation und Forschungsförderung Diese Abteilung unterstützt die Bankleitung der OeNB bei der strategischen und operativen Steuerung des Unternehmens sowie bei der Weiterentwicklung einer effektiven, wirtschaftlichen und integrierten Unternehmensorganisation. Zu den Kernaufgaben zählen das Controlling, die Organisationsentwicklung und die Forschungsförderung sowie das Projektportfolio-Management. Abteilung Beteiligungssteuerung und Bargeldstrategie Die (strategische) Beteiligungssteuerung, Beteiligungsverwaltung und das Beteiligungscontrolling fallen in diesen Aufgabenbereich. Die Abteilung ist außerdem für die Erarbeitung und Weiterentwicklung von Strategien im Bargeldbereich verantwortlich. Ihr Profil Das bringen Sie mit Abgeschlossenes Master-Studium im wirtschaftswissenschaftlichen Bereich, Betriebswirtschaft, Wirtschaft & Recht, Volkswirtschaft mit BWL‑Schwerpunkt oder eines vergleichbaren wirtschaftswissenschaftlichen Studiums (unbedingt erforderlich) Starkes Interesse an betriebswirtschaftlichen, strategischen und analytischen Fragestellungen Sehr gute analytische Fähigkeiten und strukturierte Arbeitsweise Freude an interdisziplinärer Zusammenarbeit un"
5b23ad9e9ab518fd,Business Controller/in operatives Controlling,Haberkorn GmbH,,,Unrated,Austria,"Wien, Wien, AT",https://www.karriere.at/jobs/7860796,2026-10-02T05:30:07+02:00,karriere-at,62,Positive: treasury / FP&A,business controller,FP&A / Performance,,"Business Controller/in operatives Controlling Standort Wien Vollzeit In der Abteilung Rechnungswesen und Controlling arbeiten wir mit modernsten Methoden und Anwendungen. Damit stellen wir die wesentlichen Instrumente und Kennzahlen zur Steuerung des Unternehmens verlässlich zur Verfügung. Als Business Controller/in unterstützen Sie uns mit fundiertem Fachwissen, unternehmerischem Denken und hohem Geschäftsverständnis dabei, unsere Vision zu erreichen. Jetzt bewerben Was Sie erwartet Eigenverantwortliches Arbeiten mit Gestaltungsmöglichkeiten Gemeinsam mit erfahrenen Kolleginnen übernehmen Sie die Betreuung und Weiterentwicklung unseres BI-Tools sowie die dazugehörigen administrativen Aufgaben. Sie erstellen aussagekräftige Berichte und Dashboards zur professionellen Visualisierung und Analyse unserer Geschäftsdaten. Sie analysieren unsere Geschäftsdaten, um Auffälligkeiten und Entwicklungen zu erkennen und gemeinsam mit den Fachabteilungen zu reflektieren. Im Zusammenspiel mit den Fachabteilungen Vertrieb, Einkauf und Logistik erkennen Sie Handlungsschwerpunkte, leiten Maßnahmen ab und begleiten die Umsetzung dieser. Ihr Gehalt liegt deutlich über dem Kollektivvertrag für Handel; abhängig von Ihrer Erfahrung und Qualifikation. Wir bieten für eine langfristige, erfolgreiche und rundum gute Zusammenarbeit Familienunternehmen 4,5-Tage - Woche 6 Urlaubswochen Gesundheitsmaßnahmen Gewinnbeteiligung Haberkorn Kantine Das bringen Sie mit Erfahrung im Controlling und Begeisterung für BI-Tools Sie haben eine abgeschlossene betriebswirtschaftliche Ausbildung und bereits Erfahrung im operativen Controlling in ähnlicher Funktion gesammelt. Sie haben eine hohe IT-Affinität und Erfahrung im Umgang mit ERP-Systemen und großen Datenmengen. Sie besitzen ein ausgeprägtes Zahlengefühl und analytisches Denkvermögen. Steuerungssysteme weiterzuentwickeln und zu optimieren bereitet Ihnen Freude. Jetzt bewerben ""Warum Haberkorn? ...weil wir gemeinsam Lösungen finden und die Freude an der Arbeit spürbar ist!"" Bianca Brunner, Assistentin Lust auf das Miteinander bei Haberkorn? Böhm Gabriela Personalreferentin +43 1 74074 - 1609 Jetzt bewerben"
7a0bdacd9bef487d,Senior Controller / Manager Business Controlling (m/w/d),netgo,,,Unrated,Germany,"Mannheim, Baden-Württemberg, DE; Berlin, Berlin, DE; Borken, Nordrhein-Westfalen, DE",https://www.stellenanzeigen.de/job/senior-controller-manager-business-controlling-m-w-d-mannheim-berlin-borken-yf-51120/,2026-09-14T00:00:01+00:00,stellenanzeigen-de,62,Positive: treasury / FP&A,M&A,Corporate Finance / M&A,,"Senior Controller / Manager Business Controlling (m/w/d) 3 Standorte verfügbar | req1061-YF Stelle verfügbar an diesen Standorten: Mannheim, Baden-Württemberg, Deutschland Borken, Nordrhein-Westfalen, Deutschland Berlin, Berlin, Deutschland Werde auch du ""part of netgo group"" - einem der größten IT-Dienstleister Deutschlands. Über 1.500 Mitarbeiter*innen an zahlreichen Standorten in ganz Deutschland erwarten dich als neues Teammitglied. Du legst Wert auf einen modernen Arbeitsplatz, ein familienfreundliches Umfeld und spannende Herausforderungen? Dann bist du bei uns genau richtig! Senior Controller / Manager Business Controlling (m/w/d) Dein neuer Job Wir suchen einen erfahrenen Senior Controller / Manager Business Controlling (m/w/d), um uns bei der Steuerung und Weiterentwicklung unserer Unternehmensstrategie zu unterstützen und das Controlling für die Gruppe begleitet. In dieser verantwortungsvollen Position wirst Du eine Schlüsselrolle bei der Steuerung der netgo group und der Weiterentwicklung unserer Finanzprozesse spielen. Deine Aufgaben umfassen: Group Controlling: Du analysierst die wirtschaftliche Entwicklung der Unternehmensgruppe und bewertest relevante Kennzahlen mit Fokus auf Profitabilität, Cashflow und Rentabilität. Aus Deinen Erkenntnissen leitest Du konkrete Handlungsempfehlungen für das Management ab. Planung und Forecasting: Du unterstützt die Erstellung von Budgetplanungen, Forecasts und Mittelfristplanungen und sorgst gemeinsam mit den Fachbereichen für eine valide Finanzplanung. Management Reporting: Du erstellst aussagekräftige Reports, Analysen und Business Cases und entwickelst bestehende Reporting-Strukturen kontinuierlich weiter, um fundierte Entscheidungsgrundlagen für das Management zu schaffen. Beteiligungscontrolling: Du begleitest die Bewertung und Steuerung unserer Beteiligungen, identifizierst Optimierungspotenziale und unterstützt bei der nachhaltigen Weiterentwicklung der Unternehmensperformance. Projekte und Prozessoptimierung: Du initiierst und begleitest bereichsübergreifende Projekte zur Weiterentwicklung von Prozessen, Reporting-Strukturen und Controlling-Instrumenten. M&A und Unternehmensintegration: Du unterstützt Akquisitionsprozesse, wirkst bei Financial Due Diligence-Projekten mit und begleitest die Integration neu erworbener Gesellschaften in die netgo group. Datenanalyse und Entscheidungsunterstützung: Du konsolidierst und interpretierst komplexe Datenstrukturen, führst Ad-hoc-Analysen durch und bereitest daraus fundierte Entscheidungsgrundlagen für die Unternehmensführung auf. Das bist du? Fundierte Ausbildung: Du hast ein erfolgreich abgeschlossenes Studium der Betriebswirtschaftslehre, Wirtschaftswissenschaften oder einer vergleichbaren Fachrichtung mit Schwerpunkt Controlling, Finance oder Accounting. Erfahrung im Group Controlling: Du verfügst über mehrere Jahre Berufserfahrung im Corporate- oder Group-Controlling und hast bereits in einem komplexen Unternehmensumfeld gearbeitet. Erfahrungen in einem Private-Equity-geführten Unternehmen oder in der Unternehmensberatung sind von Vorteil, aber keine Voraussetzung. Fachkompetenz: Du bringst ein ausgeprägtes Verständnis für Finanzkennzahlen, Bilanzanalyse und Unternehmenssteuerung mit. Erfahrungen im Beteiligungscontrolling sowie Berührungspunkte mit M&A-Transaktionen oder Integrationsprojekten runden Dein Profil idealerweise ab. Analytische Stärke: Zahlen begeistern Dich. Du erkennst Zusammenhänge schnell, analysierst komplexe Sachverh"
30f14b8f7f79370e,Leiter Finanzen & Controlling (m/w/d),Pergan GmbH,,,Unrated,Germany,"Bocholt, Nordrhein-Westfalen, DE",https://www.stellenanzeigen.de/job/leiter-finanzen-controlling-m-w-d-bocholt-sde-116880/,2026-08-25T00:00:01+00:00,stellenanzeigen-de,62,Positive: treasury / FP&A,cash management,FP&A / Performance,,"Gestalten Sie mit uns die finanzielle Zukunft Sie wollen Finanzen nicht nur verwalten, sondern aktiv gestalten? Dann übernehmen Sie bei der PERGAN GmbH eine zentrale Rolle in der finanziellen Steuerung und Weiterentwicklung unseres international aufgestellten Mittelstandsunternehmens. Die PERGAN GmbH produziert maßgeschneiderte organische Peroxide und Hilfsmittel für die kunststoffproduzierende und -verarbeitende Industrie. Mit Produktionsstandorten in Deutschland und den USA verbinden wir internationale Ausrichtung mit kurzen Entscheidungswegen, hoher Flexibilität und persönlicher Zusammenarbeit. Für unseren Standort Bocholt suchen wir eine engagierte Führungspersönlichkeit als Leiter Finanzen & Controlling (m/w/d) Sie verbinden fundierte Expertise in Rechnungswesen und Controlling mit unternehmerischem Denken und schaffen mit aussagekräftigen Analysen, Reports und Handlungsempfehlungen eine wichtige Grundlage für unsere Entscheidungen. Ihre Aufgaben Abschlüsse & Reporting: Verantwortung für Monats-, Quartals-, Jahres- und Konzernabschlüsse nach HGB sowie Steuerung des internationalen Reportings nach US-GAAP. Planung & Steuerung: Erstellung von Budgets, Forecasts sowie kurz- und mittelfristigen Planungen und betriebswirtschaftlichen Auswertungen. Controlling: Weiterentwicklung von Controlling, Berichtswesen und Kostenrechnung sowie Erstellung aussagekräftiger Entscheidungsgrundlagen für die Unternehmensleitung. Liquidität & Finanzierung: Verantwortung für Cash- und Liquiditätsmanagement, Unternehmensfinanzierung und Devisenabsicherung sowie Steuerung finanzieller Chancen und Risiken. Prozessentwicklung: Weiterentwicklung unserer Finanzprozesse und -strukturen sowie Zusammenarbeit mit internen und internationalen Ansprechpartnern in Deutschland und den USA. Ihr Profil Qualifikation & Erfahrung: Studium mit Schwerpunkt Finanzen, Rechnungswesen oder Controlling bzw. vergleichbare Qualifikation sowie mehrjährige Berufserfahrung in Finanzen und Controlling. Rechnungswesen & Abschlüsse: Fundierte Kenntnisse im Handels- und Steuerrecht sowie idealerweise Erfahrung mit Konzernabschlüssen; Kenntnisse in US-GAAP sind von Vorteil. Systemkompetenz: Sicherer Umgang mit ERP-Systemen und Microsoft Office; Erfahrungen mit Infor Blending sowie Diamant Software für Rechnungswesen, Kostenrechnung und Anlagenbuchhaltung sind wünschenswert. Kommunikationsfähigkeit: Sehr gute Deutsch- und Englischkenntnisse in Wort und Schrift. Persönlichkeit: Sie arbeiten strukturiert, analytisch und lösungsorientiert, übernehmen gerne Verantwortung, denken unternehmerisch und überzeugen durch Ihr verbindliches Auftreten sowie Ihre Freude an Zusammenarbeit. Das bieten wir Ihnen Gestaltungsspielraum: Eine verantwortungsvolle Schlüsselposition mit der Möglichkeit, Prozesse und Strukturen aktiv weiterzuentwickeln. Kurze Entscheidungswege: Direkte Zusammenarbeit und persönliche Kommunikation in einem mittelständischen Umfeld. Internationales Umfeld: Zusammenarbeit mit unseren Standorten in Deutschland und den USA. Attraktive Rahmenbedingungen: Attraktive Vergütung inklusive Urlaubs- und Weihnachtsgeldes, betriebliche Altersvorsorge, 30 Tage Urlaub plus 2 zusätzliche Freistellungstage, flexible Arbeitszeiten, JobRad-Zuschuss sowie Unterstützung bei einem Umzug nach Bocholt. Dazu erwarten Sie regelmäßige Firmenevents und ein kollegiales Miteinander. Bereit, Verantwortung zu übernehmen? Sie möchten Ihre Expertise einbringen, Entscheidungen mitgestalten und Finanzen & Controlling "
54ea2614d0701789,Referenten (m/w/d) Controlling und Portfoliomanagement,Gemeinnütziges Siedlungswerk GmbH,,,Unrated,Germany,"Frankfurt am Main, Hessen, DE",https://www.stellenanzeigen.de/job/referenten-m-w-d-controlling-und-portfoliomanagement-frankfurt-am-main-sde-115307/,2026-08-14T00:00:01+00:00,stellenanzeigen-de,62,Positive: treasury / FP&A,portfolio management,FP&A / Performance,,"Seit 75 Jahren entwickeln, bauen und verwalten wir Immobilien, in denen sich Menschen in verschiedenen Lebens- und Einkommenssituationen wohlfühlen. Hierfür geben unsere rund 120 Mitarbeitenden jeden Tag ihr Bestes – und denken für die nächste Mietergeneration mit. Als moderne Immobiliengesellschaft bieten wir Wohnraum in Hessen, Rheinland-Pfalz und Thüringen. Der Zweck der Gesellschaft liegt in der sicheren, ökologisch und sozial verantwortbaren Wohnungsversorgung breiter Schichten der Bevölkerung bei gleichzeitiger Berücksichtigung wirtschaftlicher Zielsetzungen. Unsere Geschäftsfelder sind primär die Bewirtschaftung von bezahlbarem Wohnraum mit ca. 9.000 Wohnungen und die Bautätigkeit für den eigenen Bestand. Für unsere Hauptgeschäftsstelle in Frankfurt am Main suchen wir für die kaufmännische Abteilung ab sofort im Immobilienbereich einen Referenten (m/w/d) Controlling und Portfoliomanagement Ihre Aufgaben: Sie stellen Planungsrechnungen (Wirtschaftsplan, Mittelfristplanung und Hochrechnungen) auf, erstellen Abweichungsanalysen in Zusammenarbeit mit den Fachbereichen und steuern die Budgets Sie unterstützen aktiv bei Quartals- und Jahresabschlüssen für Konzern und Tochtergesellschaften Sie führen das Immobilien-Portfoliomanagement-System, entwickeln dieses weiter, erstellen Portfolioanalysen und beraten die Fachbereiche mit dem Ziel der laufenden Portfolio-Optimierung Sie erstellen und überwachen Liquiditätsplanungen und Cash-Flow-Analysen, um die finanziellen Stabilität und Wachstumsfähigkeit unseres Unternehmens sicherzustellen Sie übernehmen die finanzielle Berichterstattung an die Unternehmensleitung und den Aufsichtsrat und erstellen den jährlichen Risikobericht Sie arbeiten eng mit den Bereichen Baukostencontrolling, Finanzierung und Buchhaltung zusammen Sie analysieren und optimieren die Projekt- und Portfolio-Performance, erstellen Wirtschaftlichkeitsberechnungen (auch für An- und Verkäufe) und erarbeiten Handlungsempfehlungen Sie wirken aktiv an abteilungsübergreifenden Projekten mit und integrieren ESG-relevante Daten in unsere Analysen und entwickeln bestehende Berichte (inkl. Schnittstellen) weiter Ihr Profil: Ein erfolgreich abgeschlossenes Studium im Bereich Immobilienwirtschaft, Betriebswirtschaft oder Finanzen Mehrere Jahre Berufserfahrung im Controlling im Immobiliensektor, der Baubranche oder einer vergleichbaren Position Sehr gute Kenntnisse in Planungsrechnungen, Liquiditätsplanung und Reporting sowie fundierte Kenntnisse in HGB Sicherer Umgang mit MS Excel, ERP-Systemen (idealerweise Wodis Yuneo) Ausgeprägte analytische Fähigkeiten, komplexe finanzielle Zusammenhänge können Sie anschaulich vermitteln Teamorientiert, kommunikativ, belastbar sowie eine Hands-on Mentalität Lösungsorientierte Denkweise und die Bereitschaft, Verantwortung zu übernehmen Was wir Ihnen bieten: Eine sichere Anstellung in Vollzeit mit 37 Wochenstunden Attraktive und leistungsgerechte Vergütung nach dem Tarifvertrag für die Wohnungswirtschaft 30 Tage Urlaub im Jahr Mobiles Arbeiten Zentrale Lage mit hervorragender ÖPNV-Anbindung Über unsere Benefits und weiteren Zusatzleistungen informieren Sie sich gerne auf unserer Homepage. Bei Fragen zu dieser Position erreichen Sie Frau Lisa Schnaus unter Tel. 069-1544- 233. Ihre vollständigen Bewerbungsunterlagen mit Angabe Ihrer Gehaltsvorstellung und Ihres frühestmöglichen Eintrittstermins senden Sie bitte an: Gemeinnütziges Siedlungswerk GmbH, Blumenstr. 14-16, 60318 Frankfurt am Main www.gsw-ffm."
4b58a32a02ec7cf3,Corporate Finance Coordinator (m/w/d),globe personal service gmbh,,,Unrated,Austria,"Wien, Wien, AT",https://www.karriere.at/jobs/7892080,2026-10-09T12:43:02+02:00,karriere-at,60,Positive: corporate finance / valuation,corporate finance,Corporate Finance / M&A,,"Wien | Vollzeit | Befristet auf 9 Monate | Internationales Konzernumfeld Finance-Know-how trifft Kommunikation und Prozesskompetenz Für unseren Kunden, ein international erfolgreiches Unternehmen der Konsumgüterindustrie mit etabliertem Standort in Wien, suchen wir eine analytisch starke, kommunikative und engagierte Persönlichkeit zur Verstärkung des Finance-Teams. Im Mittelpunkt dieser Position steht ein spannendes internes Projekt: Ziel ist es, bestehende SAP- und Finance-Prozesse nachhaltig zu optimieren und Mitarbeiterinnen und Mitarbeiter aus unterschiedlichen Unternehmensbereichen dazu zu befähigen, definierte Abläufe künftig eigenständig durchzuführen. Gesucht wird daher nicht nur eine Persönlichkeit mit fundiertem Finanzverständnis, sondern insbesondere jemand, der komplexe Zusammenhänge verständlich vermitteln kann, Freude an der Zusammenarbeit mit Menschen hat und Veränderungen mit Geduld, Struktur und Eigeninitiative begleitet. Die Position ist auf neun Monate befristet und bietet die Möglichkeit, in einem internationalen Konzern ein eigenständiges Projekt mit sichtbarem Mehrwert umzusetzen. Corporate Finance Coordinator (m/w/d) Ihre Aufgaben: Einarbeitung in bestehende SAP-Systeme, Finance-Prozesse und interne Abläufe sowie Aufbau eines umfassenden Prozessverständnisses Planung, Organisation und Durchführung von Mitarbeiterschulungen zur selbstständigen Abwicklung definierter SAP- und Finance-Prozesse Vermittlung komplexer Systemabläufe und finanzieller Zusammenhänge in verständlicher und praxisorientierter Form Durchführung von Gruppen- und individuellen Trainings für Mitarbeiterinnen und Mitarbeiter unterschiedlicher Fachbereiche Begleitung der Anwenderinnen und Anwender bei der schrittweisen Übernahme bisher zentral abgewickelter Prozesse Enge Zusammenarbeit mit dem lokalen Finance-Team sowie relevanten internen Schnittstellen Identifikation von Optimierungspotenzialen und Unterstützung bei der nachhaltigen Verbesserung bestehender Arbeitsabläufe Unterstützung des Finance-Teams bei ausgewählten Reporting-, Accounting- und administrativen Finanzthemen Ihr Profil: Abgeschlossene wirtschaftliche Ausbildung, idealerweise mit Schwerpunkt Finance, Accounting, Controlling oder vergleichbarer Qualifikation Einschlägige Berufserfahrung im Finanzbereich sowie gutes Verständnis betriebswirtschaftlicher Abläufe und Zusammenhänge Sehr gute Anwenderkenntnisse in SAP beziehungsweise fundierte Erfahrung mit vergleichbaren ERP-Systemen Sicherer Umgang mit MS Excel und hohe Affinität zu digitalen Prozessen und Systemen Ausgeprägte Kommunikationsstärke und die Fähigkeit, komplexe Inhalte klar, verständlich und adressatengerecht zu vermitteln Freude daran, Wissen weiterzugeben und Kolleginnen und Kollegen bei der Anwendung neuer Prozesse zu unterstützen Geduld, Einfühlungsvermögen und ein gutes Gespür für unterschiedliche Lern- und Arbeitsweisen Strukturierte, selbstständige und lösungsorientierte Arbeitsweise mit hoher Eigeninitiative Teamorientierte, offene Persönlichkeit mit sicherem Auftreten und ausgeprägtem Servicegedanken Gute Englischkenntnisse für die Zusammenarbeit im internationalen Unternehmensumfeld Wir bieten: Eine abwechslungsreiche Projektposition in einem international erfolgreichen Konzern mit professionellen Strukturen Ein klar definiertes, neunmonatiges Projekt mit hoher Eigenverantwortung und unmittelbarem Mehrwert für die Organisation Eine strukturierte Einarbeitungsphase von rund zwei Monaten, um die internen Prozesse"
2eadbc1748ce9da8,IT Demand & Portfolio Manager (all genders),VIG IT - Digital Solutions GmbH,,,Unrated,Austria,"Wien, Wien, AT; Vienna, Wien, AT",https://www.karriere.at/jobs/7890907,2026-10-08T00:09:55+02:00,karriere-at,60,Positive: investments / portfolio / asset management,asset management; investment manager; portfolio management,Investments / PE,,"MITTEN IN WIEN ARBEITEN: MIT GANZ EUROPA IM AUSTAUSCH IT Demand & Portfolio Manager (all genders) Wien Vollzeit hybrid all genders ehestmöglich mit Berufserfahrung VIG IT Demand & Portfolio Management MEHR ÜBER DIE VIG Ihre Aufgaben IT Demand Management Unterstützung des gesamten Nachfragelebenszyklus von der ersten Erfassung bis zur Weiterleitung an die Umsetzungsteams. Förderung der Kommunikation zwischen Business Requesters, IT-Service-Verantwortlichen und Projektmanagern zur Aufwandsschätzung. Praktische Unterstützung während des gesamten Nachfrageprozesses. Unterstützung bei der Genehmigung von TP-Projekten, bei Analyseanfragen und bei der Bereitstellung der erforderlichen Elemente für die Kostenverrechnung. Sicherstellung einer reibungslosen und vollständigen Übergabe genehmigter Anforderungen an die IT-Projektmanager. Unterstützung der dedizierten Governance-Rolle bei der kontinuierlichen Verbesserung des Anforderungs- und Portfolio-Frameworks. Unterstützung bei der IT-Portfolio- und Budgetplanung Moderation und Koordination der jährlichen und vierteljährlichen IT-Portfolio- und Budgetplanung. Zusammenführung und Organisation geschäftsgetriebener und interner IT-Anforderungen zur Gestaltung des jährlichen Portfolios. Funktion als Schnittstelle zur Abstimmung von Buchhaltungsthemen mit der Finanzabteilung und Aufbereitung der erforderlichen Daten für Procurement. Erstellung datengestützter Planungsunterlagen und Entscheidungsvorschläge für das Management und die Lenkungsgremien. Koordination des IT-Portfolios und Budgetüberwachung Überwachung der Budgetauslastung des IT-Portfolios im Vergleich zu den finanziellen Zielen, sowie Anpassung der Budgets um potenzielle Probleme zu erkennen und zu melden. Förderung der Abstimmung zwischen den Geschäftsbereichen, den IT-Service Verantwortlichen und der IT-Finanzabteilung in Budget Fragen. Unterstützung bei der Moderation und Verhandlung einer priorisierten IT-Change-Roadmap bei Ressourcen- oder Budgetengpässen. Unterstützung bei der Aufrechterhaltung der Datenqualität, um sicherzustellen, dass die Portfolio-Tool als zuverlässige ""Singe Source of Truth"" dienen. IT Portfolio Reporting und Insights Erstellung und Verteilung regelmäßiger Berichte zu Portfoliostatus, Fortschritt, Budgets, Risiken und Ressourcenzuweisungen. Zusammenarbeit mit der IT-Finanzabteilung zur Unterstützung des IT Change Controlling und der finanziellen Nachverfolgung. Erstellung und Pflege von KPI-basierten Dashboards, um Transparenz für Senior Management und Ausschüsse zu schaffen. Erstellung flexibler, bedarfsorientierter Portfolio-Einblicke und Datenansichten, die auf verschiedene Stakeholder zugeschnitten sind. Ihre Benefits 38,5 Stunden, Gleitzeit & Home-Office Learning & Development Life Balance & Family Specials Moderne Arbeitsplätze und Kantine Gesundheits- & Sportangebote Weitere Benefits Ihr Profil Hochschulabschluss in (Wirtschafts-)Informatik, Betriebswirtschaftslehre oder eine vergleichbare Qualifikation. Mindestens 5 Jahre einschlägige Berufserfahrung im IT-Projekt- und Programmmanagement, im IT-Portfoliomanagement oder im Requirements Engineering. Fundierte methodische Kenntnisse im IT-Projektmanagement (Traditionell/Wasserfall, agil und hybrid) sowie im IT-Portfoliomanagement. Praktische Erfahrung mit Portfoliomanagementsystemen, idealerweise fundierte Anwenderkenntnisse in ServiceNow. Hervorragende Kommunikations- und Moderationsfähigkeiten bei der Zusammenarbeit mit unterschiedlichen Stakeholder-Grup"
a974a6ddc6495fb8,Portfolio Manager Software (m/w/d)*,TGW Logistics GmbH,,,Unrated,Austria,"Marchtrenk, Oberösterreich, AT",https://www.karriere.at/jobs/7843898,2026-10-07T05:30:05+02:00,karriere-at,60,Positive: investments / portfolio / asset management,asset management; investment manager; portfolio management,Asset Management,,"Portfolio Manager Software (M/W/D)* Wir suchen eine engagierte und visionäre Persönlichkeit für unser Team, die uns bei der strategischen Entwicklung des TGW-Softwareportfolios unterstützt. In dieser Schlüsselposition mit Schwerpunkt auf Lagerverwaltungsanwendungen bist Du dafür verantwortlich, die spezifischen Bedürfnisse unserer Kunden sowie die technologischen und wirtschaftlichen Anforderungen der Branche und verschiedener Sektoren zu identifizieren und zu bewerten. Du entwickelst mittel- und langfristige Roadmaps für das Software-Portfolio und führst regelmäßig Wettbewerbsanalysen durch, um sicherzustellen, dass wir den Marktanforderungen immer einen Schritt voraus sind. Entwicklung / Software / IT Marchtrenk Berufserfahrene Christina Wurm People Relations Manager Jetzt bewerben Was man bei uns bewegt: Identifizierung und Bewertung der technologischen und wirtschaftlichen Anforderungen der Branche, des Sektors und der Kunden Erstellung mittel- und langfristiger Roadmaps für das TGW-Software-Portfolio, einschließlich regelmäßiger Wettbewerbsanalysen Definition neuer Anforderungen für das TGW-Softwareportfolio, Weiterentwicklung des bestehenden Portfolios sowie Bewertung neuer Anforderungen im Rahmen des Innovationsprozesses in enger Zusammenarbeit mit dem Portfoliomanagement, den Marktvertretern und der Entwicklung Unterstützung aller Business Development und Sales Kanäle bei der Identifizierung und Bewertung von möglichen Geschäftsmodellen Unterstützung bei Marktbeobachtungen und kundenorientierten Aktivitäten Analyse von Branchen- und Technologietrends, Bewertung von Technologiepartnerschaften Was uns überzeugt: Abgeschlossene Ausbildung im Bereich Software, Projektmanagement, F&E oder vergleichbare Qualifikation Mindestens 8 Jahre Berufserfahrung in den Bereichen Business Development, B2B-Vertrieb/Marketing und/oder Technologie Kenntnisse im Bereich Intralogistik von Vorteil Unternehmerisches Denken und Handeln sowie gutes kaufmännisches Verständnis Ausgeprägte analytische, konzeptionelle und kreative Problemlösungsfähigkeiten Sehr gute organisatorische Fähigkeiten und Zeitmanagement Kostenbewusstsein und Erfahrung im Projektmanagement von Vorteil Reisebereitschaft (20-30 %) Sehr gute Deutsch- und Englischkenntnisse Was wir bieten: Wertschätzendes Arbeitsumfeld, motivierte Teams und eine offene Feedbackkultur Abwechslungsreiche Aufgabengebiete sowie individueller Gestaltungsspielraum Übernahme von Verantwortung in einem erfolgreichen internationalen Unternehmen mit starkem Fokus auf Kultur und Werte Sicherer und stabiler Arbeitgeber, der entsprechend der Philosophie „Mensch im Mittelpunkt - lernen und wachsen"" agiert Großes Angebot zur fachlichen und persönlichen Weiterentwicklung in Form von Präsenztrainings sowie eLearnings Not the right job? Click here for our vacancies >> Ready to start? Wir freuen uns auf dich - ein Einstieg ist ab sofort möglich. Wir bieten ein attraktives und marktkonformes Gehalt, abhängig von Qualifikation und Berufserfahrung. Das kollektivvertragliche Mindestgrundgehalt Brutto auf Basis einer Vollzeitbeschäftigung beträgt pro Jahr 53.242 Euro. Neugierig? Hier geht es zum Bewerbungsformular! Zum Bewerbungsformular *TGW ist ein Arbeitgeber, der die Chancengleichheit fördert. Unsere Ausschreibung richtet sich an alle Interessierten."
c0b9a575b644e015,Global Flavor Portfolio Manager (all genders),AGRANA Fruit,,,Unrated,Austria,"Wien, Wien, AT; Kröllendorf, Niederösterreich, AT",https://www.karriere.at/jobs/7873456,2026-10-06T05:30:04+02:00,karriere-at,60,Positive: investments / portfolio / asset management,asset management; investment analyst; investment analyst english; investment manager; market risk; market risk english; portfolio analyst; portfolio management; portfolio manager english,Investments / PE,,"Global Flavor Portfolio Manager (all genders) AGRANA Fruit is part of the AGRANA Beteiligungs-AG, operating at 26 production sites on 5 continents worldwide. We offer a wide range of creative and innovative solutions for the food and beverage industry. Our fruit solutions deliver high quality fruit, which is expertly prepared to be used in the dairy, ice cream, bakery, food service and beverage industries. AGRANA Fruit's product development work incorporates the latest global nutritional and health trends. About the Role Shape the future of taste on a global scale. As our Global Flavor Portfolio Manager , you will be the strategic architect behind our international flavor ecosystem . You'll drive harmonization across our global supply chain , leverage cutting-edge portfolio systems, and bridge the gap between innovation, procurement, and new product development. If you thrive at the intersection of f ood science, digital transformation, and business strategy , this role offers high-visibility leadership to transform how we innovate flavors worldwide. What You'll Do Drive Strategic Vision: Build a harmonized, transparent global flavor portfolio that scales seamlessly across international markets. Influence & Stakeholder Leadership: Partner directly with global leaders, leveraging influence, relationship building, and strategic communication to align stakeholders, secure buy-in, and deliver results for Flavor Portfolio Management. Project Management: Strong project management capabilities, including governance, risk management, resource coordination, change management, and execution of complex cross-functional programs. Flavor Industry Expertise: Deep understanding of flavor development, supplier and flavor house networks, sensory evaluation, flavor portfolio management, and emerging market trends. Flavor Lifecycle Management: Establish governance frameworks to oversee the entire flavor journey in accordance with Global strategy --from initial creation to optimization and discontinuation. Implement Flavor Library Structure: Curate Establish and optimize global flavor libraries to supercharge New Product Development (NPD) and streamline launch timelines as they accelerate Speed-to-Market. Digital Transformation: Serve as the Global Process Owner for Flavors with core enterprise tools (e.g., SAP PLM) and related to Flavor portfolio Strategy. Track & Optimize Success: Define, monitor, and elevate Global Flavor portfolio KPIs, delivering actionable insights to executive leadership. What You'll Bring Educational Background: Bachelor's or Master's degree in Food Science, Flavor Chemistry, Biochemistry, Chemical Engineering, or a related field. Industry Experience: 6+ years of proven impact within the food, beverage, or flavor industry. Domain Expertise: Hands-on experience in flavor sourcing, sensory science, or enterprise portfolio management. Systems Leadership: Strong technical aptitude with enterprise PLM/ERP platforms (e.g., SAP) and data analytics. Cross-Functional Influence: Proven ability to manage complex, global projects and collaborate effortlessly across diverse, cross-functional teams. Works independently with structure, accuracy , and organization; communicates well, is open to different cultures, and handles stress effectively Global Mindset: Fluency in English with excellent communication skills; additional languages are an advantage. ​ Contact Person: Angelika KRALOVIČOVÁ (Recruiting Specialist) Find out more about AGRANA Fruit"
6f7198b7158ed9f7,Financial Controller (m/w/d) Asset Management,Hines Immobilien GmbH,,,Unrated,Germany,"Berlin, Berlin, DE",https://www.stellenanzeigen.de/job/financial-controller-m-w-d-asset-management-berlin-sde-124347/,2026-10-06T00:00:01+00:00,stellenanzeigen-de,60,Positive: investments / portfolio / asset management,asset management; cash management,FP&A / Performance,,"Hines ist ein führender und global tätiger Immobilien Investment-Manager. Wir besitzen und verwalten Vermögenswerte in Höhe von 78,1¹ Milliarden Euro, die sich auf verschiedene Asset-Klassen verteilen und von einer Vielzahl institutioneller und privater Kunden genutzt werden. Jeden Tag arbeiten unsere 4.600 Mitarbeitenden in 30 Ländern auf der Grundlage unserer 68-jährigen Geschichte daran, die Welt voranzubringen, indem sie in einige der besten Immobilien der Welt investieren, sie entwickeln und verwalten. Wenn Sie mehr über Hines erfahren möchten, besuchen Sie www.hines.com und folgen Sie @Hines in den sozialen Medien. ¹Beinhaltet sowohl die globale Hines-Organisation als auch die RIA AUM zum 31. Dezember 2025 Wir stellen ein Financial Controller (m/w/d) Asset Management Standort: Berlin Deine Aufgaben: Schnittstelle zwischen der externen Mieten- und Finanzbuchhaltung der Property Manager und den jeweiligen Investoren Review und Plausibilisierung der externen monatlichen Buchhaltungsdaten, der Quartals- und Jahresabschlüsse sowie deren Abweichungsanalyse und Kommentierung Ansprechpartner für Jahresabschlussprüfer und Steuerberater Vorbereitung oder Review der monatlichen Umsatzsteuervoranmeldungen Mitarbeit bei der Erstellung der Steuererklärungen durch den externen Steuerberater und der entsprechenden Reviews Cash-Management und -Reporting Unterstützung und Ansprechpartner für das operative Asset Management Vielfältige Analysen und Ad-hoc Aufgaben für unterschiedliche Stakeholder Deine Qualifikationen: Abgeschlossenes Studium und erste Berufserfahrungen im Bereich Rechnungswesen / Controlling, vorzugsweise in der Immobilienwirtschaft oder in der Steuerberatung / Wirtschaftsprüfung Einschlägige Erfahrungen im Umgang mit unterschiedlichen Buchhaltungssystemen Sichere EDV-Kenntnisse aller gängigen MS-Office-Produkte, insbesondere Excel Sehr gute Deutsch- und gute Englischkenntnisse in Wort und Schrift Analytische Denkweise sowie eine starke Zahlenaffinität Strukturierte Arbeitsweise, Organisationsstärke, Flexibilität sowie stark ausgeprägte Team- und Kommunikationsfähigkeit Deine Perspektiven: Raum für selbstständiges und proaktives Arbeiten Zusammenarbeit mit nationalen und internationalen Kunden und Dienstleistern Ein modernes und kreativitätsförderndes Arbeitsumfeld in absoluter Innenstadtlage Flache Hierarchien und eine offene sowie wertschätzende Kommunikation auf Augenhöhe Vielfältige Weiterbildungsmöglichkeiten und mobiles Arbeiten Außergewöhnliche Teamevents Ansprechende Vergütung, Deutschland-Ticket, Jobrad, Urban Sports Club-Mitgliedschaft und Wellpass Senden Sie bitte Ihre aussagekräftigen Bewerbungsunterlagen mit Angabe Ihres frühesten Eintrittstermins sowie Ihrer Gehaltsvorstellung vorzugsweise online. Hines Immobilien GmbH Norman Löffler Joachimsthaler Str. 1 • 10623 Berlin bewerbung@hines.com • www.hines.com"
730797242a810c20,Senior Controller - Fokus Data Analysis (w/m/d),Redion,,,Unrated,Austria,"Wien, Wien, AT",https://www.karriere.at/jobs/7864987,2026-10-03T05:30:06+02:00,karriere-at,60,Positive: finance transformation / analytics,credit analyst,FP&A / Performance,,"Senior Controller - Fokus Data Analysis (w/m/d) Wien Vollzeit Festanstellung Auf diese Stelle bewerben Das erwartet Dich bei uns You Live - We Care Unser erfolgreiches Unternehmen befindet sich mitten in einem großen Transformationsprozess einerseits in der Systemlandschaft und anderseits werden Synergien im Konzern geschlossen. Im Bereich Controlling heben wir den Digitalisierungs- und Automatisierungsgrad deutlich an und erweitern die Verantwortungsbereiche um regionsweite Analysen (DE, CH, BE). Aktuell suchen wir einen erfahrenen Senior-Controller mit starker hands-on Mentalität, hoher Affinität hins. modernster Tools, fundierte SAP-Datenkenntnisse und der Fähigkeit Digitalisierungsprozesse einzuleiten, zu optimieren und den Reifegrad zu erhöhen . Ausbau, Weiterentwicklung und Automatisierung eines modernen, datengetriebenen Reportings sowie der Analyse und Forecast-Prozesse zur transparenten Unternehmenssteuerung Erstellung von Budgets quartalsweisen Präsentationen für das Management; gemeinsam mit dem Team setzt du Optimierungspotenziale und Steigerungsmöglichkeiten des Automatisierungsgrads erfolgreich ein. Aufbereitung komplexer Daten zu klaren, aussagekräftigen Visualisierungen für strategische Entscheidungen, Erstellung wirkungsvoller Präsentationen In deiner Rolle als Schnittstelle arbeitest du eng mit Finance und der Controlling-Zentrale in Brüssel und Paris. Das bringst Du mit Mehrjährige Berufserfahrung als Data Analyst oder Senior-Controller mit modernen technischen Ansätzen im internationalen Konzernumfeld . Abgeschlossenes Studium in Data Science, Wirtschaftsinformatik oder Betriebswirtschaft oder vergleichbare Berufspraxis mit hoher technischer Affinität. Du bist in SAP FI super-fit und sicherst die Datenqualität mittels effizienten sowie Ansätzen mit modernen Tools. Ausgeprägtes analytisches Denkvermögen. Als MS Excel-Superuser bist du allseits bekannt; andere Anwendungen wie Python, R , Power BI, Power Query, SQL oder ähnliches sind ein klarer Vorteil. Offenheit und Lernbereitschaft, sich in die Versicherungstechnik einzuarbeiten. Proaktive Arbeitsweise und Teamgeist. Das bieten wir Dir Wir bieten Dir einen großen Handlungs- und Entscheidungsspielraum mit Entwicklungsperspektive. Wir bieten Dir größtmögliche Arbeitszeitflexibilität in einem attraktiven Gleitzeitmodell und ein Home-Office-Konzept Wir bieten großartige Rahmenbedingungen und Sozialleistungen (z. B. exzellentes Betriebsrestaurant mit vergünstigtem Preis, Firmenevents, diverse Ermäßigungen mit Partnerunternehmen sowie Impf- und Gesundheitsaktionen) Unser Standort liegt mitten im 22. Bezirk, an der U1 - Alte Donau, und ist öffentlich aber auch mit dem Fahrrad gut zu erreichen (Fahrradabstellraum) Zuschuss zum Öffi-Ticket Wir investieren in Deine Aus- und Weiterbildung und stellen ein Angebot von fach- und persönlichkeitsbildenden Seminaren Dein Gehalt Mindestens 68.000 Euro brutto pro Jahr bei 40 Wochenstunden. Ebenso wie Du geben wir uns mit Mindeststandards nicht zufrieden - Dein tatsächliches Gehalt vereinbaren wir abhängig von Deiner Erfahrung. Über uns You live- we care Europ Assistance wird Redion - neuer Name, gleichbleibende Mission: Wir unterstützen Menschen weltweit, wann immer sie Hilfe brauchen. International treten wir bereits als Redion auf, in Österreich firmieren wir aktuell noch als Europ Assistance. Seit 1963 sind wir Pionierin des Assistance-Konzepts und stehen für schnelle, verlässliche Unterstützung - im Alltag wie im Notfall. Unsere Te"
2179211d7cf1429d,Werkstudent (m/w/d) Asset Management / Property Management,COPRO Immobilienmanagement GmbH,,,Unrated,Germany,"Stuttgart, Baden-Württemberg, DE",https://www.stellenanzeigen.de/job/werkstudent-m-w-d-asset-management-property-management-stuttgart-sde-119561/,2026-09-08T00:00:01+00:00,stellenanzeigen-de,60,Positive: investments / portfolio / asset management,asset management,Asset Management,,"Werkstudent (m/w/d) Asset Management / Property Management Standort: Stuttgart | Teilzeit oder Vollzeit (Praxissemester) | bis 1.300 ? brutto/Monat Die COPRO investiert und entwickelt seit über 30 Jahren anspruchsvolle Immobilienprojekte in zentralen Lagen von Berlin und Stuttgart. Unser Schwerpunkt liegt auf der Sanierung, Erweiterung und Verwaltung von wohnwirtschaftlichen und gewerblichen Bestandsimmobilien - einschließlich denkmalgeschützter Objekte - sowie auf komplexen Grundstücksentwicklungen. Nachhaltigkeit, architektonische Qualität und ein verantwortungsvoller Umgang mit städtebaulichen Strukturen prägen unser Handeln. ESG-Kriterien entsprechen seit jeher unseren Grundsätzen. Ergänzt wird unser Engagement durch soziale Projekte sowie die Förderung von Talenten aus Sport und Kunst. Unsere Hausverwaltung, die COPRO Immobilienmanagement GmbH (keine WEG-Verwaltung), betreut eigene Bestände sowie Immobilien Dritter mit einem klaren Fokus auf Werterhalt, Wertsteigerung und nachhaltiger Entwicklung. Deine Aufgaben Unterstützung beim Asset Management Unterstützung bei technischen Objektbegehungen und Bestandsaufnahmen Mitarbeit bei der Planung und Überwachung von Instandhaltungsmaßnahmen Koordination und Dokumentation externer Dienstleister Unterstützung im Tagesgeschäft der Hausverwaltung Mitwirkung bei technischen Reportings und Auswertungen Unterstützung der Geschäftsführung Das bringst du mit Laufendes Studium im Bereich Immobilienwirtschaft, Bauingenieurwesen, Architektur, Facility Management oder vergleichbar Interesse an technischem Immobilienmanagement und Asset-Management Strukturierte und selbstständige Arbeitsweise Sicherer Umgang mit MS Office Engagement, Zuverlässigkeit und Teamfähigkeit Was wir bieten Vergütung bis 1.300 ? brutto monatlich (je nach Stundenmodell) Einblick in technische, kaufmännische und strategische Aspekte der Immobilienverwaltung Direkte Zusammenarbeit mit erfahrenen Property- und Asset-Managern Moderne Arbeitsmittel und zentrale Bürostandorte Perspektive auf langfristige Zusammenarbeit nach dem Studium Junges Team Cooles Büro in der Stadtmitte Klingt spannend? Dann freuen wir uns auf ein Kennenlernen! Du möchtest praktische Erfahrung im technischen Immobilienmanagement sammeln und aktiv an der Weiterentwicklung anspruchsvoller Bestandsimmobilien mitwirken? Dann freuen wir uns auf deine Bewerbung per E-Mail an m.ramhofer@copro-management.de unter Angabe deines gewünschten Gehalts und dein frühestmöglichen Starttermin."
194725a3b6644e13,Strategic Innovation Portfolio Manager (w/m/d),WILO SE,,,Unrated,Germany,"Dortmund, Nordrhein-Westfalen, DE",https://www.stellenanzeigen.de/job/strategic-innovation-portfolio-manager-w-m-d-dortmund-sde-118786/,2026-09-03T00:00:01+00:00,stellenanzeigen-de,60,Positive: investments / portfolio / asset management,portfolio management,Asset Management,,"Strategic Innovation Portfolio Manager (w/m/d) Die Welt ist im Wandel. Globale Megatrends wie Urbanisierung, Wasserknappheit und Klimawandel erfordern neue Ideen, Perspektiven und Wege – die Wilo Group beschreitet sie. Unser Leitsatz: Pioneering for You. Gegründet und ansässig in Dortmund, sind wir ein multinationaler Technologiekonzern und Pionier der Pumpenindustrie. Als Premiumanbieter für Gebäudetechnik, Wasserwirtschaft und Industrie sind wir den Trends von morgen bereits voraus. Rund 9.000 Mitarbeiter verfolgen weltweit unsere Nachhaltigkeitsstrategie. Mit innovativen Lösungen, smarten Produkten und individuellen Services bewegen wir Wasser: intelligent, effizient und klimafreundlich. Schon heute sind wir mit unseren Geschäftsmodellen führend in der Branche. Sie möchten Zukunft nicht nur beobachten, sondern aktiv mitgestalten? Sie denken strategisch, erfassen technologische Entwicklungen schnell und wollen Innovation dort voranbringen, wo sie echten Mehrwert schafft? Dann gestalten Sie mit uns im Innovation Management bei Group R&D die Themen von morgen. Ihr neuer Einflussbereich Zukunftsorientiert agieren: Sie machen unser Innovationsportfolio als Ganzes sichtbar und steuerbar – von marktnahen Innovationen über neue Wachstumsfelder bis hin zu langfristigen Zukunftsoptionen. Dabei schaffen Sie Transparenz über Fortschritt, Reife, Risiken, Ressourcenbedarfe und Wertbeiträge und beantworten damit eine zentrale Frage: Arbeiten wir heute an den richtigen Themen für morgen? Chancen mit strategischem Fokus bewerten: Sie bewerten Innovationschancen gemeinsam im Team aus Kunden-, Anwendungs- und Technologieperspektive. Dabei betrachten Sie strategische Relevanz, Potenzial, Validierungsstand und Unsicherheit und leiten daraus konkrete Handlungsoptionen ab. Technologie, Portfolio und Innovationsstrategie verbinden: Sie schlagen die Brücke zwischen Innovationsstrategie, Portfolio und Technologie. Gemeinsam mit internen Expertinnen und Experten erarbeiten Sie neue Technologie- und Kompetenzfelder und entwickeln belastbare Roadmaps. Innovation vorantreiben, Strategie umsetzen: Sie sorgen dafür, dass Strategie nicht auf Folien endet. Sie erkennen Veränderungen, Abhängigkeiten und Handlungsbedarfe im Portfolio frühzeitig und übersetzen komplexe Zusammenhänge in klare Optionen und fundierte Empfehlungen für Managemententscheidungen. Die Eckpfeiler Ihres Erfolgs Technisches Fundament: Sie verfügen über ein abgeschlossenes Hochschulstudium, zum Beispiel in den Ingenieurwissenschaften, im Wirtschaftsingenieurwesen oder über eine vergleichbare technisch geprägte Qualifikation. Ihr Erfahrungsschatz: Sie bringen mehrjährige Berufserfahrung im Innovations-, Technologie-, Portfolio- oder strategischen Projektumfeld mit. Idealerweise haben Sie bereits im R&D-Umfeld gearbeitet und wissen, wie Innovation in Unternehmen entsteht und woran sie in der Praxis auch scheitern kann. Technologische Neugier trifft strategisches Verständnis: Sie erfassen neue Technologien und komplexe Anwendungen schnell, gehen bei Bedarf fachlich in die Tiefe und verbinden technische Entwicklungen souverän mit strategischen Fragestellungen. Analytische Stärke für klare Entscheidungen: Sie destillieren aus komplexen Informationen, Daten und unterschiedlichen Perspektiven schnell das Wesentliche und entwickeln daraus belastbare Entscheidungsgrundlagen. Sie verstehen, wie sich unterschiedliche Zeithorizonte, Reifegrade, Risiken und Potenziale vergleichbar machen lassen, ohne wesentlich"
6dbb4299313b8eab,Work & Study Asset Management Engineering,ASFINAG,,,Unrated,Austria,"Graz, Steiermark, AT; Raaba, Steiermark, AT; Wien 3. Bezirk (Landstraße), Wien, AT; Wien, Österreich",https://www.karriere.at/jobs/7890247,2026-10-08,willhaben-at,60,Positive: investments / portfolio / asset management,asset management,Asset Management,,"Work & Study Asset Management Engineering ASFINAG Wien Work & Study Asset Management Engineering 20 h / Woche Eintritt: ab sofort ASFINAG Baumanagement GmbH 1030 Wien Austro-Tower Stellenbeschreibung Ihre Aufgaben: * Qualitätssicherung, Pflege und Korrektur von Daten zum Straßenoberbau in unserer zentralen Datenbank * Laufende Aktualisierung und Ergänzung der Straßenoberbaudatenbank * Genaues, konzentriertes Arbeiten bei wiederkehrenden Aufgaben - du sorgst dafür, dass unsere Datenbasis stimmt Ihr Profil: * Du arbeitest sehr genau, konzentriert und zuverlässig * Du hast Ausdauer und Freude an der Pflege, Korrektur und Ergänzung von Daten * Du bist datenaffin und erkennst Unstimmigkeiten mit einem guten Blick fürs Detail * Kenntnisse zum Straßenoberbau sind von Vorteil - das notwendige Fachwissen vermitteln wir dir * Laufendes Bachelor- oder Masterstudium (technische Fachrichtung) Unser Angebot: Je nach Erfahrung und Qualifikation auf Vollzeit-Basis: ab EUR 3.385,49 brutto p.m. Ihre Benefits: * Gleitzeit * Klimaticket / Fahrtkostenzuschuss * Essenszuschuss Mehr Benefits * Wir schätzen Vielfalt und Chancengleichheit!"
ed973f11cd05dd08,Asset Management & Portfolio Betreuung (m/w/d),per Invest GmbH,,,Unrated,Germany,"Stuttgart, Baden-Württemberg, DE",https://www.arbeitsagentur.de/jobsuche/jobdetail/10000-1206267442-S,2026-04-22,arbeitsagentur-de,60,Positive: investments / portfolio / asset management,portfolio management,Asset Management,,"Asset Management & Portfolio Betreuung Als Teil unseres Asset-Management-Teams übernehmen Sie Verantwortung für spannende Immobilienportfolios in einem modernen Arbeitsumfeld mit internationalem Mandanten- und Kollegenkreis. Sie gestalten aktiv die Entwicklung unserer Objekte mit und wirken an strategischen sowie operativen Prozessen mit. Ihre Aufgaben Aufgabenprofil & Tätigkeit Eigenverantwortliche Übernahme von Projekten zu Asset Management in einem modernen Büro mit internationalem Mitarbeiter- und Klientenumfeld Koordination der Stakeholder zu Objekt- und Verwaltungsthemen Ihrer Portfolien Aufbereitung von Reports und investorengerechten Präsentationen Bearbeitung von Instandhaltungs- und Sanierungsthemen Bearbeitung von Mieteranfragen und Mietvertragsgestaltung Interne sowie externe Buch- & Kontoführung für unsere mandatierten Portfolien Kompensationspaket Attraktives Grundgehalt, individuell orientiert an Ihrer Berufserfahrung Flexible Arbeitszeiten Job Ticket für ÖPNV Tankkarte oder Pool-Fahrzeug für Dienstwege Persönliches Entwicklungsprogramm mit zugeschnittenen Weiterbildungen, Seminaren und Einsätzen in anderen Bereichen Zusätzliche Facilities am Standort Stuttgart Calwer Eck Persönlicher Arbeitsplatz in zentralem, klimatisierten und modernen Design-Office mit persönlichen High-End Arbeitsgeräten auch für den Remote Einsatz Kostenlose Getränke (gefiltertes Wasser, Kaffee, Tee), Snacks und Nutzung von Küchengeräten Bei Bedarf kostenloser Parkplatz in der Kronprinztiefgarage im Stadtzentrum Erstzugang zu bundesweiten Top-Immobilien zur Kapitalanlage und wahlweise Beteiligungsmöglichkeiten Was Sie mitbringen Ein souveränes, persönliches Auftreten sowie in der Korrespondenz Eigeninitiative und unternehmerisches Denken sowie Interesse an einer verantwortungsvollen Rolle im Unternehmen Affinität zu Immobilien und Investment Ein geschultes Auge für Wert und Risiken kombiniert mit einem geschärften Sinn für Zukunftspotenzial Ausbildung & Lizenz: Lehre/Ausbildung oder Studium mit Bezug zu Immobilien oder Betriebswirtschaft Führerschein der Klasse B Berufserfahrung: Praxiserfahrungen im Immobilienwesen, Bankenwesen, der Verwaltung oder Buchhaltung Auch Quereinsteiger(innen) mit einem Bonus an Vision, Kreativität und konkreten Vorstellungen zur Weiterqualifizierung sind willkommen. EDV-Kenntnisse: Gute Kenntnisse in MS Office (Excel, Powerpoint, Outlook, Word) Gute Kenntnisse Umgang mit bekannten Immobilienportalen vorteilhaft Ihr Ansprechpartner Bei Fragen steht Ihnen Herr Shahab Djalili Kamalian jederzeit gerne zur Verfügung. Wir freuen uns auf Ihre Bewerbung unter: shahab.djalili@perinvest.de"
d33501427f7ce717,AI Portfolio Manager (m/w/d),WAGO GmbH & Co. KG,,,Unrated,Germany,"Minden, Nordrhein-Westfalen, DE",https://www.arbeitsagentur.de/jobsuche/jobdetail/10001-1003561134-S,2026-08-18,arbeitsagentur-de,60,Positive: investments / portfolio / asset management,portfolio management,Asset Management,,"Willkommen bei WAGO im Bereich Corporate Analytics: Wir bewerten, beraten und begleiten – unterschiedliche Aufgabenbereiche, die eines gemeinsam haben: Wir möchten die Prozesse für unsere Kunden und Mitarbeitenden weiterentwickeln. Denn sie sind unser Fundament, für einen runden Ablauf und eine gute Zusammenarbeit im Team. Aufgaben, die unsere Zukunft gestalten: KI Portfolio steuern: Zusammen im Team der KI-Spezialisten und mit Experten aus Digital Engineering, Data Science, Data Engineering und Process Intelligence gestalten Sie die erfolgreiche Skalierung von KI bei WAGO, indem Sie gemeinsam das unternehmensweite KI-Portfolio entlang strategischer Prioritäten entwickeln KI-Anwendungsfälle identifizieren und bewerten: Gemeinsam mit den Fachbereichen analysieren Sie Potenziale, bewerten Nutzen, Risiken und Umsetzbarkeit und priorisieren vielversprechende Use Cases Fundierte Entscheidungen ermöglichen: Sie schaffen Transparenz über strategischen Fit, Nutzen, Reifegrad und Ressourcenbedarf von KI-Initiativen und bereiten Entscheidungsgrundlagen für Management- und Governance-Gremien auf KI-Initiativen zum Erfolg führen: Sie begleiten Vorhaben von der Idee über die Validierung und Umsetzung bis hin zur produktiven Nutzung und messbaren Geschäftswirkung Skalierung und Governance gestalten: Sie fördern die Wiederverwendung erfolgreicher Lösungen, heben Synergien und entwickeln Prozesse für einen verantwortungsvollen und sicheren KI-Einsatz weiter Crossfunktional zusammenarbeiten: Sie vernetzen Business, Corporate Functions, Corporate IT sowie Experten aus KI, Data und Process Intelligence und treiben die KI-Transformation gemeinsam voran Kompetenzen, die Perspektive schaffen: Erfolgreich abgeschlossenes Studium der Wirtschaftsinformatik, Informatik oder mehrjährige Erfahrung im Portfolio-, Programm- oder Transformationsmanagement Nachweisbare Erfahrung in der Bewertung, Priorisierung und Steuerung digitaler, bereichsübergreifender Transformations-, Daten- oder KI-Initiativen, - idealerweise im Umfeld SAP, Siemens Teamcenter, Microsoft Azure, Databricks, ServiceNow und Celonis Sehr gute Deutsch- und Englischkenntnisse Ausgeprägtes Verständnis für Geschäftsprozesse und deren Optimierungspotenziale durch KI sowie die dafür erforderlichen Daten- und Systemabhängigkeiten Sicheres Auftreten und Moderationskompetenz in bereichsübergreifenden Abstimmungen, Erfahrung in der Koordination interdisziplinärer Teams und im Stakeholdermanagement Fähigkeit, komplexe Zusammenhänge zu strukturieren, Business Cases und Wertbeiträge im KI-Kontext auch unter technologischer sowie wirtschaftlicher Unsicherheit zu bewerten und messbar zu machen sowie fundierte Managemententscheidungen vorzubereiten Benefits, die das Leben bereichern: Echter Mehrwert mit WAGO Plus - Weil wir Sie mit WAGO Plus auch neben der Arbeit unterstützen – von der Elternzeit bis zur Pflege der Angehörigen. High tech, aber down to earth. - Weil wir beides sind: Global Player und Familienunternehmen aus Deutschland. Mobiles Arbeiten - Weil mobiles Arbeiten in Abstimmung mit Ihrer Führungskraft mehr Flexibilität in Beruf und Freizeit ermöglicht. Gut vorgesorgt - Weil wir für Sie sorgen und vorsorgen: mit betrieblicher Altersvorsorge und Absicherung gegen Berufsunfähigkeit ohne Gesundheitsfragen. Mit KI in die Zukunft - Weil wir gemeinsam vorausdenken. Mit unseren internen KI-Assistenten gestalten Sie Ihren Arbeitsalltag effizienter, kreativer und zukunftsorientiert. Auf Wachstumskurs - Weil Sie "
1108238615130b52,Portfolio manager,MAGNA investiční společnost a.s.,,,Unrated,Czechia,MAGNA investiční společnost a.s.,https://data.mpsv.cz/web/data/volna-mista-za-celou-cr,2026-06-29T00:00:00.000Z,mpsv-open-data-cz,60,Positive: investments / portfolio / asset management,official MPSV vacancy dataset,Asset Management,,"Ratkidisová Markéta, tel.: +420 226 563 224 - 9:00 - 18:00 h , e-mail: magna@magnainvest.cz Náplň práce: - Komplexní zajištění chodu svěřených investičních fondů - Spolupráce s depozitáři obhospodařovaných fondů - Zpracování investiční strategie jednotlivých obhospodařovaných fondů - Podílet se na vyhledávání vhodných investičních příležitostí - Zajištění relevantních podkladů pro posouzení investiční příležitosti - Dohled nad procesem due diligence u schválených investičních příležitostí - Řízení investičního procesu - Koordinace valných hromad fondů a příprava souvisejících podkladů - Příprava analýz ekonomické výhodnosti z hlediska investic z majetku obhospodařovaných fondů - Dohled nad vydáváním a odkupováním cenných papírů vydávaných fondy - Spolupráce na přípravě výročních zpráv fondů Požadujeme: - Vysokoškolské vzdělání ekonomického směru - Samostatnost, pečlivost a systematický přístup - Schopnost komunikace a týmové spolupráce Nabízíme: - Stabilní zázemí investiční skupiny - Práce s širokým portfoliem společností a fondů - Možnost profesního růstu v oblasti financí a investic - Odpovídající finanční ohodnocení - Flexibilní pracovní doba - Moderní kanceláře na Praze 6 – Břevnov - Přátelské pracovní prostředí menšího týmu - 5 týdnů dovolené - Notebook a telefon"
359924cd292464cc,Junior Investment & Client Reporting Analyst (m/w/d),CONVERTINVEST Financial Services GmbH,,,Unrated,Austria,"Brunn am Gebirge, Niederösterreich, AT",https://www.karriere.at/jobs/10032212,2026-10-07T00:00:00+02:00,karriere-at,55,Positive: plausible level; verify responsibilities,investment analyst; portfolio analyst,Asset Management,,"karriere.at/jobs/10032212 Junior Investment & Client Reporting Analyst (m/w/d) Vollzeit | Wien | Asset Management Über den Job Anstellungsart Vollzeit (Festanstellung) Gehalt 40.000 EUR bis 50.000 EUR jährlich Positionsebene Berufseinstieg Arbeitsmodell On-site Dienstort Brunn am Gebirge Berufsfelder Finanzen, Bankwesen Offene Stellen 1 Stelle offen für diese Position Über das Unternehmen Arbeitgeber CONVERTINVEST Financial Services GmbH Mitarbeiter*innenanzahl 1 - 10 Mitarbeiter*innen Standorte Brunn am Gebirge Convertinvest Financial Services ist der führende institutionelle österreichische Asset Manager im Bereich Wandelanleihen. Zur Verstärkung im Team Asset Management besetzen wir folgende Position in Vollzeit zum ehestmöglichen Eintritt: Junior Investment & Client Reporting Analyst (m/w/d) Vollzeit | Wien | Asset Management Du interessierst dich für Finanzmärkte, Investmentfonds und institutionelles Asset Management und möchtest nach deinem Bachelorstudium einen vielseitigen Einstieg in die Finanzbranche? Wir suchen eine engagierte Persönlichkeit, die unser Team an der Schnittstelle zwischen Investment Management, Reporting, Datenanalyse, Marketing und institutioneller Kundenbetreuung unterstützt. Die Position bietet einen breiten Einblick in die Arbeit eines spezialisierten Asset Managers und die Möglichkeit, früh Verantwortung zu übernehmen. Deine Aufgaben Investment Reporting & Datenanalyse Erstellung und laufende Aktualisierung von Performance-, Rendite- und Fondsvergleichscharts Aufbereitung von Bloomberg-Daten, Marktindizes und fondsbezogenen Kennzahlen Aktualisierung und Weiterentwicklung von Präsentationen und Investmentunterlagen Erstellung regelmäßiger Performance- und Fondsreports Unterstützung bei der Automatisierung und Weiterentwicklung von Reporting-Prozessen, unter anderem mittels Excel und VBA Aktualisierung von Analysen wie beispielsweise Efficient-Frontier-Auswertungen Durchführung von Markt-, Investoren- und Potenzialanalysen mit Bloomberg, Datenbanken und KI-gestützten Tools Fonds- & Datenbankmanagement Kontrolle und Pflege von Fondsinformationen auf Plattformen wie Morningstar, Lipper, eVestment und weiteren institutionellen Datenbanken Überprüfung und gegebenenfalls Korrektur von Fonds- und Performancedaten Einholung, Kontrolle und Veröffentlichung aktueller Factsheets und Fondsunterlagen Pflege interner Daten und Dokumentationssysteme Regelmäßige Aktualisierung von ESG- und sonstigen regulatorischen Reporting-Unterlagen Institutional Client & Sales Support Pflege und Monitoring von Investorenkontakten und Transaktionen im CRM-System Nachbereitung von Investor-Relations-Meetings Unterstützung bei der Erstellung von Akquisitions- und Follow-up-Mails Recherche und Identifikation potenzieller institutioneller Investoren Unterstützung bei RFPs, Ausschreibungen und Due-Diligence-Fragebögen Vorbereitung von Unterlagen für institutionelle Kunden, Kapitalanlagegesellschaften, Depotbanken und weitere Geschäftspartner Kommunikation & Marketing Vorbereitung und Versand unseres monatlichen Investoren-Newsletters Analyse von Öffnungs- und Klickraten sowie Ableitung relevanter Erkenntnisse Aufbereitung und Versand von Investment-Publikationen und Marktkommentaren Unterstützung bei der laufenden Aktualisierung unserer Website und Fondsunterlagen Events & Organisation Mitarbeit bei der Organisation unseres jährlichen Wandelanleihetags Koordination von Einladungen, Hotels, Veranstaltungsunterlagen, Give-aways und weiteren or"
a5cb117679812c02,Presales Consultant - Kundenlösungen & Portfoliomanagement (m/w/d),Stiftung Kirchliches Rechenzentrum Südwestdeutschland,,,Unrated,Germany,"Eggenstein-Leopoldshafen, Baden-Württemberg, DE",https://www.stellenanzeigen.de/job/presales-consultant-kundenloesungen-portfoliomanagement-m-w-d-eggenstein-leopoldshafen-sde-122520/,2026-09-23T00:00:01+00:00,stellenanzeigen-de,55,Positive: plausible level; verify responsibilities,portfolio management,Other finance,,"Presales Consultant – Kundenlösungen & Portfoliomanagement (m/w/d) Gemeinsam gestalten wir die digitale Zukunft unserer Kunden! Du liebst es, mit Menschen zu arbeiten, technische Lösungen zu erklären und echte Mehrwerte zu schaffen? Dann bist Du bei uns genau richtig! Wir suchen ein engagiertes Teammitglied, das unsere Kunden aus Kirche, Diakonie und Caritas auf dem Weg zu einer modernen, digitalen Arbeitswelt begleitet – empathisch, kompetent und mit Freude an Innovation. Das Einsatzgebiet ist von Mitte bis in den Norden von Deutschland! Viele Gründe für uns: Kontinuierliche Weiterentwicklung: Erweitere deine Fähigkeiten durch gezielte Schulungen und Zertifizierungen. Flexibilität: Nutze unser hybrides Arbeitsmodell mit Homeoffice-Möglichkeiten. Sicherheit & Work-Life-Balance: Dich erwartet ein unbefristeter Arbeitsplatz mit 30 Tagen Erholungsurlaub sowie zusätzliche bezahlte Freistellung an 3,5 Tagen (24.12., 31.12., dein Geburtstag und ein halber Tag an Gründonnerstag). Attraktive Vergütung: Du erhältst eine Vergütung nach TVöD Bund mit zusätzlichen Leistungen wie Weihnachtsgeld, Bonuszahlungen und einem Essensgeldzuschuss. Soziale & finanzielle Extras: Freu dich auf eine betriebliche Altersvorsorge, vermögenswirksame Leistungen, Bike-Leasing sowie kostenlose Parkplätze – auch mit E-Ladesäulen. Top-Arbeitsausstattung: Moderne Technik sorgt für effizientes Arbeiten – ganz ohne Frust. Team & Unternehmenskultur: Werde Teil eines engagierten Teams mit offener Unternehmenskultur und flachen Hierarchien. Gemeinsame Erlebnisse: Erlebe regelmäßige Team-Events wie Grillfeste, Betriebsausflüge, Sommerpartys und Weihnachtsfeiern. Gesundheitsförderung: Profitiere von Vorsorgeuntersuchungen, Sportangeboten und weiteren Maßnahmen für deine Gesundheit. Aufgaben Als Presales Consultant bist du eine zentrale Schnittstelle zwischen Kundenmanagement, Portfoliomanagement, unseren IT-Fachbereichen und Technologiepartnern. Du verstehst, was unsere Kunden aus Kirche, Diakonie, Caritas und Wohlfahrt wirklich benötigen – heute und perspektivisch. Als Trusted Advisor übersetzt du diese Anforderungen in konkrete, wirtschaftlich tragfähige und zukunftsfähige Lösungen. Dabei wartest du nicht darauf, dass Anforderungen vollständig formuliert auf deinem Tisch liegen. Du gehst aktiv in den Austausch, erkennst Bedarfe und Potenziale, entwickelst Lösungsansätze und bringst die richtigen internen und externen Kompetenzen zusammen. Gemeinsam mit dem Kundenmanagement begleitest du Opportunities von der ersten Idee über die Lösungsentwicklung und Kalkulation bis zur erfolgreichen Beauftragung und strukturierten Übergabe in die Umsetzung. Gleichzeitig bringst du Erkenntnisse aus Kundengesprächen systematisch in unser Portfoliomanagement ein: Welche Leistungen benötigen unsere Kunden künftig? Welche bestehenden Services müssen wir weiterentwickeln? Wo entstehen neue Marktchancen? Ein weiterer Schwerpunkt ist unser partnergestütztes Geschäft. Du nutzt Hersteller, Distributoren und Technologiepartner gezielt, um unser eigenes Leistungsportfolio zu ergänzen und für unsere Kunden die bestmögliche Lösung zu schaffen. Deine Verantwortlichkeiten Du agierst als Trusted Advisor für unsere Kunden und berätst sie fachlich und technologisch auf Augenhöhe. Du erkennst Anforderungen, Herausforderungen und Potenziale – auch dort, wo der Kunde seinen Bedarf noch nicht vollständig formuliert hat. Du strukturierst Kundenanforderungen und übersetzt sie in konkrete Lösungs- und Leistungsbaust"
511d4e1f69a0b436,Financial Reporting Specialist,Nordic Investin Group Aktiebolag,,,Unrated,Sweden,"Borås, Västra Götalands län, Sverige",https://arbetsformedlingen.se/platsbanken/annonser/31484135,2026-09-16T12:47:50,platsbanken-se,55,Positive: plausible level; verify responsibilities,financial markets; financial modelling,Other finance,,"Nordic Investin is recruiting a Financial Reporting Specialist on behalf of one of our partner companies. You can turn a complex reporting requirement into a repeatable process and a result that leaders can trust. The partner is improving external and internal financial reporting across a multi entity organisation. You will prepare reporting packages, coordinate inputs and strengthen the controls and explanations behind key figures and disclosures. The finance environment values accuracy, traceability and practical improvement. Work should withstand review, make ownership clear and reduce the recurring manual effort or uncertainty that weakens later reporting and decisions. How you will work You will collaborate across entity finance, shared services and business teams while owning defined parts of the financial cycle. The partner expects issues to be investigated to root cause, conclusions to be documented and improvements to remain workable at the next close. As a specialist, you will own a defined professional area and be trusted to move work forward independently. You are expected to recognise when a question requires wider expertise, explain recommendations clearly and improve the methods or tools used by colleagues around you. What you will do Prepare periodic financial reporting and disclosure schedules. Coordinate reporting inputs across entities and functions. Analyse movements and validate supporting evidence. Maintain reporting instructions, calendars and controls. Support annual reports, audits and management presentations. Improve reporting templates, systems and data quality. What you will bring Experience in financial reporting, group accounting or audit. Strong accounting and analytical foundation. Ability to manage detailed deadlines across contributors. Advanced spreadsheet and reporting system capability. Excellent documentation and review discipline. Professional English and high quality financial writing. Experience that would add value IFRS disclosure preparation. European sustainability reporting exposure. Consolidation or narrative reporting systems. A background that can succeed here You may come from audit, statutory reporting, group accounting or a finance function with complex management reporting. The partner values someone who understands both the figure and the evidence chain required to support it. What makes the opportunity interesting The role places you close to information used by executives, boards and external stakeholders. You will improve not only the final report, but the process and confidence that sit behind it. The exact partner, employment model, compensation, start date and working arrangement will be explained openly during the process. Nordic Investin will make sure you understand the context, expectations and decision path before you are asked to commit significant time. The recruitment conversation During the process, Nordic Investin will focus on concrete decisions you have made: the context you received, the alternatives you considered, the result you observed and what you would change today. You do not need every optional credential if your core experience transfers and you can explain how you would close the gap. How to apply Apply with your CV or LinkedIn profile and a short note describing the most relevant organisation, service, project or financial process you have helped improve. Nordic Investin welcomes candidates with different routes into the profession and assesses applicant"
c888ed503922cb1b,Senior Credit Risk Business Analyst,Swedbank AB,,,Unrated,Sweden,"Umeå, Västerbottens län, Sverige",https://arbetsformedlingen.se/platsbanken/annonser/31571957,2026-10-08T14:11:13,platsbanken-se,55,Positive: plausible level; verify responsibilities,FX risk; commodity risk; credit analyst; interest rate risk; liquidity risk,Risk,,"Are you a senior Business Analyst with passion for Credit Risk? In Swedbank you have the opportunity to: Analyze, document, and manage business requirements throughout the development lifecycle Support APOs in breaking down Program Epics into Features and User Stories. Translate business needs into functional and technical specifications. Perform data analysis and validation using SQL and SAS to support requirements, testing, and incident investigations. Plan, coordinate, and execute testing activities, including quality assurance and user acceptance testing (UAT). Ensure that documentation of credit risk models, processes, and system solutions is accurate, complete, and up to date. Develop, maintain, and support the operation of credit risk models in accordance with business and regulatory requirements. Create and maintain process descriptions, functional documentation, and other governance-related artefacts. Assess the impact of new or changed system functionality on credit risk processes, models, and reporting. Act as a bridge between business stakeholders, risk specialists, and IT teams to ensure successful delivery of initiatives. Contribute to continuous improvements of processes, systems, data quality, and ways of working. What is needed in this role: Bachelor's or Master's degree in a relevant field. A few years of experience as a Business Analyst, or similar role, in the credit risk domain. Knowledge of the Basel framework and the Internal ratings-based (IRB) approach. Strong business analysis skills, including requirements elicitation, documentation, and stakeholder management. Proven ability to plan, execute, and support tests. Strong business support and incident analysis capabilities. Advanced SQL skills, including the ability to write, optimize, and troubleshoot queries for data analysis, validation, and root cause investigations. Experience working with data models, data quality assurance, and data-driven decision-making in the credit risk/IRB area. Strong communication skills and the ability to translate business needs into technical requirements. Ability to work independently in a complex, cross-functional environment. Team-oriented mindset with a willingness to share knowledge and collaborate across functions. Proficient in Swedish and English. Experienced in SAS® 9 and/or SAS® Viya platforms. With us, you can experience: Personal and professional growth through self-leadership and continuous development. Meaningful work that positively impacts our workplace, our customers, and society. An open and collaborative culture that encourages cross-functional teamwork and provides networking opportunities. A supportive and inclusive environment that promotes a balanced and sustainable work-life, with flexible working conditions when suitable for the role. Enjoy country-specific benefits, including banking offers, a pension plan, our share-based reward program, health insurance in the Baltics and a health allowance in Sweden. ""Join our team and... become part of a knowledgeable and helpful team, working together to implement reliable credit risk models which are of great importance to Swedbank."" Frida Nilsson, your future manager We look forward to receiving your application by 18.10.2026. Location: Umeå Recruiting manager: Frida Nilsson, +46 73 033 79 46 We may begin the selection during the application period, so we welcome your application as soon as possible. We would like to let you know that a background check and a drug"
79327b86026619a2,Portfolio Sales Consultant till snabbt växande energiföretag!,Hero AB,,,Unrated,Sweden,"Stockholm, Stockholms län, Sverige",https://arbetsformedlingen.se/platsbanken/annonser/31200889,2026-06-22T13:24:58,platsbanken-se,55,Positive: plausible level; verify responsibilities,portfolio management,Other finance,,"Är du en driven säljare som vill ta nästa steg i karriären? Här får du arbeta med etablerade kundrelationer, driva hela säljprocessen och erbjuda kompletterande lösningar som stärker kundens befintliga investeringar inom energiteknik Rekryteringen sker i samarbete med Hero, du blir anställd direkt av ett av Sveriges mest expansiva bolag inom energiteknik! Om rollen I den här rollen arbetar du med varma leads, kunder som redan har en relation med bolaget. Ditt uppdrag blir att utveckla dessa relationer vidare genom att erbjuda kompletterande lösningar som stärker kundens nuvarande investeringar. Du blir en del av ett dedikerat säljteam där laganda, struktur och högt tempo präglar vardagen. Här finns en kultur där man stöttar varandra och arbetar mot gemensamma mål, samtidigt som du får utrymme att växa i din egen säljkarriär. Vi erbjuder en stabil grundlön och en provisionsmodell som belönar prestation. Förutom detta får du tillgång till flera fina förmåner, bland annat erbjuds du gratis frukost, friskvårds bidrag, rabatt på träningskort samt gratis parkering i huset. Du kommer arbeta i moderna lokaler i Alvik – en arbetsplats där både trivsel och prestation står i centrum. Dina huvudsakliga arbetsuppgifter inkluderar: Ta kontakt med befintliga kunder via telefon och erbjuda kompletterande lösningar som stärker deras nuvarande investeringar. Ansvara för hela säljprocessen, från första kontakt till stängd affär. Bidra till teamets framgång genom aktivt deltagande och samarbete Delta i interna säljtävlingar, utbildningar och team aktiviteter Vi söker dig som: Har erfarenhet av försäljning och är van att arbeta över telefon. Är kommunikativ, lyhörd och duktig på att bygga förtroende Är nyfiken på teknik och vill lära dig mer inom energisektorn Är driven och trivs med att jobba i en resultatorienterad miljö. Har goda kunskaper i svenska, både i tal och skrift Eftersom rollen innebär avancerad försäljning och komplexa kunddialoger är det viktigt att du har rätt förutsättningar för att lyckas. Därför är logik- och personlighetstester via Alva Labs en central del av processen. Tidigare erfarenhet från energibranschen är dock inte ett krav, du får fullständig introduktion och utbildning i företagets produkter och system. Om tjänsten Anställningsform: Tillsvidareanställning hos kundföretaget Arbetstid: Måndag–fredag, kl. 9.00-18.00 Plats: Alvik, Stockholm. Start: Enligt överenskommelse Observera att en bakgrundskontroll av belastningsregistret görs på slutkandidater i processen. För frågor om tjänsten och processen vänligen kontakta Klara Andersson på klara.andersson@hero.se Ansök redan idag och ta chansen att bli en del av ett innovativt bolag i framkant inom hållbar teknik – här får du både stark teamkänsla, goda förmåner och obegränsade möjligheter att växa i din säljkarriär!"
ee1bfc1cd4c89f97,Business Analyst/-in,Kantonale Verwaltung Zürich,,,Unrated,Switzerland,"Neumühlequai 10, 8090 Zürich, Neumühlequai 10, 8090 Zürich, CH",https://www.jobwinner.ch/job/14744117,2026-09-17T03:03,jobwinner-ch,55,Positive: plausible level; verify responsibilities,portfolio analyst,Other finance,,"Steueramt Business Analyst/-in 80 - 100% Willkommen in der faszinierenden Welt der Steuern! Das kantonale Steueramt erhebt gemeinsam mit den Gemeindesteuerämtern die Steuern für den Bund, den Kanton und die Gemeinden. Wir unterstützen Privatpersonen und Unternehmen im gesamten Steuererhebungsprozess. Dafür engagieren sich rund 800 qualifizierte Mitarbeitende am Standort in Zürich Altstetten. Wir suchen ab sofort oder nach Vereinbarung eine/-n motivierte/-n Business Analyst/in. In dieser anspruchsvollen Position übernimmst du eine wichtige Rolle im Team Projekt- und Portfoliomanagement im Kantonalen Steueramt. Die Funktion ist geprägt von spannenden Aufgaben und komplexen Herausforderungen mit verschiedenen Anspruchsgruppen. Deine Aufgaben Du fokussierst Dich primär auf das strategische Grossprojekt zur Erneuerung unserer Applikationslandschaft und begleitest die Fachbereiche methodisch bei dieser zukunftsweisenden Transformation. Du nimmst die Anforderungen für die neuen Systeme auf, erkennst Schwachstellen in den bisherigen Abläufen und erarbeitest Verbesserungsvorschläge. Dabei begleitest Du die Stakeholder eng durch den gesamten Prozess der Bedürfniserhebung, stellst den Business Case sicher, definierst Abnahmekriterien für das Projekt, führst Tests durch und organisierst bei Bedarf Benutzerschulungen. Zudem berätst Du die Auftraggeber hinsichtlich der organisatorischen Optimierung und der Wirtschaftlichkeit im Rahmen dieser Systemablösung. Je nach Projektphase übernimmst Du die Leitung von Arbeitspaketen innerhalb dieses Transformationsprogramms. Dein Profil Du verfügst über ausgewiesene Erfahrung als Business Analyst/in – idealerweise im Umfeld von IT-Modernisierungen – und hast im Optimalfall steuerrechtliches Fachwissen. Zudem bringst Du eine höhere Ausbildung in Business Analyse, BWL oder eine vergleichbare Qualifikation mit. Du kannst komplexe Anforderungen von verschiedenen Stakeholdern kritisch prüfen, einordnen und gezielt für die optimale Ausrichtung der neuen IT-Unterstützung, Prozesse und Strukturen nutzen. Zertifizierungen in HERMES und/oder IREB-Zertifizierungen sind von Vorteil. Du kannst Projektaufgaben perfekt strukturieren, gehst diese systematisch an und erledigst sie termingerecht. Du bist empathisch, kommunikationsstark und fühlst Dich wohl in Deiner Rolle als zentrale Ansprechperson für Deine Stakeholder im Projekt. Wir bieten Du erhältst die Chance, die Digitalisierung und die zukünftige Systemlandschaft des kantonalen Steueramtes in einem der wichtigsten Erneuerungsprojekte aktiv mitzugestalten. Es erwartet Dich eine anspruchsvolle Projektaufgabe mit einem hohen Mass an Selbstständigkeit und Eigenverantwortung. Bei uns findest Du weit mehr als nur einen Job - wir schaffen eine inspirierende Arbeitsumgebung für unsere Mitarbeitenden: Deine Work-Life-Balance liegt uns am Herzen, daher unterstützen wir Dich mit Home-Office-Möglichkeiten und flexiblen Arbeitszeiten. Zudem legen wir grossen Wert auf soziale Absicherung, ein kollegiales Arbeitsumfeld und einen modernen Arbeitsplatz nur wenige Gehminuten vom Bahnhof Zürich Altstetten. Fühlst du dich angesprochen? Dann freuen wir uns auf Deine Bewerbung. Bitte nutze dafür das Online-Tool, damit wir Deine Unterlagen bearbeiten können. Bitte beachte, dass wir nur Bewerbungen bearbeiten, welche über unser Online-Tool eingehen. Fragen zur Stelle? Luzia Hafen (Teamleiterin Projekt- und Portfoliomanagement) steht Dir für weitere Auskünfte unter Tel.-Nr: +41 43 258 75 23 ode"
c0579221baebf764,Kreditanalyst / Risk Analyst (m/w/d),FERCHAU GmbH Niederlassung Potsdam,,,Unrated,Germany,"Potsdam, Brandenburg, DE",https://www.arbeitsagentur.de/jobsuche/jobdetail/12265-521500_JB5255739-S,2026-09-25,arbeitsagentur-de,55,Positive: plausible level; verify responsibilities,investment analyst,Risk,,"Technologien auf das nächste Level zu heben, sich Herausforderungen zu stellen und an den Innovationen von morgen zu arbeiten - dafür benötigen wir bei FERCHAU Expert:innen wie dich als Expert:in für unseren Kunden. Wir realisieren spannende Projekte für namhafte Kunden in allen Technologiebereichen und für alle Branchen und überzeugen täglich mit fundierter Expertise und fachlichem Know-how. Kreditanalyst / Risk Analyst (m/w/d) Diese Herausforderungen übernimmst du Analyse der wirtschaftlichen Verhältnisse von Firmenkund:innen anhand von Jahresabschlüssen und Finanzberichten Erstellung von Kreditrisikoanalysen und Stellungnahmen zu Kreditanträgen Bewertung von Sicherheiten, inklusive Prüfung auf Werthaltigkeit und rechtliche Absicherung Entwicklung und Umsetzung von Maßnahmen zur Risikoreduzierung im Kreditportfolio Präsentation der Engagements in Entscheidungsgremien oder gegenüber Kompetenzträger:innen Mitarbeit an Projekten zur Optimierung des Kreditanalyseprozesses, z B Einsatz digitaler Tools wie SAP, MS Excel oder Moody's Analytics Kontrolle kritischer Engagements durch Auswertung interner Reports, z B Frühwarnindikatorenberichte Überprüfung individueller Finanzierungsparameter sowie laufende Betreuung zugeordneter Kund:innenengagements Analyse und Beurteilung eingereichter Sanierungs- oder Restrukturierungskonzepte nach gängigen Methoden wie IDW S6 Deine Vorteile bei uns Hohe Planungssicherheit durch unbefristeten Arbeitsvertrag Betriebliche Altersvorsorge & vermögenswirksame Leistungen Satte Rabatte mit Einkaufsvergünstigungen, z. B. bei Reisen, Elektronik oder Autos Unterstützung bei der Kinderbetreuung durch Kitazuschuss Prämienprogramm für Empfehlungen von neuen Kolleg:innen Weiterbildungsangebote unseres Inhouse-Instituts, der FERCHAU Academy wie E-Learnings, Trainings und Seminare Dein Profil Abgeschlossene kaufmännische Ausbildung oder Studium mit Schwerpunkt Finanzen, Wirtschaftswissenschaften oder vergleichbar Fundierte Kenntnisse im Kreditgeschäft sowie regulatorischen Anforderungen (z.B. MaRisk, KWG) Praxiserfahrung in Bilanzanalyse sowie Umgang mit Gewinn- und Verlustrechnungen und Kapitalflussrechnungen Anwendung gängiger Analyse-Tools wie MS Excel, SAP FI/CO oder spezielle Bankensoftware Erfahrung in der Bewertung und Verwertung banküblicher Sicherheiten Kenntnisse Insolvenzrecht für die Risikobewertung problematischer Engagements Deutsch- und Englischkenntnisse mindestens auf C1-Niveau (Europäischer Referenzrahmen) Lust auf die nächste Herausforderung? Dann sollten wir uns unbedingt kennenlernen! Am schnellsten geht es, wenn du dich direkt bewirbst - gern online unter der Kennziffer VA87-33472-P bei Frau Valentina Bethke. Lass uns gemeinsam das nächste Level nehmen und Technologie nach vorn bringen! Bewerbungsformular: Zum Bewerbungsformular Stellenausschreibung auf unserer Homepage: Zur Anzeige auf der Karriereseite"
b7590818fa626741,Portfolio Manager Real Estate PostNord Sverige,TNG Group AB,,,Unrated,Sweden,"Stockholm, Stockholms län, Sverige",https://arbetsformedlingen.se/platsbanken/annonser/31563590,2026-10-07T08:37:08,platsbanken-se,51,Positive: investments / portfolio / asset management. Check: real estate focus,portfolio analyst; portfolio management,Asset Management,,"Driv fastighetsaffärer och förhandlingar med stor ekonomisk påverkan som Portfolio Manager Real Estate på PostNord i Stockholm. Här får du möjlighet att kombinera fastighetsaffärer, förhandling och analys i en roll där resultatet av ditt arbete blir tydligt, både ekonomiskt och i verksamheten. Som Portfolio Manager inom Real Estate Sverige får du stort eget ansvar för strategiskt viktiga fastighetsägare och hyresavtal, samtidigt som du får vara med och utveckla hur PostNord arbetar med sin fastighetsportfölj.Du kommer in i ett spännande skede där Real Estate-funktionen utvecklas och får ett tydligare kommersiellt fokus. Det ger dig möjlighet att inte bara driva enskilda affärer utan också påverka framtida arbetssätt, modeller och strukturer.Varmt välkommen med din ansökan! Ditt anställningserbjudande Det här är rollen för dig som motiveras av att göra affärer och vill kunna påverka resultatet. Du får ett stort kommersiellt handlingsutrymme och arbetar med strategiskt viktiga fastighetsägare och hyresavtal där dina analyser och vägval kan göra tydlig ekonomisk skillnad. Du får dessutom möjlighet att påverka hur Real Estate Sverige arbetar framåt och får breda kontaktytor, från verksamheten ute på PostNords sajter och externa fastighetsägare till seniora beslutsfattare. Rollen innebär stort eget ansvar och handlingsutrymme, där du självständigt driver arbetet från analys till genomförd affär. PostNord erbjuder en flexibel hybridarbetsplats där arbetet utförs där uppgiften bäst genomförs. Som en del av en av Sveriges största arbetsplatser får du också förmånliga arbets- och tjänstepensionsvillkor. Dina arbetsuppgifter Ditt huvudsakliga uppdrag som Portfolio Manager är att utveckla PostNords fastighetsportfölj genom kommersiella förhandlingar, affärsmässiga beslut och långsiktiga relationer. Du kommer bland annat att: driva kommersiella förhandlingar och omförhandlingar av större hyresavtal utveckla långsiktiga relationer med fastighetsägare och förstå deras affär och kommersiella drivkrafter analysera hyresnivåer, marknadsförutsättningar, verksamhetsbehov och alternativa fastighetslösningar identifiera möjligheter till exempelvis kostnadsoptimering, samlokalisering, omlokalisering och effektivare nyttjande av lokaler ta fram ekonomiska kalkyler, analyser, rekommendationer och beslutsunderlag besöka verksamheter och fastigheter för att förstå hur lokalerna används och vilka behov som finns presentera och förankra rekommendationer hos verksamheten och vid behov seniora beslutsfattare bidra till att utveckla processer, kalkylmodeller och arbetssätt inom Real Estate Sverige. Värt att veta Du rapporterar till Chef Real Estate Sverige och blir en del av en mindre specialistfunktion inom PostNord. Teamet befinner sig i en utvecklingsfas och arbetssättet präglas av stort eget ansvar, samarbete och fokus på att hitta affärsmässigt bra lösningar. Tjänsten är placerad i Stockholm och är på heltid. Resor är en naturlig del av rollen eftersom du behöver förstå verksamheten och fastigheterna på plats. Som normalbild kan det handla om en till två resdagar i veckan, men omfattningen varierar. Det finns även möjlighet till hemarbete utifrån verksamhetens och arbetsuppgifternas behov. Våra förväntningar Vi söker dig som har en relevant akademisk examen, exempelvis inom fastighet eller ekonomi. Mycket lång och direkt relevant yrkeserfarenhet kan i vissa fall kompensera för formell utbildning. Du har flerårig erfarenhet av kommersiell fastighetsverksamhet och"
7fbaecfb0ac97e36,Real Estate Asset Portfolio Manager (all genders),BNP PARIBAS ASSET MANAGEMENT Switzerland AG,,,Unrated,Switzerland,"Ernst-Nobs-Platz 7, 8004 Zürich, Ernst-Nobs-Platz 7, 8004 Zürich, CH",https://www.jobwinner.ch/job/1235670754,2026-09-25T13:55,jobwinner-ch,51,Positive: investments / portfolio / asset management. Check: real estate focus,asset management; portfolio management,Asset Management,,"ÜBER DIE STELLE In dieser Rolle übernehmen Sie unternehmerische Verantwortung für ein vielseitiges Schweizer Immobilienportfolio und gestalten dessen Entwicklung aktiv mit. Sie identifizieren Wertschöpfungspotenziale, entwickeln Investitions- und Objektstrategien und begleiten anspruchsvolle Vorhaben von der strategischen Idee bis zur Umsetzung. Dabei verbinden Sie lokales Immobilien-Know-how mit der internationalen Plattform von BNP Paribas Asset Management und arbeiten in einem Umfeld, das Eigeninitiative, fundierte Investmententscheidungen und neue Ideen ausdrücklich fördert. IHRE VERANTWORTUNG UND IHR IMPACT Sie übernehmen die unternehmerische Verantwortung für ein vielseitiges Portfolio aus Wohn- und Geschäftsliegenschaften und steuern dessen wirtschaftliche Performance. Sie entwickeln klare Investment- und Objektstrategien, identifizieren Wertschöpfungspotenziale und setzen diese konsequent um. Sie initiieren und begleiten anspruchsvolle Sanierungen, Entwicklungen und Ersatzneubauten und gestalten damit die langfristige Positionierung Ihrer Assets. Sie entwickeln Business Cases und Entscheidungsgrundlagen für Investitionen und vertreten Ihre Empfehlungen überzeugend gegenüber internen Entscheidungsträgern. Sie steuern die finanzielle Performance Ihrer Assets über Budget, Forecast, CAPEX, Cashflow und Bewertung. Sie verhandeln anspruchsvolle Mietverträge und vertreten die Eigentümerinteressen gegenüber Mietern, Partnern und externen Dienstleistern. Sie arbeiten aktiv an Transaktionen mit und bringen Ihre Asset-Management-Perspektive bereits bei Ankauf und strategischer Positionierung ein. Sie erkennen Marktchancen und -risiken frühzeitig und entwickeln daraus konkrete Ideen zur Weiterentwicklung und nachhaltigen Performance-Optimierung des Portfolios. Sie verbinden Ihre Tätigkeit im Schweizer Immobilienmarkt mit der internationalen Ausrichtung von BNP Paribas Asset Management und unterstützen die Zusammenarbeit und das Reporting über die lokale Organisation hinaus. Sie beurteilen Immobilien und begleiten deren Bewertung aus Asset-Management-Sicht. Sie entwickeln neue Business-Ideen im Bereich Real Assets und leisten damit einen aktiven Beitrag zur Weiterentwicklung des Geschäfts. Sie implementieren Nachhaltigkeitsanforderungen auf Liegenschaftsebene und berücksichtigen diese konsequent in den Objektstrategien. Was Sie bei uns erwartet Ein starkes Team, viel Eigenverantwortung und ein internationales Umfeld: Bei uns gestalten Sie die Weiterentwicklung unserer Immobilien und des Portfolios aktiv mit und verbinden lokale Marktexpertise mit der internationalen Perspektive von BNP Paribas Asset Management. Dazu kommt ein attraktives Arbeitsumfeld: zentral am Ernst-Nobs-Platz in Zürich, direkt beim Bahnhof Selnau, kombiniert mit hybriden und Remote-Arbeitsmodellen für mehr Flexibilität im Arbeitsalltag. IHR PROFIL: Ausbildung: Sie verfügen über einen Hochschulabschluss in Architektur, Ingenieurwesen, Finance, Betriebswirtschaft oder einem vergleichbaren Fachgebiet , idealerweise ergänzt durch eine immobilienbezogene Weiterbildung. Erfahrungen: Sie bringen mehrjährige Berufserfahrung im Real Estate Asset oder Investment Management, in der Immobilienberatung oder in einer vergleichbaren Funktion mit und kennen die Anforderungen an Wohn- und Geschäftsliegenschaften. Fähigkeiten und Kompetenzen: Sie denken unternehmerisch und investmentorientiert, erkennen Potenziale und Risiken und entwickeln eigenständig fundierte und umsetzbare Lösungen. "
26b00e0d97f37396,Portfolio Manager - Immobilien (m/w/d),ProSiebenSat.1 Media SE,,,Unrated,Germany,"München, Bayern, DE",https://www.arbeitsagentur.de/jobsuche/jobdetail/15224-44451045-917-S,2026-09-18,arbeitsagentur-de,51,Positive: investments / portfolio / asset management. Check: real estate focus,portfolio management,Asset Management,,"Wir freuen uns auf deine Bewerbung! Bewirb dich innerhalb von 5 Minuten über unser Jobportal. Dein Profil passt nicht zu 100%? Kein Problem, bewirb dich gerne trotzdem! Wir unterstützen deine fachliche & persönliche Weiterentwicklung on the job. Mehr zu unserem Bewerbungsprozess findest du hier. Bitte beachte, dass wir aus datenschutzrechtlichen Gründen keine Bewerbungen per Mail annehmen. Diese Stelle ist bei der ProSiebenSat.1 Media SE zu besetzen. Informiere dich hier über die ProSiebenSat.1 Group mit Sitz in Unterföhring bei München und unser vielseitiges Portfolio. Als Unterzeichner der Charta der Vielfalt, setzt sich ProSiebenSat.1 für ein vorurteilsfreies Arbeitsumfeld ein und fördert aktiv die Vielfalt sowie Chancengleichheit unter den Beschäftigten. Du hast eine Behinderung und möchtest dich bewerben? Dann bist du bei uns herzlich willkommen. Wir wissen, dass wir noch nicht gänzlich barrierefrei sind, aber wir arbeiten daran. Lass uns darüber reden, wie wir diese Barriere gemeinsam abschaffen und wenn nötig eine individuelle Lösung finden können. Ausschließlich aus Gründen der besseren Lesbarkeit wird nur die männliche Form verwendet. Selbstverständlich sind immer alle Geschlechter angesprochen. Du brennst für Immobilien und möchtest die strategische Ausrichtung und Steuerung des Immobilienportfolios eines der größten Medienunternehmen Europas mitgestalten? Als Portfolio Manager - Immobilien (m/w/d) bei ProSiebenSat.1 kannst du dein analytisches Können und strategisches Denken einbringen, um unser Immobilienportfolio optimal zu steuern. Werde Teil unseres Teams und gestalte mit uns die Zukunft unseres Immobilienportfolios! In dieser Rolle lebst du unser hybrides Modell „Flexibel"". Du wirst ein bis zwei feste oder flexible Tage vor Ort arbeiten, an den anderen Tagen kannst du remote arbeiten. Diese Position ist aufgrund einer Elternzeitvertretung auf 2 Jahre befristet. Das erwartet dich bei uns Du wirkst an der Entwicklung und Umsetzung einer an der Unternehmensstrategie ausgerichteten Immobilien- und Portfoliostrategie mit und berücksichtigst dabei wirtschaftliche, ökologische und regulatorische Anforderungen Zudem analysierst du die Struktur, Entwicklung und Performance des Immobilienportfolios, identifizierst Chancen, Risiken sowie Wertsteigerungs- und Optimierungspotenziale und leitest daraus Handlungsempfehlungen für strategische und operative Entscheidungen ab Du überwachst und entwickelst immobilien-, portfolio- und performancebezogene Kennzahlen weiter, pflegst die Immobiliendatenbank und erstellst Reports, Analysen und Präsentationen für die Geschäftsführung und weitere Entscheidungsträger Weiterhin unterstützt du bei der Entwicklung und Umsetzung von Objektstrategien über den gesamten Lebenszyklus einer Immobilie und begleitest Maßnahmen zur Wertsteigerung, Risikominimierung sowie zur wirtschaftlichen und nachhaltigen Weiterentwicklung der Objekte Du betreust und steuerst Mietvertrags- und Flächenmanagementprozesse, analysierst Mietverträge, Vertragsstrukturen, Mietkonditionen, Laufzeiten, Optionen und Nutzungskonzepte, bereitest Mietvertragsverhandlungen vor und begleitest diese Dabei bewertest du Nachvermietungs- und Leerstandsrisiken und leitest Maßnahmen zur Optimierung von Flächennutzung, Kosten, Erträgen und Nutzerzufriedenheit ab Du verfügst über ein abgeschlossenes Studium im Bereich Immobilienwirtschaft, BWL, Rechtswissenschaften oder einem vergleichbaren Studiengang Du hast mehrjährige Berufserfahrung im Bere"
